id,defaultAudioLanguage,defaultLanguage
Od6M0AXpcxQ,en,en
R6yNUnRXZ64,en,en
uJdjKOBikTE,en,en
ANmTVYkEtLw,en,en
fo-uubnajWM,en,en
v-_d2e7x4KA,en,en
ngPkbaZliaU,en,en
mfmdXPT7nAM,en,en
o4SSoURPODY,en,en
Z6z_feacXW8,en,en
_xjxwl1zLMc,en,en
8Hx2yvWSgs0,en,en
kUnR9dO4EnA,en,en
_oRgdlJUD18,en,en
eWKY0OnPByg,en,en
DUgPFNRmsCQ,en,en
7KRabLH7jcE,en,en
ZpF6IE0rdxA,en,en
oYAnEH0JoqI,en,en
QrT4S9i3agE,en,en
WOzcFkld6_g,en,en
_gCXmKjDecU,en,en
n3V3LZh_r40,en,en
ImRy_PiXstI,en,en
mk_wdHePbtQ,en,en
M4xlXvCAc2E,en,en
9GSDvO0LFFE,en,en
OPOS0tre9eQ,en,en
VIE2Ri2DQJg,en,en
eFeDpUVEy48,en,en
coX4duwUCpw,en,en
i9TvUGeTltE,en,en
7YrdI7h2XoY,en,en
c347oYQO57A,en,en
5aS-8QCRdGE,en,en
s3DrGkDvgNw,en,en
as_NEJAP8ew,en,en
Hc0aqOEU2w8,en,en
eFUB_jL_XcM,en,en
pvjivZ6C6CA,en,en
jru9Gsz3kJY,en,en
eXa2ndhmatI,en,en
D4QyStJWgCc,en,en
j2rszuZ-9PY,en,en
iGeXGdYE7UE,en,en
yWI33R4xyIc,en,en
nfHRMqqO578,en,en
kBX5WH9b4M4,en,en
wRaDbRjVrc4,en,en
eGKYiPA1wio,en,en
McE6el9mn_I,en,en
FRI78tq9Eik,en,en
iCSg_ul3G2w,en,en
zPAY2VxfFBk,en,en
Qr4anBkL2_A,en,en
LXmNeVLM4e4,en,en
vZdbbN3FCzE,en,en
DqAKQwagCDg,en,en
PTd98UnJnnU,en,en
TVsounscj4U,en,en
HLUamwXQ218,en,en
Jh9pFp1oM7E,en,en
v-sCZN3FbR0,en,en
NC1nzXq6Rh4,en,en
trsHTKqmZOk,en,en
sfyL4BswUeE,en,en
Mb6H7trzMfI,en,en
Qqyp00JPJZI,en,en
KW21q_7U6Ao,en,en
n4Xe6yQ1jIs,en,en
RvP-uVNwnXo,en,en
jrzK4xL_W4Q,en,en
2MdQWo9fHZs,en,en
j31dmodZ-5c,en,en
PTf_Z8A2Usc,en,en
v5lc7UAAats,en,en
rU9aqBv0YdY,en,en
rZMMySvsKAA,en,en
xIFkrVU5Krk,en,en
eou_g_cYCew,en,en
Tl8RS0sR-qA,en,en
F1zYatpqNSc,en,en
GAdT6gYE54U,en,en
rng_yUSwrgU,en,en
q0aFOxT6TNw,en,en
tDARtYjUiHs,en,en
7gtc1DW2Tgo,en,en
s0EbxhQYeCA,en,en
GB0b6KFZVq0,en,en
idEAABFzpfg,en,en
_yOTYsFlRQY,en,en
XUdic3Mwd2k,en,en
oeHtfMFdzIY,en,en
i63u-iAnhuk,en,en
eCR17sBh-Qw,en,en
269OsrzG3Ew,en,en
-7X5KukvABc,en,en
We2ZD0-IXPM,en,en
AphNalSmvlk,en,en
FXrcFeuYtq8,en,en
rCllEeHXjUw,en,en
bMou1qUMHC4,en,en
4KbrxIpQgkM,en,en
-NNCca97v98,en,en
A94RrC8Mg0o,en,en
alDhOLhbkbY,en,en
I3f_ucrnCUg,en,en
HP_mXUuHPbo,en,en
EDUqT2cZ1nY,en,en
1E3tv_3D95g,en,en
eLusurjBcCs,en,en
N_ZmHYF6-xM,en,en
acaAW3p5Tqw,en,en
5nKLu2CSxx8,en,en
j7W2v_FmCuE,en,en
jXJODqfaJto,en,en
ufZ_u188GAM,en,en
XbXXKhfvSF0,en,en
yWBz2qZJ8zY,en,en
eXA9M9Nyo1E,en,en
hIzjHBwjGCk,en,en
HdTCDxX-UnQ,en,en
VTs8wnMsh0k,en,en
p24qhUFIe68,en,en
K3CR6RiWS2U,en,en
mNq_5QWu7uo,en,en
hz6oys4Eem4,en,en
88yQTzlmsiA,en,en
UK_Wja0PTsc,en,en
SUeQvl7IOV4,en,en
OltS40EjSxk,en,en
Uwmp16aSgdk,en,en
z5Y9n9TBGek,en,en
eRdMxQ1zVPo,en,en
qF4vZxbSmjo,en,en
NECBCxEFMCo,en,en
KIFwAzmmyKI,en,en
FmmUAhE6MxU,en,en
6zHFNjK-QiQ,en,en
m0SNHvT6ybQ,en,en
a4NJNdHqs_I,en,en
az5QL_NLBvg,en,en
SAb4zRyxrD4,en,en
SCxnn2TpXQU,en,en
ALghmqNSiG4,en,en
-kuG6RgL32c,en,en
nffJx51swVQ,en,en
EAx_RtMKPm8,en,en
LCpm7cNQ5Vo,en,en
E76CUtSHMrU,en,en
sL6OWsT47zc,en,en
FYDvDoxBU6c,en,en
2KztkwBYD68,en,en
nZwdIPg7N3A,en,en
lmLh29LE2W4,en,en
MtkoClsRvCU,en,en
X8sgBpmdCT8,en,en
fX-g6XNrkiA,en,en
81wg425C8z0,en,en
LYMvJW5rYME,en,en
RC138pD_7_s,en,en
yFJDP7OinRM,en,en
tklAv8hcG9s,en,en
oeqUHEp4sYM,en,en
H4BKUbtCmp0,en,en
ZWCAXHNOIcA,en,en
DXK-F0SjC_E,en,en
04MFcE-ntxQ,en,en
QfCW5bXvwII,en,en
36oL-7C_qR4,en,en
AHP423JqiLc,en,en
vzg5cv785j4,en,en
MQeJYEN_lrg,en,en
ea3EvwkW_28,en,en
J261Rg0LTDA,en,en
ofNcSiFpDUk,en,en
rbQtX_thQtQ,en,en
NWoT1ZVd1Lo,en,en
XiSMWonFuQQ,en,en
1Z5bbuLPwX4,en,en
ijUCl9w95vg,en,en
ElhkWZdPDEc,en,en
1oIyk13JwQM,en,en
t6MAZW-joCo,en,en
L0ViytO-560,en,en
sd4v2N7HUyk,en,en
JQb9eGeclQw,en,en
GJdyoJcZsuo,en,en
CjIwXfw8ffU,en,en
YLSx6-pBXOM,en,en
Hfovjw7Ts_U,en,en
-_zeSKjtMEg,en,en
5fXAELrljqs,en,en
Ute2wSwml4o,en,en
QAA7b1Av0jM,en,en
zIgmgMLZrrc,en,en
qZ7OjpjGVGs,en,en
nt4eQU7MG9c,en,en
VRpP4_lKjEc,en,en
aAOgZ6cjrio,en,en
s9igt2i91q0,en,en
b2vI8IjSWxY,en,en
X6Cbt3Ro6u8,en,en
Nd-8lUUmMjA,en,en
5xN7ndof4Xc,en,en
Z1zDUDvOezo,en,en
m0F9Ar35WrA,en,en
S82W3hWDvZA,en,en
VEaI8OUcMvM,en,en
ryqF6ECSoBA,en,en
AQZl-78pnEQ,en,en
NLI-Z9Xt4Hg,en,en
9Pt1uZPL4Ew,en,en
Ro6RIKgs2mw,en,en
o4ub_WOWFoo,en,en
B6Kb85XsstU,en,en
2jMOVVNf2i8,en,en
2cmyWlxqkkI,en,en
bda1GHblwis,en,en
mgy8CfNmMwY,en,en
zvaO4DPM1ZM,en,en
6tI1SoMj5vg,en,en
y3tZkxuxmXU,en,en
Erwn4qzMaFc,en,en
bnJdls8vyNQ,en,en
eIqa3XQIbvk,en,en
_evCN4RHbzM,en,en
BCyBANIkjlo,en,en
1T0YWEi_C3Y,en,en
ZORciJStjdU,en,en
lOaRRVeB2tU,en,en
umaKDHNmfG8,en,en
kBApcOdpiKc,en,en
cZ-saJoTl3M,en,en
JAPMSoM6U7w,en,en
cOOJEKS4sJs,en,en
6FoAOhbeo5Y,en,en
8KQFgWdiudo,en,en
ydAqOAL2Bec,en,en
fJduAvm70Ds,en,en
3Y7PVHpa-_w,en,en
iKL-DHuXeek,en,en
cG5111r2vgw,en,en
uuLAOOS4vds,en,en
ryZ7vCKBmoA,en,en
Q9FiuoXzEEA,en,en
W5BMk-ErRno,en,en
OXneUrL3Fe0,en,en
3JOrwG1qxv8,en,en
Xek5fRWjOtg,en,en
KWYLT8jH0tc,en,en
D_ziicm91O4,en,en
QuksuOPRbvI,en,en
7qsxdLekWWk,en,en
bNpmB1heEF0,en,en
YnEKHvkc6P8,en,en
Cc95H86NdDc,en,en
0k0BQ_3umwM,en,en
JgN-P60vFC8,en,en
5Be9YYlFinU,en,en
mpDanDwd7x0,en,en
2T8x5antlnc,en,en
iqcsr-IUes4,en,en
eLP3ag0YpyA,en,en
cHocYnA_JVY,en,en
z7K4J7_IHns,en,en
6XQJBcO6Sfg,en,en
zI1yXpSA-HM,en,en
9uyS40FPbfs,en,en
DYFoun7w0VA,en,en
QK02VOGWEv0,en,en
mXFKM4jzR2A,en,en
6RdlEm1Mv98,en,en
p59TuLQkl6A,en,en
bMBKnI_nSrs,en,en
M8fk9h3gsAs,en,en
N6PGnNBpIPM,en,en
1wEDXpc5m6A,en,en
LJh72_O4pXE,en,en
be2uWv2qSTM,en,en
WbFGK-tjiEY,en,en
ie0GY7wAqF0,en,en
Qx-WaWLiT48,en,en
koZcaQHNBPI,en,en
2gJtFpLdPcI,en,en
MpJB7LTs5_s,en,en
Tpem0BwFOP0,en,en
DCemIF_bMoA,en,en
O0KMwYg44Ug,en,en
TqlsrsXakQQ,en,en
x26A28DoT-w,en,en
BfRCEeRiLI4,en,en
5c1sGzZnuiU,en,en
7eTt3P_NPr4,en,en
dKSfadwDcLM,en,en
cRZFWH6Cj6c,en,en
UYpEQKCWfM4,en,en
rYD0FumLCVM,en,en
vnY6tRr40NU,en,en
3Gd4GBkXqkg,en,en
5pV3D14y1FQ,en-GB,en
6AkGhTBtR4o,en-GB,en
VTLnDqjfRZQ,en-GB,en
Wdkf1G2jHRg,en-GB,en
DNRYkBMaf3Y,en-GB,en
n3F996g8wjg,en-GB,en
oaaOwLnuyPU,en-GB,en
9YcAJt2AN4k,en-GB,en
Eo5w2S-h5dI,en-GB,en
QHuIU2oE4Hg,en-GB,en
twvqtzjBZx8,en-GB,en
1aZaLUpg3DY,en-GB,en
vlEOOtiaUu8,en-GB,en
n18t1XfRWJQ,en-GB,en
Hf-uB8XLdP0,en-GB,en
BtmUJDueMP4,en-GB,en
VIDEt1OGrMQ,en-GB,en
SLxNcO-66pg,en-GB,en
EL0Tb6-eVlM,en-GB,en
WmSqotqaqkA,en-GB,en
c6HGJJabr_4,en-GB,en
lE_11_paGoA,en-GB,en
agt-5kKMVGs,en-GB,en
s7aOJYueEtI,en-GB,en
fzCvDsoviKk,en-GB,en
E1BeAUHnLIg,en-GB,en
j7i_4RokEIo,en-GB,en
61CzvMFZRR0,en-GB,en
-fGqD4fK2mQ,en-GB,en
Onf4s1U5BoU,en-GB,en
ct4b165n_W4,en-GB,en
iwYxrHF2T80,en-GB,en
JstGCPsj9wg,en-GB,en
c_qJLkQ0dcQ,en-GB,en
cFglt-qLmv0,en-GB,en
Y_exkqiBT4I,en-GB,en
-TTPig6Ji_E,en-GB,en
0-6ZIy9ebys,en-GB,en
Vxp8IgLBknY,en-GB,en
j40YMyUnZTY,en-GB,en
aJSK3HZlvnU,en-GB,en
ytNlLVysvWE,en-GB,en
r0R-BQ1adLg,en-GB,en
KxcgpZ7iclA,en-GB,en
YW-yxS6lUGk,en-GB,en
pLqG6sjHC4E,en-GB,en
AmNVQQ-YOoE,en-GB,en
AZJRvpOtSys,en-GB,en
kW_15gjcMaw,en-GB,en
RGGHyY2mN7o,en-GB,en
u-OFH-LVUas,en-GB,en
ObqHKHoSE5Y,en-GB,en
KRSlPEHW1vM,en-GB,en
XUaGCHBcqj0,en-GB,en
b9qR8iXTB88,en-GB,en
ae38jtQlG_Y,en-GB,en
4gFmM50zlzg,en-GB,en
UjRWQND6_ro,en-GB,en
BPGmiDJKJ1Y,en-GB,en
KQvB__6EHng,en-GB,en
yCf2lZoRrEE,en-GB,en
8QVHPu3xtCg,en-GB,en
iiOi4rD83kM,en-GB,en
D-bZtJTFzLI,en-GB,en
9sum1uJOQ1o,en-GB,en
-lp2Kt6RJkQ,en-GB,en
rOXGo0-J8lI,en-GB,en
KNk3WTqNI_U,en-GB,en
Y9JF_yYTNlw,en-GB,en
Hl7L5CI1aKE,en-GB,en
qNKKSujit94,en-GB,en
ll3JZRloYbA,en-GB,en
3olqrQtjPfc,en-GB,en
RT6MqEv3-O8,en-GB,ko
FTv-62cikXM,en-GB,en
oMmpC1tef4c,en-GB,en
7vS3C79-qbg,en-GB,en
iXpOXTtQr1g,en-GB,en
HzH-2vPLvqM,en-GB,en
Psp3YarOKVw,en-GB,en
KflMqooMzF8,en-GB,en
jpJMOiHHn6I,en-GB,en
s2OccJMWwkM,en-GB,en
hsdUhFD4XW0,en-GB,en
uFd2HZemV-0,en-GB,en
46Pzt-kIyk0,en-GB,en
0jHtyF_rCqU,en-GB,en
xRla0izRxqU,en-GB,en
IFnl3VIxdVE,en-GB,en
9CggZxyWl-g,en-GB,en
pa8bfKRgsYE,en-GB,en
IYtDS27znnM,en-GB,en
NTKC-LExZlI,en-GB,en
BU9gKr1miS8,en-GB,en
zMWg9DIml3w,en-GB,en
Cr9B6yyLZSk,en-GB,en
l2p3fZyV254,en-GB,en
lo4bA4p3MBQ,en-GB,en
rvKCUz8qzVA,en-GB,en
0_Gp86bvGmQ,en-GB,en
B8qdQWxTCjQ,en-GB,en
nRegbipwCsc,en-GB,en
W5rQf2JvgcI,en-GB,en
E5ZU41F3n00,en-GB,en
0WM6-noV9ZY,en-GB,en
n7cG9twTrms,en-GB,en
MmFLDvOFLW0,en-GB,en
RsFOk-1meH0,en-GB,en
895SLIsm2MA,en-GB,en
5HWWv7Uz_Vs,en-GB,en
JUaOFaI2UnY,en-GB,en
860ptOXB_rg,en-GB,en
tlGdNOtdVoU,en-GB,en
7jGU0wPOKzc,en-GB,en
k5itPbQtz_Y,en-GB,en
cMuif_hJGPI,en-GB,en
XIhLCphBhmA,en-GB,en
XZ8Y5O_pg2E,en-GB,en
haGDkJsDUMk,en-GB,en
KUVWYgTHAr8,en-GB,en
YUvf1OILS1I,en-GB,en
fepKQej1DH0,en-GB,en
tNSjkqtwwnM,en-GB,en
Ad3HP6iRyUE,en-GB,en
my1l3AcAXwA,en-GB,es
yztqeJZiIqQ,en-GB,en
De7s-IB_DAw,en-GB,en
Q46SQ6SrdtQ,en-GB,en
9J4eS6I5_s0,en-GB,en
n_rZh8kgUro,en-GB,en
MfI4NurzYl0,en-GB,en
l19bOgAx5MQ,en-GB,en
T_3O1FCxS5Q,en-GB,en
gsJAlLOFBv0,en-GB,en
mz9eg7fR_qA,en-GB,en
ye5uspw2y_w,en-GB,en
klLGUpVeysc,en-GB,en
zKQ3EyMCjE8,en-GB,en
SvSt3-S9JCo,en-GB,en
MBQBY9b6OAU,en-GB,en
-ybe-mACCkY,en-GB,en
ULbJoCnARXc,en-GB,en
17WOLpXI5J0,en-GB,fr
_5hSp3pHHjg,en-GB,en
E4ICnXjCEFA,en-GB,fr
cZypFRdPS9M,en-GB,en
lvIn8BpLYEc,en-GB,en
7mCTaTJ0kDo,en-GB,en
-OmL0SWZ30A,en-GB,en
WL4RWNptU_Y,en-GB,en
w_iHZi4fb8k,en,en
ppH3kW0h_fc,en,en
3DVKs1wFoFw,en,en
TLl027cYgY4,en,en
XI_VXoP9C28,en,en
LyxJWtoyK0o,en,en
gTP8orDab0w,en,en
ihxHk6wYj8c,en,en
mB0r2bWS-jY,en,en
A02r1oFeMmo,en,en
ip0W9lCXpio,en,en
F2uHTrbQQVE,en,en
b0x8sFBJr7Q,en,en
SUA2xGy-beg,en,en
5eEjWmsoB7w,en,en
8Ddp5WaMp_8,en,en
Pti27NIzuIg,en,en
7imHGvEtaBw,en,en
zZ1hKRuhEVs,en,en
uqOnifh9Y0o,en,en
O7PY0dhgL4k,en,en
Fb-LhTI9evA,en,en
LdaOLVkZ-A8,en,en
Lgwa3Ze0tv4,en,en
PgJetYFtmjw,en,en
6vODtPf6Ybg,en,en
nqQO7uJK5aU,en,en
HTD4pKdvmlw,en,en
mcvqC-wpK_E,en,en
oZGsZj0_9v4,en,en
btK-OGp11As,en,en
rx22lIBrt6U,en,en
1zTII0IAOOs,en,en
md3DMGwoVAY,en,en
nVs_PxzbO4U,en,en
YuiLMyi_v7o,en,en
ypXtEM1c_RA,en,en
q0zgiakPogg,en,en
7zs2eQ_QIYA,en,en
q0uvpCCfLnk,en,en
1Rp4RYqy1Qg,en,en
GSoYZxQ1hds,en,en
gmtb6FDlZRk,en,en
D0MAFX-kFNI,en,en
wnN9IK8SVP4,en,en
WyA-QfY-RxM,en,en
khefl5hYouM,en,en
S19NVJNr3Xk,en,en
BDfd2oCB9FQ,en,en
fds1Uq7gsWA,en,en
HbmTQy73K4M,en,en
lKxc5Kp9Sgw,en,en
1KIYmbIjEg0,en,en
10bU6G8hW-c,en,en
N6TgGwNxvCw,en,en
ia0DPXibgeY,en,en
_wipL811nDM,en,en
-xtCx4GZ0gQ,en,en
ivXY9b33X4w,en,en
sUhcB3fsJmU,en,en
7HI7mYKBzvs,en,en
ZpFm9WJy6r0,en,en
MWpxWRtPTRo,en,en
0_BTP7b6iUw,en,en
8C9xvX5sTy0,en,en
BY1B2T_k5Vg,en,en
cD31DufHQT0,en,en
VBlTpNN3p4I,en,en
4rd87U5Is2k,en,en
QpL9-C9P4Ro,en,en
h95NlfJIIjU,en,en
IB2DoOt6NU4,en,en
FX7e4FOScfA,en,en
2KNhSZh2CnA,en,en
nd4u-dqjwmA,en,en
eQgrDcOeoBo,en,en
Cf4x5eXO9fU,en,en
NXqnNeGKevc,en,en
93hdUeB3tbY,en,en
4dPYfxLbb3Q,en,en
HgXu-4ITMdQ,en,en
InFqFhzMelY,en,en
Qkl0t1lCSpc,en,en
17rwDraku4U,en,en
WA4PM81-uR0,en,en
1oyw_gEWUEQ,en,en
kGynnbypNso,en,en
7ZOKWiNgXLY,en,en
p8P9xAGLw6w,en,en
cRml6h8Qe70,en,en
EBoVJwmDU-8,en,en
v72-Stuj9LA,en,en
aSiFm8EZAVc,en,en
M3MqoMQRcMo,en,en
uvJAGITPxIw,en,en
Scy8p_XnT8A,en,en
R6rjgZDwRAI,en,en
_2KlEW3Mh7Q,en,en
Sbtpn3azzAY,en,en
5rrwgjRdW2A,en,en
YtYlc-Qz_6c,en,en
hF3J-VH2Hbo,en,en
PP1tG6KTT5k,en,en
KGzHbCxjn90,en,en
RMPZ12OiRCw,en,en
_XXThn5p5j0,en,en
-nAAIcNppeg,en,en
L2fBJCDEEJk,en,en
ZAOKRG48wwU,en,en
5U_sK1RZNDU,en,en
OJedJTHSvAM,en,en
WBX24Qqqxf8,en,en
lC3eRl6ikyo,en,en
QWP06rTYMFA,en,en
ZZxbKynVQKY,en,en
ImzubpeVU1k,en,en
1d1LVgWjzVY,en,en
Oo4DYn9GC1w,en,en
ItuM2CrSyKE,en,en
qoqyw5IK6qA,en,en
kNPDw2yDhF8,en,en
nNI-Yy0bOZw,en,en
M1HF3mAUlUk,en,en
zl15p8gZ_-k,en,en
WCdhAaN9DZE,en,en
_ff2YOncpCo,en,en
K8oTYatL4Qs,en,en
N8X95WiooQw,en,en
w6Nub94DYGI,en,en
qdsHVLV5HLI,en,en
F6tqro1C1WA,en,en
9MdFf9pWAsc,en,en
QU5pIPUFLRI,en,en
-xRQkXGj8CA,en,en
gZ7QHnBvxEQ,en,en
7Wu9Eu9_uJA,en,en
kmIpv2xL1aE,en,en
z6FolsKtltk,en,en
gv2W1aYxyaA,en,en
gW8V973a5bc,en,en
w6xeU5cj_wc,en,en
15nLM-dFzDk,en,en
oBZ8toFKZls,en,en
dPQ0WAs85mE,en,en
FpVSe8_2i9A,en,en
d__fEbyvZ-w,en,en
mucJq7GVHuQ,en,en
Gdvqg-pwuKY,en,en
HCLF77saGJU,en,en
NDTjc0sn7pg,en,en
RCjya--9BdQ,en-US,en
P6x5bFbdfao,en-US,en
ecGQcIXScao,en-US,en
zRE4JxU2P2I,en-US,en
HBcvzrnU58E,en-US,en
LvkGq-w5l7g,en-US,en
JVec3GPAWDc,en-US,en
qBpRE_ZAJrg,en-US,en
g7IB1Ac1lrA,en-US,en
lWb38AbytCk,en-US,en
yhKXbNqrIes,en-US,en
IdzMdyrJ_Do,en-US,en
CabGYgQ9u3k,en-US,en
xdo-UTc5d0o,en-US,en
aSMBL0Iukls,en-US,en
Y0Z6dhT6rdQ,en-US,en
y04_4RTLGKg,en-US,en
tfRfP5Ojqe8,en-US,en
RUQLNBorGRw,en-US,en
jsUO43glqd8,en-US,en
99K9LLhVN3o,en-US,en
2hrEdAUQ-1Q,en-US,en
qTbIv3pvRP8,en-US,en
FpNqnziOQ9s,en-US,en
KDGhv1OaRi0,en-US,en
qRkuputripk,en-US,en
QMFIPP_gV4M,en-US,en
slwi7n3fkpY,en-US,en
P9k6MwAzOus,en-US,en
3zxiGjy5XBw,en-US,en
fwzMx0pWmI8,en-US,en
3aaox2-uzEI,en-US,en
NQxRrGMjTeU,en-US,en
22xcqmmKvvo,en-US,en
YV1DCUHR-l8,en-US,en
uC22sXR8rzw,en-US,en
n_lAny6GnsM,en-US,en
dBF_STd_XNg,en-US,en
wczeygtKmUc,en-US,en
9nb4BWgcI1s,en-US,en
eEi6seEoJ7g,en-US,en
W4QBAmP7UYM,en-US,en
z-BK3imoiZA,en-US,en
m4wmeGAURas,en-US,en
8pm7ZgAnPz4,en-US,en
kcrz4ysbL4k,en-US,en
Uf_PdBoF5DI,en-US,en
YFw9n-2IBAQ,en-US,en
YK1qGUR23os,en-US,en
K63E41cvdfQ,en-US,en
Wg9yLBQqBEc,en-US,en
845u4yCZcMg,en-US,en
u67Nm0tVHBI,en-US,en
re_cdloAP3s,en-US,en
G5ppra3AB78,en-US,en
rWXHjtawFUg,en-US,en
eFs0TV53LkQ,en-US,en
lmTIzxpkmac,en-US,en
7Pb3Tkt65xM,en-US,en
Dk4OAaTETG8,en-US,en
HGYThIM3IIc,en-US,en
bv6eJ4vTyCA,en-US,en
I8U9wRYPpG8,en-US,en
Aia1TMxgdfQ,en-US,en
hj3CjORLmik,en-US,en
D-dlEp44nac,en-US,en
UNVrjj3YRJY,en-US,en
YkfsakCTmFM,en-US,en
bQb1rxxURYQ,en-US,en
4TtvRYuCZ40,en-US,en
SEfMq7LxDpI,en-US,en
fGLvZdVz_6o,en-US,en
GUUGJNnmDpE,en-US,en
RttwkUyswL4,en-US,en
yCZKOLctQss,en-US,en
YsMNjFOZVuk,en-US,en
ln6q1h-JGtw,en-US,en
Djhb-06HfKc,en-US,en
xK-FSDWZmK4,en-US,en
keQyh2__SfM,en-US,en
d4mS-jqQ0KQ,en-US,en
_6rkryRWJdE,en-US,en
ohBSgq9enps,en-US,en
hMjI2vG5IC4,en-US,en
CoNu1hCKLJ4,en-US,en
5Coh2g_tmgE,en-US,en
Enn7uweCC28,en-US,en
xYg4TbVrE6k,en-US,en
WLkCLgEwu_Q,en-US,en
M36cmbm6uhE,en-US,en
ft2B5zwPX3I,en-US,en
9n04E1e0L4Y,en-US,en
3dTnSEY8I2U,en-US,en
y0wrUORM_gc,en-US,en
QXGdODgZFp4,en-US,en
ZJo4efh-wAE,en-US,en
TCMquExKQ-M,en-US,en
xZPX0ix4vBA,en-US,en
Btynqo4-Iwk,en-US,en
4oRfpNZFso4,en-US,en
GoNtfJqkcYY,en-US,en
2cGoDCPGdKA,en-US,en
gXnjx9zAEMQ,en-US,en
LG36TTlqO8U,en-US,en
wLQY8dny3A4,en-US,en
l2vdMBRB5fk,en-US,en
lJ4EVdYK6bI,en-US,en
35PwGBsoMmM,en-US,en
hmEP9mX3ayQ,en-US,en
V8gFlxZNB2Q,en-US,en
4TUEic7Sdhw,en-US,en
XHeRoPYTEmc,en-US,en
bmK_d2MresA,en-US,en
jW7M14qi0IA,en-US,en
4TRr5rwmMFI,en-US,en
UEEUwfRVQfw,en-US,en
tDUIClvarBM,en-US,en
ETMuj78CtIs,en-US,en
lUyJ1TdDnG4,en-US,en
USXpaw1d7TI,en-US,en
x61AufXkXgs,en-US,en
Z9SUgED1qHM,en-US,en
9oNif3m0xn0,en-US,en
Ma3RRjGmimg,en-US,en
pl2nJm8iOQY,en-US,en
0v987FFrpwQ,en-US,en
A8iNrJ7DcnI,en-US,en
hqcxLYazV0E,en-US,en
HY930a15Fs8,en-US,en
ZF8OOqU6lDo,en-US,en
SboL777iuyQ,en-US,en
-Rd0vCIHS7M,en-US,en
eZwdsZCFKzA,en-US,en
FN52k5YKwkM,en-US,en
rMWNYW87uD0,en-US,en
XfIN3Y2YFHg,en-US,en
EQkyD2gbth0,en-US,en
HwvUhbRb5l8,en-US,en
40gqFEqpWQg,en-US,en
MhXTFufgdhU,en-US,en
d6MpYHnA2Jc,en-US,en
wWTSQnFSwWo,en-US,en
inu0xz7Wddk,en-US,en
riMemu2YAps,en-US,en
bqxO7-NWlsM,en-US,en
y6zPxq4Tzes,en-US,en
m3qT7NJMn9o,en-US,en
HuHiFCdn14Y,en-US,en
SRhm7j12tnQ,en-US,en
6yu6ob01ufQ,en-US,en
CEgynoERrqc,en,en
jD-3zMQmjTY,en,en
sXScHQIXGNA,en,en
N_ZrjKeDcfw,en,en
mdfTWON2mQs,en,en
Huw11M9aaMk,en,en
Z5XOhPfIgho,en,en
eix1m_BY3Ts,en,en
L9ybzeMNsiU,en,en
0-VG9QBm8S8,en,en
g291trLaqTA,en,en
aHlFtjLUDbE,en,en
8zGNeT8fU9Y,en,en
0idmNj1syPs,en,en
K3SRrTaQgz0,en,en
Aw1T2-lgpWI,en,en
f8EbtQ7jQnQ,en,en
V5a6qvETnNg,en,en
h26FlWu7aDc,en,en
1ThNUvaImnw,en,en
EJPI04bjcOY,en,en
nkO3-9DxYhA,en,en
wYp2Yo-7bTg,en,en
fDwt9AiItqU,en,en
O53kvnY8B2E,en,en
fPZqmNrcBAo,en,en
kACGSU-SCbU,en,en
CJpprAzGGZM,en,en
mEHZxZEN69U,en,en
356rZ8IBCps,en,en
76XuLfX1jjw,en,en
mRW_PwNKZ_E,en,en
PgFeiwvqS0g,en,en
QrnbKs-enO8,en,en
X763A7yGh5E,en,en
L2uXAC8vBnU,en,en
cw2pmKfHa7o,en,en
8tUZ1vGed8s,en,en
EbWN-UIZXJI,en,en
0vFErGxD2QY,en,en
vOhuf18b-g8,en,en
TCUNM3xC9Zs,en,en
I9p6XfEZcQM,en,en
N5zQTUhfuLU,en,en
b6mo-rTiJoE,en,en
Pp3fbZZOlcs,en,en
CJXp3UYj50Q,en,en
lY90JsFEbhs,en,en
l8WV7DdeNIQ,en,en
Bu1CC9ws0iQ,en,en
0ZedyrztolA,en,en
zBk8kAqPzMo,en,en
iKcu4o9rjfA,en,en
J4qwuCXyAcU,en,en
w-WhZT02ubg,en,en
IVbm2a6lVBo,en,en
931n_5Usfiw,en,en
kE6nw47Q80E,en,en
8njaN9ZaSdA,en,en
NFvOMwfRkaM,en,en
-xk7-43lX-c,en,en
yMHNrCiQboI,en,en
BFAkZJsZn6k,en,en
Iq1JeXKYg5k,en,en
nZlhI-L_Egk,en,en
fyai_kUYhLs,en,en
7qoUAP0BYi0,en,en
b4x8boB2KdI,en,en
qExcc92zHfo,en,en
1rJa-0YOkwk,en,en
N1VC2SiUaz0,en,en
tYJWcs-qnAc,en,en
1OHZTFseggA,en,en
jGpdK_dxtlA,en,en
dTYDnz5jD1g,en,en
STpFf-cdCSM,en,en
JnJw54oyfLE,en,en
Pk5FwsZB7L0,en,en
67hVZOJDFxQ,en,en
G9JRFclaYD0,en,en
e6fcddX1GFQ,en,en
HwaIuAwHxRk,en,en
gxc5kvzoddE,en,en
rSx0WZfDbE0,en,en
cy9b2v8Rhvs,en,en
b6ymEz1PmBc,en,en
DVfB_0s470I,en,en
2uvFqjsbemY,en,en
bG2N4a0ir3A,en,en
f-nV6DHVgLo,en,en
ZMqhE9r5JuI,en,en
gWF342u6joo,en,en
ety0tL9RIRM,en,en
uWH2rHYNj3c,en,en
OPoWMXqq62Q,en,en
UFV6wukB_Rg,en,en
z1utOLXNCm8,en,en
MfhRUoF33aQ,en,en
K6Cr73w8CJE,en,en
Kk65BbRnzUc,en,en
Qr0Xvw9cjCU,en,en
TxoxXbc0Ros,en,en
KIaBGBuyOaU,en,en
WH-qtuVRS2c,en,en
NVvaJ9aRlSs,en,en
Bf3yJs5Ttrs,en,en
7FKJODmcdiM,en,en
qie7cfjnLAY,en,en
tCGZ6pkbD5E,en,en
gB9yzVPfnJg,en,en
FuWTWedjHXs,en,en
8vZVR1xRhEM,en,en
obA9GiuTBYE,en,en
ipEaAUMu5aA,en,en
t3i2pNVLMUg,en,en
CREM-mFuyyo,en,en
xbn3il1HAlM,en,en
Nx-rVn0fbVU,en,en
hql6doE-Ccw,en,en
o67WuiSdc_E,en,en
9CpLScDLvc0,en,en
P6HZbGyq77M,en,en
Zy5MWFrb0Y8,en,en
8WNZzhwZcJA,en,en
eZhp-YXUBjc,en,en
2aRr1jYSU3U,en,en
AOs0yfwbTDE,en,en
DEEc65x4SMs,en,en
RIphIqHEdxY,en,en
bIPl71ZeOYk,en,en
nMTJPqx2XBE,en,en
Pi7R7YqjR7Y,en,en
C6VuSPPkTeY,en,en
jb_dh5DfG6M,en,en
KnHZQ-Ng6WE,en,en
fbn-lMkAfQI,en,en
hCnPENkfaiw,en,en
drLZxyv79Oo,en,en
OrSnKJY8rcY,en,en
nBZT7lF5dag,en,en
lnIxL7i9FVA,en,en
WXXErAmuEzU,en,en
VdKqVmFSkI0,en,en
tCv6t8k6dxU,en,en
DPZgE0Kf-7E,en,en
aQCpnnxyvcY,en,en
DQNu-b1veiw,en,en
HAxRDYJBin8,en,en
7SIlor1Zi9w,en,en
Ep6HhI1mpko,en,en
GXkwWjAzQYI,en,en
ls4jmJL8TeI,en,en
79X9SL172oo,en,en
ZPRKLg5ZR-8,en,en
rHCpgtc5nzs,en,en
5xO1jF1cVe8,en,en
eZ5VpPJjddA,en,en
jUT3rUZGqLA,en,en
Ld0Bbf_Dpg0,en,en
0pXrDVfe8A4,en,en
i8BnXGr4mp0,en,en
oQcw9ZZ_PxQ,en,en
HZOYCMkic0E,en,en
wCkFcD-2fI8,en,en
ndmKkH2UU-Y,en,en
hz1LmOcleGc,en,en
lIOTxSlkuBc,en,en
OO_JawE3fLs,en,en
ojlTFAccjlQ,en,en
F_A9UqXvLnE,en,en
X_ERoyn1BUg,en,en
25185B-tWCI,en,en
zhL2FIiW2Ts,en,en
QtrKAvLCJ2g,en,en
Rm9rTYB7CdQ,en,en
_Y-D4gYIVe4,en,en
Pb-FPK2NGpw,en,en
R11qUdPD3dw,en,en
WbLI7U2hLyA,en,en
pM1qgJMBqMw,en,en
DRUDiwHRC60,en,en
M16lt1D0OaI,en,en
oJZecXmgXpA,en,en
BqQ86_MIvp8,en,en
PR5mykiFzN4,en,en
FwyYsf9AGKw,en,en
DpyMQBoISkk,en,en
mkVEYjQ6VoY,en,en
9ltVH8RQYFk,en,en
n2jPDhxGkog,en,en
vXnlV3au0Zo,en,en
M-zq0bZG3uQ,en,en
IyvQ59WuIjo,en,en
qHP4DTuwpg4,en,en
x0KyP8P_5PQ,en,en
ZPsQ1HCTz0k,en,en
obVDF610lxc,en,en
9Dorb8_owv8,en,en
vyiBIaIEuQ0,en,en
SMx-pq956-w,en,en
07nJHvkFMvM,en,en
Fr7fL06SCxM,en,en
sOP7fUS190U,en,en
5sC5ys31AEg,en,en
X_FEWyUjrRw,en,en
XlEv_eLZhNI,en,en
4slngTaicg8,en,en
CS2jV90jQVM,en,en
pIIkU8qZl_U,en,en
6Ji8iusVJm8,en,en
HEwOAfN1qyw,en,en
lS_eUs1pSG8,en,en
CbiKEtp6BTk,en,en
QQDx8pxlQSM,en,en
g4-N7Y33f3E,en,en
2M0tumIzeV4,en,en
pIIC1MeLv6o,en,en
-w600WkLeLo,en,en
3tyBy3e3ygc,en,en
oAKSAMiBF_A,en,en
R774hFy5gpI,en,en
DB3FkbCROSE,en,en
iuuLBjIT4vo,en,en
ACcJsK1fLTM,en,en
pi0R2f15OnA,en,en
vDMpANNGND4,en,en
azP_v4cPZPc,en,en
MqDcJFyhtoY,en,en
zSh8QzRTRLk,en,en
hFDbjRIushM,en,en
IZ0F6JMAj_I,en,en
nArl6VSFBSU,en,en
Byy98Udin84,en,en
n0aA3azdHcM,en,en
TyoN-locTmU,en,en
NueC1gwGQHs,en,en
aJY_JuGDWSU,en,en
TRW4W7KkJXs,en,en
TP88uN7pvbU,en,en
VcAytfrHL20,en,en
fCqmyJclr8w,en,en
k4hpUwB5fio,en,en
xuuwjvHtr9g,en,en
5Owxb7np3jw,en,en
6J-k5sWuFvY,en,en
URAwJlFndD0,en,en
PpMQhr7DRoc,en,en
VBQlqCUz0lM,en,en
Yu04cmc-xvo,en,en
-0FdcyE9_Fo,en,en
0PC3gvegeRY,en,en
IhLaU4fn7YE,en,en
at1HS1CNhe4,en,en
pdrkOatgS_A,en,en
fZX9-DTtDu8,en,en
DgIv5AL8ek0,en,en
djQQcn82_-M,en,en
8lgb4yJ4apU,en,en
loHSfZtIZbE,en,en
nb0MwOXlSZ4,en,en
o_zc6xASQpo,en,en
pwCuzh_HxH8,en,en
KovIZ07Dyx0,en,en
JlQ_djYS0Dg,en,en
1ufoYAQIhu4,en,en
CctFxxf5ApY,en,en
3cZZg1F4RCM,en,en
MxIotxKBjVs,en,en
6HPf_fvPOo4,en,en
TlMHxNDd1X0,en,en
M6yt1wfLvDM,en,en
Mlh6NXtaT_o,en,en
EQMJhxyBsBo,en,en
u9JLKYF71jE,en,en
Npy2CUZZUng,en,en
c1Q3m4x1bJc,en,en
RCFsP8-KGbA,en,en
I1UB7k60dAU,en,en
0p_LmbcqEV4,en,en
8rWtLqyQm6E,en,en
ApwhFXN8bJ8,en,en
3NPHV-X_HvY,en,en
cu0_ZEIT5YU,en,en
nUl4MdDnl1s,en,en
T8TCN0aYs2s,en,en
hgWUxQUlvKs,en,en
mmRqMuMx5VE,en,en
TyKtFYzJBbg,en,en
6vmTf1PEcF8,en,en
GlJaxmUGwr8,en,en
u78CMLm10fU,en,en
vCqX0ZkoPMU,en,en
U4f0LqqYqNU,en,en
S1vsk6Liubo,en,en
c-H0zyWubLc,en,en
WzdR8f2LzwM,en,en
FhV_flNpQOs,en,en
826O9YGrGCg,en,en
i0SCgfej3w0,en,en
w3QlyvY600Q,en,en
6HPG3WGd1wQ,en,en
f9IolErKgsw,en,en
2IDjteRQgMQ,en,en
yQ4prIKen74,en,en
RYY0ibk4s60,en,en
_CuibYl_Fh0,en,en
5zyujD1gDc4,en,en
9SDkU5VDQEQ,en,en
a3RI4DjFBzw,en,en
HUXUnMbeOyo,en,en
O7XOUK4B5pg,en,en
34D1imLordU,en,en
LhnH0juUaGw,en,en
7-CouekrkOc,en,en
YC77Lb_cN6c,en,en
tgmEHQv7ozQ,en,en
IQX3MIzIBBA,en,en
9fA2wAWvhJM,en,en
l1L0OTlI00k,en,en
EbRLfRZoejM,en,en
axfNxZ1R6C4,en,en
W-uDWefB-6c,en,en
8aArJSRLpJw,en,en
tMFtT7xBhp8,en,en
xlG3DvMAQm0,en,en
m1fxirQn9AA,en,en
cGXAmnUabEY,en,en
d17gJs4n45Y,en,en
DlEr86sNnFo,en,en
GVlq6lATZ2M,en,en
QQEgIo4Juxg,en,en
OL9cQI5hIVE,en,en
-abob21omcM,en,en
mTpvUlng5ls,en,en
s1O09zc3xVY,en,en
3XkBH83P93s,en,en
G3jvn7n-68Y,en,en
kerRwLePW7I,en,en
d0gTthacB5c,en,en
GE1c4Tb3Zsw,en,en
eGSsoSEppNU,en,en
T-HZHO_PQPY,en,en
dbMXi9q78Tk,en,en
RHQmwsw5Aeo,en,en
X-3aaDeP9Rw,en,en
8DUV6axCC3M,en,en
86MHiDGHUgo,en,en
lO961HRQn5Q,en,en
ocQ7ZKhHU5Q,en,en
_yfiUQSbdPY,en,en
9LjgqZ2wP0g,en,en
acSlR6UD6yM,en,en
NfG_yQ4RpyI,en,en
9lWDK_6FTjo,en,en
mQQgB6VK_m4,en,en
FEDiAHzS0zw,en,en
gM5O0zCqriM,en,en
cT22fTzotYc,en,en
g-Ss2AEEP58,en,en
pSZilybp7mc,en,en
9okx4cA-wEE,en,en
gi3h2wr_wwM,en,en
tu1amrfflb8,en,en
0ogfPb6aejo,en,en
MDIqCQh5B-c,en,en
LDLRxUcdbyc,en,en
8W92cckXuTg,en,en
_3pW7mkKTDk,en,en
bFgTxr5yst0,en,en
p4M50NgC9qU,en,en
AUb-xpYoV8I,en,en
_31113MIaxI,en,en
tbCKWX34_G4,en,en
1AVlW7TB-Oo,en,en
eGBxLRPBLM4,en,en
s96JeuuwLzc,en,en
vD-5FhePDGY,en,en
o-8amaZBi5M,en,en
lax6vdOko20,en,en
pwWBcsxEoLk,en,en
LcueDIPb3vk,en,en
WQveY48yM7U,en,en
_KzObeom88Y,en,en
1h6TKnVOqQw,en,en
iKTKDRkVEQU,en,en
YSsvdQ12Jns,en,en
Tb8m5nE7PZk,en,en
qFsj6KL8_nU,en,en
YiVD5IPxif0,en,en
5UE_G0zGsO0,en,en
MsQACpcuTkU,en,en
v7-gJ3uqZ5A,en,en
XApvdsXEyyw,en,en
FYL9e_aqZY0,en,en
CqFfcZELbG0,en,en
F2pG7EJ0lS4,en,en
budTmdQfXYU,en,en
Uc18mso08Ro,en,en
8jWFN6vQf8Y,en,en
qK7uaQyjTqg,en,en
4dqhgCM6LNU,en,en
EOPo7yL86vE,en,en
gEElEzKazYA,en,en
GuTcle5edjk,en,en
yPGimRqITrc,en,en
v477fvbj3rk,en,en
_u1V5GLzP98,en,en
vtPOBzq4zrs,en,en
Qvx2sVgQ-u0,en,en
ONgECvZNI3o,en,en
3HiWCSYCIZE,en,en
kxYh9RwLUFw,en,en
3BXE0e3QZ4U,en,en
tTQ4vfCdMYw,en,en
dG8VTdEoatM,en,en
4hkJX7LBdXc,en,en
G5OM24KrAH0,en,en
Oc-iNQSxUMQ,en,en
6P-vjgPx9ww,en,en
XS6615BRiX4,en,en
8fMRim06fAE,en,en
6WYBvbn-mgQ,en,en
D-ZlJPKk7kM,en,en
TwG6-TRg5Rs,en,en
LQAOeZBdZ2k,en,en
Flqljv8clcY,en,en
VSdcWKCT3V8,en,en
FV_7DnBMFAU,en,en
QD2GWLGtZp4,en,en
TeQDr4DkLYo,en,en
ZWPh6c8Gqg8,en,en
cJZnlnT0rPA,en,en
on-AmAv_DtI,en,en
QVjxorbKY6c,en,en
KFsvPP9Kiw8,en,en
nbPfYbvlVec,en,en
nQCOTzS5oU0,en,en
-eSTJ2-fszw,en,en
j8cYlXd_eVw,en,en
CxTMHw-M0Yg,en,en
sxTNACldK3Y,en,en
_x5xBe7tDs4,en,en
uJ3G3dA4Y2A,en,en
Ju0ndy2kwlw,en,en
jPZAqiQ0TtU,en,en
4M7RIbQZ_-w,en,en
EXL8mMUXs88,en,en
7TR-FLWNVHY,en,en
OKrXf7SMdww,en,en
5xWnmUEi1Qw,en,en
F_7B2shTPPU,en,en
_KWdCqpXB7A,en,en
KnUFH5GX_fI,en,en
nXdVG45wveo,en,en
mmCfOazZCNQ,en,en
KtQ9nt2ZeGM,en,en
tCVsyY5TRQI,en,en
oy7BrKNmZAQ,en,en
INZybkX8tLI,en,en
8I4Jc-WLsrs,en,en
DAX2_mPr9W8,en,en
ms8uu0zeU88,en,en
Aytf6ARcs8s,en,en
JzClLWL-Eys,en,en
HFYWHeBhYbM,en,en
SaKKzZRrPIg,en,en
W96a8svXo14,en,en
OSCOQ6vnLwU,en,en
j_QfX0SYCE8,en,en
OOK5xkFijPc,en,en
QEJpZjg8GuA,en,en
HnMuNCl7tZ8,en,en
kTctVqjhDEw,en,en
qSFNufruSKw,en,en
6Ea6jf-9Czo,en,en
dHskIsOYZ8s,en,en
6h9JhW-m35o,en,en
Namf-Ddo_Xo,en-US,en
WkIR23emsWY,en,en
zsA3X40nz9w,en,en
CnMRePtHMZY,en,en
CzJKxUCKOBg,en,en
3-Q87w8uhwg,en,en
XRCprhlz4D8,en,en
uhbDfi7Ee7k,en,en
YGT1EvmDJh4,en,en
jHP942Livy0,en,en
XeDCCNFAULk,en,en
TLm7Q92xMjQ,en,en
ff04ecF9Dfw,en,en
ZcH0j7tOrDA,en,en
DTsQjiPlksA,en,en
AEm-2giH_zw,en,en
E3p_Cv32tEo,en,en
va1rzP2xIx4,en,en
Limpr1L8Pss,en,en
TBPVJtGBf8Y,en,en
bis_4MT5SSo,en,en
ue-1JoJQaEg,en,en
vNj75gJVxcE,en,en
Khp3wb0QMpQ,en,en
ZJOfyMCEzjQ,en,en
zb7Bs98KmnY,en,en
8PTjPzw9VhY,en,en
xSnrQBfBCzY,en,en
U0YW7x9U5TQ,en,en
hGVVAQVdEOs,en,en
VsNHrAzx5_w,en,en
zheQKmAT_a0,en,en
3DdUvoc7tJ4,en,en
CVLLNjSLJTQ,en,en
Bm7L-2J52GU,en,en
PnJZSk4JHFM,en,en
tg--L9TKL0I,en,en
nyYjnV99wfM,en,en
2DGqVbTHX-k,en,en
imMBwUGjXHs,en,en
ZiXg6H_FycI,en,en
c2J91UG6Fn8,en,en
bwm_Dya0PFQ,en,en
Iyp_X3mwE1w,en,en
Sp9H0MO-qS8,en,en
YE0U018Copw,en,en
DuAeaIcAXtg,en,en
tbvVnOxb1AI,en,en
_yMMTVVJI4c,en,en
sZOuz_laH9I,en,en
hE3KjKg69ZA,en,en
43XKfuptnik,en,en
MFEHFsO-XSI,en,en
fsIFxyOLJXM,en,en
i_mLxyIXpSY,en,en
AQC2WsvHdqw,en,en
cQgcTkXacAc,en,en
JXYMdxwTf8s,en,en
WpgsITqoDXQ,en,en
wbbH77rYaa8,en,en
udNXMAflbU8,en,en
klUxwMfu4-8,en,en
Ll6-eGDpimU,en,en
2z5A-COlDPk,en,en
D_qFWoa_HR4,en,en
0f9GpMWdvWI,en,en
F3rncxf4Or8,en,en
tURHTuKHBZs,en,en
K_q-xnYRugQ,en,en
t-JN2U4jHgk,en,en
jCUHDFYdG44,en,en
ZArBfxaPzD8,en,en
7zrx-b2sLUs,en,en
_AdBcTMHG0Q,en,en
7J52mDjZzto,en,en
7SZHA3qTc6c,en,en
Oj0plwm_NMs,en,en
plbB42EUIUU,en,en
oHeehYYgl28,en,en
_rBO8neWw04,en,en
5un4DdKQZvs,en,en
16gB2BDXwTo,en,en
UiS27feX8o0,en,en
r_uBHmAhnfo,en,en
lBVvnDfW2Xo,en,en
RMxB7zA-e4Y,en,en
TbHBHhZOglw,en,en
Bi_Tp1H9CDs,en,en
bxN2JSMpvCo,en,en
jKi7xGE4BEw,en,en
2horH-IeurA,en,en
dH4n8fUjtLQ,en,en
Pc31L3zJiaU,en,en
jMmUoZh3Hq4,en,en
bLk1cjZ4ll0,en,en
4pZZ5AEEmek,en,en
hQ3GW7lVBWY,en,en
e1mJv9pxm7M,en,en
E9avjD9ugXc,en,en
CGAhWgkKlHI,en,en
o1qRzKuskK0,en,en
NmGaXEmfTIo,en,en
YeRu4xYH_W0,en,en
wh4aWZRtTwU,en,en
ASuo4DM6MT0,en,en
RSTNhvDGbYI,en,en
P1dDKvuFJ0c,en,en
rVpABCxiDaU,en,en
s8khEO7PuDU,en,en
adD5oC2asXI,en,en
ebkD6DzZDlA,en,en
hWl9Wux7iVY,en,en
hpwLDQSadE4,en,en
iyaGDLBsmdY,en,en
z-q8ehzHeQQ,en,en
mSFwyM2L5h4,en,en
PnpX8d8zRIA,en,en
uYbdx4I7STg,en,en
jrMiqEkSk48,en,en
CwZdur1Pi3M,en,en
ICcEOXVZ3F0,en,en
ZC5Zr3NC2PY,en,en
_-mBeYC2KGc,en,en
5ddVm5r28i0,en,en
eWP5-BRZndU,en,en
4te9rzEAHnI,en,en
zKlUdqmxDBk,en,en
6CBsfSWOr00,en,en
pi3hXvj2A4g,en,en
EB6BhmoSDvI,en,en
r7epWYqRqog,en,en
uRUIJrWbkNk,en,en
t7fwYnkHq4c,en,en
oD63XDnhkNc,en,en
kt2arrIKA4g,en,en
WsAc2IRTsmE,en,en
I1a-JOGR1MU,en,en
ie1uP_OpyJc,en,en
wwVLROJRmxA,en,en
7yat8OQZSfs,en,en
bBITpqDLDRU,en,en
fLQOLbpZ33g,en,en
xTt6bsO8Jys,en,en
WqCDbM2dBJE,en,en
QjAQKdkLjdE,en,en
tQjRmSOU2B4,en,en
lXvbvcj7vsU,en,en
ZomYyWDazMU,en,en
sIjj95xthhk,en,en
Zob4a6SitZQ,en,en
3wYlmDbra8Y,en,en
FAFeGIA5-2o,en,en
wGOBfK7hL-0,en,en
kdf3nrWeVmQ,en,en
5h8t2T3kXxE,en,en
JTLdCNSf8UQ,en,en
__q2d6D3aSU,en,en
mROzX-SXjyk,en,en
Q2xsV8ElgFw,en,en
Vk-_3TfvhZQ,en,en
uv_F6gLbBiU,en,en
ZGkmw5MdPbk,en,en
bwZdLk60B80,en,en
dhMHS1-Ns8w,en,en
TSyW35XJSsw,en,en
OKoXqA-wFrk,en,en
9f-N67f2P60,en,en
ZObTfOBP8pc,en,en
Qzr7gN88SWI,en,en
WM7V93aeBk4,en,en
uDefSgWhwRw,en,en
xdnLypm7dyo,en,en
_Rm55YL91ZE,en,en
mYW6ZQHuTsE,en,en
AY8EnMi5ahc,en,en
LyLeQePBt10,en,en
S843fBfg9OE,en,en
R7KH7KbQ928,en,en
-7BccXR66n8,en,en
UMaXwAfiFjA,en,en
fB-W4K-7Kq0,en,en
b2a4iZcEW7E,en,en
2g1FKeDEpFo,en,en
XPyRI1J0vGU,en,en
0CVRfAS4bVw,en,en
MfBNxGw_5J8,en,en
q9Xyy1SZn60,en,en
AyAO9j_QsK4,en,en
uviwJHDricE,en,en
3gq4J2zr07s,en,en
21t2EvNUXHA,en,en
pfYW78VGIik,en,en
Aje4_XaSR24,en,en
1vd9GISRhPU,en,en-US
jh3nmSn8SL4,en,en-US
O-r4odnwJqM,en-US,en-US
6_sfBUyVWQ8,en-US,en-US
IKgEE7bUTes,en-US,en-US
yLnb1lO7KXA,en-US,en-US
yJxOasvhx0o,en,en
rB8X45CLr2k,en-US,en-US
bqQuhcd-aK4,en-US,en-US
AXzM-4tagGE,en-US,en-US
VfY7PvBViCA,en-US,en-US
d9iiAqRhKV8,en-US,en-US
Y7uqFq77soY,en-US,en-US
5x5WO3xFkw8,en-US,en-US
qYd99vGSgQ4,en-US,en-US
QGdVVwwXN7w,en-US,en-US
Txku8ea7XW4,en-US,en-US
KIgEww_rfSw,en-US,en-US
osp02QMXt_M,en-US,en-US
OuYFTGhgQVE,en-US,en-US
KuV5jkCXsFY,en-US,en-US
yaWPCW70qaU,en-US,en-US
VNLkzWjDxUo,en,en
i7qlZeDt9o4,en,en
NNODraLBYi4,en,en
4OZJZA_OJWw,en,en
blVlKoAlfY0,en,en
MAEofOdGnSs,en,en
VGE69JSdAFs,en,en
dMABp9z3C_g,en,en
EIoBvKtZFGU,en,en
lgpKksRwseo,en,en
FQMY89U0FN0,en,en
sU_WepeHUd8,en,en
I-oRWeq09e4,en,en
yQoVUBKVmlk,en,en
V7AuHBZsOj0,en,en
510O-FkGv6U,en,en
G3VZV4rewuo,en,en
EsiYEovwKgI,en,en
I9OR2Lam51A,en,en
PXTsuda6cvI,en,en
XkUZn8TUy3s,en,en
NDOrpjHkhWM,en,en
YgoNSL75jYw,en,en
ikcDqUoZQIA,en,en
-qBSJ4MTZm4,en,en
qxaZ46fDENs,en,en
Vc7orrqlrC8,en,en
DNCll33WkGc,en,en
A9jQ2NRgfMQ,en,en
YDiVl9q08DY,en,en
0Oql8dvmPNU,en,en
o0LdeUnjFr4,en,en
wMe3SPBJ6iQ,en,en
cIFU_3WcbY4,en,en
9nl6hO0ECgM,en,en
si8DUlhiLlg,en,en
fXE0AiI7LaA,en,en
lxeGfsVvs6w,en,en
DcIjulemba4,en,en
RgHo3YcFfog,en,en
gzo8vug09Os,en,en
2_HsFuPHHLw,en,en
02NtiPes5IM,en,en
qbGtDfBfEV4,en,en
qGlNb2ZPZdc,en,en
YM0lVVFBZ5w,en,en
caAV07xXtOA,en,en
0x5qAc85PvQ,en,en
jxDFjEYMcKc,en,en
5aV0f_q1-Jg,en,en
M3bduu2GGVU,en,en
7csFPNoVITc,en,en
NW8XY2tp5RM,en,en
uENgdPK45GE,en,en
ufBlFIQl1Ho,en,en
1L3nbcEpD1E,en,en
hlMyfZDle3s,en,en
hCJuc6Y9Z_Y,en,en
gksiY4Zxb54,en-US,en
nZbBLm76ZPs,en,en
GM6J-upDNYw,en,en
6k51YkksDhU,en-US,en
OJOyJtavpXs,en-US,en
WJwCNTgbSeY,en,en
yeJrSG50Ilc,en-US,en
eTqT0TTMyeg,en-US,en
8flNsaufwKk,,en
D1rzb5J-YDk,en-US,en
1ylG3tUFrWg,en-US,en
ENw2utUihbA,en,en
oHuq2IVcmLQ,en-US,en
oIWbBH-2h_0,en-US,en
d04t4_xKVcg,en-US,en
SVY704MtfUw,en-US,en
Gp7XG8Oys3I,en-US,en
V1HedC1kqzg,en-US,en
zlQenSJ1lZY,en-US,en
q8xYvyYYpf0,en,en
psGsc1n8Klw,en-US,en
MiwObwZw-Lc,en-US,en
M3H8u3Y0S-s,en-US,en-US
IRPOlmaKpYA,en-US,en
AH5jwKkCS7M,en-US,en
sfBiR5Fo93k,en,en
Up8cgc9W_w0,en,en
gzTYM8Mzldw,en,en
YdVVJE_uVok,en,en
l-lT9Czr-2Q,en,en
4C5LKcCQZzA,en,en
qeDkljwxD1I,en,en
WKFMmvRBzqk,en,en
icAKnjfNxT4,en-US,en
WFLgEGaZ8g0,en,en
6VcBO_X5_UU,en,en
6-GWxDD7VpM,en,en
A-aA8lY5jCo,en,en
Kw0Bpyw6SyA,en,en
r0QIuf8WsXw,en,en
pzNmtaKQ358,,en
VUwkKl7IL1w,en,en
Cw-8GOL26Jg,en,en
OjOTclvjPw0,en,en
8Il781FG9fc,en,en
mQ2nSkNLnTA,en,en
sIxazU_nUDc,en,en
5Wo5t8H0bDQ,en,en
15mR4-qIbUk,en,en
Ud48JdSoSJs,en,en
fZRmO8sF3Q4,en,en
1haG-AGN0Ng,en,en
YR1m6j3H3UM,en,en
LhID8kZbP-s,en,en
8TeZMNsXz2I,,en
a4VPL1FtPcA,en,en
BnWG_R-y6p8,en,en
O7CjzVHLuYE,en,en
AZtfHRBpi3Q,en,en
ntTaVXXJi10,en,en
l_hSYCBfHSM,en,en
gcxoAyEnwKM,en,en
0rDrr0ydsw8,en,en
U5Xpd8ja9bk,en,en
Dlvn-E1GiN0,en,en
MeTbv6Wqfgg,,en
VCqUW26hR20,en,en
cnKFvWH8A6k,en,en
wdaO-NV1Tj4,en,en
_UhFHq5M_9s,en,en
eFDqZN49hBk,en,en
FxhIJPemAQE,en,en
uFJDQH0AuHI,en,en
HxJsFNvPkzw,en,en
IQzt6sGvb1c,en,en
puwtCcUu9_E,en,en
K6EkeCKUGmE,en,en
u4Ko14vkfx4,en,en
lZXiTzkqiJE,en,en
O8pg--1FuaI,en,en
1nDcd873gO0,en,en
zVeFQHwW_10,en,en
ohsqwJBX_nM,en,en
SnY34dD7lvA,en,en
HKWlY_vKHEk,en,en
TtGmheVrXUg,en,en
3o7YxST3wN8,en,en
LdXJC8s3xK0,en,en
14QO4XcL0ZM,en,en
r_HNogjVf98,en,en
GmsQ0199BW0,en,en
UmphUi9vr_g,en,en
MC_STDDGUC4,en,en
bgm5V6CKJts,en,en
Frj44cYpjSE,en,en
iivvUvcWJqg,en,en
toiDJzxS6sU,en,en
3WKf6ADCyd4,en,en
QdCAdukr3V8,en,en
WOX-YbMB6y8,en,en
u9a04oNtqbA,en,en
95rsk4ga1E0,en,en
wkHS66m3ptk,en,en
kbhuosA7gK4,en,en
KD8ONOmHUhM,en,en
Z_3vPcCG_2c,en,en
np3dXHyom6o,en,en
l7j_KnHlmfc,en,en
7H9oZSbxWrk,en,en
lkml9AMVnXs,en,en
K_cFkX3D9y8,en,en
QO3sBFiEOpI,en,en
h_uPq4vI5ng,en,en
mOPRNQD6c60,en,en
Zs4a7Iwky6A,en,en
jS2ykSmI9FA,en,en
RPRx161QoYQ,en,en
eFaihZ0f58w,en,en
51EHZ8aPjuU,en,en
ym_z8Azlk9I,en,en
kicfOSlUemk,en,en
aLEuIHzLBkI,en,en
x3e-WDxyGVY,en,en
X41XnvQhndk,en,en
oylnqAzTV08,en,en
SqKBGnLfO9E,en,en
ezsn_sBv8og,en,en
7yMTkGMw8D0,en,en
fWeRcr3mX44,en,en
EhKSV2azQ9Y,en,en
3vkJenrQlUg,en,en
pYBl4SqxzxY,en,en
WcJWymZ1x9o,en,en
E8fusGbgEoI,en,en
IaEtA56pd_w,en,en
gf_MQ4-JhBk,en,en
A1pBvgrV7Eg,en,en
6kik6Da3qXo,en,en
pVK80X-JgWI,en,en
uRUk5eJRmvI,en,en
roj_11eEMQI,en,en
imtU8w7-uBs,en,en
lFmJKtFWrhg,en,en
wTYDBFO0y78,en,en
l38DNubd1Z4,en,en
yFmizY7pe7U,en,en
Ym-86dezSNU,en,en
hlIVYlxLBBg,en,en
sUjw3fddmww,en,en
PV1koLoj-jY,en,en
ckCNkbSW1qg,en,en
GZwkeyH1cnw,en,en
Zv-kc-FukXk,en,en
cVfYbCQydSE,en,en
xAO7bQyAf0U,en,en
XQJ4k7F3Y60,en,en
GpQz4aY_mQ4,en,en
muLPtTLyI5Q,en,en
Eeq3WqCgrek,en,en
h0j37lzFe0g,en,en
mUhhSO_9Cto,en,en
Ynq62nouiQ4,en,en
zexYBVI_jvg,en,en
XNatAfADSpM,en,en
UzXmTNxuP64,en,en
bxLxy6NcgAo,en,en
m9AL7zI5T80,en,en
b6apUuJHU2I,en,en
EeT-p3SZ5ls,en,en
W8HbJUvdo4A,en,en
LPgLQU31_bw,en,en
YJZWGGk0qvs,en,en
mAp9n2Od8cg,en,en
fPmrzygqO8U,en,en
eOwM64UVaGM,en,en
neQmCtDJzkw,en,en
vzPB8jR2Gr8,en,en
DEy6r9aDIoA,en,en
jvFf08JC7y8,en,en
XCKwYhgT1AM,en,en
nRgyggAsta4,en,en
K7mGz8mr-xU,en,en
7DQy20KPu-4,en,en
z04wsaePUOc,en,en
vhTkJCloSIs,en,en
SOTAHavMQ8Y,en,en
S9MZ-4FQhws,en,en
hKxPSW2KWs8,en,en
ojpJOVUi2c8,en,en
Pj3WI5kL9aM,en,en
B2jlIWMjV1g,en,en
-xBOeQ3kIT4,en,en
fyevxMJ65v0,en,en
FmKEQVXodVo,en,en
Lpb7nNCm1Qw,en,en
TYJaphDmy4E,en,en
Y4AHrgdhLSI,en,en
OXhzkExTxvg,en,en
OOS7sIrlJhU,en,en
wf9-V6d4uy8,en,en
480tBnzK1tI,en,en
hePcr5K4xY4,en,en
sJ_VD7Lz2rU,en,en
UXWwCYCPHIM,en,en
A4cQwP2I-E8,en,en
2VGrOtI9B3I,en,en
hYX_lVhOT0s,en,en
06P19HnIJjs,en,en
r0XBzd2l2G8,en,en
E7gCMmUePSk,en,en
rbSiFGNTDGU,en,en
xYiSxJL7Mpw,en,en
_3IkaGoyGKQ,en,en
gbD6KIZTHuM,en,en
8q6tDjxpajQ,en,en
rQi8SmT6bb8,en,en
GRBSZb9TTkw,en,en
6L9y7rtZcYw,en,en
O4RIncLkR-c,en,en
OG3XKpswQdc,en,en
sycOI1hzGtQ,en,en
aN-wS7a-RnE,en,en
Cw7qZmouSoA,en,en
JCSMJk1vG6k,en,en
bSJBdtCfcVA,en,en
Tvj3VQ70aPk,en,en
J_EkBxvFxLA,en,en
tnRxnL6z2GY,en,en
wpHYFdzLQpA,en,en
r3EwfWfP4uE,en,en
q2-QSs228lI,en,en
rLYBSSoEMt0,en,en
A2NQuOfkrzo,en,en
rplNN4bls-U,en,en
c1eBY8_D0k4,en,en
ApLdak32pnE,en,en
lsJpOBJd-NY,en,en
c6sXr4Ls_Qk,en,en
TR3-BCIIWQA,en,en
2B_vOBb-ALA,en,en
lDlST1M33bU,en,en
xo1b8kcAx8Q,en,en
X9dV2k8fchY,en,en
f31iYufuJWY,en,en
tIBjqUgVkM0,en,en
3u5y1kzMtao,en,en
7oawCZnTQNI,en,en
CaJi2l5_ZjI,en,en
rc0Vbbd9J6A,en,en
hFf9FB8F0dc,en,en
TXDSucCI2y4,en,en
7UchLHTn-eY,en,en
LiLPhSMJs_M,en,en
O_urDItk2Zw,en,en
AcWVw3RTIb0,en,en
D8u-wjGHvG8,en,en
rxniBZy7WZI,en,en
TEVxdtA1zyA,en,en
OtUF71nAcT8,en,en
44CGvHqMYrg,en,en
FD6D4a7Gatg,en,en
kvQ6xhN6ncQ,en,en
zUQwuE42Deg,en,en
LtXkqB2Ez8g,en,en
-yNkaLXrofA,en,en
_8hPEc3uR1c,en,en
Gg7FQyfiubE,en,en
lVq4UEMOH-8,en,en
n-VXQGs_AdE,en,en
XAWS9axV4U4,en,en
Xbl0h-E037M,en,en
mR_pevdt2dg,en,en
FiNRLfZkkZk,en,en
-eVOxb2KQSI,en,en
m-AQj_LlDv4,en,en
swxAd0yR8Lc,en,en
IvVdMIPGRnY,en,en
T4fuD1ZUUjk,en,en
LZBwsiiITU8,en,en
7w0Gw7xEH9M,en,en
AjGmTDKbHZY,en,en
eUcjiPI0TbE,en,en
ty1wubo33fs,en,en
eFXi-5wiLF0,en,en
ZuC8jb-X_uA,en,en
yXEFTwb7kYg,en,en
5rx7qZZhnbs,en,en
dnPwFQj2xlU,en,en
VOL_85L4LG8,en,en
-9f8fubqY5o,en,en
VSlBP8YO_sM,en,en
ZuJa-N_sdlo,en,en
vzWucB2JPxI,en,en
LMJ8Wzy2zLw,en,en
DJrxyDko4ns,en,en
pvcwVVOFfsM,en,en
MFJZoh3d2rU,en,en
hwIN8wNtguA,en,en
cvApYvNjboE,en,en
OSsPfvxybuM,en,en
KSCmcOkxzjE,en-GB,en-GB
jkuneHfCQv0,en-GB,en-GB
CAGdMYDatfU,en-GB,en-GB
gDQM1f5Gauc,en-GB,en-GB
9PupEugyhsM,en-GB,en-GB
4NgRAqbPCIk,en-GB,en-GB
4htCmuDrTEY,en-GB,en-GB
GXIbKVqaIa4,en-GB,en-GB
eRl38v5Zc2k,en-GB,en-GB
LeofP3zKODs,en-GB,en-GB
Kia1yhYyG_U,en-GB,en-GB
tLvCkYq2RvE,en-GB,en-GB
gjQe_wQIts8,en-GB,en-GB
V9TSD4SxdfY,en-GB,en-GB
z_Us9VZ5umo,en-GB,en-GB
D9Q1uAKXf8c,en-GB,en-GB
97nZZqiyqxg,en-GB,en-GB
587NOZSCd00,en-GB,en-GB
mbRdbmAwpC0,en-GB,en-GB
7FrvIrxZSAU,en-GB,en-GB
cJDtPn8_tFE,en-GB,en-GB
U_cDIjoiKQc,en-GB,en-GB
Qq_EZZxmdyw,en-GB,en-GB
rMatvRE1w4g,en-GB,en-GB
vEwvSD0psMU,en-GB,en-GB
7-vP35S0Elk,en-GB,en-GB
Y6U3fiOncXs,en-GB,en-GB
fR4KIipyXr4,en-GB,en-GB
wjShC5VFCpQ,en-GB,en-GB
Yv3zK1eOUFY,en-GB,en-GB
iwPZZQJEixU,en-GB,en-GB
vI1qIP0prqY,en-GB,en-GB
wVrh6p-0U0w,en-GB,en-GB
_Wt95gP-dJI,en-GB,en-GB
tn4yMbuPrkA,en-GB,en-GB
vSvY8nU0aNo,en-GB,en-GB
fCLBtPMEHSs,en-GB,en-GB
bHcn2ebUtRg,en-GB,en-GB
wpDyrITvggE,en-GB,en-GB
915VXEnQjJo,en-GB,en-GB
879w6y1k06I,en-GB,en-GB
SYJQbB2HtjI,en-GB,en-GB
wyMrmccymwY,en-GB,en-GB
t_wQYCXDEHU,en-GB,en-GB
n6a41Ani1Z0,en-GB,en-GB
bE7pcRUVaUw,en-GB,en-GB
i0tjyM8MaEY,en-GB,en-GB
y0JsulIzhT0,en-GB,en-GB
-dXBYYe85cU,en-GB,en-GB
J17kCYAdPKY,en-GB,en-GB
RbjHsr1yAmk,en-GB,en-GB
j_qkmKgJDAA,en-GB,en-GB
iL7J2VMEOp8,en-GB,en-GB
8MilFBnzcgA,en-GB,en-GB
ybB2zRcqJps,en-GB,en-GB
WKgJiPtcVZc,en-GB,en-GB
I-8uJWZips0,en-GB,en-GB
ESTmx5zsUE4,en-GB,en-GB
iiqmpgHLLcE,en-GB,en-GB
f-XjB2DMIOo,en-GB,en-GB
JPrvwuxTty8,en-GB,en-GB
pL_Uw7Tm5Qc,en-GB,en-GB
OlZIOJrrBhk,en-GB,en-GB
xXNMQst_O-4,en-GB,en-GB
B49t5yN8Kg4,en-GB,en-GB
wz9RzI94vps,en-GB,en-GB
N_UDeC59mLU,en-GB,en-GB
Yte385A4Ixc,en-GB,en-GB
x-uSWFeg-Io,en-GB,en-GB
U0AgrfTiVqY,en-GB,en-GB
0Y0CHrdj81I,en-GB,en-GB
2ZlVOiXOadY,en-GB,en-GB
1IZWxLY-05Y,en-GB,en-GB
M7mhSWYX_8A,en-GB,en-GB
fNuZKJmdFTY,en-GB,en-GB
WV-DiKWne8s,en-GB,en-GB
v8nPkg_w0g0,en-GB,en-GB
QftmR6nqn4A,en-GB,en-GB
HnLZ5wA5BYQ,en-GB,en-GB
r2GLk7vSDEs,en-GB,en-GB
0rv2Zd9qtkw,en-GB,en-GB
QN6eXORCuAk,en-GB,en-GB
yAs5YvmqREg,en-GB,en-GB
91KvVYLYt4U,en-GB,en-GB
hHwAFgwjrac,en-GB,en-GB
pvIx7VytYq4,en-GB,en-GB
oDf8SNs4A4A,en-GB,en-GB
AlYYYCmio0A,en-GB,en-GB
_swSjk6kAB4,en-GB,en-GB
v4ys3mUdT-o,en-GB,en-GB
HW1HIINVpHc,en-GB,en-GB
TZONoxzuFkE,en-GB,en-GB
6XUQ9yUugDQ,en-GB,en-GB
790GhKlVfgg,en-GB,en-GB
wLY0Xc03S6k,en-GB,en-GB
slmoCz0b8QE,en-GB,en-GB
cPzNU-1G57o,en-GB,en-GB
jb-CrTd2sMI,en-GB,en-GB
H3sTGF3MoKA,en-GB,en-GB
Q9rlqktHiF0,en-GB,en-GB
PAgmFeIvLcY,en-GB,en-GB
hzlJ67BAaWM,en-GB,en-GB
K7lCeKlIQXs,en-GB,en-GB
7Z8cwhfjlMw,en-GB,en-GB
ADteTs4D_IU,en-GB,en-GB
8HzDqHDWeTE,en-GB,en-GB
Rzq4m8u5wmg,en-GB,en-GB
T3UuAUWWxwE,en-GB,en-GB
eBuaYiVZ1k0,en-GB,en-GB
jY0h5p7UuOI,en-GB,en-GB
DfRrhPMLUm8,en-GB,en-GB
v4vbloXEsgg,en-GB,en-GB
60JDbgjMPPI,en-GB,en-GB
YE8RiP6vswc,en-GB,en-GB
99K3TJ4obiM,en-GB,en-GB
pwUc9CrutdM,en-GB,en-GB
rPMsXUWUc_0,en-GB,en-GB
iLWihXjM6BM,en-GB,en-GB
oV0Yf2Sn1DU,en-GB,en-GB
G9MZLuv4rhg,en-GB,en-GB
3Uvyh77_7Qs,en-GB,en-GB
M186XGeqiBA,en-GB,en-GB
h0GXEfSZDCw,en-GB,en-GB
IcV0jtK6i-I,en-GB,en-GB
P4AMNvQNakI,en-GB,en-GB
NXAltjOFAI0,en-GB,en-GB
aX66Qqx8Tzo,en-GB,en-GB
E8C0RIuKxhw,en-GB,en-GB
9vpH-aVwF_8,en-GB,en-GB
QUM_ylX859I,en-GB,en-GB
HdZlosVFa4M,en-GB,en-GB
GWkh8OIlu-4,en-GB,en-GB
7oq_PD6fyKo,en-GB,en-GB
NL4x3XWmkRo,en-GB,en-GB
h53kWGdM4G0,en-GB,en-GB
g8rlb1-gxqw,en-GB,en-GB
RBdY0JN1Htw,en-GB,en-GB
xySLlVKS7lA,en-GB,en-GB
uAMnaAwCLZs,en-GB,en-GB
eXAjWTDwPd0,en-GB,en-GB
ooAKGlERrXk,en-GB,en-GB
flQWDMiZDAg,en-GB,en-GB
PaF6l2C5qpY,en-GB,en-GB
BtBRs-eucVo,en-GB,en-GB
me02gvb9nCE,en-GB,en-GB
dXqDkiQxk9g,en-GB,en-GB
bLdAnq6X4-Y,en-GB,en-GB
HheIApunCdI,,en-GB
eqwjmpTJecc,en,en-GB
cM8so9nkU2c,en-GB,en-GB
DUGH6Uor4as,en,en
F_Zpg-RTpGY,en,en
RlkuGhmLEsI,en,en
EMfN6t8a1Uo,en,en
mqN1M9jLHCw,en,en
rjRnHtKBex8,en,en
O1kjCAmbjKg,en,en
t6EiOpE-jQI,en,en
hd6-xzUWE1s,en,en
Qxp-G7X2TRQ,en,en
-BmQIHwZnDY,en,en
XUP23K1I8Xk,en,en
cb9VS9EfvXQ,en,en
x-I8ZHfwV9Q,en,en
ToLA662Nrms,en,en
KW5cotP9OyE,en,en
ydL7j6zKgms,en,en
tFy4PZm-Kn8,en,en
40F-XW6jfws,en,en
mSpqIFcbEow,en,en
CGoN-thr5sI,en,en
P1PE97ue7ms,en,en
_8U1J-QpQkg,en,en
Iz3QFJtQPkU,en,en
j3Z6DbpYMMI,en,en
O9RHdoxRMCc,en,en
J8BBy_uwy8U,en,en
onWEPV5IHeI,en,en
GFZ3s-4_MDM,en,en
9kPJcg3GpMU,en,en
_dDP4dNt4aU,en,en
L_xFRqMPtE4,en,en
b7nKXIKoKQM,en,en
IbAWb-NmFHs,en,en
HU4O9HOfZYc,en,en
cN5REoDJgp4,en,en
IKEZKuklHWo,en,en
uZk_gB4Cx0s,en,en
sT_9DvfFcTA,en,en
GCWVyjvrRAY,en,en
mV1JJ3sltvg,en,en
6sUEsaaNMlc,en,en
-wDKyUtL8Mk,en,en
-XHqL9K-m84,en,en
8wQZVOH-Ufo,en,en
mrkJ74rO1dg,en,en
l9CRQ1KkdLc,en,en
FCJdEeh-lPI,en,en
6GFwqT5bNNA,en,en
zvhldZZCIQw,en,en
Q0X3XcErGXs,en,en
x41zqK4JLA0,en,en
AARbu6B1f6M,en,en
wsPPAjUcU08,en,en
yq4IvGQgwMg,en,en
VAAJOkdb5Fg,en,en
q03cc1n8RVA,en,en
s93P3hktEG8,en,en
J53FcfuSlYA,en,en
uiHjkGNGHkU,en,en
HqO5jmkARaE,en,en
tcSmm3rJikY,en,en
ijHBHyKC__4,en,en
e6ftObGzvak,en,en
yLdFCk7IbIU,en,en
OFPABjR6FQs,en,en
trAKvYIsqIc,en,en
3BOzDlV7Dig,en,en
1j0xh5NYqk0,en,en
E7qWyaus1tE,en,en
fEVDOvTjaSc,en,en
-QDw_5Z0frg,en,en
bYvszk5UHxE,en,en
_1Ui1K8xoHc,en,en
amzJ20Z6tAw,en,en
mLTWLYzTQJo,en,en
SUXyWzqJu8I,en,en
_lRD6Cmwz-8,en,en
3FRN4ZkYKho,en,en
hK8POwUShVw,en,en
r5CH9LfsNrw,en,en
_6NLLR825u0,en,en
SlLk7-DdUgg,en,en
PrQnyoVvpEk,en,en
GFYZU3qHU2w,en,en
I0-RM0NlKGo,en,en
Ii439OarSKs,en,en
o9XUuJfFh6k,en,en
0sJqJhYoYtc,en,en
6-uINsNfISI,en,en
SAuiaRUs3_M,en,en
lHAZzG6UgX8,en,en
iLjXAvIOUww,en,en
_LrngWVf1Ts,en,en
VUwFohZn2Vs,en,en
4NMQAlyR9nM,en,en
qkh7Ye5KUN4,en,en
xZOp1-aE-8s,en,en
SAEauI1FtNk,en,en
R0R0gSE1jmM,en,en
g5TxSM16S6Q,en,en
_PUEb8ppPbg,en,en
05Wk-NdXKvY,en,en
4awgjpvdP58,en,en
GIvBwHjhLxU,en,en
bnizgJtBvq8,en,en
Z7jMfUno-Uc,en,en
wywYZ8IoisM,,en
VOfc4B5FH_A,,en
_WFmf4OPiic,en,en
QMNeT1LTV84,en,en
q60z7iN8ppI,en,en
zlvWd717pvw,en,en
gkvthxO06Kw,en,en
s8oCOzGTBbg,,en
u-_P_f3GIb0,en,en
SYGv1MUHsr4,,en
pm1-Sp5x8KQ,en,en
ng9dtd6qwuM,en,en
8okP2itqx-w,en,en
QGGsU4Ks8Jc,en,en
ByorRxGdrIA,en,en
IAicj35GUNs,en,en
bdbEzhBFGTQ,en,en
v8VvSluPv2I,en,en
7S1uSGtxFTk,,en
hNfm8gjpja0,,en
T3gGAXMa-QE,en,en
hiZo-o29lII,en,en
Dau17HCwmOs,en,en
cna0MgW9mIY,,en
7V53fjYsd-Q,en,en
8S7DrQz4vB0,,en
z9i14AlzWL0,,en
WtZaC_2YX-M,en,en
d3nE9l1Y-hc,,en
4ZZoqPzOy20,en,en
ylutxVsNcPE,en,en
1dtFM_DcvwU,,en
Z3hDC2YwvHg,en,en
De84hY5O4PE,en,en
C_wI9l406Eo,,en
OlZwx0jRCr0,,en
FuBC85vMEFQ,,en
2I9fidIOWSk,,en
vcgVAw5yriY,en,en
LxlNYAKihP8,,en
w0_xO6Rd5vM,,en
sPo8aCYWDQc,,en
2grRyvwb4WI,,en
dbvPA2pBY_w,en,en
7ekeLPIuL0Q,en,en
8R-ojl9Aa5o,en,en
6ztvMAzFP24,en,en
2mO-PXXxjgw,en,en
C1tgVljEZww,en,en
NHaaGVZA-eQ,en,en
jPeFUFED7cA,en,en
zEKxW-SjYlc,en,en
VtAH8lHLtuY,en,en
w1nIx51j8ok,en,en
oaNolbYRT_Q,en,en
e_7pky5S3TM,en,en
p-WvMnsfv-8,en,en
mGJ-IaybHWg,en,en
NFFS4Y2ML2Y,en,en
pk3ZzFxUZ28,en,en
Xzxc7s7zjKI,en,en
pfrsGz8QuZs,en,en
0FfQROL9KKs,en,en
tQ9pU4EFjVk,en,en
8x-Y0IlITPQ,en,en
o2JIVSNd3RY,en,en
TXPpf88Q_vQ,en,en
syhDi8QZQfw,en,en
tuDzMFo-cyU,en,en
8Es9tQVtf6M,en,en
j6tbst3vMxI,en,en
Ln1KU9fq0RY,en,en
C2AgE33H1lw,en,en
cgeVgOw_Yjs,en,en
h_GwZk_YOMM,en,en
knmPXGhzBAs,en,en
xTVpithcPvI,en,en
TMD1dhXDZ1U,en,en
CtyF0n-VKQ8,en,en
J1KoVWMRNus,en,en
crTTfjolyRY,en,en
mfxLvgrvo_s,en,en
sx97_dXA3P8,en,en
0tqPrJHPs9I,en,en
TRT2h3IjbiQ,en,en
Y-JWFephsQw,en,en
w4qHrtQ_yDQ,en,en
yrHvHg_Ifds,en,en
hbH7_GoFBEg,en,en
k_sMh_iHstc,en,en
d4EOgkfLIUc,en,en
GKUTQ1UcziM,en,en
QvZq1IIlkN4,en,en
l5ZYM5JW508,en,en
OVfzAtXeOVY,en,en
EqAQPwlobXs,en,en
3gFeAfLvGcc,en,en
s6zLdLoNGLc,en,en
z7gXqIiHWsU,en,en
95DACSIGdZQ,en,en
rR_0RziiLUQ,en,en
qnsK0V1Kht0,en,en
_Xcijd4bSTc,en,en
5znVjkW75cQ,en,en
RWTuNN08TOc,en,en
9Mc9MOq6mFY,en,en
rIcjK_x8x8A,en,en
kDGdBdIl5jc,en,en
r3mWm1w05RU,en,en
LIOynKsICzI,en,en
7OTF1hjZzxs,en,en
gYg4r9UZEqQ,en,en
7A_FKQXnm_g,en,en
5eac0VHrKl4,en,en
KyIzi9naHoI,en,en
ToenX8a_xyw,en,en
WAlg_Cf9rz0,en,en
Z7c4pvu4cX8,en,en
F2en9AnIM4w,en,en
0IohKHIHQfQ,en,en
aPrQjkj9mEc,en,en
M3a63xcd_pU,en,en
bAUqyGhwPns,en,en
JxkxjVOn_U4,en,en
34PMYc1oOqI,en,en
8tgYR4J1y1g,en,en
bZL21RSR8T0,en,en
vgjMdCpQCDQ,en,en
dIgZoqv4FlE,en,en
oO2z9SM9ax4,en,en
vjakWpyCfic,en,en
qKO6xlYVveg,en,en
HTC6c1m1Dd0,en,en
NR7G7MOnqjg,en,en
i5qfHLbE1r8,en,en
gJSpwY1QtoQ,en,en
U5pyK0MzZy4,en,en
0C6aa6VkH-U,en,en
quxGzTedHGU,en,en
DaaMCmMUe-4,en,en
6XJHznV3qaU,en,en
nhiFn24n9Wg,en,en
4Oek0_ZeSDc,en,en
f1g7gcZHMic,en,en
0clUJGbi32w,en,en
V-gtGR0VVk0,en,en
_AEsSLMa6OM,en,en
FTCVudmlUEg,en,en
9rV59EW84_0,en,en
KRp4ybZxu4w,en,en
Ji-x0hCbbmk,en,en
0lqZ8Isd-X4,en,en
4c8pPe88GhU,en,en
nsGYLIN4SME,en,en
wZk6bflQCO0,en,en
mcoPusGnmZ0,en,en
dcys52f4f7U,en,en
5Io13pZlK0M,en,en
CE-roP4t4PU,en,en
rqSJwC74V84,en,en
BdCOvisKznI,en,en
mKQOgAcknHY,en,en
6P4nEBkSrnE,en,en
DCwSn_Cve2w,en,en
sYWo1fd_NNU,en,en
kdGebukdT6g,en,en
-DGu3_QCqYQ,en,en
ePV5uoIz6tM,en,en
iX0xOTOUwjU,en,en
MTuH2E7jWMI,en,en
K9CQK-V-eW8,en,en
vTlq-teQBOM,en,en
ZGFP2Q5QfDw,en,en
L0JVCpeFGl4,en,en
pKJCd9cczYc,en,en
yIIOvdMb3E4,en,en
CghHTcfgsVE,en,en
QExzwNqXv_k,en,en
7YRhtZFgQC0,en,en
EJLvJjvK5Co,en,en
E-Mj4b1vw5o,en,en
WDNClQaUL3Q,en,en
wP-jrNFPHm0,en,en
nIyLI-w4dLg,en,en
i4uP8WWpHS8,en,en
_ch5XCD1TZM,en,en
Npu-FB3QOmA,en,en
ZliJyT2zxXw,en,en
TJ-EN-U0Goo,en,en
QdMt4p_6fDI,en,en
uYlLjfKBu8U,en,en
WuQpN9XsbCA,en,en
3sm-aPiWOOc,en,en
v9wa3abO-Hk,en-US,en
OXyruXOn8TE,en-US,en
Qna1khNoE2M,en-US,en
JRGKmD1a7e0,en-US,en
l7lfCpDjZ4I,en-US,en
evSWhyC-wE8,en-US,en
WsGdnciaa-o,en-US,en
zMb2zClSxAk,en-US,en
lEmCPsFTMgU,en-US,en
G5Cco066ZLY,en-US,en
Qow3iktYsKw,en-US,en
TvpYb-0sNek,en-US,en
9qzSwrKyWIk,en-US,en
vOCoLl3EbxM,en-US,en
y6xC1VOoKjk,en-US,en
jAJA2bKdkvk,en-US,en
iiCflEr6F7A,en-US,en
L0-UqmnR6C4,en-US,en
_LUlUnIqQi8,en-US,en
-JXPDdZAv9A,en-US,en
fvEgxNclEdU,en-US,en
5iOrE7bg5h4,en-US,en
QhO64pacMWo,en-US,en
0nEPVhR8phg,en-US,en
nGWHMwWTaKA,en-US,en
sXFM76otEI4,en-US,en
D0HADsmXa1s,en-US,en
-vpucWUDQv8,en-US,en
EUJQG_HZwJs,en-US,en
0RMY7VmqsqA,en-US,en
KVp8wqs5LRY,en-US,en
R-m6PtWhQJY,en-US,en
SMZIp9mB5RU,en-US,en
LVOXECgkReA,en-US,en
EPG-CPlVER4,en-US,en
uNLhj-sqVu0,en-US,en
UQx8ZxqTP6I,en-US,en
2TWBwQATZ6Q,en-US,en
jNN6Fs-eDc4,en-US,en
Q6ub3uT0q6o,en-US,en
DulHMUEdWoo,en-US,en
FyrE07xdcdk,en-US,en
5IFoMJU6Q20,en-US,en
XyzpgXUXCsU,en-US,en
N1Tcp26YSw8,en-US,en
15F85WWgfGU,en-US,en
GtIWPM0Wskw,en-US,en
dNSJDoCNsjE,en-US,en
1_1vEkV8SNs,en-US,en
IoXhhrODETI,en-US,en
bAYD-rubMak,en-US,ja
8si_Lt3qyLU,en-US,en
G6VKL_9eFG4,en-US,en
8KilVV-9YVY,en-US,en
CS3k0teyG5Y,en-US,en
haxCRwCmX18,en-US,en
A6Fo7oESDTI,en-US,en
WA9O6kdDBgM,en-US,en
CDOkjfMdiuk,en-US,ja
-Qq2mq9ZwrI,en-US,en
Iu0Z2M_XzY4,en-US,en
vGI4m91TbH0,en-US,en
M-vWyZ9Ougk,en-US,en
-aYS8ktQSvc,en-US,en
kU32D3l7u9E,en-US,en
LrE3QrO58QE,en-US,en
0L3un_gX4nI,en-US,en
ys1YtuJ9SyE,en-US,en
QJ8yJU8unpc,en-US,en
mxFmK_XE-_4,en-US,en
TKDXgV1dY7k,en-US,en
0tcGFfTKaAE,en-US,en
Tm8Y-8eizVc,en-US,en
e19pE4hcllU,en-US,en
VymXVFXWMbM,en-US,en
GMeskZJ1BOE,en-US,ja
VrKZG9A17jw,en-US,en
cLpC6TT2au8,en-US,en
SJMZJMr63Ew,en-US,en
iFwFl2YSSgU,en-US,en
A5nqCIsMDFU,en-US,en
8r92f0fasg4,en-US,en
N-Nzy4V7xHQ,en-US,en
wlBeUhVQxcU,en-US,en
qv2-aqnEZDk,en-US,en
_0v7FlSyDE4,en-US,en
c2NpUcJ7eCg,en-US,en
OpVC1JUb30I,en-US,en
mK6Hon_INNY,en-US,en
cYHujxn-NTg,en-US,en
OPwjZwPXLIo,en-US,en
-vjsMlhGiCE,en-US,en
syGj73gnM9A,en-US,en
GbQhho9_API,en-US,en
kvpRDkO9Huc,en-US,en
KP-IsRJLvB0,en-US,en
EQf2JikX0SI,en-US,en
-VJTScFaFOQ,en-US,en
A_vpOmcSipM,en-US,en
V9w-Jlg9bnc,en-US,en
9Iz6qpC6oH4,en-US,en
7_368LYIaVI,en-US,en
J3UY8fzE7Lc,en-US,en
5hy9IKEXUSg,en-US,en
oB2s9ghOWiE,en-US,en
y968Gw_yCTQ,en-US,en
Bdj-JfkWebk,en-US,en
n3JCfUxoYFA,en-US,en
2Ks_EztG4rk,en-US,en
ONu2xwlgv6g,en-US,en
Tn6CPA6M32w,en-US,en
vHjKoISKWIs,en-US,en
pQZIofUlDVk,en-US,en
oaPMXi2sqQQ,en-US,en
JWywsFpRC0k,en,en
wskPO1l3Law,en-US,en
iRV38cQvz9o,en-US,en
8yj8_Rwx_6A,en-US,en
fnhFsBajnZ4,en-US,en
Vffb7r0NapQ,en-US,en
McqAdXyt-ww,en-US,en
UBaeRtlYYp8,en-US,en
UoBVyxLCXPs,en-US,en
Y270dZYobq8,en-US,en
0HdrzSmjHwk,en-US,en
O0u5xVNVnh0,en-US,en
qQWco8smTTI,en-US,en
l9uNIZiR5oo,en-US,en
KqUNHFb4lIA,en-US,en
zJ6cfZ4pGc4,en-US,en
v7MsmIR0YsM,en-US,en
AwUJuWIQ-kg,en-US,en
Tuindv4_Zf8,en-US,en
Asq1yf0MMpw,en-US,en
6FmjZcrbrzA,en-US,en
vmetvB91qVA,en-US,en
Vnq8Nn3U0j8,en-US,en
05vM0OQTc3I,en-US,en
IHd3BU_UCSU,en-US,en
WhMPs7O1f1M,en-US,en
I8poL_Uxv8I,en-US,ja
WD_Z5-HdxS4,en-US,en
OaVIV4GBcok,en-US,en
HktnuhPWVAU,en-US,en
LQSGTvsM7aU,en-US,en
CVIxal1gBBI,en-US,en
qUNGlXBTtHs,en-US,en
cXhEpIZXTTM,en-US,en
G6R-TvmuE_Q,en-US,en
a3GZtcUf1bk,en-US,en
pJaI7ZlCooQ,en,en
6sDahiWGZqc,en,en
khSMw_Dynio,en,en
Qrxn2P_eLs8,en,en
kF7rAYOx0d0,en,en
_b31uv6b0GU,en,en
K9cDenI8VkE,en,en
E25ol3Vjd6g,en,en
BYd3fzIkVxM,en,en
R_26QN2oIuo,en,en
pDLPc6P6BZM,en,en
nLqOSzYLnMc,en,en
q53DMntSdtU,en,en
rbuFRPPUjro,en,en
wrl_9AC0NDU,en,en
IOIHreo2jdI,en,en
BI7j60leVh0,en,en
OogLYenh5ao,en,en
o8JKLKf8D2U,en,en
hcjwKLlQ5QY,en,en
QUYdVPs46GU,en,en
ekVB_H71SUA,en,en
ecVqkhIA144,en,en
mcB-5QW4dYY,en,en
wof2gQ1GXbg,en,en
5G1xYtV-3M4,en,en
TJkofXGCSHA,en,en
FnpGlqDsZGs,en,en
r1nbMWhVzg0,en,en
VXm1lBjJ9Hk,en,en
7duY0bXW4Yc,en,en
HOxB_0hnFa0,en,en
vNZijBW8pUI,en,en
agZlqcViJ5o,en,en
YJ3fm1OrhRs,en,en
EPvG7gFWY8A,en,en
tEA1vIfa_M0,en,en
PuBk3LHwvCI,en,en
kdYX8xONqxY,en,en
qgc5r497bBs,en,en
j8zob-h1Ulw,en,en
KTcvFpT7l8c,en,en
2-A5i1Q6N80,en,en
dFVOY7qKPLU,en,en
lhPDdAbgiGo,en,en
9u2vQNjblnE,en,en
zJ41Nl0GeY0,en,en
L_DdQZYlEAM,en,en
-IuJMcgcZJc,en,en
QlwWm5RaRj0,en,en
jHsOgqbURU0,en,en
U9yyZIsXmlY,en,en
ey2ZdPivLfQ,en,en
WHeZ0nMyu3k,en,en
C3zb1By5CVg,en,en
0wQSuvLgJww,en,en
c9B9ZFrbzEg,en,en
8e9sGgK7zyY,en,en
yAw4uLeJAdA,en,en
UgyxP_O_AuA,en,en
vL-zzPpe04M,en,en
iyK8y7ob4jc,en,en
9TRK43Za6ww,en,en
7tsZ4V2ozcQ,en,en
D9sVTvW7RmA,en,en
kgrpYMI5NdM,en,en
Qz0xBWG5oi4,en,en
BGZe7RzO5N0,en,en
SkarKzL0Sr8,en,en
DFZpogTGdD0,en,en
iXZ2lmRhbco,en,en
mQWHwRnu5WY,en,en
qnBRu0Sle9s,en,en
GIG7zGBEx7E,en,en
YPNoMpG__3E,en,en
-zIhD8338jo,en,en
J6Z2lObAHdI,en,en
EnAsf85Oj8w,en,en
KB8dLlPdk-I,en,en
hZ4HSQfBerk,en,en
K1WqiFdDjh0,en,en
wBXz65HXrrY,en,en
nz6m0AKzTt4,en,en
9u943meuIVo,en,en
7xgGqbKongg,en,en
W8pryG23exc,en,en
lmuNd_EJceA,en,en
eeBcLBdBqSQ,en,en
ySXz2gBOdZY,en,en
YleqN9BbgqE,en,en
AsaALsXlSak,en,en
bpjcDRfvAmk,en,en
MwcMuZoFCRw,en,en
2nYSmfGnNvA,en,en
0t-7aFt7Y-w,en,en
SkzlKSjWwsg,en,en
TVSTtQ5c2cI,en,en
1LvpqJOe2xk,en,en
xNX2mdqPDBM,en,en
1YipdPr5o4A,en,en
wbv6oQjnirE,en,en
pzTNm3Gv3sw,en,en
WBTH_bkcAbg,en,en
am2Jl7o3roQ,en,en
W7S_aNGKQmY,en,en
LyxU4xMUZKI,en,en
8lXZpprbRuQ,en,en
W5ajjRMvtKg,en,en
v7VxazMHIGg,en,en
_19cpIRazy8,en,en
YkyiTTcGtfc,en,en
i3OZQ-zy16I,en,en
Umo3Qp42ucA,en,en
y1kaluShwXs,en,en
MzbabWwNfig,en,en
iAvNjTOdDbE,en,en
qdvVo0IPWSA,en,en
mh1GpHUS9hs,en,en
35bbCVqJG9M,en,en
qz55nDFtvAM,en,en
1TYK09iYhH4,en,en
Tzw3cUi6DeY,en,en
kX9wXIgZyo4,en,en
K5tkFhVDXAU,en,en
QBzbpo6GnN0,en,en
fNAWu8lfZ_U,en,en
f8wCz8lB6XI,en,en
A6GtUMr2Yxw,en,en
Ti5iGT6LcIw,en,en
vog0uB4Lwig,en,en
SsWGiUqv6YE,en,en
8ISlFCrLqn0,en,en
Hv6oo7HtkA8,en,en
Whl6yZUuOPs,en,en
nMQrX7RZmpw,en,en
wBVDTFfi0QI,en,en
g4eBTB07t0Y,en,en
KymUwuwI420,en,en
d3RHrHLMVp8,en,en
wm-w3g0VPAw,en,en
7Y9uddlwCio,en,en
SZY1KBIZGt8,en,en
XflVh4jIYXs,en,en
o8CN7RW4dQI,en,en
neurZizT2us,en,en
cGscDj3pjmU,en,en
yIVF3jnasvE,en,en
IUVznm2Lek4,en,en
wOu3dQEx__M,en,en
FHA6333evzw,en,en
jHF_CB6JBC0,en,en
s6n_7-d--VE,en,en
r7tBA5pgwyE,en,en
OlQEoEPMJUo,en,en
PpejN5lBKSQ,en,en
Uj5RnygvoKk,en,en
802J6OnLBgc,en,en
UEQbFC2BIAc,en,en
X8XvSM35u9w,en,en
IS9r_qkVSUg,en,en
HB9aWgNxbtM,en,en
f7q59yLpa40,en,en
kdqE-8Qd1QM,en,en
28_KFa02DlA,en,en
8t0XnLKGm4k,en,en
nPZRxpBwtAQ,en,en
UuMFCfixvRw,en,en
SLvZ1qYYj7Q,en,en
e6IO3Yuzkl4,en,en
aK0ZfGOX_E0,en,en
LnwdjHpZzqU,en,en
hEJkLX9oXhQ,en,en
U3aH0_oh8Mg,en,en
SyXFU0Op5fc,en,en
QhChwIOdIRQ,en,en
TklCFItgzzo,en,en
6ARjrl74nc4,en,en
7XwlOSB67eo,en,en
5ZiUIW-9_Y8,en,en
O-qqgRjfo3s,en,en
gS5zRfNZR8A,en,en
jyJJOZXChJU,en,en
6bfOkxA3lWs,en,en
hNRWpWEd_q4,en,en
DieroEYfD9Y,en,en
aoKL75ns_8c,en,en
LXXLwqPUMwk,en,en
hS2-rntbZwg,en,en
FKSP5iLjH1g,en,en
hR9hJ3tQals,en,en
jQJYHSlz4Ss,en,en
opCvBzYXyd0,en,en
sSk8ltE6Nts,en,en
xOxq6cQwe7Y,en,en
0FKaIiRhUME,en,en
OzYxBrgtUSo,en,en
1kdK0YjMryQ,en,en
MH2JHRBQ6ng,en,en
6NxW3xSAqUg,en,en
hmHOS_nRyLA,en,en
c0td7Noukww,en,en
U-u9hPjFYW0,en,en
yPOsTvYN11E,en,en
ckmPfn-KCGg,en,en
7L7bfcwomNg,en,en
77zyN0WUuE0,en,en
tIUahhljm44,en,en
aTq0QOZM_Ik,en,en
pPPp9umYZFs,en,en
OHL9uYzLEJ0,en,en
YzpPvMF3p9w,en,en
wV6kWL5WU78,en,en
J_8KmRw8610,en,en
HkDfIclJoHA,en,en
hDmsYbJCwng,en,en
2-uQ70LZEyc,en,en
88RAHxrQ33M,en,en
HIzgRmWTxIg,en,en
Kf6jPlzt0-g,en,en
ZTpRsEp-_04,en,en
olXpKZ0po8g,en,en
MnNisyErEMs,en,en
P4BlN6Hzdf4,en,en
VbPdjKlla5c,en,en
ls2TxZ2afBc,en,en
3dNZA5YivtA,en,en
CfB3ll3oQs8,en,en
vhcM5GGaLYw,en,en
if_2PTZKsEo,en,en
akLlNwNRVcY,en,en
ecAsn4osLm0,en,en
rtdC8pidKNY,en,en
m_PEIFKPPoE,en,en
k6DQI_dxDR0,en,en
uwoMSsrmPb8,en,en
_CYB2vyFpVQ,en,en
2_P7a-1s56s,en,en
7Se-InNjUTQ,en,en
aC-ce8Fz4aE,en,en
l34boCGuYZU,en,en
HgFzP5m1k_c,en,en
nNDtwhUPG18,en,en
rafnUWedZws,en,en
_O_kWL-YhZE,en,en
Km_UKeV7Ym4,en,en
g93tfwqxgiI,en,en
2yYsmzeVHaM,en,en
tw6vPc6j1V8,en,en
28cySLDzPzE,en,en
0Axt48Gngu4,en,en
-9kzxE3PfE8,en,en
MjiZrDrGCcc,en,en
lMSzWcfh9tc,en,en
gWUn7gRmfiQ,en,en
U2QKDVIQ1zg,en,en
przFVvL-gxs,en,en
5XF659wXK1M,en,en
nV0PAyP0laA,en,en
o07O5lTkai0,en,en
t2X3wlvoShg,en,en
TYbr5oUKxZE,en,en
EVP5fMPSTko,en,en
XCuz0pqBKb0,en,en
BvEKky9N1tQ,en,en
-BRSus9eU10,en,en
59v360lNqgQ,en,en
uHYmvUA0Y9c,en,en
edB8SLwztfk,en,en
lfyRNCFt2jU,en,en
GUVVW_0ub5E,en,en
19JYOVPmwDM,en,en
4-u_I8o0VEk,en,en
g2QO3hWUReE,en,en
zIOFGCbwJSs,en,en
LRSRWUdNeOE,en,en
Oh2oF-eZTD8,en,en
V9fUfp7YEeM,en,en
C8O_RupY5uQ,en,en
Vg--KbkIffY,en,en
cBtx6zcGosQ,en,en
f1kENrcLKkQ,en,en
kD80DmquP5M,en,en
UqaNKNgSxYI,en,en
oInD8Vl4ZDA,en,en
6Z110ppzP8c,en,en
0AEs2qejVK8,en,en
nh-3QfUqLdc,en,en
qIuRghe1EZU,en,en
XwTMYaeBPqM,en,en
7jEjA00O8z0,en,en
sYj_IO5exKM,en,en
HZIlyTGT8i8,en,en
KeM7mGANpEE,en,en
ScCAI6MMi3U,en,en
HVkkWXzRZdM,en,en
PnJZQM6yMI8,en,en
aS2vmtki8DA,en,en
sTvAmwnhIxM,en,en
VTVKHTMuOw0,en,en
s7-GWz44VDc,en,en
WPsqYi0SCm8,en-GB,en
vPW8699ka6k,en-GB,en
oTd6IkjBROI,en-GB,en
vEx6vcamL8g,en-GB,en
AqPJ9BAERpc,en-GB,en
8REK7BJf6ho,en-GB,en
cfzMUCHeBDI,en-GB,en
n0gOGgMN1lU,en-GB,en
NRW4X6CTaXU,en-GB,en
p92r6k9InJY,en-GB,en
QdmRknL-ZWQ,en-GB,en
YvR3nKYu_gc,en-GB,en
sFZPsRU2pVU,en-GB,en
FgLq0Qcf5IU,en-GB,en
yZuHSGE1xw8,en-GB,en
bRbgyftuBiU,en-GB,en
gPcjfsd72Kk,en-GB,en
xM-vFHHMl1s,en-GB,en
FBuuJ_AZue8,en-GB,en
CCNXFso77Ws,en-GB,en
5qwtFiEAgjs,en-GB,en
rfss7CCYvps,en-GB,en
Ij8e4ZUaOrQ,en-GB,en
6UfEllSSccY,en-GB,en
cJOpRN253p4,en-GB,en
i1aCMjA53_Y,en-GB,en
jryUBYG73ng,en-GB,en
Vu8qdEGiFxA,en-GB,en
93kncXfktII,en-GB,en
403Qb_l4jvo,en-GB,en
R2FEXNxBplI,en-GB,en
BLfMev5n8OQ,en-GB,en
LvFcndekd_Y,en-GB,en
6tN7HoS2nJw,en-GB,en
BB1Yg1GKqcE,en-GB,en
lJ3IzZRb6yk,en-GB,en
beUmZvvhtVM,en-GB,en
qQM4tOKiUAc,en-GB,en
148QXk68eVc,en-GB,en
cOoyeVWq75Y,en-GB,en
c68v6k9_sW4,en-GB,en
4-V1_0xHoV4,en-GB,en
y-Hz3Nct-eo,en-GB,en
iulgSTSkhL8,en-GB,en
82RaHgx5WwQ,en-GB,en
rbSRguFZEU8,en-GB,en
jXj7n31iUms,en-GB,en
u9QAkCrCsho,en-GB,en
VuBRhk8-C2I,en-GB,en
cJv3VXH7Ocw,en-GB,en
HcSK3VW3Ums,en-GB,en
n5Op61tdfss,en-GB,en
ekxWBkP6ULU,en-GB,en
F173aKb5-BM,en-GB,en
wDG4SC_uhcQ,en-GB,en
f8WvPcfZJR8,en-GB,en
gjEXkBbwxyQ,en-GB,en
v_IkDW_SbCc,en-GB,en
MEQ8bxIrPAQ,en-GB,en
u1z2QMxqjWA,en-GB,en
SQweAdDjLuw,en-GB,en
2sDOFSiIN4c,en-GB,en
66caUbWT6hE,en-GB,en
ClajEUaw4rk,en-GB,en
yCyMU5WluZ4,en-GB,en
BV3OMk5__7A,en-GB,en
d0hCvZZfb6I,en-GB,en
J0p6y1KKYHU,en-GB,en
U1di5lHpRUA,en-GB,en
s9oPBtK96mY,en-GB,en
8DK79jKrA4s,en-GB,en
S70R1tBoXDI,en-GB,en
Tn8sK6nvEhQ,en-GB,en
vL1F8bTRbp0,en-GB,en
3lqxB_wWz9c,en-GB,en
_UVG_ZTwAnk,en-GB,en
N_BisF6Hknk,en-GB,en
2HOELwosGSY,en-GB,en
WKTJLTgkvOo,en-GB,en
zfPv_JhRwJQ,en-GB,en
JBzoLe4K-cs,en-GB,en
_EPSyKjKtgo,en-GB,en
L1hhg_7HEqc,en-GB,en
mfpc1T_sL7Y,en-GB,en
G6N0SFNWGOU,en-GB,en
MKZXxrrX8Gk,en-GB,en
z3WzuL5zzLc,en-GB,en
6tyb3z_G8SE,en-GB,en
7nrpbVRJGJQ,en-GB,en
Upop9u-VHJs,en-GB,en
cGsBiEbaTZ0,en-GB,en
K1WN0IgOBeQ,en-GB,en
vdIh4wCi8tI,en-GB,en
VDqQqHblKBk,en-GB,en
tBVQRp5Iq-o,en-GB,en
W-BFH_T_hC4,en-GB,en
x1oVGufartA,en-GB,en
GQ9YSoQMspA,en-GB,en
-BNbrbZTyqA,en-GB,en
tmYinc-iIAU,en-GB,en
WgtC6jHWvwY,en-GB,en
vNYr8xA6vPM,en-GB,en
miWJ6NpiBHY,en-GB,en
BZGQOc_FG04,en-GB,en
jSwwTFXZGGY,en-GB,en
_FMSCE_6AH8,en-GB,en
GfFuyq0cvmM,en-GB,en
IkCJ18Qe-GI,en-GB,en
H8N4WyQGJxs,en-GB,en
K_HxWX3OXlw,en-GB,en
q8zODvOcxj8,en-GB,en
BrbzWSw-JqI,en-GB,en
acHDJq4CeBM,en-GB,en
z8TBF2cb_As,en-GB,en
N55bM4sNomA,en-GB,en
R_a8RgW9ic8,en-GB,en
T67Dz9NdQgs,en-GB,en
FNp0igDgJPU,en-GB,en
F6z4Hcf9GMQ,en-GB,en
jGhnSEmELsA,en-GB,en
0w8Y9vitsOw,en-GB,en
Q2D5_RIME0I,en-GB,en
oYzLbtlEMJk,en-GB,en
Z_O7jvOIDF0,en-GB,en
ZNTZhRd3LpA,en-GB,en
A_22dcXomZY,en-GB,en
xHV_StW-CVU,en-GB,en
xqSossW7hts,en-GB,en
QYDkhf1Hors,en-GB,en
rR5udw_g8MY,en-GB,en
5z9C_5yl0es,en-GB,en
mve1fSGfwRQ,en-GB,en
QLeTqvcx6uY,en-GB,en
hENv3EUe6f0,en-GB,en
0HIelopU0_s,en-GB,en
YF3Qgzg1faw,en-GB,en
-hVXzGV0tus,en-GB,en
DR_P2dFTU9w,en-GB,en
TkLHLsifnGQ,en-GB,en
4ZU7KYYgRMA,en-GB,en
eMZKRp_12oM,en-GB,en
uu2YnpNb_ro,en-GB,en
uqw8oqE8S54,en-GB,en
bVU0koE-ZM0,en-GB,en
vJ5ytl1KqPI,en-GB,en
uIQtbjVIf2o,en-GB,en
arHX25CMyfM,en-GB,en
LVIlI7Y-kkU,en-GB,en
zlsDEV3pw0Q,en-GB,en
NYek45N8UGE,en-GB,en
tiwbK54Z2as,en,en
NB__Va_RQvc,en,en
lSwoR_UMzio,en,en
32VQQwyZ1eQ,en,en
PHjHJT6cwWM,en,en
cqmWurcar40,en,en
Dk1BKJiSTJU,en,en
UREQa0iroys,en,en
bfBh43utTmE,en,en
Yq2KgWbBhjs,en,en
JAm578dqDIk,en,en
lS_7Bg6tdmA,en,en
iqsGuod2IXQ,en,en
h0qeFu36REc,en,en
Dhl8X6FGhkw,en,en
_7UH6YP6Xug,en,en
N4yZBSB3jOQ,en,en
7gcXTsfCiXU,en,en
TEDVDmJz-eI,en,en
5JlxMcWIQ6U,en,en
09iZCdtdydo,en,en
IQVk2ju-Xmg,en,en
SLTz-ixIq-A,en,en
7vi9vPp6HZc,en,en
9rjV2gmgwg4,en,en
MZ8BWuNOwSU,en,en
D323uqYlRfk,en,en
Y-lF1P5DRkY,en,en
cBSm6G9axXE,en,en
cm_aCweR6Qc,en,en
YUZ-E_SkRpk,en,en
DSGnem6Cakk,en,en
v_yVDm5zEDQ,en,en
yw-mcz37nOA,en,en
Qdi-TBGZ3oY,en,en
jXib91ZjlC4,en,en
Fwkzc9jCa2A,en,en
SItqhEu7Ehk,en,en
lQZLSd_YO6M,en,en
_K1mxRBRKLo,en,en
6gzogDXuXI0,en,en
IKUJMqiuFKk,en,en
wrsKJD3Xzhg,en,en
GJDZRgeGp1M,en,en
8gLPTdcd91A,en,en
QXllfXVlcmI,en,en
W9O_4gNzjGA,en,en
odBN3uwx4LA,en,en
JneZzYdxCtY,en,en
qxApsLtu4nc,en,en
qHe7PPP2pLQ,en,en
rT0IQLH8gzM,en,en
q0e35aZMm0M,en,en
vLPDWU-NgQs,en,en
BnrDSE0TR5Q,en,en
lw-lpBHgMGA,en,en
XtuDCH4ELOM,en,en
HXkpX--DNww,en,en
d4HIu4ceaec,en,en
5c6AcuOyqhY,en,en
FR8euUHeSFU,en,en
3kKECslKe3c,en,en
L2L4_DRcC3s,en,en
boMpviOVkyQ,en,en
PQzHsLTEEvc,en,en
9gD29R72UU8,en,en
eL98xrdI2HY,en,en
qRGy6D9u2jk,en,en
Cwdsd8kzYWU,en,en
CtDfKKSSvzA,en,en
FjBDppph-J4,en,en
jr70inMX2ik,en,en
xUEAigBboTY,en,en
keDBHNoQwrU,en,en
yML7fmpdBQU,en,en
Bq_HYT4r3Ys,en,en
Dwl76GPqH98,en,en
FvdtcGvf0lQ,en,en
UMrTpaOLmoQ,en,en
fI7BFz9LSL8,en,en
KAU4bg5_fK0,en,en
CS5Gb-7uOy4,en,en
JnUGy0F8hyg,en,en
kDsAAt7egTk,en,en
ZLK9Cdk-YBI,en,en
vIxRQf3HiN8,en,en
oETzzaVQf-Y,en,en
BuIU3X8-gxM,en,en
_8I7o328utk,en,en
6kB82RRoul4,en,en
JdZHeey2Vug,en,en
Ur_oE1axqcE,en,en
7_UzqR4QawM,en,en
ThoQjbpHPjo,en,en
Z9HKkH-_7FY,en,en
rnVBIIklgEQ,en,en
yqpFsvcYyPM,en,en
PIHq7HJzu4c,en,en
Q-Ge8RboofA,en,en
g4W3iTnsHN4,en,en
g6lknQHkHbQ,en,en
bWAweSdmleY,en,en
VfKyBkj2NS0,en,en
05HsSLLrFgM,en,en
0zkZrjLkH3M,en,en
KxzV2szs-Nk,en,en
-MTqGQYI0EQ,en,en
ZUDqHEQaueM,en,en
v7EzeZIdZuI,en,en
eACr2q5MpOM,en,en
LN9LDfwTrKI,en,en
i_4wRdszc70,en,en
dr7W3wXiI3Q,en,en
PkLUqQUk19U,en,en
MFJlf_JGsbc,en,en
DBu0f6WjumY,en,en
VHEUWizJj5c,en,en
WeC8lXkKXKQ,en,en
CR_MzqFhPlc,en,en
aGvCe9aNABQ,en,en
XEK0JBuvkMg,en,en
4e1nPT3xlng,en,en
DEQqOEcerqs,en,en
9_GD2PlgxV8,en,en
WR3KAGcEvFU,en,en
PXmbjoky3O4,en,en
hQLeDCcKFHU,en,en
oB5xvD3MrTw,en,en
t2zyDE27Kys,en,en
7d55_dfz3HE,en,en
Y9WCcd7PgSE,en,en
myvAwQN_gQc,en,en
YUWxpfPywU8,en,en
Jk_tx5A23Q0,en,en
ZoletfYIFec,en,en
LLnggYKLDhI,en,en
n7iu7K0Yc4Q,en,en
7pYTTNl-qvM,en,en
aoJhs3D1BjM,en,en
1gZI6lv49jw,en,en
fkkgRe53AjU,en,en
Ww-pwgcq4NY,en,en
77dML6_U3ps,en,en
fIQ8JRaK1eI,en,en
IvOwahsbe-U,en,en
dp_VPGRw-XU,en,en
SlfQqnbI8PY,en,en
w_5FHe-xl3Q,en,en
SkGXKyrvmbI,en,en
5TfYD9SLl8c,en,en
XTCZww9bmrY,en,en
Ga1pzxWUtOs,en,en
mH6CEVnqgVA,en,en
3bbyrOvd_7M,en,en
fMRed9v8L6w,en,en
uueHWiP8KrA,en,en
G5IvAXjzdqc,en,en
FhEwb-pQNBI,en,en
qopnGT9o90o,en,en
mHHgxPeQg7w,en,en
7DGeGfCzvI8,en,en
0oKewwPNTcw,en,en
8RnNdj_QU9w,en,en
dzlprDyPSEU,en,en
TlF9XdPlyzg,en,en
32KmSqyJKq0,en,en
VvJBixnIhT8,en,en
SwIhofalmHA,en,en
W_3RhFEXq4A,en,en
cL1M20l-v0Q,en,en
t-asG-oYATM,en,en
T6VK2_jePHk,en,en
U7k9eAh7c6k,en,en
MQTiIyL6te4,en,en
9Yl1xVuN618,en,en
FSvb12_qkEE,en,en
e14YpjkV2n8,en,en
AlgPR80yrjY,en,en
Cj9KnGeWA0M,en,en
tZos4En8Rk8,en,en
V-4VcLsmTaw,en,en
ljMQee11I6c,en,en
HYNzTzxX5XQ,en,en
umBOrAZYzgo,en,en
gTBqPCA0W00,en,en
SaVLDv6IJCE,en,en
5_ZbNeS_idY,en,en
-d4UeheKA4U,en,en
d0IoA9yT2L8,en,en
bRbU2_jDguw,en,en
TpvXNydgOHk,en,en
yU2lmhEA9eY,en,en
qKekSEjtcIo,en,en
r_6aSaJMPTE,en,en
in56UxUA_As,en,en
87BiIJeWUlU,en,en
__dR6088KLA,en,en
SZjTXS5a23Y,en,en
zedWPDPAepo,en,en
6rL5_0kd9V4,en,en
4CHxXub2HTs,en,en
VUhWaYiv5vo,en,en
g2fDzaOup1Y,en,en
5a6ED-L9lPE,en,en
Vjvo0omQecw,en,en
qsfmigKhu0Y,en,en
B8D-_NsKcak,en,en
-wjnlL-myVM,en,en
1st6bThr79A,en,en
qLRwqjh8rlY,en,en
NstYmDkNLCA,en,en
vdSVALO2aXM,en,en
uobaiS2Fhn0,en,en
TGboYSvgV5s,en,en
qrLSJVpZy4I,en,en
nBHouqCbTgI,en,en
MMk4P8QMGEM,en,en
5xfVur2e9qw,en,en
9i2zWggabQU,en,en
K0Lh36cDNZw,en,en
05hRdBxjZJo,en,en
NjBRAe-N5qk,en,en
5_UBzqTZJTQ,en,en
fazqx16pQjg,en,en
HSHHJIc_ofQ,en,en
0X6wkxpl_Vo,en,en
Xc5Ks3igZpY,en,en
cUdYw1T8KAc,en,en
6KaOwDv4luw,en,en
lir6PQD7kk0,en,en
3msBFmx5Ur0,en,en
Hl1dzuAtLrY,en,en
4cJUJEZj55c,en,en
04cbE0GqMVo,en,en
aMqEFqD33W0,en,en
MIR-Ktf9gno,en,en
E4hfu1MgPvA,en,en
qTrtx5FxkXk,en,en
7jwqUgeEQUY,en,en
hlWSkJSFtnQ,en,en
_iJbS5LN_rA,en,en
PoJ6GBOk8j0,en,en
8ydxlyIY2yE,en,en
-UqE2sa6xV0,en,en
njWkw_uFYlw,en,en
d2a93-ZHDV8,en,en
niG56arUeVU,en,en
iWHPW5u_-gU,en,en
tFSSFZfj4I4,en,en
Aje3UEScnx0,en,en
5_Co2fdZUO0,en,en
xtc9i_Z07T4,en,en
XGob4Hhbjzs,en,en
wLljjbqC678,en,en
fiufpzX7ojo,en,en
5Z0f6Ag6mNE,en,en
uz1kZQsMs6U,en,en
QL1nf3q5gJM,en,en
lilhzLALquI,en,en
6iRJMvtX0SY,en,en
7ruHwpxRAW0,en,en
pzGDeEwkqkU,en,en
KD7Mog1wGR8,en,en
ca-7EafA_hM,en,en
sefcLe0-BtY,en,en
sdCz7xEks84,en,en
L9o4ktNDU88,en,en
FrmgDQFniF8,en,en
Ybe2jPoYLMs,en,en
vw8qryNGpoE,en,en
pa5wxEcCL8Q,en,en
EXFkaxKI2u4,en,en
_SVAHhe4_JY,en,en
sG9z_LaEpLQ,en,en
xoUEMVLiuvk,en,en
qkqKHd8UL2c,en,en
Me81zuKHMgo,en,en
npwGxh0TFrw,en,en
9uW8NxwCa-0,en,en
ZuhTjOUptZU,en,en
O9Xr_7iQ8nA,en,en
YWFSwVzNucs,en,en
UkY5utvUtaw,en,en
ZLgPfKQGW_U,en,en
WaIEMI0d2hM,en,en
wyjkW-N_aEY,en,en
68ROVW_TE7k,en,en
LehKFrWia6Q,en,en
UojLZbpLfjw,en,en
lsonfn5vxT8,en,en
hPP0z2UBZwU,en,en
7y7pPkTAnaU,en,en
FRm7O2rDjOw,en,en
Is-mtgOP3aA,en,en
7Y07scsY8n0,en,en
sv9ZyiTsCsU,en,en
sju1e9j49lg,en,en
Y4UI0kd9nJc,en,en
DjVr4v87JH0,en,en
2OFt89ilFUI,en,en
rFTHw2eAe70,en,nl
S5iN6G-LMTk,en,en
CcpyeV0w5Gs,en,nl
qu5-Kv3lPaA,en,nl
HgQCPrl2Vfc,en,nl
AePZaWg7onY,en,nl
zrDKKYPXDJA,en,nl
q1jDZulMnKc,en,nl
wrwG21QRXtw,en,nl
JlRXUZb3HoA,en,en
8-jUS9WhkPM,en,nl
3pjGgb5s9GI,en,nl
2Y2sBUxOLUg,en,nl
dq5QeiK5xVo,en,nl
q6K6PcvbzeU,en,nl
WT99xSFrO9g,en,nl
2XodIjkjIkQ,en,nl
eFkEZF_ySFo,en,nl
qFIItd-8eRI,en,nl
nCTdIZuLSVk,en,nl
xjzONuy3x4I,en,nl
x0yA86qK-lA,en,nl
tGZX5PBaDRg,en,nl
uvjFduLBrxs,en,en
1xvODI1Xv3s,en,nl
cwWE2na-UOY,en,nl
EdfUv0CAG9Y,en,nl
8WhXl22XXj8,en,nl
BQKEh3E_Jqo,en,nl
X2HwL5bSJPk,en,nl
yA7ZmZBm0tE,en,nl
h5XScKlQymU,en,nl
EVAJNiCkMeA,en,nl
X82AxSqjv4E,en,nl
yvN81rlFE7A,en,en
0M0Yn5DzJgA,en,en
61RIyqJJRSE,en,nl
lUOPymswhCg,en,en
A--JNXU3CMg,en,nl
YJ7R70-1uI8,en,en
PORMt8PxBMI,en,nl
N_DjNGj-sSM,en,en
DAlNRkOmkcQ,en,nl
Bsb_bt6o8BE,en,nl
pNme0m3Ro9w,en,en
0l6TTz7XDY4,en,nl
CVaCXTt0P2I,en,nl
nuaR9oqbpj8,en,nl
9ki6Z17tdFU,en,en
1ST1WJ3z2DM,en,en
bM3XWjv8lfI,en,en
5OEubgQDUC0,en,en
IF6k0pRUGVM,en,nl
l0Hi3BkpZZk,en,en
iMhxKAQmHuc,en,en
iqBzP8IbfpY,en,nl
qmrnz6Ee3Vs,en,nl
CV5_kjAPr-4,en,nl
L0mCS-xdzbc,en,en
dn5ME3dZGiA,en,en
6o5hcC934Ec,en,nl
wgSArm3Unhs,en,en
EoZYbFykJAI,en,en
zNA3p9e2Isc,en,nl
MR-cbBA9CQA,en,en
RLMCZ-XWAPw,en,nl
3PLo1lhWZyA,en,nl
B8Rrxgtc2GA,en,en
-QUJO2l3nAI,en,nl
O4F8oOnfMmI,en,en
EQ3ySRjKhvE,en,en
vvpCPMGh4Gc,en,nl
EP5QjREkNVg,en,en
p6_ODX7wdmI,en,nl
qSSjXgeWbVg,en,nl
IXXAQ4N1ZxE,en,en
u1u7nogFwFg,en,nl
xmdAaFz6hb4,en,en
KLeSp5M02Dk,en,en
i8hl3aj-ifU,en,en
M3jo1GmvLdQ,en,nl
M_n5xQc1BBY,en,en
be202O6v_u8,en,nl
smRXtwnOaCo,en,en
1kHkIHRcqME,en,en
vSigKYGgNNY,en,nl
EwViKKvlGY8,en,nl
kGSie0nPgrg,en,en
PhZ5uYStzPY,en,nl
--qToa1GW98,en,en
GR02ITPa2H8,en,en
N6dbT9WTjOI,en,en
rpPgVXA0QYA,en,nl
perV-g1FRf0,en,nl
WIfskmLcWWk,en,nl
2XDFv2ZWauk,en,nl
oXVrS4ydBfw,en,nl
BnEgEZTkIIc,en,nl
FuonqHHaPUU,en,en
-mEgWPr5Vm0,en,en
O5tFewUBtI0,en,en
AuPrwDqYjJY,en,en
0a3_p8U_20g,en,en
t59QrYhRtrs,en,en
Ezu0jUFfZBQ,en,en
dnUBFmZojO0,en,nl
541FYrUAjc8,en,nl
KNYuz0cH43o,en,nl
4g0lS9XLf9Y,en,nl
ir3VORiZH9E,en,en
Qb_u2M9Wrsk,en,en
7Qi4Uh96pfQ,en,en
qFVaNwsaFl0,en,en
U6mZCPDZQ-Y,en,en
ysF1OH5tieM,en,en
KXSt1VN0QY8,en,en
l8ato4vmbww,en,en
DHl2DEgotkI,en,en
mQJ32Sd9nNQ,en,en
qY3L1bPNBAw,en,en
-qn_cTHvfOY,en,en
cQRowTfB7us,en,en
knJlm38jY-E,en,en
bUlMTcX2vPo,en,en
DDOL5gJ4tIM,en,en
zTJn1x2oZWA,en,en
EVRIgx7Qv6c,en,en
E3eTANznVhw,en,en
04TNJ_WSvlA,en,en
cc8KHNrM82I,en,en
Xtth0XW6fqE,en,en
zXUJrsEANYI,en,en
M2LVitA1b8U,en,en
jwajqMdovyI,en,en
3_S6fG0bw5g,en,en
vK9KHWqb-6Q,en,en
aHv5ogPJ4dQ,en,en
AN1OSHxzIDA,en,en
g72YKjy4vgI,en,en
A_5-fED2A0Y,en,en
XvbWC79HbL0,en,en
JTepjBGLSok,en,en
PqnsazZyFv0,en,en
AH27eCaiDjA,en,en
qlk7Fmh2GOI,en,en
o2-CIHOyQJ0,en,en
Z66e9pkfQlE,en,en
Nx1Jp2U23PM,en,en
LMYhnC1sVXY,en,en
CW2iRNYGf90,en,en
DzyWpuh4Jqo,en,en
wxrfHSYM9tY,en,en
HTVhnahxInY,en,en
bH_3Kf1iwtk,en,en
cXYRpS-i6_A,en,en
v2IBIBN6IT0,en,en
f4LcP_MZ0o4,en,en
bM0JmNqMFjM,en,en
wrmkqe2rK5g,en,en
O5YCzj2AD3c,en,en
1_v0eddr1Jo,en,en
cazSVlE5_OI,en,en
P5mJOa_AAHs,en,en
3dFUYg-67ag,en,en
HzBSFGYQ2_M,en,en
tC-qIswHYhY,en,en
qiJ0qGtBGN0,en,en
_wUZT1qUKj4,en,en
e85XXCOwiPs,en,en
DYGnS3g8YQg,en,en
8qIA2mZci9o,en,en
3VPhpB7u4lo,en,en
Rn9n4WqMBSM,en,en
65zZ-JJxhbQ,en,en
t8bNYnvDhjM,en,en
j7DsDb45Cno,en,en
ZMua7yvoP4U,en,en
AcIeRyxUr88,en,en
0l4ZkXSSd98,en,en
vAWhVzuVgoI,en,en
UDf7uh85IdM,en,en
UTGztucVioM,en,en
BjY0kjkoI8E,en,en
-NAeOdup6ns,en,en
MuA2z3MW4hI,en,en
mNqROgvFUTw,en,en
Ztk6AaTdPH4,en,en
fW-onAxyBAU,en,en
qgKOU2sQ4bo,en,en
ni8ig-pVBeQ,en,en
UuP2bOy1p3g,en,en
-MJamHpoxp8,en,en
K38NOvL06nE,en,en
S-KSNQvehTc,en,en
20yxQPffF6w,en,en
gVG9Q-lxxv8,en,en
YEdPmCF10II,en,en
Fo_FiGKnnaA,en,en
qXorG2DkOe8,en,en
CoixYVbKYOk,en,en
sdiILa5zna4,en,en
Webt77XiSTw,en,en
qodN-7ZOpsg,en,en
Rm9rYRo3CvY,en,en
ttYwJWBqu68,en,en
4nCkaOQFb7s,en,en
auTvbGaVXzw,en,en
9g0Yu098q2M,en,en
Mpx4N59fPQc,en,en
eIf5bz8I31o,en,en
cNlcapwWdaw,en,en
jCBpZkNNvLA,en,en
aD2D-dsfA-U,en,en
S8bCHLUxe_s,en,en
kEiAuNMuYN0,en,en
8ihDpACPmOg,en,en
BDiUJstUDHE,en,en
CwzeSbNnkJI,en,en
9ITz_BrtzYs,en,en
0bLTkQC5GAc,en,en
CX1YZgPn1dM,en,en
SfM370TZ1B8,en,en
TibrtYD4yA4,en,en
cbrO5JVcA_Q,en,en
guhG5CLGUpw,en,en
oFxufqjN4To,en,en
cf_5vlk4M4Y,en,en
sWkb3W7JojI,en,en
k6K5Tm6Sdwc,en,en
rkt3V34lXwE,en,en
H95dpmumPvA,en,en
197LKCEnv2k,en,en
i2rg7MJ7Bl8,en,en
obM-BjYhh6I,en,en
4Pw6XMAdjzo,en,en
ohU5TPSzxGA,en,en
R5IH9iiZzaA,en,en
b70WnQXX0QY,en,en
8QdxYA2VQyw,en,en
qQ_J51D0QmE,en,en
YdTGGcE9F5k,en,en
qGVn8r8lOWk,en,en
BQjHrK2ylmU,en,en
0zSRuz_80Rw,en,en
4cVWc8d-eBE,en,en
Zd04_hStnZI,en,en
H8jYsmzWeCk,en,en
o7kVdBNiZhI,en,en
JGbwGiMrGZg,en,en
US-438-24dM,en,en
0NKuW5PPEPo,en,en
Uhbf9oJ9NCs,en,en
hnzx8RxPM78,en,en
oddCouQpbC0,en,en
YNz8-IrXYvI,en,en
brbRa6DI6wU,en,en
V4GLqNOIysw,en,en
mCKLqcHVDhk,en,en
a1SQuunNF58,en,en
HtnbqXE9ZTI,en,en
62TbqjQr9PE,en,en
K-yQbkkCZ2Y,en,en
ginrruXVZ8Y,en,en
ppUTI7Yykg0,en,en
e_6RXdmpykM,en,en
W11e83_TJ2g,en,en
9ESN3NHVz8w,en,en
7jyl3NvVbOw,en,en
k5Gtg82NfSI,en,en
qAXWopKRIEo,en,en
dk2qylV36fg,en,en
CCyhF9xsjRc,en,en
zcf9uken7BE,en,en
gfLhw5aIcbM,en,en
xKDKdIZC_j8,en,en
hJNhthfw_3w,en,en
mUtrucc4cq8,en,en
gTqdrssgXn8,en,en
6zpEBAnYf4g,en,en
SoERFJ8fMVU,en,en
zF9TE3gsP7s,en,en
putYvf4LJ08,en,en
DpOG9VtgqVo,en,en
u3KT1sc27UE,en,en
xFmpoBLQRuU,en,en
kw5unRVlMnE,en,en
mV1otcgWdxc,en,en
a4WB13PGV5U,en,en
PjrLgsLCFPk,en,en
S8s2hq7YcL8,en,en
gFPWwMOp7Mo,en,en
3At2YuOknpo,en,en
BHcNhgzvNws,en,en
hDM7ABbNsFw,en,en
OtTrUEwvv_U,en,en
Z7YxR18G9tk,en,en
nYzWvdM2r8U,en,en
8E4bG_-HvzY,en,en
P9iYKzhj31A,en,en
6ospy8u9zko,en,en
F7ohsHd2lFY,en,en
8DR7x9G2j7A,en,en
65v_LMdtBVo,en,en
eUPU8rs2rD8,en,en
7WUllpNNUFg,en,en
cMJnK62SkS4,en,en
0gD_ZiGvd6w,en,en
FnAX6Yezczw,en,en
Kf2gW2fioZc,en,en
DG-Hn0wiuHs,en,en
imWueaah_l8,en,en
h3fVgrIz5Go,en,en
LEh0Ga10YBw,en,en
K3LB7zkni84,en,en
T7NJ7KrVOHk,en,en
IgI2SkPHk4s,en,en
bxkq6lhCBmM,en,en
gOBje-ZF3ik,en,en
bQLnh4YfBGs,en,en
roOFp8gmyqM,en,en
LtIKyPU5GdY,en,en
X6mthppiGso,en,en
NVMIfsxmY_M,en,en
0fnS7iyfFfU,en,en
TzCAAzbzJFs,en,en
kCFOnLC5Zks,en,en
n5h0YOrwKy8,en,en
OUIkk6zHdB4,en,en
1F9RYQBMxZU,en,en
Lzu6YCktitE,en,en
NK6hWtrQh3Q,en,en
OPywHg-VZPI,en,en
Ev34e7bg3JM,en,en
kMvfbok4m2c,en,en
oNsq-fwjWHQ,en,en
vDlYsSo1c4c,en,en
PDXkikfacN0,en,en
HgwNYcTC1vw,en,en
aPC_rCMB2Tc,en,en
YTy7HVad_tY,en,en
DZq3CNkDpkQ,en,en
iTP97iZMU-4,en,en
c4EgYs_gZpk,en,en
tV5kSJxTapg,en,en
bcOhQ5LWui0,en,en
5JojlAbdOTI,en,en
Ap_BKEKl_EE,en,en
_dcZdqH8J2c,en,en
RDzMWrbnUzs,en,en
cmHttKmU9EM,en,en
AFepwEBPHHs,en,en
yOnMONI9p5M,en,en
Ha5r0EeTmf0,en,en
Hk8_O3_mAYw,en,en
Yp8RNeuprBU,en,en
WjL_qstYoDE,en,en
kn90hEBJUX0,en,en
2BbWB_uLdhM,en,en
ROplj6kJsJs,en,en
saFYkof1A84,en,en
RmxzXRBB8II,en,en
v80LNWs7pD4,en,en
ozqyBKB3PrI,en,en
TTN0RX-QXhU,en,en
ZDM4l0K6OKo,en,en
wIyY0PL-PgU,en,en
_f4pYx2t-I0,en,en
GBHLJSNc-h0,en,en
NloWVgxxE8s,en,en
B_JrGEvQy8o,en,en
YeKPelOe41I,en,en
1vfde5gfNMM,en,en
q92UnLZbUWw,en,en
yiKuBpCjDvQ,en,en
C39Cl9Bwx1U,en,en
hhQ60M4Hjz8,en,en
x3jTv8NmJ6g,en,en
17QJBTfh2fs,en,en
0zvnfyB0xq0,en,en
tONRoX6dYZw,en,en
6AqofBHXWqk,en,en
wBysGjusdkM,en,en
WS-HpGwnhY8,en,en
V395gxcZi54,en,en
d83HKZu1mdc,en,en
Bew4sNCZ0oc,en,en
--8OyhZ4ulE,en,en
5-veePC-Ov4,en,en
vUzwKHas9Cs,en,en
Us5yUjQDnJY,en,en
dnPrGgIBXwA,en,en
TB4I-XIrSew,en,en
GqvKpc2efSQ,en,en
g92wqPd_Mqo,en,en
8uW8Rd6h6rQ,en,en
XR_9ZkhiYzg,en,en
6glrHmmWFrg,en,en
czZlm3sE6ag,en,en
LH0QOShoQd4,en,en
gGAMY8eH2DA,en,en
_tW61AfPFHw,en,en
iCOsPDWRt_I,en,en
REESuiookdk,en,en
JydbQmF7uGQ,en,en
Ay555m4sNr0,en,en
JZdNsa19zQk,en,en
jcJy8IYbxMQ,en,en
q-z-mOhaou8,en,en
ac4GiIsw5ts,en,en
JtcH0sQAzvE,en,en
cvjJcxQ9zgo,en,en
cymSSJcBccs,en,en
B_iP5vO5rmM,en,en
56zbCzuIMwA,en,en
nLZyswsw7sY,en,en
vbrNtaBPTYE,en,en
ujW0UjTsRFU,en,en
AauzIJWy_14,en,en
edUqE5jLSyQ,en,en
Dkksvi9N1Uo,en,en
pNo4bXOpscY,en,en
4lEj6Yl7oZU,en,en
zqg-RBmiBBU,en,en
Abw6myONkoY,en,en
2MAePh91wNc,en,en
3uST-zWNjXc,en,en
UI7oMm55dRY,en,en
hGt4D7CZ-R0,en,en
C3akcWcn-W8,en,en
16ShuJUKtFk,en,en
tybrs6aa_Dc,en,en
p1md0SUUJuw,en,en
fcHBh_m3myU,en,en
ZWEGl3Z43n0,en,en
O4Dhhc2J4kk,en,en
-6dT3yc8G2k,en,en
wXFylizkIFE,en,en
7Vak3bjIQfQ,en,en
LAo17EsGGes,en,en
avvqII_o4DM,en,en
ns6i3MvZ3BU,en,en
BxHgCfvLIbw,en,en
wNk9OE90jTo,en,en
dtD54NkBPwM,en,en
gtdGfbGEpYk,en,en
dBFBebHi5F0,en,en
ovRqTJ1qs_o,en,en
qkyLaUmbsAo,en,en
jBNZYGTJL0A,en,en
utFMQDUG9l4,en,en
VdgUh8Ov7dg,en,en
qruZsbUAYZg,en,en
B7ZZy9E0Ljo,en,en
glFqGHnOCcI,en,en
gHisWh1kiak,en,en
SItLARemXIg,en,en
Umq5FoDQVeY,en,en
Wf13I5AceL0,en,en
zJzLbWDiazY,en,en
En0WpU66Itg,en,en
3CDPqQ_Saa4,en,en
r4XKRNiC9XI,en,en
W7zYrrT0Ffo,en,en
hs1DCMGvaw4,en,en
cTlhJiWBPXM,en,en
Wyz6UAmTIeA,en,en
pPELN9vXFg0,en,en
4rvZRJVWg6Q,en,en
UPXUgSHy6-M,en,en
2fMf36oTkas,en,en
yBMaxoivvbk,en,en
BHdr-KZZZFE,en,en
GSOkG_QsUP8,en,en
BoXCVbs3Q3E,en,en
sRYCUZE7NeI,en,en
vvP2E3WyP2c,en,en
5nEyxYCZsZI,en,en
9U_meGOQqnw,en,en
ttmLkkl_t2s,en,en
a3bDhCw7mOY,en,en
0hKh08gyM4Q,en,en
Pu3TK1XF6Kk,en,en
sJysy_1qRdA,en,en
s_O0ZEYuXvc,en,en
ClGFMxncNsw,en,en
j1cYwwF4mrg,en,en
DKJxr6KUTy0,en,en
4M6jPcohuTk,en,en
4po4SoY3Miw,en,en
UHlRb0x4XZU,en,en
ISPCVfD1hqo,en,en
0gq7hCFpZV8,en,en
lH6CjjacgxY,en,en
NFwAiB3AeCA,en,en
HxbTiYjrxPQ,en,en
3ZYMmz8YjYk,en,en
99qX6uRk_zo,en,en
EHBPNHwiC3Y,en,en
y_iI7RVqoOQ,en,en
XLynsi3WYxA,en,en
V0TOCAJHDwk,en,en
iejtT-gRGUI,en,en
Hq00qIQGuIY,en,en
FjjNfsha2nE,en,en
4kVZQCZIkl4,en,en
cBNtyGJBZoI,en,en
qDGxHu21twM,en,en
OJR6JIGBwEA,en,en
LE4_UgIhQT8,en,en
pEI_R-vExtY,en,en
K78GvQUXXWg,en,en
VHHr-nsW20w,en,en
NGH1ljB_XXo,en,en
VCdVsmVNg1k,en,en
3i6fN_CTt6I,en,en
3wj0wSTVWpg,en,en
vLG8jcDH4CE,en,en
mpjOUu41Eeo,en,en
h05lCeZOrDU,en,en
s5oigfmvLeA,en,en
cKwUMkQ_6K4,en,en
1NUvUXQLSpw,en,en
zC_E6Vo2T-w,en,en
RNjMld8y1rw,en,en
ImoYp06I3lE,en,en
B0TxV8HdOD4,en,en
75cL7ep85Iw,en,en
91t20-omQKQ,en,en
QIfPsEVdDM4,en,en
QT5-LKUXk6A,en,en
PEM40CbywLk,en,en
vUOULT6z5So,en,en
8jJOLSM5nOs,en,en
45Ujmi7D79E,en,en
Na6W5uyWkcQ,en,en
J7x2eZbpN_I,en,en
rTiOWjtNlkI,en,en
5aKLRrh3P0U,en,en
TCxd5W1XONo,en,en
TH_R-SGL3vY,en,en
3aGQk_YsRBU,en,en
sg9UoyR8Mo0,en,en
dqkGl3fHZyA,en,en
NRDdBKht_ew,en,en
PVYp4pvIldo,en,en
-E7fPZtHv2s,en,en
_vP2qYozMa0,en,en
G1KGFxGiyf0,en,en
EShqL-mIg0M,en,en
Hja8wAJesLQ,en,en
3By-EE1yfdI,en,en
_zfNSnfCzRY,en,en
1eiwy8X03vY,en,en
nF6YgWPS0l4,en,en
wyH2hXQGDGE,en,en
jMxiCt3uj_8,en,en
dkfoimdFGW0,en,en
7EJDzKfmja8,en,en
fuhmhtHoKso,en,en
nkzGSMK846M,en,en
fzdROq86qEQ,en,en
scHh7hPpDlE,en,en
teIFIUTV7EE,en,en
oSyB2_IljA0,en,en
sHo9VrRnrrg,en,en
4P39XEEi_FE,en,en
Kb4IooR0Hjc,en,en
bHe6EWNS0S0,en,en
0Y7L-_h46DU,en,en
lEENZmhzPbs,en,en
td-6Oy0kEMs,en,en
L1jrqUwLxxs,en,en
GHjRGCS_EjY,en,en
o1ZGtKXKrRw,en,en
BsnEdQT9Br4,en,en
n-bYjUyWtgI,en,en
gGKSGMDx51o,en,en
GE7fLTcq43A,en,en
BUCDrlvsjX8,en,en
gZBY9YyzEOU,en,en
LtS9hx0DfKk,en,en
UEtCh_WDk5I,en,en
cthuIZSVM6E,en,en
YJn3Jo62QX0,en,en
GiYAvPhtkVk,en,en
GtYaExY6Gug,en,en
9kdcz4aF9tQ,en,en
_z65cPd32M4,en,en
QLKm99PdvVg,en,en
JzRw0DPcj0c,en,en
0xlB7_1fqkk,en,en
EbkpOSio7kc,en,en
DpFixfB6qgI,en,en
zn0becO88ew,en,en
09o7EswchZo,en,en
SE0dhEkMxew,en,en
7EQzHTMiQmU,en,en
4ujn2fKnzgA,en,en
3tnwxSmV_ZY,en,en
mo6x0slc0ys,en,en
PdDi_yDc2ys,en,en
wBKial26vxg,en,en
2t058MRd0Es,en,en
Qhl-GygerP4,en,en
eADOsSDIqCE,en,en
8TbdZm-XxkM,en,en
T4la6D9jM5U,en,en
_IBASCfQtNY,en,en
Xw7UNF3oiM0,en,en
2L029hcdeOE,en,en
-hJ2VPTBSsA,en,en
xcZD-AXSKRc,en,en
SDzxkybcTM4,en,en
zLr6SH-u7bQ,en,en
YRiIIHj3WJQ,en,en
MOeeYTpVnjQ,en,en
Oku8gnJDQIA,en,en
fo3wZRtYADA,en,en
k6hPf4rW_8A,en,en
_UjchNbAzHg,en,en
8i3S_ADcKYE,en,en
fjZQnfs61kk,en,en
N8hXkq73J_M,en,en
iDpZJmMEU2w,en,en
DLwBdpQw9ng,en,en
GcY4o7aByYw,en,en
D9wfQiuasHo,en,en
Kr-Xuw4odvc,en,en
K9y14832brw,en,en
NfPJfR9WQK8,en,en
PsjANU22xHE,en,en
fJbpYT6LG94,en,en
edOp0Ecf7e8,en,es
R8EZcCb2ejs,en,es
AckvA4A1J3k,en,en
m8cZJ7jT9x0,en,es
1OFTIIIgu5U,en,en
_B15M-OAYhM,en,en
lHE7INZByPk,en,es
JMuebwxVgB8,en,en
N2i6XyxjpNs,en,es
Q418Z-53qOk,en,en
kfFJTPakNfs,en,es
VJK4MaUgsds,en,en
PGSEioccTcA,en,es
6dtmJM3xUsc,en,es
bpquwGkDerE,en,es
Tg6yefZlf2w,en,es
pcKmfT7VQ5A,en,es
LKupXu9V-7I,en,es
WBg6YRv1wmg,en,en
BJkwvDW7qsc,en,es
jhkW7_5Sfk8,en,es
CcSTTZtrpnQ,en,en
Urb-sz-qO-E,en,es
A_H65TJ7b-o,en,es
FfKQUGoWOVw,en,en
vdaC7cXMkv0,en,en
1VmbwkbFh3s,en,en
__UKJXLKnUk,en,en
noqPKmMDX1U,en,en
6kF7naFKyDI,en,en
p2960Af5XCE,en,en
9MtEw5eQOkU,en,en
subQMCXG1HU,en,en
244M8rSGFqg,en,en
5ptCdBSHaJ4,en,en
YrTq14K9Mf4,en,en
VHbQ90qHvg0,en,en
ln3KsdNx-2o,en,en
Hg6jSjGyg7Y,en,en
UcjMyAZJ_yc,en,en
neqI7dCwxHE,en,en
5hKg-EpNsRA,en,en
48QVbgJucZY,en,en
Zasgnvrk03I,en,en
bHz-QO2HHko,en,en
dUCXdTl1bdo,en,en
EX0DO-2RaXA,en,en
7NH_rXlusvg,en,en
FYxJ5ibmkTE,en,en
ID4yLlkXh_A,en,en
y-Txq92LNEE,en,en
eyMgNBxemgk,en,en
7ljQz7q0930,en,en
PALRrDGzWBk,en,en
_njlM5Me-j8,en,en
etLxdtW8j4A,en,en
tK4bhCfbCbU,en,en
xyPZFn-TvtA,en,en
M64d7JJM_-Q,en,en
2WJmtKKtoX8,en,en
DaNxqXJjoR0,en,en
eXyofI-ebc4,en,en
tqLWwcrZmQQ,en,en
otlWFuTFsSg,en,en
7rF_FZnBYmU,en,en
LwdMF3XNh0I,en,en
E3h02Q8faeE,en,en
fAuJUca-5LM,en,en
TSbLA-9KZs0,en,en
s2LeKV6GS7M,en,en
_I7qnik0X00,en,en
hwlJtFGzJzc,en,en
a1VtgZ4Bsgg,en,en
he_eTaqeMMg,en,en
x049XTAvapE,en,en
CY28QHOI1Cc,en,en
YaPptefwVXA,en,en
xSwL9iYL-E0,en,en
G5ZhfxnYrZk,en,en
gSsvDhzvt88,en,en
VTYqi3F_sDg,en,en
zTDJ5RbCsrw,en,en
d-VW_4J8Sc8,en,en
Ach2DN7J-qE,en,en
31ot1MkC28g,en,en
ZQtwrT-MYXM,en,en
sLSuagQHMJ4,en,en
OMvsiPtzMDw,en,en
SeX7wJHEmnk,en,en
WFrszs7zAA8,en,en
3Xyj-Jc0o-E,en,en
cfYKalbXcQQ,en,en
OxvbbQbBybo,en,en
Jh3PiSLaN_g,en,en
TxHFbWqI4qg,en,en
-dHtabEnTHg,en,en
bFhwxoszuDY,en,en
L3dc3-E2xtU,en,en
JSZYj-vHIqY,en,en
IpeDzKoy3iM,en,en
PNVhtA5qz-E,en,en
QhyU4DDDU9g,en,en
G1QQO8GYPgA,en,en
fknmG8N9Gyk,en,en
7lDirZ3ghbE,en,en
C1uFhOhM3Cs,en,en
5Kcd0u9wc4A,en,en
QLTx8CYuJo0,en,en
t_uf6Thp1aU,en,en
OM17lOhXC-s,en,en
R2QKje5RcXk,en,en
OzltwJgIHiQ,en,en
6AcD6KvKRIY,en,en
tDV-rn-a-W4,en,en
5FeNIcyhGV4,en,en
BcG-Ah5_Rbs,en,en
9ybn4OuPjC0,en,en
beoiHIQf9gA,en,en
vIGnZYce6B0,en,en
cVdqGWEQ-Mo,en,en
AsRAF9VoQzw,en,en
H-lYCPFqtrg,en,en
Nkk4Ia8Ve6s,en,en
lAZ6UAekqjM,en,en
vYaUcp1HQM0,en,en
fWfrkV6pu14,en,en
i3vyTWW0V3o,en,en
MgdJOiL6_yg,en,en
GtoP2PEJNmg,en,en
IjXDacZ1gfU,en,en
joyNsYlnfJo,en,en
VvkRGiNe1fU,en,en
xCAE_sPJUlg,en,en
S1EiBoHvjfg,en,en
-5sQ7h2f5uU,en,en
B9z96sRaneU,en,en
te-RzWST3Ac,en,en
anyd3xOat94,en,en
f0SI-moKRUQ,en,en
VnkkduCkbxU,en,en
r3FVWjXVFNo,en,en
jddj4DtnjD0,en,en
J7HigKnUDnM,en,en
iKCEOyeei18,en,en
NObY-dn46_o,en,en
XHm_To17BYg,en,en
xOBuWGKPZhI,en,en
4RNce70IQN4,en,en
j36g_JADFi0,en,en
nCK0UrMIYMY,en,en
BAmKAUEVuts,en,en
vEBoe_IPw38,en,en
aeWsMvqcBQk,en,en
lJi9j0Zx-ho,en,en
CkXaQXd6TKc,en,en
tB2aQrpV9Jc,en,en
2mNUUe1toJc,en,en
1F5xDk62jKI,en,en
D0_1KiBNAsw,en,en
Gnq2AyYzraM,en,en
ezLIrM7DEqE,en,en
5revF5MPNOo,en,en
-G2OMgI_1z8,en,en
wHL7zDmQyqc,en,en
Sw56NGZBfCg,en,en
qrPnKgjQq68,en,en
TCl4IjgTryk,en,en
C9O8kjx5xFk,en,en
cv_5lwylMZM,en,en
-E8MWP-xyMg,en,en
s8Sp8GoG-Jo,en,en
nhLIdEn1N5w,en,en
5dypBUCgIis,en,en
FaWJTjYawfc,en,en
D-FwVUY_onQ,en,en
_oHUsAHReOQ,en,en
ZgRdrWRGbEc,en,en
IopyqTb1a2c,en,en
GoV5JmWPNM8,en,en
KjE9XVVUt0s,en,en
6UlG2Lbjs_U,en,en
5axqxx3WQGU,en,en
P5q8HzYF0uM,en,en
2awvxboqLAo,en,en
59fA5jrX-98,en,en
OifKYf9JLyQ,en,en
91uNUI3EmkQ,en,en
7fdZk-Lt528,en,en
-FDjPdPDJPQ,en,en
DwAaDGL5gUk,en,en
iBOW_UpE5Wg,en,en
C_E27eEkCBs,en,en
V1J_-YU7zz0,en,en
ZiUHUfqq7uc,en,en
xqx2CF4X92A,en,en
mDOXUa8Hidw,en,en
DB38LBTxYXU,en,en
CWjAZ0xx1pE,en,en
EWPaOhsPeAE,en,en
OOhgRTvxbUQ,en,en
nPrH0mDACD0,en,en
gpOy6-Gcoqw,en,en
jh6vZF6VqlE,en,en
hBYmt5RHPS8,en,en
R-k68Ldq8XM,en,en
2X6ypmNYgI8,en,en
g5FDpsdhpkE,en,en
im1OvcdnOus,en,en
AsZ09S8cFnI,en,en
4thHzEsHP88,en,en
OC5K5rNAt-o,en,en
29ocnQyPlxs,en,en
qF9byv13mpQ,en,en
rFGLJc0a7Ds,en,en
XrcDUqke5L8,en,en
jHATI2XdUHA,en,en
jDVBjcLx3mM,en,en
CTbwGXikaMI,en,en
gGye-OqqdGA,en,en
OCXli1OtZw4,en,en
YwdxtbQFmvY,en,en
0xdjV8b816k,en,en
r7boQ4Gcp90,en,en
oacjR6UzAgU,en,en
qxDLMlsWKaw,en,en
OYxjceD-QBU,en,en
XEF0hzpH46M,en,en
GeQf8zIM-ww,en,en
HKkiWD9WSRA,en,en
ZYKySTSuiL8,en,en
a9gO9I3uin4,en,en
vU0wZ9Mo8u8,en,en
y3coAuFt6fA,en,en
aiGulR7iYQA,en,en
ki0DXSM1svw,en,en
MPxn1sXSbC4,en,en
_aMk20Blj9c,en,en
kxGN0N8Bv1w,en,en
HcUCNS9uFVE,en,en
_fT2iSMjxRU,en,en
NehBScLq9Ns,en,en
hr-96u2ImgI,en,en
4W_PAvrCYHo,en,en
fFYIBMxdII0,en,en
b7UGfqOHcww,en,en
rj-ytZ7noOQ,en,en
ZmQOZtIURpw,en,en
9LsGqCtLkDo,en,en
tfQHc8Cm6Rw,en,en
UzytbLUZ7Dc,en,en
Lkx1u0zElkI,en,en
El3DqCkRmVU,en,en
ntNQq82RthU,en,en
SzT41MUfQmk,en,en
sQd05w2nr6U,en,en
vKcGvtgKWxM,en,en
0mNBx4VAGRw,en,en
cBh_umyzMkA,en,en
zJE6oAYearA,en,en
6fU7X31T6eI,en,en
AVcWRj9U93A,en,en
ixKaTqOxHOw,en,en
ozHT0Z3j-nY,en,en
RHhb0qUM5eU,en,en
7PBL5ylxGtw,en,en
URgJ5EB3ke4,en,en
YPU7tOj5vQU,en,en
NlbvfmTQjkU,en,en
73r3MbcIXU4,en,en
uB-x9zJ6IP4,en,en
dKFICoz2koU,en,en
GfUJ-sLJz40,en,en
JrubGm00DIw,en,en
U0iYLfVq3Dw,en,en
jJhirgG3-vU,en,en
RnVHsCXGxWk,en,en
BFDb-IzssBk,en,en
G2Emizst2SI,en,en
5VTwi7K5shc,en,en
qpLx77MosVw,en,en
Ax3kr2APyV4,en,en
8qsX_0g8xKA,en,en
9dyTJSyGMkI,en,en
LqPM6DyCKy8,en,en
jdvcu5n1Lis,en,en
KoKzCEh0jHU,en,en
9Tkw3hQrBpA,en,en
1RJOeudcK1A,en,en
WQpQ2I16GC0,en,en
pgoaJDsXkAU,en,en
SWJ62QtqFIM,en,en
6-d3BpnAapE,en,en
Oowkbj3A8TU,en,en
6C8d7hwN-Wg,en,en
_4-a1SaL4c8,en,en
ez83T2COLkQ,en,en
O6trcHdKobk,en,en
Amx27zwiKW4,en,en
GSt2dxhNQKU,en,en
gQEtpAfZL5w,en,en
mgFUiT7XrJ4,en,en
ClTGFT2Dn5s,en,en
vmIxBCzvhRE,en,en
L0Oza7Caj0o,en,en
97uqkJ5XfFE,en,en
JIcwbrurak0,en,en
BBZ6-oply5w,en,en
FkQe144ri-k,en,en
R9wZCSiTtko,en,en
zf1DlEETgYE,en,en
jIsGoNdTgL0,en,en
z2z7FzuURtE,en,en
gvQys7Bytfk,en,en
2dYkitkMHgk,en,en
zndG2KBzxDk,en,en
IPXshJ7mHY4,en,en
9zlXvw8Xc6U,en,en
ZBrAmPnATS4,en,en
b3gBblXgWhQ,en,en
QNZNjHsStVI,en,en
Blzl_nifKYg,en,en
r3LqwXCixkc,en,en
OHD4-RzHQcw,en,en
rO007eEOVYU,en,en
_seh06nMXw8,en,en
9v9ihvOnGVU,en,en
eMV6yV7RJgo,en,en
kpa0WOgOr8g,en,en
Nkz7gYHU_QI,en,en
9apfqvQOxUA,en,en
QnAk5JFzPqM,en,en
rnFxbQyVUN4,en,en
HXvd4bVvbY0,en,en
fil5AUi_CYI,en,en
MIsuts-Hp2A,en,en
_zKi-m3YxzE,en,en
Bc0PCVNGFiA,en,en
cbV2aSWyews,en,en
hc_Sddcc6V8,en,en
NqEDrAAk24Q,en,en
DWEPxlh-mxE,en,en
2R56xa4Wl84,en,en
TWr6XefbgW8,en,en
dD-E-IY9ndY,en,en
o19J41TRwcY,en,en
Ytn2YX6S8XY,en,en
d3gT17t4ZcI,en,en
_JiV575E2TE,en,en
gUEmP1NIgRA,en,en
KE_mn0zv3ng,en,en
yWVAGs7S19s,en,en
amXWhJqvuio,en,en
XxuZez27i5A,en,en
EiU-ZNncxDI,en,en
T5ILrFiHNEE,en,en
6RVcjsx8i5k,en,en
hDcCZZ3F7UY,en,en
rKxYhYUaf_A,en,en
MJ_lOAs06GM,en,en
ihFADoKtcOU,en,en
j24eGbV4iaQ,en,en
QlcK1rf1JNU,en,en
wgSAesrTvvI,en,en
wcPHp_W15RM,en,en
Hk6RF5-dGdk,en,en
7zZynuZi5XA,en,en
2BDgn3ye0ok,en,en
jiTeYtFFd54,en,en
ylMFVlmgiwc,en,en
qk-6wlxQubg,en,en
VULM60SpvcM,en,en
UPbY_544f5g,en,en
vc0VD5zdZvs,en,en
bY6UefMU5iU,en,en
uh0ypWZ1MWg,en,en
_cB0TWJZ7lU,en,en
2N-21Bt6TKY,en,en
6IcyDd3tJP0,en,en
VJOvQf2q_Wo,en,en
zpTnjtd5gGI,en,en
5_qmcF0H6GU,en,en
UWY1R7p_EyE,en,en
Z9iKgZ5Cjj8,en,en
oNRk9aJiCHQ,en,en
GwSzpHp92wE,en,en
NavZq9zCKpE,en,en
Pp214wooLsU,en,en
xHhWmp0XrUk,en,en
e-qZqolxqP4,en,en
FrNmiz_vGnw,en,en
9sny_tOMGHs,en,en
Ku2cSYcM_KU,en,en
CHSr12zjrkY,en,en
IVu1X7AKH5g,en,en
G-GsvYpusok,en,en
JUJGRfBf4ZQ,en,en
9MPULKs53Ug,en,en
lKEpJgxwAY4,en,en
Qjbyu9mgyCc,en,en
GLhsgaDpm0E,en,en
qpobJzn5oh8,en,en
irkQZeNO2VI,en,en
tWsXuHmUuoI,en,en
Zku6wd36xdE,en,en
_a2gbI2s2Zw,en,en
EKrAmk-3ksM,en,en
lI2D2PAm7WA,en,en
ePsO5UGHANk,en,en
Nt5FRiZnIO4,en,en
Rjq41YOqVXU,en,en
4ihsSJrEdnE,en,en
zuBwqNR3cxE,en,en
LzSsGWy0Nts,en,en
RUWvmLFV3GM,en,en
a66-xFoQJw4,en,en
qeMhuoZryT0,en,en
o8XeyMGa_1Q,en,en
qEPzrwDU490,en,en
_lDdrKiDnqw,en,en
7xFXUNwVGqw,en,en
Q0zhhowSS1w,en,en
rmbQLR284DI,en,en
gsvH6trxpbQ,en,en
4hz_nQtYAPg,en,en
KTDOXStb6q8,en,en
4LsP-o-rsIM,en,en
og6wPNU0Ro8,en,en
5VzOWrgOiWc,en,en
GOZK-bSr5VU,en,en
xWRodwgmzwU,en,en
hKt1ef3xAfg,en,en
jE8yl_F8S3M,en,en
7_e1_lPQgZA,en,en
a0vkabJKVVo,en,en
xbpj1gVDw8U,en,en
20GC0pYrZ-s,en,en
lXHFCCp8TwA,en,en
6b2cDHY7OUY,en,en
g9fS0nm4ZlA,en,en
U-jUS8U2He4,en,en
EITff_Qtdh8,en,en
O9UEYpqmp3g,en,en
Ij2VDv-_mxE,en,en
r3Wb5iRHCCE,en,en
3mhYxbJzJgc,en,en
C-ZXWa6Cex4,en,en
Cx88Ozju5ss,en,en
TnV7H_Hm3FU,en,en
-NYVsb4oJeU,en,en
jkMR15Cved0,en,en
A5V7AZiavYU,en,en
5ftqW_z8oYo,en,en
gV5HiilH9TI,en,en
_uhn5bkn8uY,en,en
0h3XK6RUmZo,en,en
XJA3Qra15qc,en,en
DG9CBcLTfKo,en,en
-bXHrnKF0rI,en,en
2NtykiFiU8c,en,en
K4uwmALoRyo,en,en
bgCk1AtBVc8,en,en
PdJbwac5nOQ,en,en
KygwFwPDRws,en,en
63HP_YoYokQ,en,en
H-Cr9oy7-Vs,en,en
Rp_5NA-vWeI,en,en
xAo05eU3ySc,en,en
Tld7McBfK7o,en,en
vPuME3PECVA,en,en
MQH09eAJ49U,en,en
oOE1syjDQFM,en,en
g11WLdSXSGE,en,en
iSwXHO3L2JM,en,en
OCesajdO1Ew,en,en
MI3oe7cuMKU,en,en
1ArT78cgplo,en,en
OF4SOhYSK8s,en,en
HnHcgijl-2Y,en,en
ARdf7nWio8E,en,en
HMKEdCBJOAE,en,en
UGbVTEg7pfY,en,en
r_Oxw3KnVyE,en,en
8VCrIS_Cjfw,en,en
hVZm6ykQJKw,en,en
8i8Gi8tY98w,en,en
Jw9t9rpbEiI,en,en
OXCBryVShrQ,en,en
HV7I0WR6NT8,en,en
e-f3_eUmkIU,en,en
fDIEt7rdmQI,en,en
5kqU7K28-l4,en,en
XGpHSeZqO5k,en,en
Eq0PxHUm7s4,en,en
5Ia8QvtE8b8,en,en
iVL2KP6PjR8,en,en
DVqlk8-4b8A,en,en
z4StcuTvUEs,en,en
aa3K-L_NkWQ,en,en
SbdM2tXjaYo,en,en
In_-uhyHs50,en,en
k2lEDYklYlU,en,en
9WA2sYN7P1M,en,en
UZ1JMQHA940,en,en
msKb8NdIGZs,en,en
hliyf0nICfM,en,en
3Ps-kTwmG10,en,en
p2bI6eWa-Z8,en,en
trGYXiSAbnw,en,en
ctDjETROlfA,en,en
BniIvJsvgD0,en,en
Qp1Mj571e8U,en,en
egO8Jb8V7G4,en,en
0CMgTOA6EAI,en,en
dkQ5htEIZls,en,en
g9jXjJbChLE,en,en
qrIfw2eTAow,en,en
u7jZkjDwK7I,en,en
ZO-uei9kxV0,en,en
u7fGY9J4hwc,en,en
De_-2yvsY8U,en,en
Dc7-YY1wu-g,en,en
dS4Zn8ypkp0,en,en
_c0CU34LNWc,en,en
BeSUs2tuqyQ,en,en
BVg8ozapl90,en,en
RxEe_ODbTAs,en,en
-aXG8otjSc4,en,en
7Lb5PJXwVRA,en,en
yuS_Pvy66SM,en,en
2psbbrLyKso,en,en
SIna06hx7OI,en,en
uUzHdjDANfQ,en,en
9oyn1T-xmik,en,en
WUhg-8Z3h2M,en,en
ogA0cwnskeg,en,en
0Ns3jJizn88,en,en
aRwzyBRYZCU,en,en
6sssFVr7HuI,en,en
3KTapP2sVNQ,en,en
B35qBvXlvr8,en,en
pXFuBbOCPFo,en,en
v_K5yfl2690,en,en
NHuwDL5eEYI,en,en
raVLZ9paj9M,en,en
pteHpazR3tQ,en,en
69R0jiZ-RXk,en,en
7Ns2Nf17zwg,en,en
e4qaeo0Rx90,en,en
7rxUb32s81s,en,en
O53AjrGri50,en,en
N027t_ZVE8s,en,en
I46FVZe_gxI,en,en
xIwcXbrbB_A,en,en
WwoaampLTxE,en,en
s2NgpnIbL5A,en,en
J_lln7TCyCQ,en,en
391nlOK4X6g,en,en
5PSC1kg-uvM,en,en
VtUeg-U3XTw,en,en
_ZchAMnp1NM,en,en
zgUNbObTops,en,en
CrUtB3vnmCk,en,en
Nqxr8uOWTaY,en,en
QH0TNXoIddk,en,en
IJq5pwBOfNw,en,en
Wq2LU-uD320,en,en
IyhFH9sV9Gk,en,en
ncOehlbIkMU,en,en
BJ6UVAUUJIs,en,en
avvv8uCrft8,en,en
IoFNx4-Ivwo,en,en
PsQtnEB9fWg,en,en
-dhegeVKdgE,en,en
o5pqPq0aW2s,en,en
PgHgLk2lVh0,en,en
ZOMKA0qCQ_w,en,en
Pwsn3HR4L90,en,en
ZVUjuyavXYE,en,en
CTblai7olJo,en,en
xlqoV7nsPWE,en,en
A970tiZ2Yx0,en,en
Bc_BTtk8J88,en,en
kwG8eYWmrmg,en,en
VmJLU6l02aE,en,en
IPdDT5-Rpt0,en,en
q--6_PuEV_c,en,en
f6wZv1n4sSw,en,en
wxvZsarKb64,en,en
VXtLVmdJ1oc,en,en
7DBfO_hzDVc,en,en
_p4yucKcE2M,en,en
qBpNeNljzM8,en,en
lJteNTQC51A,en,en
sHSY0Ao8QHs,en,en
71VE3ssaJuQ,en,en
hrJU4EFsDF8,en,en
7MMFDT2tR0A,en,en
LmEWj_PPRsk,en,en
QPtmGRsWMo4,en,en
Ms4KcMab-DU,en,en
Bi-BU8TBidc,en,en
1uu4E8xtY7M,en,en
JCIL4Oe0_lY,en,en
vNYBlnfA9dU,en,en
QtVvhEeHKcI,en,en
--xpa4zE0TQ,en,en
EO9Z1PezSxE,en,en
HGPSVvfJWOk,en,en
wHag9mrGXTQ,en,en
x4Oht5bztsk,en,en
H6jCT8IkZpA,en,en
PiyccZSkU2o,en,en
R8X-gXpe9C0,en,en
kHXBL5BTIus,en,en
2rWlgFDpebY,en,en
OcJ_BRphhl4,en,en
9LnuSq9D49w,en,en
7Zwq8C3cfyk,en,en
F8iAB5raMO8,en,en
DUyMIsbhXXs,en,en
egxa3qaYwNA,en,en
Z9coUrfcI0s,en,en
5c1R1zPceyM,en,en
_TnNZcqurCw,en,en
crcHvDs-YoU,en,en
YRu4bS1CzVs,en,en
Aabfoy8HbIc,en,en
MbmBCj711U8,en,en
Ag7Dui9Plys,en,en
SPC37KpFpTU,en,en
gLz05PhtlPg,en,en
-iV1hh4vPEc,en,en
mCahca4wK-4,en,en
wAM5GMfrBSo,en,en
4hHtTUop5JU,en,en
ILlTcna0hpE,en,en
zHXfXaofaTk,en,en
LGsS-T-cSEc,en,en
KKBZeZszOOM,en,en
ZkzdgjtUyT8,en,en
lEHqcWy_2_w,en,en
yBj9H-El4Fc,en,en
L5CBFv_xSQc,en,en
YTkHLAF-jgg,en,en
CzJti9nFmoc,en,en
WGkVMg-IciU,en,en
v8H9gikBrKQ,en,en
eU2y-i7mt5Q,en,en
9v8leGpX9O8,en,en
XgwXopZadqs,en,en
Oa1ta2lU3ZI,en,en
BmoMGmFwOQo,en,en
k0I9fFTekas,en,en
vh32ZTBsSs4,en,en
ZJ09graxv8U,en,en
-7TPSr0-yo4,en,en
F8DErukW4yo,en,en
A2s4QLmND2E,en,en
JA3Ys9v4NyI,en,en
tVA7S5_MeqQ,en,en
Fz7wUtKh3gQ,en,en
THqN40NcT8M,en,en
Yms9gHkXQf8,en,en
_M0mJjxDI68,en,en
gvSku8LmMXI,en,en
E0fhqFK3agg,en,en
IR1TPr6adH8,en,en
5UF7kGGT0Bs,en,en
z8T7nGjhXU0,en,en
TzWgv2BeITs,en,en
QfDqL93fr3A,en,en
slC0OBYb7EI,en,en
MTDAe-DCgtY,en,en
0JeQlfQ5iCg,en,en
6aS49WovOwU,en,en
l50L2T71xis,en,en
K_13WzNS_dk,en,en
neuPgj1lyqE,en,en
MCfaMfPKWK8,en,en
ILtMEOereYo,en,en
NL3YsKLAch8,en,en
DqNT_u6XoGo,en,en
ris9tKqMwgU,en,en
XR70Tq-jtdE,en,en
HflN05RrzGY,en,en
DCe8f6vMe9A,en,en
Lr9JJNJS7dY,en,en
knG3btP-SCc,en,en
NBrek6S8W4o,en,en
e-N8bHNcLP4,en,en
CIy9sX_cpVM,en,en
Z6uloG17Jhg,en,en
BK2HdRp4Oo0,en,en
Iq1LP6dnf1U,en,en
npVSPXphcMQ,en,en
3hC8q7mAUtw,en,en
Fn20RMooEGU,en,en
Ac6WhCsMArE,en,en
6_g-bui2qcw,en,en
dgcKUYjDCX0,en,en
Iio94MY5jFM,en,en
ZFPcfYIceBA,en,en
KG4Lwg4eSjg,en,en
sa0cbFSizjg,en,en
fg5kjeClgrw,en,en
ThyVhkr2964,en,en
x9jvUHbbIhU,en,en
MENW8gHhCV8,en,en
NAAU860x-EI,en,en
d2r5TCqnR4Y,en,en
95qbW9S_WW8,en,en
UVg096XPLjo,en,en
AAmIiuhkfA0,en,en
CcwFItF9aOk,en,en
BavuJEzLSB0,en,en
BjEOEatZ3tI,en,en
qu1pqo-dbXM,en,en
zEf4pKoKc70,en,en
aHIt29V6hwo,en,en
-jB386MYxbc,en,en
TBrlPpviaqY,en,en
MeDydEe0HYM,en,en
W9-m9PH6NTE,en,en
KZaMlxpegbA,en,en
1h10SDDJ79M,en,en
EpvoiNFqka0,en,en
9IBteJ8DGew,en,en
xGMqmmn5Z7Q,en,en
Cc97g7_CkQs,en,en
WX8JjtGuM2A,en,en
LoalBx5vnZk,en,en
cfDHaxldy2w,en,en
S6rqpxVGKZ4,en,en
ShLYJkzxP3A,en,en
dKuEOFTEvd8,en,en
UY74PoCMYo0,en,en
dWLK29sX4Pc,en,en
LV9OeFhQpRI,en,en
OWAfHGmOf0A,en,en
MT9ZeE5JJsI,en,en
Nh68nvasSHM,en,en
RQNfBQbcbIo,en,en
cZkyHQ8wyJE,en,en
5K9QhkPww44,en,en
qOe5uDVSqnE,en,en
Oj5lC-06ags,en,en
WRVEQLJ6GRw,en,en
mYROrXBWfKA,en,en
eLCBC6fjtQU,en,en
DzjWEn2BS_k,en,en
1mGXae-LCiM,en,en
hYbhQ2nbq90,en,en
qpRGnTTcLpo,en,en
ZzzUDdn7X-c,en,en
zEuseRjS7vg,en,en
hvCgDYFIRGY,en,en
U1zCyaQc91g,en,en
UUZy6-_NWjo,en,en
JPxjOflSTTo,en,en
m-S9G7-xvmM,en,en
rvtZs_nTqr0,en,en
5RtVbWCX5y0,en,en
eXS5Kd1f-k0,en,en
t9Cs6HXy1v8,en,en
agpwjPkGulY,en,en
2qDA86gP_zg,en,en
fZPeULMIZDw,en,en
udMD7yppV-w,en,en
swdF3yybimY,en,en
8KoBu44qKXk,en,en
HimT73spWQ4,en,en
FmNpOsEWms4,en,en
VeJvofBpBqw,en,en
hRZ5MM6gmlE,en,en
XUhA--3Iz2c,en,en
928aRhhPP8I,en,en
hY_s-BBzq1w,en,en
jMqN4loB8IY,en,en
i5fCtVrwrYY,en,en
2cP7f8kBBpk,en,en
PiYSbR2B85w,en,en
7KLZrIDbgN4,en,en
3Xiua0NMjSU,en,en
BhUpWmlKcJ8,en,en
7RFG9k99AOU,en,en
r74q9EF_ni4,en,en
3ryh7PNhz3E,en,en
A9OxBT-6Mw0,en,en
iFkbVWO9hww,en,en
MpCP9VDNkNM,en,en
Ykreq4u_Egw,en,en
gj_p-xaG7sw,en,en
-A25orqRydQ,en,en
RubpsN9VHM4,en,en
NS_GeXoboo4,en,en
baEXLy09Ncc,en,en
npQCpz5UWwE,en,en
VyOK1SUkGZs,en,en
x7BUPjXCW6I,en,en
4KILcjhKwSU,en,en
xrY4WbcBED0,en,en
2FTTwnONNzU,en,en
gEopR8_5xuQ,en,en
pi0PQZFFo4A,en,en
jy8L7l-3hRI,en,en
agPLP9iZnMo,en,en
E0ymPCoi2QI,en,en
jf9PBwwNAMs,en,en
OqRvmJ2eyBA,en,en
bvwg4D9UWGI,en,en
KV4D8MQrdhw,en,en
KmR_AaN7h58,en,en
5YaWrGPtIIE,en,en
wLZMSqa6wEE,en,en
_GziHDdJY10,en,en
5ssRFzykAKM,en,en
GNO4OtYoCYk,en,en
QvKlBefnr8w,en,en
OMgyCyT4Zc0,en,en
KBPBBMgkp1s,en,en
qxl5mL7gzlg,en,en
3Y2vxKsaK9A,en,en
jeZb2gvsahQ,en,en
SgyUoY0IZ7A,en,en
RQy1JQl5qYc,en,en
oNJ7QvMH2Iw,en,en
kr7P4bNdnsw,en,en
nDh_BlnLCGc,en,en
SqQxuEpXnF4,en,en
aO3YYe1hHgE,en,en
ztNBgrGy6FQ,en,en
FDNmqHuw1hc,en,en
EWC8_vp-bWI,en,en
PEiIOW7HGnA,en,en
McXybGnPFvg,en,en
dGGZ5TZMXTE,en,en
k0J8URJfUTg,en,en
qIF6dliCKC0,en,en
xK6DoHBXTdw,en,en
kIXcoivzGf8,en,en
IvlVVPAZ3r4,en,en
AI0x5hVamG4,en,en
QUest32tbro,en,en
lmClPGvdWTI,en,en
VsmSkg2h4d8,en,en
Z-5DtaY53pc,en,en
Pf_fz2aQpyg,en,en
OpRMRhr0Ycc,en,en
pZlr90LUDcU,en,en
HeovYNoZDRg,en,en
lPDBUyecfN4,en,en
gunZRs8g6q8,en,en
hnSqbBk15tw,en,en
P5CXx_jgTDE,en,en
sah-sHCZDS0,en,en
B_2meD6SSNA,en,en
Lh3iMIcbkBQ,en,en
ZaTM37cfiDs,en,en
j5f_0rNkPwU,en,en
fGm-ef-4PVk,en,en
f1jxDS-kr1g,en,en
PjBdgLNxud0,en,en
ml5uvpfXcLU,en,en
f_OGBg2KxgY,en,en
fgSyNdEsqlM,en,en
hWbUlkb5Ms4,en,en
jLvqKgW-_G8,en,en
0BNhpx_nxDM,en,en
2_VXktb_2ag,en,en
q-uyTml2ghU,en,en
l2fcpYhEQqg,en,en
_O-v4IsOoHU,en,en
lwcE6qcMt90,en,en
D4Lob1d4ztM,en,en
jb2hJzfghkE,en,en
xBwidmJZ_q8,en,en
QBV7yvSkg18,en,en
mY7YTRGeoT0,en,en
yNlNOWUUPuo,en,en
5NKzYOqxknU,en,en
eIWYYc0EHYM,en,en
KaOF5INOxts,en,en
JOXK_oim1W8,en,en
LOL0GjpIIuY,en,en
9DkfPSIe-Bs,en,en
MQyfxJCoXmk,en,en
J5VIfgcr5wQ,en,en
9MYGEt_JSdE,en,en
-sq5i4-nVm0,en,en
wRR8HUMdh00,en,en
N1U_nZlhjFE,en,en
BEkIuVYRbZ0,en,en
JD9XO0jt9LI,en,en
J_LjQYjwHJY,en,en
AvlQzRvdrIo,en,en
g5uXrrTIUaQ,en,en
3LrHFJxFSk8,en,en
aO7455CeNmA,en,en
F3hixYlEa5I,en,en
G26hKnhJBCQ,en,en
MV856hyc1kU,en,en
T02SY6MT2gk,en,en
Gjr3CpBve4M,en,en
RVTvOh1jD00,en,en
B4Xlf8vOvn8,en,en
KjSZKKfL7Qo,en,en
tGKeldMTHmE,en,en
OLGcjMT-YW8,en,en
oQpUN1bjXaU,en,en
gYnUofo4ZOo,en,en
usPQUk45Y2Q,en,en
caGO1JROJqw,en,en
T4YKn7lubBo,en,en
aT1yDdNvono,en,en
jDk29sNyxIE,en,en
wGUYJ6u9f_Y,en,en
ctEOE18flg4,en,en
th9DyAy5VHY,en,en
BpIITVsh7WY,en,en
SRXJa89V1Xw,en,en
LpQdbxfYFLg,en,en
PIoOoCVgRjs,en,en
50GkpydehYc,en,en
I68wYtpP5l0,en,en
MhINNN1vH5o,en,en
AyK5V75_B7Q,en,en
mOTbljh89GQ,en,en
sKs13c6Xi7Y,en,en
IbEzhffCZww,en,en
xdzrayrN5Pc,en,en
29H13Mfbl8U,en,en
AA3WRECMiSg,en,en
XkPTWfH5h70,en,en
HIfQ6botXm4,en,en
U9eEUdwM5tg,en,en
cOcGeZ2OjZo,en,en
cyMNnCwxkcc,en,en
jccpn0Mt-po,en,en
D9H5i0bm5Bw,en,en
qdYXi7lKJVI,en,en
9tvLB9sf_ic,en,en
3o8qbuGDFR8,en,en
gRB0rdI8AtA,en,en
_FzTGutQzEw,en,en
kuH-RRf6WP0,en,en
lH3_iURHju8,en,en
RAXj64BEA9Y,en,en
V5zxRj3MPXA,en,en
btcFEIKDpFU,en,en
XXVq8o7Bs5o,en,en
WTj-m2-Or-0,en,en
MPdhfdQs9us,en,en
cz5eH-di62U,en,en
DlnfCNGoGM4,en,en
iCdhIYaVpOE,en,en
jtCU2CURoEg,en,en
2_u7Mmv9HfA,en,en
Dr7a-BuLVpA,en,en
i3TwjAt8GQA,en,en
Nn2zJ1bzM1U,en,en
lHCZY6ZN2aI,en,en
MQ0fi7wBkfc,en,en
B-GY8a8noko,en,en
cSLU3msDWxQ,en,en
_FaOpSVwCV4,en,en
RooFVtPjLzE,en,en
Qdk1cEkYRTc,en,en
aeVsOW1LKyQ,en,en
cdeek9Dg5bk,en,en
YFcojWhDfZ4,en,en
4xVgGGRCYDU,en,en
qr8g-SBHef4,en,en
UE2VWtcH7B4,en,en
tJSk1uP5tw8,en,en
oZkq0BZpDXY,en,en
g1VCILgt_9s,en,en
-HEHDNr8FN8,en,en
LE6RidrBMdM,en,en
4I-dymlpGOQ,en,en
vn1B8tACKtw,en,en
CrOX2M7CBns,en,en
DUvXoAwR-8k,en,en
TNbfJu_ZxcM,en,en
J3cvnNmifnA,en,en
uVg3O0KeQ3E,en,en
Nt1sOThC834,en,en
b4TXNOTaY94,en,en
HSk76ZthVHw,en,en
D3Fpl5y2WXM,en,en
ZMBsgDjLKFg,en,en
TzPdWoWPMf0,en,en
XWQgpoTjqUQ,en,en
wIdd1Cg_c74,en,en
DFs0wkew1YE,en,en
ww_MdUNG5Tc,en,en
xUFtXh-DjpU,en,en
jNSXQ7-OAC8,en,en
e7zzES8PeG4,en,en
AZ1ihabY6bI,en,en
5GLA8MrlDnM,en,en
IOJ7Fxa8e2Y,en,en
ljNgkSctkXg,en,en
0rL2496zybs,en,en
PEX2uefaUAY,en,en
fWP_huSuAHE,en,en
JDgc6CxwEMI,en,en
bUul8TnavdQ,en,en
4zuYM27QsQg,en,en
GqwLS59pxDw,en,en
KaO4k_syMnQ,en,en
py3h9GeAozY,en,en
U3767euCJI4,en,en
mVjpkSbOKcQ,en,en
729_fCm1loo,en,en
OPVA4lFOci0,en,en
4QAx6HCte8c,en,en
yljZ1JGBTqs,en,en
iGv_XEW9b9M,en,en
mqmzqicAyuo,en,en
4Mn8O9szfKo,en,en
m4YRhITOFp4,en,en
rTetg_mjpiw,en,es
B-wmtvlbJMI,en,en
B2euZdrG1O4,en,es
H4a2Nym3V6E,en,en
sUyoVtQkhWk,en,en
UfKUDAoIYfU,en,en
VePUcl7PkL4,en,en
baVozugJeD0,en,en
ogmWuMXHP7w,en,en
LXQdVK2D3yk,en,en
jrRQscjqUf8,en,en
w4pI55KpREk,en,en
7SwJb4zjPAY,en,en
Azgl9pP7EF0,en,en
vjTjfds99-4,en,en
XL1XUrHWRPs,en,de
65H_WpAfn8I,en,en
IvLKNcfUf40,en,en
KsxdWABRBFM,en,en
EEFnjlb9518,en,en
0kS0Q-x08c4,en,en
DsouCAp5XGI,en,de
UZ0fp4wEB8w,en,de
w3Kam6tNUWM,en,de
xalb5-7Ndu0,en,de
IOj1155jalA,en,en
9Yb8hFaoEhY,en,en
fQJ3ydfSAP0,en,en
TMP5pErdTaI,en,es
uNeAR-CKFnQ,en,en
G58Pn_ELIXQ,en,en
UpUEktyiSpE,en,en
HLTYHepZ1EA,en,en
CoiiwajR-eY,en,en
KsVwbHTXRSA,en,es
Nj_xqFM5Cxk,en,es
cbOI86Q9vv4,en,es
zhdGde37aHU,en,en
1jfifrkYOmU,en,es
-tOIghseQJw,en,en
FToHV0wkjqU,en,en
2IEcA7ZnvD0,en,en
_0DPfRiGTns,en,en
AC5jy7Fkv5g,en,en
5uDkkt7r9fA,en,en
CDntpk7UQHs,en,en
9ENNbbYNXxw,en,en
L-RxBZSNWXw,en,de
euFvYQODM8Y,en,en
FnZ-iwDXRXk,en,es
FRBLHfhpyN4,en,en
zQ9ZxdIzvnA,en,es
qpeIfg3kxpE,en,en
x139z2CVwZs,en,en
ruTjtTyrero,en,de
grbHIVYHbOc,en,en
aAYtXOvl-PY,en,en
AaQ2cWPelEY,en,en
CCgEzLrf45Y,en,en
-QU_3VLGyug,en,en
pldMKviRN14,en,en
zpRoJ_V0r7w,en,en
BG2vbauUZuU,en,en
uaQyf7dbAMM,en,en
j-Sjl8kOLLU,en,en
-RF9eqIZBew,en,en
o461fc3IdXg,en,en
qcjD6HJlSRk,en,en
LphBXB0KfxU,en,en
cFIpoX0179g,en,en
mCeFdXQtj5E,en,en
RrWEFLUs1vs,en,en
Rb1GMlpZ1Oo,en,en
hAQ2CdK5A_o,en,en
9kT9UxSK1RM,en,en
pVVYvYU7dXY,en,en-US
AItUENUJqOA,en,en
cpiH6GZgYXg,en,en
Xw-RkP1t9V0,en,en
ryk6ToZYRis,en,en
hL7T0IQ0N6w,en,en
rjKUSPxZ6pw,en,en
0lDZwCj7l6w,en,en
7Zk21u_lopU,en,en
_d14T-Bztx8,en,en
xLXgmEJJUcs,en,en
hAd_izzfBdU,en,en
W1ACB9u05AQ,en,en
tcmoobIT3Gs,en,en
AYq1a5GxE9M,en,en
x0UKQEG-mi4,en,en
WHyLjjSBZrk,en,en
mJY48lJ0tNw,en,en
XjoiEhJ4cJo,en,en
tv2_e4wQCYo,en,en
06xLAOwMX0E,en,de
0LOirDzv7p8,en,es
Ae7VJWvYoZ0,en,en
l4kMqqLJpe0,en,en
I5IrG-JbvXg,en,en
8DkUTgkeVLk,en,es
VkBPozjTZVo,en,en
Ay2JDmOM5tU,en,en
IkXIZUnL438,en,en
Im3PXoLmyx8,en,en
o1NLIzfQiPQ,en,en
STbf7lYJa_k,en,de
_bpnk9mxDk0,en,en
j0yYbeMBYSs,en,en
-hIBmCM3jPA,en,en
WJcA-yAvgP8,en,en
Od8rOWG_LC4,en,en
Z9thI_DUK-8,en,en
M2kLg6vSlOs,en,de
lA9TTnwGnw8,en,en
Oh9H3Y5OQU8,en,de
r7HEoWfJk90,en,en
nP8hy-9SeB4,en,en
3fOCuz42uek,en,de
YRsqewNfe44,en,en
_j53f37dRbc,en,en
YsC0AMoi6AE,en,en
qJJj6eICjG0,en,en
JKQNm3wSWsw,en,en
0tjssNmUEH4,en,en
k13tLqxVYaY,en,en
oPHSIYIf1a4,en,en
VxhNnnXbpFI,en,en
QFVfBW_ojo4,en,en
XYgtwAT5h_M,en,en
jdz5-z2ffbI,en,en
7i3JMtVv5Ck,en,en
elqxZL15R08,en,de
B9bCYSRMesY,en,en
EZTExkByHGA,en,en
y57Q-uHvPkM,en,en
Yck_rVo9MYs,en,en
jEyeJJK3nZg,en,en
N50c5E3OXd8,en,en
Uv6sICm1Yvs,en,en
hhycA0zZXZM,en,en
0aQg2lmyAi4,en,en
ZJzSXr2dPfo,en,en
BzMkCZqX-xA,en,en
rUnn9Rc1de0,en,en
xXeoKMS0OVM,en,en
CcOdDICnuAU,en,en
UoSsSBJpsl8,en-US,en
Ftfu6GPI97I,en-US,en-US
x-CM6hfueqU,en-US,en-US
3mWkNTLjIG4,en-US,en-US
kBY14yZd_y8,en-US,en
ibSfCMo0YnI,en-US,en-US
gcdsFkqy22Q,en-US,en-US
7WtjREuJ0OM,en-US,en
TYEpN-oYMyw,en-US,en-US
NMw7sMzAR3w,en-US,en-US
-LnhuObe7aI,en-US,en-US
tb9gWeQeO8I,en-US,en
PXTasFhPAFA,en-US,en-US
wxdDGzyCGJ8,en-US,en
ZI0k_SryCoY,en-US,en-US
fgqr67DS670,en-US,en-US
DpTID0wjTIU,en-US,en-US
UyhTDGhZsDg,en-US,en-US
SOyDKnSghYo,en-US,en-US
aYQx4LH9nYU,en-US,en-US
BpplLxuFOF0,en-US,en-US
WKnwRffJ1p0,en-US,en-US
yMTxB_7TvTs,en-US,en-US
G6ZjB2n_p7Y,en-US,en
dGwkr9IRnb4,en-US,en-US
sPA3OVv50EE,en-US,en
rgP7LLhnKoo,en-US,en
MSPfikbHzwI,en-US,en-US
XMk3TtM6d2Y,en-US,en
H6tIve_9UTQ,en-US,en
ks9A10BelYs,en-US,en-US
AB0ToOWp-mI,en-US,en-US
NjyKDqUdBOs,en-US,en-US
loQLGEoAzdM,en-US,en
Q4hx2Ss3wSM,en-US,en-US
4I_OvPGwZiM,en-US,en
0j3aIZAVWvM,en-US,en
Q4cFTNu2ms8,en-US,en
WjmEWhYUJfs,en-US,en-US
mMw2rD_LpfQ,en-US,en-US
2DzixmPkdTI,en-US,en
WdXdF2zVjVI,en-US,en-US
Qw_DfPzVSYw,en-US,en
4RoadqrqN74,en-US,en-US
V76ouvP7k6Q,en-US,en-US
BMDL03uKszs,en-US,en
4iZmrcoWQiY,en-US,en-US
TtaQmr5fK6g,en-US,en-US
4W3U8s8cQ2E,en-US,en
3bKt8dmf42s,en-US,en-US
8Q7mFVepxP8,en-US,en
wCrw-LjSd20,en-US,en
bfr0cUavGHk,en-US,en
Rkb4y5AYs7o,en-US,en-US
qox5a7jriqo,en-US,en-US
R844WDmtfN4,en-US,en-US
qADKOaX9AJg,en-US,en-US
VrXUt8bGyUA,en-US,en
OKDi2L-3sNQ,en-US,en-US
XHyS_ksxjZo,en-US,en-US
Cvg1V-QXs1w,en-US,en
F_JN2Mn7Gm4,en-US,en-US
zfk_22fR_FA,en-US,en-US
xMNjTVms-sM,en-US,en
Q27Hi2Z7jgo,en-US,en-US
ss_ObzO8IpQ,en-US,en-US
shSXD6poytw,en-US,en
5-QbjziCYVw,en-US,en
D321l3FpgJQ,en-US,en-US
wNRqLAyHD9w,en-US,en-US
FEMGhHk2_ks,en-US,en-US
Y4QQy5sNB-M,en-US,en
CjnycuDm8IM,en-US,en-US
SNp9KA_U0Bw,en-US,en-US
yd4uVe8sNUs,en-US,en-US
g_7KZPZWTq8,en-US,en-US
vgTsHr5O8jI,en-US,en-US
Pq9NV_fClLk,en-US,en
4J4xGsIL_Ak,en-US,en-US
-ZiZ3fvHhjY,en-US,en-US
W2xOir_CFFI,en-US,en
226AiUxzhH0,en-US,en-US
Oovy82bHuDE,en-US,en-US
nMszVKvZ_Qo,en-US,en-US
omexxmas-G8,en-US,en
K7gJ20C5jbg,en-US,en-US
R8RoJCn9PP4,en-US,en-US
hG5vgX70tZ4,en-US,en
I_1xmG2aX6Q,en-US,en-US
B6orXf6QXMw,en-US,en-US
9_hurnq-sAk,en-US,en
ndNJ04OAsWA,en-US,en
2PWM9t4pNew,en-US,en-US
kg-XuGLorR0,en-US,en
pSq8ASk3GYI,en-US,en-US
vbZA2h7-qr0,en-US,en
GCBPnnx-5Xc,en-US,en
opNelzPg9nU,en-US,en-US
2CzlWfE_J2Q,en-US,en-US
jeIP1srQOcw,en-US,en-US
gZv7UN3IleI,en-US,en-US
abD2_JfrwX8,en-US,en-US
9r5vVky1_-o,en-US,en
3LV8hYB3W40,en-US,en
Ol2Ez5Cmj_I,en-US,en-US
EJExcePyKgY,en-US,en-US
fEy9RZ5YHQA,en-US,en-US
beu02foZXgU,en-US,en-US
iQfYSt_vERA,en-US,en-US
tjI0rZlGkCo,en-US,en
Pt6AfjI9LHE,en-US,en-US
TBQjKdoQI2w,en-US,en-US
sUwnM7ARoMU,en-US,en
wcdflGMSd4g,en-US,en-US
8ObPvNMbYDw,en-US,en
34NC7Eu5SF0,en-US,en
3uBqEmznfb0,en-US,en
nkAnCvN8Z0I,en-US,en-US
QtsLWs5EpQY,en-US,en
8fkZ-6RBgWQ,en-US,en
87D6ZRckSZE,en-US,en
eQNGeaKNALQ,en-US,en-US
XPyVENeMrL0,en-US,en
9MAW69d-s3Y,en,en-US
FMiSXCb3bv8,en-US,en
VaFE5DdwNnA,en-US,en-US
1Q5O8aWafBI,en-US,en
SJJejBfcR7c,en-US,en-US
KqeZ9NcocVU,en-US,en-US
1VS-uAG35Tc,en,en-US
bpOKIUxtt-g,en-US,en-US
3Mq0eui8Kp8,en-US,en
u36diWSsMwg,en-US,en-US
LRxhsMr67ZM,en-US,en-US
QuI4pvgk0Yw,en-US,en-US
eKbL6HdiEs8,en-US,en
C7z21u3lPZs,en-US,en-US
BlfPaGs8pS8,en,en
LrHafZl1wyk,en-US,en
FoLMjJV_0iw,en-US,en
8CdaV8TylMI,en-US,en-US
kgmL2hQjo6o,en-US,en
JkhF68SNgUA,en-US,en
-7NJhbuEk5A,en-US,en
DROVZjzrbUM,en-US,en-US
R8y16opVx9c,en-US,en
Gr21pKJkNqk,en,en-US
pVyF_IndBpg,en-US,en
tjsRB5qbcfg,en-US,en-US
mIYFeKmcqe0,en,en-US
rbfRHab777Q,en,en
z9cd8jJqELw,en,en
4OP8FI1TXK8,en,en
HkrWExj1QNk,en,en
GSwL3Lgw6zI,en,en
Q743HRn2_jM,en,en
M1Im9q19CrE,en,en
CH6LFYHvD5g,en,en
c1HfUJYmgKY,en,en
JC2jw2HobIc,en,en
ehQ_5TThkRI,en,en
G_8oZYHwRGs,en,en
0xHAC2vKgbM,en,en
D6Qw2dfrFRg,en,en
sc-iN3hLQQw,en,en
dPvuB0aJnNU,en,en
n_YW24F5HGc,en,en
QyCFeB8mBz8,en,en
BL3vZdk61to,en,en
dOn0cLh7Ek0,en,en
HJHeGGSp1tQ,en,en
XbWzneHAgRM,en,en
r7J5k2p5obk,en,en
o1zG9_oSek0,en,en
j1bx0GMofYw,en,en
Frs8uebdfMc,en,en
Ry5Sc9v9U64,en,en
eoqRWHZkS0c,en,en
hJh4ze7s3GQ,en,en
Fz89dJTZsko,en,en
tfd3e2wNkJg,en,en
taPJ2fvSzKY,en,en
JdjJC6eIk44,en,en
A3yihMwD7Ec,en,en
BPjmmZlDhNc,en,en
ZAGUs5DtvLg,en,en
7yX1QN5a6L4,en,en
vcfBVl0UEdQ,en,en
b_eislFFVhk,en,en
t8dkUevKUmw,en,en
IHImpzGBqdM,en,en
109RMF0UapY,en,en
eifEiCYH2yc,en,en
WvlDMlMx1Ok,en,en
HmSTMYsxTnk,en,en
95I4Nm4m2-o,en,en
GOVhxKrliwo,en,en
Bd156yxr_6Q,en,en
qHaW-Y3D3Fo,en,en
-yJnqTakro0,en,en
B12MXF0bSFo,en,en
z_es8Kl__ac,en,en
YjYu6vrRWbU,en,en
mN6P7GwEeY0,en,en
iRe4YslsErQ,en,en
zG2ux0MQRhM,en,en
ozpcrgmwyto,en,en
GRZhpHKZqOA,en,en
Om14QH355C8,en,en
ZyjQar-XgBc,en,en
wN-Co-yfdo4,en,en
5Ndr3JUEAA4,en,en
Y0nXmTZ1Ibs,en,en
0xvdPDQTrrc,en,en
Zy5-dDcRq5c,en,en
r7cWHoT8aaQ,en,en
Dd5F0mGY98E,en,en
7vbVft0M84o,en,en
LPaFN6uYv0c,en,en
u-GeMr7G6ho,en,en
uIqlwiuG8XI,en,en
9BH4GAiqEpg,en,en
0XRKDJdG_rA,en,en
6p6WkWpdyNc,en,en
pbyBBCzXtnI,en,en
FDWwIYNhnZw,en,en
_nR1juKxIRM,en,en
5r-liFTy64E,en,en
2kui0fFKMyE,en,en
bGleHeYgW50,en,en
JizeVA3Ba3A,en,en
vFXwQSuY_gw,en,en
ufrFCjERMDc,en,en
5kSc3eWdZdc,en,en
PQWw0BJc5LQ,en,en
yWnacRo2VbA,en,en
bcuoMCCY1qw,en,en
PJNorBZk6WQ,en,en
PXub4lr-9J8,en,en
Uh3XzW_H4Ow,en,en
JsUMdO-Qq0g,en,en
TuRv8gRfvb8,en,en
qnv0uT8__Nw,en,en
vE-95N4XCOo,en,en
u9OQMBPrFgI,en,en
X27F4kgBJKk,en,en
fxICyViHCSw,en,en
Ok-AZtt33Bo,en,en
0cXAp6WhSj4,en,en
aEt9bLN3R2s,en,en
E1XPFFuMHHw,en,en
CUVKsfJvnE8,en,en
XWQvmh_INTQ,en,en
Te2u-oS3lo4,en,en
iZTxa8NJH2g,en,en
4Y2ZdHCOXok,en,en
8np3vKDBJfc,en,en
IDgEHtZQqCk,en,en
gcNh17Ckjgg,en,en
v25dawSzRTM,en,en
XxWcirHIwVo,en,en
3no2bhPzTh4,en,en
o78waFTrxtM,en,en
abUlkiDaSCo,en,en
Rf1A1P-oQqI,en,en
T_7cYUGa4oY,en,en
y7PBQ2fYbxY,en,en
mMkVphu6cJA,en,en
Dtv9Xj5fvgs,en,en
VAvVpAABrTs,en,en
YcDxLXj2RKk,en,en
wh-KKiOXY34,en,en
xW79HPiyidk,en,en
jjnJHhzZUUM,en,en
v0deQPDVFZ8,en,en
E1w7_sg3nKw,en,en
mLgYNdxj-Vw,en,en
CUpWoiOe6j0,en,en
euPXf2hqU3s,en,en
QsYre__-aro,en,en
0BBROgyHlFE,en,en
i1tjJGGcoYs,en,en
mEmynZt2SwY,en,en
ci00g_mAmRU,en,en
syS4M1G-rII,en,en
-mmpvk3VLkc,en,en
bENvTGKtYAA,en,en
Swc-uFRkxjg,en,en
Apgm6lKBfUA,en,en
sOuKeVuej9E,en,en
geK9GNKGRpo,en,en
98YnFlCXBK0,en,en
oq77AW1XNbc,en,en
ChLmR-1UBMI,en,en
FqfYvaRgKyM,en,en
KGwi_oSQrAY,en,en
AY_kuI0U9ds,en,en
TChfFQC0eHs,en,en
gLsarcKlS6c,en,en
pR3RqBlHJHQ,en,en
JMGbkrMsLjU,en,en
FgsggC_e4AY,en,en
z3MwzQ7-XzU,en,en
CbNLST7yyC0,en,en
5KC-i48Xa8U,en,en
-nwNp9KZCeQ,en,en
iAvejw6LQzk,en,en
bUF6UXh3r_I,en,en
hk_tZ-ad6lo,en,en
uvsZYy9v_qE,en,en
VgnrdZaWQ9w,en,en
0O8--fNFej8,en,en
FoiLsAmbW6E,en,en
IXmr5HRO0l0,en,en
T-hOleOgjQU,en,en
gIu7ICxBpCA,en,en
R7mMwjYFhdU,en,en
WrTSAWcHwv0,en,en
WQU6J8LDRTU,en,en
hvzaMjbHwLs,en,en
VDQrsW4ieXc,en,en
YqA2fdeVlhA,en,en
OrjBQur9t7Y,en,en
AJ7ApcB2oWU,en,en
_GTs5zbHxE0,en,en
dp1evz3-m2M,en,en
fn8fQfyHENI,en,en
J1v3FLnP-T8,en,en
eErIi-wbbwg,en,en
SdeyNQuYwgA,en,en
OS_YuOuKqAI,en,en
39ppRC4_HdM,en,en
KqUBLyeRjuo,en,en
6KI8WV2kf8k,en,en
UDru-oeEPbE,en,en
QVXS0GS2oEM,en,en
qWEhf4aHIH4,en,en
Mzzn87e_u8A,en,en
A9aUCAAycAc,en,en
hXuDYMORye0,en,en
-Jf4tsAgN1E,en,en
Lw-mRI4o8M4,en,en
-xP5wa_oeL4,en,en
SAZ3u0G5Vy8,en,en
AHeafsxtO7U,en,en
Mcw0QG1XkzU,en,en
uo7lt7hPMFg,en,en
yLDAHd_C7G0,en,en
EMzdPDr6pmo,en,en
TAx8u_FsySs,en,en
gay6mehPD0U,en,en
cTFw85LKcGo,en,en
Nlys2XC7J2M,en,en
mHyScGuLIzU,en,en
WuQdMF4Ld9s,en,en
AfZs6h3Na-w,en,en
GeXVzm_Wo2k,en,en
wZOcrp3nsnk,en,en
9monP5EdRpk,en,en
7rc184yA14U,en,en
UB3Izqs817g,en,en
UJ4aACNFkxQ,en,en
exksOPRLOsI,en,en
igjlc8V6Kc0,en,en
1wIVlzUPWZ0,en,en
e0ERQkEIcWQ,en,en
BoTjkpZmRow,en,en
yl-qOEbc-aU,en,en
Uci74Cq5Q9A,en,en
CbvUR9mCoeg,en,en
7vV94rbpk5s,en,en
YsOe2wwIEyA,en,en
H38ach0TmWM,en,en
jWfJUiH9xoc,en,en
v0bT2aOvdWs,en,en
Fihj6SW1V3Q,en,en
5T8uxspILeM,en,en
-Wm8R8hz28M,en,en
u1zmDxsTsWg,en,en
VIVWD-499pw,en,en
6G5iQA_Ne5s,en,en
qzTqCic3AnY,en,en
wHvAQ4pz_z0,en,en
9Avv2muK9EE,en,en
dioEn4yGQ1U,en,en
CXsGcjPYI5M,en,en
BgGtFP4WUY0,en,en
V6l75HMF0tk,en,en
MfMJ8t8iNqI,en,en
VRNdMZcnXgM,en,en
Sm-8VdUv_QY,en,en
F237ELOMiUE,en,en
yYmDpKAyvpg,en,en
o3LwYBlbqYw,en,en
q_edDJIHi7M,en,en
nr_rRiMOVeo,en,en
qyYLjg-S4GQ,en,en
012PxGzhP38,en,en
wDJVRsjShaA,en,en
weXDkmS1PhI,en,en
xcq6TZ4mUKY,en,en
E1aTRJOkiMU,en,en
T1FyjszlQu8,en,en
Y6Yee3k2RDk,en,en
Nu5H3pQA5QA,en,en
SZ5WCqmoazs,en,en
EJsYlfxf8KA,en,en
rUDkPVA9Hjc,en,en
Zagb-EMS8-w,en,en
k94HCnPeUyU,en,en
EZbYzWeG2oU,en,en
QpiZlYXBWfM,en,en
KCjIz9xurqk,en,en
l6ihXXJ0ZMw,en,en
e9Ns6QKGRNg,en,en
lWhBGowNAVM,en,en
Z7E33fofQkQ,en,en
8zfm1HlwJvQ,en,en
U3g3tNv6Pf4,en,en
f2HbWMSV9Go,en,en
4qszuM320Mk,en,en
BQJ46xufF-g,en,en
ur4nkzYfZ9c,en,en
mVlRIWksyDg,en,en
xFiTDvJxV-M,en,en
gXUCFnREzIk,en,en
Tumk5kzkx0I,en,en
g7k_6cYJjDs,en,en
2LOvaDyaUPc,en,en
wh4BVZ0Exkw,en,en
-gD5PCHsMvU,en,en
JCW2YO3hjQc,en,en
VGqd5Jy-QKY,en,en
JOaX_AERc94,en,en
5Wvo31OPCB4,en,en
rxLSAIbaHWQ,en,en
VX91cR-M_wA,en,en
pM1x61Wo73I,en,en
AOvV188aQOQ,en,en
zAP3ZWQQXHs,en,en
4YK0vqWKPJI,en,en
KktGkuhAto4,en,en
sx0vMzPyFXM,en,en
GAITJX4pAGw,en,en
P_PtzCDG3fw,en,en
u21mmYi9Lhw,en,en
Hw-LsM9zt8Q,en,en
62btmn9jlXM,en,en
ksv7McbVeqE,en,en
yaDVOKUkrRQ,en,en
eQeNhnAHXP4,en,en
Cl3-Ebtefss,en,en
7ZQr_Um3Wlk,en,en
q8N8jkmJP6o,en,en
eHhPe_eiCiA,en,en
BIx5X9c9B_g,en,en
3OsBElyha7Y,en,en
Wy73O7DBhiI,en,en
dvcCXKU-qaY,en,en
R0__e0QTtQw,en,en
g6DdOHaAmSQ,en,en
nrqH_qyBMLk,en,en
rPcBPTrPsgU,en,en
a-sZbOfau6c,en,en
Ym2S33UcE3A,en,en
2akHh5GgzvM,en,en
28R3_apK_LA,en,en
n1E8aTKJmVg,en,en
arydjHTU0iE,en,en
fNLPZnUE1rg,en,en
9hQIxUfYw98,en,en
pvpD2MfzlZ0,en,en
ViLAjVstszQ,en,en
g35aFP5Zeyc,en,en
CyGAOleihOc,en,en
0V_zxvWCBlY,en,en
AyWhA68BUms,en,en
rm6KDapJbZE,en,en
PZya_phY_Ng,en,en
wtaHYCBKpTQ,en,en
3X-_qx9Txto,en,en
yqRqRURB9IE,en,en
mMSsHji8LDA,en,en
AdALRIxmPTM,en,en
aKOCPghB0sE,en,en
x18YTw4xaKk,en,en
zeWO_635loM,en,en
mgpjd4JMSZg,en,en
1G5q66RExDU,en,en
pWNv6oE-5RI,en,en
RtiPa7UBzek,en,en
GffXQl3zvUI,en,en
5qudWyJNlMA,en,en
s7ryIG-GQr8,en,en
56qmbIzE3qo,en,en
PeWuJY7J2Gs,en,en
KrUnq66qn_k,en,en
pIMA4MAPgyc,en,en
HVITxjrNlts,en,en
bfFXJq9MMYs,en,en
8e-xsVYFCVA,en,en
hXyGoxWgZK0,en,en
Ylw_htybRk8,en,en-US
DVVxQk2ToxQ,en,en
EtJPA0dVTDs,en,en
gALB0Vj93YQ,en,en
p0KSFLf_XJA,en,en
pt7AFyWtPGE,en,en
n1r7axbdH70,en,en
gZ1DtlOJNMI,en,en
tC-aST6A194,en,en
H01wWG5ATm0,en,en
9OMd9HxpwZM,en,en
PYDacIoSeRI,en,en
pNpEWvIGFIA,en,en
iwK23fk8B1I,en,en
54sfx3vzirs,en,en
Zimh6LJIGQM,en,en
EP_MLgX5uUk,en,en
2IcWJobNDck,en,en
vsCJpEnszYs,en,en
FvaE0KofQEA,en,en
jHAa1B0XctU,en,en
G0o256yWA3I,en,en
j4-7XX2AhAs,en,en
WltkvVB_lfM,en,en
71PmTZOgmXA,en,en
2XhJ63OQ7Ww,en-US,en
4TLHLNX65-4,en,en
u1qayo-0aL4,en,en
wL8zmUMLqf8,en,en
fXOz09pxoiM,en,en
lxuTCHJSers,en,en
CZJVeUD_Ou8,en,en
V_ZLiTLCdXs,en,en
JQ3Cr20Osbo,en,en
7KzRILY6WCM,en,en
y1-mbo1nbUM,en,en
tOyxaZMBP7M,en,en
_DsK4Fgf2x8,en,en
2AF__AJRNSE,en,en
HSu97STh1eY,en,en
cJSCkiVlDPE,en,en
49M4lpWZspo,en,en
5e_FFdHqnKM,en,en
-ECIZdaPcQE,en,en
Bm55SUjewM0,en,en
w7GSmtiDUJ4,en,en
9Od_S1P0c40,en,en
lYr253FBnLk,en,en
UDAqG15Cl-A,en,en
G0ndIdcZfyA,en,en
wdIQZGx9ukw,en,en
Gya78kL0_rY,en,en
RnB4fHR5GEQ,en,en
w2Ynv-m0gzI,en,en
MaN7TOFv_RQ,en,en
IOwKfP2LWxk,en,en
2GVysgcBo_U,en,en
9jZfPYL6ufU,en,en
mACIBRUH5TU,en,en
MAASAP7qXCQ,en,en
GFY356-1K-Q,en,en
IM1_XI56boY,en,en
SZF7Jp6SyPI,en,en
4rZAQ2LfDAs,en,en
Qbnpbqd-jhQ,en,en
2HKBOfEX7HA,en,en
0et6I930LaU,en,en
FXPGuNU-BYA,en,en
9fEo9my03Ks,en,en
j8bEWn2E9uo,en,en
zbx6I4ZPXKI,en,en
hDFHCHRcd1I,en,en
8Lg4EzektCw,en,en
1BfsW3JKSOI,en,en
tbMK48EoaBA,en,en
-3bvlFKeLRE,en,en
JYLlnvoCvGI,en,en
npfgUL_rOsw,en,en
Kvoq4luIYVc,en,en
nylNjxeOeSw,en,en
C1pm0g2mSlE,en,en
_Mx24iENIEY,en,en
Tp0J0k-aLoI,en,en
RooOlcSy1nI,en,en
iTe2PLBCBEQ,en,en
aHJIkMW8LOo,en,en
wQKJdUKDmfw,en,en
MqaxmZFGmAI,en,en
2oINpxBVKAk,en,en
A_kFHdcACcM,en,en
7jVw5j4R-B4,en,en
OOAEgEPX2xQ,en,en
8FsuEH8iFdw,en,en
obtulrEW2P0,en,en
OeTbwCuzLtM,en,en
Bqdqu1GRBmQ,en,en
4yxB911xoUE,en,en
04Zz9ED0CU8,en,en
Y0TRgYen4vk,en-US,en
rHyfz-1vRZU,en-US,en
kKMm-hwBIy0,en-US,en
IYbjw811Mqg,en-US,en
i75MCRw_U7Q,en-US,en
haA8IPUfHWg,en-US,en
ofNknYaMhFw,en-US,en
s-J-TzTSWOs,en-US,en
CGsfe54Zu80,en-US,en
kvdu4zGoBUs,en-US,en
iFLXUltn_Vk,en-US,en
aJ2DaHQzwOo,en-US,en
QmLcg_dCE40,en-US,en
b7BvbJJICHg,en-US,en
GygQhlSf91k,en-US,en
1WjDYHFIMtw,en-US,en
hoXD7QB0OrY,en-US,en
0Hdw-yzl8f0,en-US,en
mB3tRW4Mzbg,en-US,en
OXFKI0DXpXE,en-US,en
Bd7I7-AgEGE,en-US,en
iV_cVMVrvn0,en-US,en
DaH0uxZdN_E,en-US,en
e1xdvWjghP8,en-US,en
uGtvybIzr-k,en-US,en
CMnDc-i5DvA,en-US,en
rmxjCH8cFfs,en-US,en
PjoMeNkHTz0,en-US,en
qtDf0bteN84,en-US,en
CwaazU6ML_s,en-US,en
44_xyzq5rxY,en-US,en
RavQHfFxbdA,en-US,en
WsA4gfCsWzk,en-US,en
0HbGoxm4c30,en-US,en
PWO9ovHlcmw,en-US,en
1qv3vN4r7Gw,en-US,en
Q38L5rHAUHg,en-US,en
ZZdWuYRhp4c,en-US,en
KycNBxH5a0U,en-US,en
rdPr8OO47Ps,en-US,en
PouknrFsV9A,en-US,en
xg4qeHc9S_o,en-US,en
Qr7amfRCqJM,en-US,en
BriczaKjX6U,en-US,en
MA6SOlmrbQw,en-US,en
NLfYj0PgmaA,en-US,en
7JlOXftiAko,en-US,en
PZ_qixiz6CI,en-US,en
0z3g7zlFPyA,en-US,en
6O2uvzfoTKM,en-US,en
n7XJr0UHVT4,en-US,en
bQbeyBVVlCY,en-US,en
2kAg5TmnbiA,en-US,en
XUxDfLbNnP8,en-US,en
T4YvISc_KJ0,en-US,en
FTpbDuHxuHM,en-US,en
K09UZ0bkRuw,en-US,en
AORUm8aVQZw,en-US,en
CoRZJ6vXswY,en-US,en
Dxa3SCtJzN8,en-US,en
J8aGQsRnxd0,en-US,en
K6A6mxQuFT4,en-US,en
jybs-iggu5s,en-US,en
krqGAIdam0U,en-US,en
utimOVjQAmQ,en-US,en
OrNc5dEhFnA,en-US,en
cyH0F0MbOis,en-US,en
tbS9Ydrufmc,en-US,en
hL2rEs139Vo,en-US,en
eIVq7jZt3hk,en-US,en
sp3FPB9lJVQ,en-US,en
8SI3HHEaPsM,en-US,en
20_fKH3qEZA,en-US,en
Baid8aaYe1w,en-US,en
nB6vev9vPio,en-US,en
3S9T4NluuDQ,en-US,en
t3zghAMI_7Y,en-US,en
wfDin4XgeLM,en-US,en
osVjN2mMYb4,en-US,en
qXoRag5mobo,en-US,en
6zNBdREGtVU,en-US,en
mGCvIFIUGo0,en-US,en
1zQoGDrsg64,en-US,en
mvOP2ftkBNk,en-US,en
TUy5MQk6uBw,en-US,en
2d5Bhd_qMms,en-US,en
6WD7dZsFYC8,en-US,en
dY7oaUDNcOY,en-US,en
Z3b5yLelhgk,en-US,en
hXt8kgqBdDk,en-US,en
vXD_5fU3aGQ,en-US,en
zshtwdBsvEI,en-US,en
nWh350TgFWM,en-US,en
Z_ZjomxXF0c,en-US,en
ScPUX6uik3A,en-US,en
phFDtOBa4M0,en-US,en
MmTNUse1mTk,en-US,en
MCC9fLtgrrA,en-US,en
__WEl7awMRg,en-US,en
rEMDkVU4C-M,en-US,en
_9_qEu4Wfis,en-US,en
nncqTZuAT7c,en-US,en
u0TLDleH3P4,en-US,en
NHCO-qzM0yg,en-US,en
B293sNGhKAY,en-US,en
q2leue7Ewb0,en-US,en
FvHmNE1KhZs,en-US,en
61J-Q3p6okw,en-US,en
uFIWU98aS9M,en-US,en
Yzah0rjvFQ8,en-US,en
tRrDEkbph1w,en-US,en
qa3dTQJLsQk,en-US,en
J4Kcrdc1MCk,en-US,en
4Al8L6l4ioU,en-US,en
sz1ZJrL9DZY,en-US,en
p6ei9jbxy2o,en-US,en
lnI_NcP25hI,en-US,en
5qZdShIGFIQ,en-US,en
qKRgvIepHQQ,en-US,en
soCviookSIc,en-US,en
BxV_sup7nDg,en-US,en
h7tok-_F2m0,en-US,en
lnnU2Oao5vU,en-US,en
D9R0uQ_8cX0,en-US,en
0pk8ItwUt0I,en-US,en
XBliFTeo1ZA,en-US,en
G8AZ2jWh7AE,en-US,en
N7mOUjiJz6s,en-US,en
KRRVR2UCZ-s,en-US,en
kjBIeDwX4rw,en-US,en
GWEtrMvhfuo,en-US,en
jaj0jJ7cNOo,en-US,en
67ioeIK5xCo,en-US,en
3RPtKmXQwMA,en-US,en
FZIxJ13nYJ0,en-US,en
eQ_NBB6OBH4,en-US,en
5chEcal9O-k,en-US,en
DThEe-9YA10,en-US,en
d_HQs8Kdpz8,en-US,en
BvkH-J-9Mcc,en-US,en
TEkjUnGtszE,en-US,en
890BgwAmrnc,en-US,en
G-546uBBvYA,en-US,en
X94nm_lr_tw,en-US,en
uxgPfItFyUU,en-US,en
HlzIrA0_oY4,en-US,en
JfbLsWamksc,en-US,en
qTfw1mD8MRQ,en-US,en
hSs-XIhctmY,en-US,en
kZ8dxgM0-XM,en-US,en
5ez0eKAuCOk,en,en
m-im3XFx068,en,en
BswJcybJOGU,en,en
UwVXQlwViao,en,en
x5JWmHAukSo,en,en
PvYYAfItVtM,en,en
MpXZU45fl5Y,en,en
lC-L3AC0p7Y,en,en
fU3y1NeMyrE,en,en
MvTsaO3jiIo,en,en
oq92L7ALf9Y,en,en
3_GLq5Fyp3Y,en,en
Rhd8xsoOlnU,en,en
WaUf6uzCMYg,en,en
nSn6A6cfzNs,en,en
TmAYtaimArA,en,en
ysilbVPkPuQ,en,en
lNmX7xvJTjg,en,en
7qBj38gvTG4,en,en
iqudPkJ020A,en,en
PSYxUn4NsJA,en,en
vGHiOk9IzDc,en,en
LRGj7qDfDH4,en,en
gp_NVkHEvYk,en,en
FeBM4z6XqQM,en,en
SDSJlmDGlFg,en,en
9MLRdgVHAS4,en,en
gWocc7i77oM,en,en
ynvcYGQkST0,en,en
BWY5_aQxeUo,en,en
-TqdPIEov9M,en,en
jgoOKVtnxg8,en,en
dSCqrr6C5T8,en,en
BV9CzKbBLJY,en,en
-tld0bc0t3k,en,en
5T9K4tsfUro,en,en
g03Hd4Jm9Kc,en,en
M7rVLKBVftg,en,en
u75pz25OuPY,en,en
s53bdqN_Zb8,en,en
DAOHAWmeWms,en,en
CwK2RJUy9Gs,en,en
yHksRj6285A,en,en
lPsfoTtck-I,en,en
yYdIif9rs08,en,en
KtsP5tYRZk8,en,en
VAfdk1Ruj78,en,en
Z_6Gd6MTOvQ,en,en
JScC1fP3034,en,en
0Hw08eOxNF8,en,en
1IgKKnNOU90,en,en
7SrQZupq6JE,en,en
xVq9j3okeug,en,en
qvUXFH267PI,en,en
G2MoCXQ5l_E,en,en
LNoXAl8prME,en,en
M46FpyXIT-I,en,en
MaAG7mYdifk,en,en
EMybJCpr_MI,en,en
-9mqpKxn5G0,en,en
p0nGzC8XwFU,en,en
__YioDJvUA8,en,en
tQTS_gGZxro,en,en
MAJ5dbfPRVM,en,en
mSumJG1zM-g,en,en
6ZJPJpOD8KY,en,en
Mvo2snJGhtM,en,en
8vx9gLal0uU,en,en
CYD7f5b_qj4,en,en
g2JXGSPbHGE,en,en
S68pzDeJwsk,en,en
QhVVC7K5ZmQ,en,en
uZflltf687s,en,en
rTFF-Sdrqps,en,en
WTpjQs0atxs,en,en
hjvI0cqhan4,en,en
oNqefxUIdW4,en,en
ftevfN-5I84,en,en
uZmmqkhSSZ0,en,en
0LlT7MSKJBc,en,en
94a-wOBj68Y,en,en
iWJVyVLo-qg,en,en
j73CgToQlBc,en,en
egcHcHnhTfM,en,en
SY9BxTuYtcY,en,en
EPBwKJJL1b4,en,en
9m1SQvRlwz0,en,en
-UYgSv6RQMk,en,en
5BmS9X1Jz-I,en,en
ygJkZq97fqc,en,en
7YPu8IIpfLI,en,en
xTTTHdNByhI,en,en
2RLJlI9M-E0,en,en
Hv5UvqcsIfY,en,en
WdmSDzKdgkI,en,en
ACjExWL3NEo,en,en
6WY3a0brWGM,en,en
njKwu3dqD0Y,en,en
VvJ5wDDFclI,en,en
RHaujR9JPn0,en,en
0GMr8xV4IY4,en,en
vnoEVRON6SE,en,en
KqBht_b3ZW4,en,en
UDZiPXVXSxQ,en,en
sM0BAKjVaiY,en,en
aOy3UarsB78,en,en
e85PF6kBCl0,en,en
0IbFTB7tEUw,en,en
GsSO2vp854Y,en,en
_6kFqrHjtqQ,en,en
NXfouiGthMo,en,en
GLA2hFv24ww,en,en
CsMxXbJSUpQ,en,en
YuhRJ7CFTts,en,en
3hO6ppyofFY,en,en
-fxjDy7bV0U,en,en
jmAtE2O2mVo,en,en
DuEWnmNMp3o,en,en
ZcDve29BaDU,en,en
rw_twFGI-EE,en,en
qt3iWKSKFtA,en,en
aZofLZGRwE0,en,en
U3ZSl2uabVE,en,en
MeIt6DkEH64,en,en
prlvGkCwmxY,en,en
ihE1sfLbul4,en,en
wLc1Q-JDcQU,,en
DkMHO1Ey9ec,en-GB,en
mUUtH_rMkec,en-GB,en
bFId82Up0I4,en,en
ZfDxrja8KWk,en,en
M8ERq2AuZXs,en,en
f9a0nLor-Y8,en,en
D5VXI8PUHdc,en-GB,en
Qr_nQQIDuo8,,en
-mr4Om_DzIQ,en,en
mM7jUxUUbpw,en,en
QZS2xwUrVr0,en-GB,en-GB
uvz6gSoAf40,en-GB,en
_Z9Fty35afE,en,en
WqvnKBHgIMk,en,en
hS1RQyQqX7s,en,en
IGRcVJ3oW-o,en,en
2RndPb6ipsQ,en-GB,en-GB
7XuGVZ9huV0,en,en
T4Xx8kh5C2k,,en
rwFtdMcNZ-E,,en
TvC49Jm5qqY,,en
6Er9axOdmIA,,en
TGxhvW1RwEw,,en
YxzXd2J0dO8,en,en
FMhD85-DnVs,en,en
YTTQJy8qLgg,en,en
4TyPUB6o-t8,en,en
ClDD6TFmrVo,en,en
iLe2PLFdIgY,en,en
HkDSTzzogLk,en,en
z_GQgp1EGpc,en,en
2g8zkWt836I,en,en
QmsKUxPXEWQ,en,en
U5QjOMv_990,en,en
RffdDZjReSc,en,en
lYhtV4zNyUg,en,en
IMXK_hv_-j4,en,en
Gwue7WXY6uM,en,en
6Mz9Poqd8jM,en,en
yVMQ-jlwTZI,en,en
SAziuwJrCro,en,en
UCzY4Q5YzEo,en,en
mmisfMGTi7s,en,en
JZy3yPf7dkc,en,en
IaSv64dC44g,en,en
zNHKgUjrISs,en,en
LjFbfLKNJEk,en,en
S4bLJMsSLTo,en,en
DZEjiJnnDPQ,en,en
bmk9t3iPXSQ,en,en
aS-ZK7y4unw,en,en
xMpdznue87g,en,en
JodFzuMi0Jo,en,en
VyN_1t5yRxI,en,en
tJj2_tr8Mx0,en,en
zKB-sEgAVaw,en,es
xZys27-PKis,en,es
AV2ythfocQU,en,en
fn8GDHnOV4o,en,en
dMGHS9AT2nA,en,en
6ZOt9lRH7po,en,en
jdzPT_1cgLY,en,en
uH_RtbZY5sA,en,en
V2gz4kKxDJA,en,en
FdUCDUKU9N0,en,en
_z0T-ivTqYg,en,en
RNePQW56rDU,en,en
6J5nYwTg5GI,en,en
rApOkWRm3r0,en,en
CKfkoUqV-xU,en,en
R7n8ehxBQa8,en,en
2KyDrqiiZdU,en,en
6PEQkEDv_AU,en,en
tSlFZFdoWjE,en,en
IjWMcB4fCW8,en,en
hbCcV7pcX7w,en,en
Qk7d5R0APPQ,en,en
TdN1S4mwhVQ,en,en
AJiGaXRsFNU,en,en
ooP4UCg5-xc,en,en
auG_sTr5aRg,en,es
Mx5XcPGbb4c,en,en
7Q-ZZMdT3mY,en,en
ED1sREyLHSM,en,en
QEQJSHnzet0,en,en
j7BVBWHx3yg,en,en
oz7yQQ7xvxE,en,en
aEU6Eu_Whg4,en,en
kTRgaWfKKk0,en,en
XEVqZ6F_JpU,en,en
lLs_Xy4IjGE,en,en
OTJOh605z0o,en,en
hwyzBo7IpKA,en,en
Bzbowxs2rOI,en,en
l-3nlozweSM,en,en
XzHYX9_Wmi0,en,en
a4sVBmG-yxU,en,en
429Tq8j73Hg,en,en
SHhWCS5AKzw,en,en
Y7sKzRgJMO4,en,en
yAg4FHGsnzM,en,en
fSt2uCRfpuA,en,en
YOXOnV_1MHU,en,en
a2ixkGbApb8,en,en
LjSIZeM1cCo,en,en
9A6YQ7LOlJA,en,en
S4OO0xUmgL8,en,en
GfY4V-ubHjY,en,en
loWJI4L8OXg,en,en
-zeHR5XkkZg,en,en
SnWOrRatUrI,en,en
CfDafZ-3IDw,en,en
fgcsT3pha54,en,en
UPMKHXkLgUU,en,en
V2XQWGNPMhg,en,en
1jNh4eiyYZ0,en,en
X7ZDVmec1hc,en,en
icZDLKV1aUQ,en,en
CbjBts9X0lo,en,en
-ULzoYVOgKI,en,en
_pYPOCr44SU,en,en
Hju_pkIqa28,en,en
bq_yqlqpbkA,en,en
9oKqmJ-nJw4,en,en
via6nQZZXAw,en,en
D4-xSUJGpuY,en,en
jc6-BnnDiSc,en,en
wJDZR6suKJE,en,en
AwS_ZGJoJWc,en,en
I-ThkLc5QiU,en,en
Efrc3k3bbu0,en,en
X1S05ZClQj4,en,en
CE1h6uLjVxw,en,en
_G4PqD6Ao80,en,en
LXjEPvqRtvI,en,en
siDr0OgdK2Y,en,en
vrYlG2OVIKc,en,en
X8SIKtStUVM,en,en
bYwKM1VePJQ,en,en
CC7XdvveprQ,en,en
cKk421VTXDU,en,en
taEc0eZ96hI,en,en
iDxTqo5F600,en,en
G7MXCF52O2g,en,en
SOjlOTcBq7c,en,en
JXQJh68cG2E,en,en
L2ZAZc7sNEs,en,en
ZKaq0fVVmlo,en,en
O3TH-9TC71g,en,en
buFbKP9z4kY,en,en
3pgUFPtqJu4,en,en
qGMat3Aj64g,en,en
tVi_pFO69yM,en,en
wBrLvbXf-Fo,en,en
JIp3Ce9WtGQ,en,en
pD7mJFbZm28,en,en
bp4yiavDB_w,en,en
O7xSkdyEzzU,en,en
h4xlIPbNsh0,en,en
3w9vilKEh5U,en,en
P6W8kwmwcno,en,en
3_nHFelJXGs,en,en
IYM4_J95H2I,en,en
vU8DKboevHY,en,en
3ywgPlXCi2k,en,en
dA4tTaWLh6Y,en,en
5S_Y-5gG1_I,en,en
xYtb-U_GVWg,en,en
G6v6uVbpK1M,en,en
ojMGtK93Akk,en,en
0R6LxlLIYwQ,en,en
iBTaEkjRwXM,en,en
HsLvlho4cOI,en,en
vcHZymQ8wso,en-US,en
XJT0tA2Xfck,en-US,en
FhtqFWZxEKg,en-US,en
FxpdvwjQtX8,en-US,en
2PVosB7BUX8,en-US,en
WiKbZRAAoJM,en-US,en
PhSp4L97dVU,en-US,en
F3T9-vvqcuk,en-US,en
p49verJMd38,en-US,en
psKhtyT-Ob8,en-US,en
F81knLuNE30,en-US,en
uEfhZsj7scY,en-US,en
eHWfDK0pYMg,en-US,en
xapqemHkJcc,en-US,en
SDxc9VUAFRI,en-US,en
V0pvGuIy2Mg,en-US,en
3w3REWvN2tk,en-US,en
ubq8VCtcR-U,en-US,en
ioJMT4cWvWo,en-US,en
tRkFBv3lCtg,en-US,en
J8GVt8j1bT4,en-US,en
6wjtOR3LzZI,en-US,en
bFmurnPXiGc,en-US,en
NahpVOh6Cio,en-US,en
sZl-doueWNY,en-US,en
dGwLD9SMcFI,en-US,en
n1-RIQYlKUU,en-US,en
E74UVL6TQNY,en-US,en
zfn51ySi2ek,en-US,en
SmjUUFIWHKA,en-US,en
-na4KkuoUVo,en-US,en
uj5zfW29LhI,en-US,en
xeoFTxAnoZc,en-US,en
Lc4PEK_NpLs,en-US,en
ETxrfpK_e7c,en-US,en
SbzFz_KNoy0,en-US,en
HN_BN78W55g,en-US,en
MxGc0XHfNcM,en-US,en
k7OJda5T28M,en-US,en
2zS2RtM8P68,en-US,en
Mev_EZ030nc,en-US,en
RKQ4Q4uOOSY,en-US,en
Zo1wnb2U8eE,en-US,en
Z2FD0Eq0iEQ,en-US,en
oabNIsfevgI,en-US,en
Oip5BOsvRl8,en-US,en
xjXEsIHkSo8,en-US,en
AWJ2BEN3z2o,en-US,en
o8IRME56EL0,en-US,en
J_kvG0X4MN0,en-US,en
CwqKSoCYqoc,en-US,en
XTHqUBvHERA,en-US,en
ESsBC9PIKaU,en-US,en
kYOFXuf0HfA,en-US,en
S7P2iWzjIJs,en-US,en
9XIqVHEUYF4,en-US,en
nBvoe1AjNAk,en-US,en
3drCQVOYrO0,en-US,en
5nf-NDk-0bo,en-US,en
UhmrXCyrQ-o,en-US,en
ldeSYejY6CA,en-US,en
OAKh11ygTs0,en-US,en
W3BlbYUr-v8,en-US,en
7P7DQBhn0-s,en-US,en
kJJ8elM9kQ8,en-US,en
ijjBdmZbIhc,en-US,en
VUvQWEYgocg,en-US,en
ZcGIsiBdlH0,en-US,en
C7U6PAmi1zI,en-US,en
OdbSrx4l8rM,en-US,en
HjsqE5SdAng,en-US,en
dcblrr4IESY,en-US,en
qhZrvE3qhhg,en-US,en
J6KnuGWs7fw,en-US,en
SuVSCKasZ4o,en-US,en
dXyDcNCuv-E,en-US,en
0jSqBWoBMOI,en-US,en
jkyv6RXYH64,en-US,en
FgIjLe6mf7o,en-US,en
ZSA50Cr2EB4,en-US,en
StWK0MEuFKc,en-US,en
-Mx4g9F57g4,en-US,en
sURX6J7v8sU,en-US,en
U-ij0ul8mlA,en-US,en
zxBNYL-KaRg,en-US,en
VlQINihGSfo,en-US,en
S4Dp6Czi-B0,en-US,en
qwDry6MF7hU,en-US,en
LdETfq7WGzk,en-US,en
brOZsdUbzbg,en-US,en
oe9PCgONfd0,en-US,en
XfWmwVLjLb8,en-US,en
VJ5ffV-0sRg,en-US,en
A2BLyqu_dCU,en-US,en
pRR6OuEGOsQ,en-US,en
3QEiVctiJcc,en-US,en
40gouhZfGEc,en-US,en
RwYossga_jI,en-US,en
XLbOdJblvNE,en-US,en
fUd0qcR2PbA,en-US,en
nz9PMO51u6E,en-US,en
gC8wGB2J--4,en-US,en
b5ZyCaKs2fM,en-US,en
DvuH-1bS9Lw,en-US,en
Gk6CcMtKd-A,en-US,en
Er4mdPd-isk,en-US,en
BKJ4MS3znP4,en-US,en
eU655ZZ9Z5Q,en-US,en
QBcZwHpaqB4,en-US,en
ZHhqtnN2t20,en-US,en
q7YhpGfcVXo,en-US,en
DEVv_TKwzA8,en-US,en
rzu7o68WSaw,en-US,en
LcvAun4Jr70,en-US,en
L9p_E56YTXQ,en-US,en
73pMt-rq6Dc,en-US,en
Q_gCIPsk3jY,en-US,en
QVw92jlPEPo,en-US,en
iELATxskL3Q,en-US,en
TqQ4whV8FTw,en-US,en
MKykrctISxg,en-US,en
0zqbNPRmTqU,en-US,en
uMQdI6TE7VY,en-US,en
vTK-kYlswSE,en-US,en
mM5BF_TDBew,en-US,en
EcgxV1KLjvI,en-US,en
Ry8F7GfZIM4,en-US,en
tUxjrKzrowA,en-US,en
itruEUXXDEY,en-US,en
htPA3OrZkdo,en-US,en
Blc4QI5EXRo,en-US,en
HXBHyAGZLys,en-US,en
dI_xuwQqmSg,en-US,en
5CPCECHxgeY,en-US,en
lXWkG771LFI,en-US,en
v6YFVJHYwGE,en-US,en
leTD_k8Led4,en-US,en
7fYpWQq8Hb0,en-US,en
eK-k6OI7-Kw,en-US,en
XEsZKaJegpQ,en-US,en
kvOICmm9slg,en-US,en
NK88iwkvjfM,en-US,en
7-xDcLKKE8E,en-US,en
U00gimk9Msc,en-US,en
uIXXQ4e36fA,en-US,en
oGfRo5kuXys,en-US,en
vKPbL3_xEAw,en-US,en
nRsQbmeuiAA,en-US,en
yz7icIRhwhk,en-US,en
vy6lvb91ULc,en-US,en
fEywOkxZNrA,en,en
gz-qpJuNIpQ,en,en
HumwgA8byDU,en,en
cKrFL4N8s9k,en,en
zr5plgJxwno,en,en
ylYlGUg1hMk,en,en
N0zC0CpwiZc,en,en
NvX2UjsCTE8,en,en
1ZTvCXR8At0,en,en
w79lsfB0RcQ,en,en
xZaH4Sp3Rik,en,en
ZeE4cPkkAbQ,en,en
KqTAVprbJmg,en,en
q6k6nXdEmEA,en,en
RnT_z91Vxbo,en,en
7mdZX24GnqY,en,en
t-z9Y8nIu-c,en,en
BFhyJxVZmiE,en,en
TopKl_Ff1kI,en,en
eZb-2INXT-0,en,en
1S9_unMBfd0,en,en
ItHIznSNaf0,en,en
oJhdpGp2r-8,en,en
wnNZtqTechk,en,en
yoFDbXqoMOg,en,en
JvjW7DE8yZI,en,en
MJueKg84MXY,en,en
ZTAuneE_VQA,en,en
Gg8duiT3F3s,en,en
i3PdsbMCrPo,en,en
HETfRRiJj7U,en,en
inYIHK1h-z4,en,en
KkNyPH6iXIw,en,en
DxQSbdplP6w,en,en
zcKR1OdZ7ms,en,en
e34NZ2EcWuo,en,en
BWv8tVbEsf8,en,en
TALPWd1hLsE,en,en
8N12zBNturc,en,en
XY3nwRHblY4,en,en
k6mLz-P_08k,en,en
ZhK2SB4sxlU,en,en
UiXuXFuc1cA,en,en
_vd5iBVIjQk,en,en
w2pbDU9VJSY,en,en
OkH-nW_k9Ko,en,en
qadjfH2L4kU,en,en
4mGVkTCx2ls,en,en
5Tk2JnwfMHM,en,en
M_xKTne08V4,en,en
1TOIlTxoDto,en,en
6ulSj79uUGE,en,en
XTJ7hBSgu1w,en,en
41IuDfMOSNU,en,en
0UH-pqAv-UQ,en,en
UbH_DN4baGI,en,en
xReCiWbe1UQ,en,en
3c4tiJ3EdKk,en,en
Qr6kUC5KeoA,en,en
bm07MOohGS0,en,en
N9IdeIAXGB8,en,en
wb8rLz1xQBs,en,en
qL3qz373tEk,en,en
yOuSKhqsmRE,en,en
IaDTJRRm7Gw,en,en
GPgW3MWmQwM,en,en
4nWo4vdyXOo,en,en
nCqPod6Azb0,en,en
sJ_yRwGxsgs,en,en
fVg6d7GN8GQ,en,en
cCLckMcz68Y,en,en
OzlnRGtPXc4,en,en
rIqB7sroqWE,en,en
L-JLBvNxVAg,en,en
YuZFW10T2Uo,en,en
nuqvdHSGlbE,en,en
IzGqMpBIs8o,en,en
R2viw7QlJZ4,en,en
-QEFRmGUCMQ,en,en
pxy5I2Gvo3s,en,en
baTTpb8BTaQ,en,en
DbUbfQ8JBoQ,en,en
aFfSwLuPzxE,en,en
uX7mDyZIo68,en,en
5eZNirjo29s,en,en
1Ck-OtY6jpo,en,en
B4X7OLxnLok,en,en
l3CUg4nlzXE,en,en
zpIhFHYFeew,en,en
6fj19hH1Mx4,en,en
cYlT98ytnR8,en,en
MGLuGr3InOI,en,en
yUNuLnbxWGU,en,en
zF2wnJsvBLg,en,en
v2oq01JXSKs,en,en
kIB-ypmiIzo,en,en
1p6hc5xVXY4,en,en
Xfevc-CF2HA,en,en
bB6k3Gnk0qY,en,en
9Ag_0D6arDU,en,en
KNuR7zTWlhU,en,en
YEioyRl1-zQ,en,en
DTepVrwOOYc,en,en
-Rr6RQVQr0g,en,en
jOjJY3xEI8o,en,en
6_ZJcDYoFBM,en,en
jRaG7h84pDY,en,en
73tpsJeIsHU,en,en
NfCoeyP_m_g,en,en
NJJC6VZRXD8,en,en
TBL74Wsfbig,en,en
7C5Nb4elqq0,en,en
6HYVKYQaWws,en,en
oC2w2aJRdwQ,en,en
u1JdpO1JdpI,en,en
mGoow9a8T60,en,en
BfhHb0VBgOI,en,en
JJldgsWCnNo,en,en
8WLvEdJODP8,en,en
tR04hCQRT58,en,en
yyw_GTNzXFc,en,en
MNVNSaCviyI,en,en
dxtVigcRS20,en,en
aRGZhD2361s,en,en
j3EsS6L4t04,en,en
9tPKsnxzrBs,en,en
EMkMmY-MXwc,en,en
LRh4xxc1mbQ,en,en
ZVup1a59IKU,en,en
Q9-EEoGQyTE,en,en
gRYkxdc2PmU,en,en
RWdSzFvI7Cw,en,en
JtZBEkeSUcM,en,en
rWYBHbgCN-g,en,en
Ncp0rL5wUT0,en,en
8STmk05BS-w,en,en
_M4H9TmhFK8,en,en
V-yOxfw6tBg,en,en
Nj98wpV9Agg,en,en
v0l-H3m0eJA,en,en
5oI-qMCZ5dM,en,en
WP8EMyoWUlM,en,en
j19HFPplMQ0,en,en
Jj0D6Vd8w-c,en,en
yIcEUaDjYRc,en,en
K56O5RdE3KM,en,en
IdENz7Spr74,en,en
UOxEifMmlgo,en,en
XmzSBBwkCvo,en,en
8UpxiFOnNj8,en,en
TfWKzr2wr-g,en,en
j7h6ogUAIUY,en,en
PSdlb0niXaY,en,en
jL4qjOM5d9I,en,en
wfYEk0lXtwE,en,en
EDUKbtIP6QQ,en,en
HGPWn5_yVtM,en,en
hZXxZ26WBiE,en,en
2sw3zlrsG18,en,en
aj8q0urRhYU,en,en
X1QgbYxe9GI,en,en
rHi9fq-S2TU,en,en
fsoRuXGgX9I,en,en
RCa43F2NQnY,en,en
7SCMMyCyuIc,en,en
s_HiyZpZYrA,en,en
NZrh2_AS8a0,en,en
WNx8mXFohVw,en,en
mCqNU6NLOjk,en,en
eoRrxpErI0o,en,en
jWGuL8Ngk1s,en,en
bb1GohjaYPk,en,en
YzWNJBr6th4,en,en
6lg1AeCq8Ko,en,en
odrOn3kAzcM,en,en
HBkyWc6AGOI,en,en
M4Gami_kcPs,en,en
XsQAuVJLYzI,en,en
b0IvaSQUWIw,en,en
Htdg-jwwyfU,en,it
bkXCrGhWB04,en,en
escbOUbzu9A,en,en
Iijc_f6Llfc,en,en
906UOtPiGbo,en,en
fjXHi3MFdtU,en,en
6JXDp5yPaa0,en,en
R_uq216pA4Y,en,en
Y2y1WZXGD5A,en,en
E3gIfl197gg,en,en
EDqgTv9JjuM,en,en
zncVC-5bVC0,en,en
LHWgIaQCAww,en,en
T8CK9aIqy20,en,en
k7a_yRqU_hA,en,en
fcRm_rbS_-s,en,en
4RNElIJa9Jw,en,en
1sguFjCK9GA,en,en
UEX0RCBb-CQ,en,en
vpxwZuFdirM,en,en
gGfVoM6GRGg,en,en
r9jd03DNKkY,en,en
GgGPqTkYWio,en,en
KiAlhkTjJrI,en,en
v68U4r11VZU,en,en
kdvfQ8tQRO4,en,en
EfuqVRIPHwA,en,en
a-rlwmBu3Xk,en,en
IjjdAheuNKs,en,en
onn-dl86p70,en,en
QHRSfdf_3lI,en,en
aHrxGxWNIv4,en,en
JhVvsftbtUQ,en,en
L3EHUgx-jIY,en,en
srMEoe_5y6g,en,en
RtWMeHIqif8,en,en
Mu2j7ib9_yA,en,en
TUWcu78Qpts,en,en
uWWVNq5GHp4,en,en
KmBJTAUXpdU,en,en
sClalDEIVbo,en,en
xtplXAGD-q4,en,en
hGzM3VQcsb4,en,en
hapjShCi254,en,en
pnDblfMHHhs,en,en
0YY7K7Xa5rE,en,en
KKddfnuQtd4,en,en
XuAY0-mUAb4,en,en
_EyvEwBLWvo,en,en
aV0Wq-aYAeY,en,en
AaHbfrryeYA,en,en
XlndcLo3j7I,en,en
2sbsRR2yZ64,en,en
83eQ9flwVS0,en,en
Lp5hDIbv3XQ,en,en
WgES_Oj6-tQ,en,en
Oxnzo9yfvbg,en,en
E6w_W6GyHEs,en,en
J6HtWGk8xbo,en,en
lO2WWK1nGSA,en,en
28mtBfiR9BM,en,en
ddJMrxoq56o,en,en
OfBTvLWKlZA,en,en
OChZDrivjJw,en,en
YQc4vxdHmpY,en,en
AqwEDGX33kM,en,en
nDjxePZzeSA,en,en
DiaPSbrxy68,en,en
aQK8z8q-RhI,en,en
iQQGbdoOcXA,en,en
Ig6YUeCEI88,en,en
YCt2txu11d4,en,en
fEpwmwOoWLw,en,en
lAn4CXk1sQw,en,en
DIBCFVCQqfs,en,en
xuVEX4z6fQ4,en,en
xtPkHihj7Ho,en,en
c1EpTfvPc84,en,en
IdxDqa-9KTc,en,en
XksKgoBqHdI,en,en
aVAN4_pWCwY,en,en
y4dgl5Lv-Iw,en,en
4oseDv8oB5E,en,en
ZJe3yL7NHdA,en,en
pJJ9TmteJLA,en,en
PwM0AeB6N8o,en,en
20nCCRxWCsU,en,en
iWxdblsCxps,en,en
mMMFUKibW-c,en,en
VVJXDFh0XPI,en,en
PCW6dlBD-_g,en,en
5JGB5fLqeZg,en,en
lnTRggYQ94M,en,en
QRtoUoBgjDw,en,en
r8y02BR2RaE,en,en
ZC4PKYZ_W5s,en,en
FW9Tlw4U_20,en,en
W8Xw4crhmfM,en,en
3ePd_97U11I,en,en
ZorUPMeKgh0,en,en
Totb3CTCuOg,en,en
HXesSmxVNMs,en,en
lxHOea80LFM,en,en
74RWIg_I_-c,en,en
_8mIDeRaYoA,en,en
D6rWg9SBL0I,en,en
10lXPzbRoU0,en,en
oIM8jlZ2SEc,en,en
KgMYPs_-k4M,en,en
zKEwA__rOHk,en,en
xPYjHE3MB_s,en,en
_WA9vmEsFEI,en,en
uTxq3ax2xfo,en,en
Uxn9DSy71uc,en,en
jNnol6wc6QI,en,en
xm7unNTgiak,en,en
Gq06IXn6K_4,en,en
g2fTYDftlCg,en,en
es6-wkg2LGw,en,en
S31cgQdmF24,en,en
gB3b1hqK24g,en,en
613Xbz7nJUw,en-US,en
2D4okryzURc,en-US,en
016HJe2eyb4,en-US,en
xlM8X7KHveE,en-US,en
dKKf-QrdwJE,en-US,en
2xuT_zwoj1M,en-US,en
gEHrvVrD3FY,en-US,en
cX1Cb0LDF1I,en-US,en
FRS8le5Qz8c,en-US,en
V8PFfYPYjqY,en-US,en
uqQ6g6OY2tc,en-US,en
GkDUoHh0MPc,en-US,en
VflY99yZJ9Y,en-US,en
pgdLYugmkX8,en-US,en
FS2F2dYq3jg,en-US,en
R26Y6W-Lm00,en-US,en
MkjoZketVjM,en-US,en
rR1bx3hens8,en-US,en
_a20t30jL80,en-US,en
3mhocuACAKw,en-US,en
fjjp0-YvZKU,en-US,en
Kd7_eIAVxa8,en-US,en
-0_kSOAThyQ,en-US,en
Jge99Iv89Jg,en-US,en
NEcZSM6xS80,en-US,en
n6Y-loVp6mQ,en-US,en
vKNcXFC5DhU,en-US,en
Axt9_Q2ES6A,en-US,en
5EFMumgsgeg,en-US,en
TuvCKb20KYc,en-US,en
2VwHnlrL2so,en-US,en
2hrTRNv1DZ8,en-US,en
E7x7duyy4Lo,en-US,en
U6Q4RFmnWk8,en-US,en
N0zc-j6gmmM,en-US,en
9_48mNmfy_A,en-US,en
wxhmEePs4GY,en-US,en
u_7zRpmVv1s,en-US,en
odN3nVpvc04,en-US,en
dwKu8Ogo-xg,en-US,en
i9fga4ds4mE,en-US,en
ZITVpX3OWdc,en-US,en
cHx67tiqDHM,en-US,en
TwtT5qHQoj8,en-US,en
3zKnwM4pncI,en-US,en
l0v58llSOmw,en-US,en
XrVEScFvPIA,en-US,en
1Oq6KfHTBNA,en-US,en
J_dJ9phENjY,en-US,en
9mB5PqWhQeY,en-US,en
wE1wUrd5QoQ,en-US,en
qJJpkpdOup0,en-US,en
iih1HnPv1UY,en-US,en
yFFdsReaOXU,en-US,en
HjWMtL5_lTs,en-US,en
HAZ_dQES6Do,en-US,en
LdZcjgeKL9E,en-US,en
xl2B9ssZc-s,en-US,en
k5jTp7zm3Xo,en-US,en
1s-yCwwMV1c,en-US,en
cPnfDU7QR6A,en-US,en
bHE0lpFl8Ig,en-US,en
SqQDthhMrJs,en-US,en
kXIRe-EIQHQ,en-US,en
Vdy1Jup1jHA,en-US,en
lyVHjF4eXHE,en-US,en
DwAPwbcq5GQ,en-US,en
3xvUl4CXIgY,en-US,en
nfkjM1G4To4,en-US,en
BRy-7ikppKI,en-US,en
OhA3T60PtSM,en-US,en
02AjwZo47Po,en-US,en
Xuf_mIufYQ0,en-US,en
IIXoH1lub4s,en-US,en
avxvIjqzFqI,en-US,en
Z9TKCs6ud5U,en-US,en
VZjkn9zJdkA,en-US,en
HFWcAR9rjA4,en-US,en
Z5NapyFmAqY,en-US,en
VkAGO65m7zA,en-US,en
Jj0wWfmx7mg,en-US,en
8t25sypmQxU,en-US,en
p8-_DJd1Ii8,en-US,en
AMQHmSnrg98,en-US,en
M0PXNRm5nYQ,en-US,en
ntyBmviVs4M,en-US,en
ahGGanfPDJw,en-US,en
BRAyG0QrNA0,en-US,en
CS0mUDrywt4,en-US,en
ibgnYejxRww,en-US,en
MMannUSmHeg,en-US,en
n8YZeA-ZC6c,en-US,en
3_gAGD71q5E,en-US,en
JUVlgg2xFSs,en-US,en
pUw4u5zIXDg,en-US,en
zV54xgjxwpA,en-US,en
2nhjTXUUx9g,en-US,en
JpPys439VHI,en-US,en
58HUM40gDPU,en-US,en
OBlyfat8h3o,en-US,en
ElDDEqUJUC0,en-US,en
uu2xJw8dvo8,en-US,en
kVCAw3Kak5Q,en-US,en
8Ys8l_KUG_8,en-US,en
FQPifCm-WLc,en-US,en
UDOjAlOOCSs,en-US,en
2yX3cHAVVK8,en-US,en
5MT2CmjtiHQ,en-US,en
bl3E3WK4Z7A,en-US,en
TlLzfMrYMRk,en-US,en
B7itK6OINT4,en-US,en
l2Yks8fEDTc,en-US,en
U4AA1UggMak,en-US,en
ZhJNRcDgh9g,en-US,en
2LcCpUZC8zk,en-US,en
NcGGvGVIJr0,en-US,en
KULgZw0o0ac,en-US,en
PCjLsZTV4Bk,en-US,en
zLLwx4R9Kek,en-US,en
5XOdPdi1OWA,en-US,en
ubkdw9LCdzw,en-US,en
AQJXb1AQ5F4,en-US,en
YdvucazJ0kA,en-US,en
8F8o3nY1kU4,en-US,en
jxi_zVi0zSA,en-US,en
Yh8N2jX0iyU,en-US,en
aoU-Noh_JE8,en-US,en
fFCqW6VwtKQ,en-US,en
RXJ2JFJYC_o,en-US,en
bt7nC52GrmM,en-US,en
OAmJ7aFxR5Q,en-US,en
itbtOepN5Bw,en-US,en
zCb2mAQdIgM,en-US,en
3Fm-Kv3xeOE,en-US,en
TMEww6YxplU,en-US,en
-x9CigwU6dM,en-US,en
5fz0Hg7f3xI,en-US,en
8nJjO-XjRbo,en-US,en
zc63e7ZKUrg,en-US,en
aWbFfEOCnag,en-US,en
ISJPkQxw_xY,en-US,en
d0PaRSSp2gc,en-US,en
ogHmCt9RWpU,en-US,en
VkmdJD0IsPY,en-US,en
Cx60DwTvdJ0,en-US,en
tGZ71udBYVA,en-US,en
1ni_UZC9BJk,en-US,en
CNVxgFqWC14,en-US,en
MBQjWyz-th0,en-US,en
zVK3y5WmPzI,en-US,en
QBrIfgNcnS0,en,en
bOzsib2H7qU,en,en
jEf1mLxYZMI,en,en
EUlE7SY-51s,en,en
n_NzHfvH7go,en,en
szVhAmdryIs,en,en
BTWaEOtxl_Q,en,en
JS_IAiyiPH8,en,en
kbEqoqZGV0A,en,en
iqnVslGa-Mo,en,en
pWtSDkiYeR0,en,en
0hgJ4tsHoa8,en,en
PZWJURaNKLU,en,en
VBc7gT0JDUg,en,en
Rq8QxtwcC04,en,en
aCBB_QdEJXA,en,en
5fSR7gRuB0E,en,en
D9gkhqBNf4E,en,en
aTcpSYmj8CE,en,en
FHJoN-W0YgY,en,en
dHNw1lZWpQQ,en,en
ig9-RkRFR-c,en,en
jpIDtO38TrE,en,en
dTaHj6Ul2-k,en,en
AapWpLLKgck,en,en
IKz4GxR-3g0,en,en
Zo4LHAiH-nw,en,en
42RH79P-qbc,en,en
DjxFryCuMRU,en,en
LVGDyr8MGXM,en,en
oDtQkZDS-e8,en,en
mkXXO2ePqrw,en,en
KPx2UQjpIg4,en,en
tiJm6UmZXVs,en,en
l8Wb3ubgJ28,en,en
wPrX0pr62hE,en,en
SGnipmKk2IA,en,en
0XyYGm0lw7E,en,en
HdlxcB67oHo,en,en
og59n4ZWBjo,en,en
PuvtzNrOOXE,en,en
midA3L2lvHQ,en,en
wIw4BBhkrjQ,en,en
uD6Q68aa7n0,en,en
MlSU7kpxOMw,en,en
oEAYtCHWBgk,en,en
CTe1oGOQ0QE,en,en
9PEWSr_suu4,en,en
KhaSFZFaUYs,en,en
vHqXhzK97eU,en,en
icd_lc-vNsk,en,en
0_ByFHQBkXM,en,en
aSH9biI9VWk,en,en
bPiosqBC40U,en,en
Y5vqFQLysQs,en,en
g4tlJphX-mE,en,en
mfiUrX5s5hA,en,en
eEroRbxXJSA,en,en
FLuhKg1PoAQ,en,en
tePBhaq4OlI,en,en
OGWp5SjnbJ8,en,en
e0ZMe_3VguI,en,en
a5TYxMS3oHM,en,en
hyqfWbDWi9M,en,en
fhMEfv2iJWc,en,en
9ICCMZTi_bQ,en,en
VfohKtPKzeo,en,en
XqXgOFpr2Z4,en,en
dcbMh6D6JMk,en,en
DcLTgUdQ4dU,en,en
mkOqNgSqG0Y,en,en
PFN1zyPvR5A,en,en
y1dpoI-9fWc,en,en
xzb3BlH1u6k,en,en
4wKlFrCQqsY,en,en
tlXuwum0doA,en,en
PyxlVcVKI5c,en,en
suNJCsVklPc,en,en
M4jzke_6ucY,en,en
rdfE7tVss7g,en,en
e7r8XET3sVU,en,en
t_p4RdmJENg,en,en
OtaZJdBF1h4,en,en
3llW37YhBu0,en,en
9-6OgXSOo-g,en,en
vOEkayA3rE0,en,en
WlfRguNG2qA,en,en
rIvEQjqeITw,en,en
iW--K8QSXuY,en,en
aBsZPEjpocA,en,en
7gfnwDe55VI,en,en
-nYvxZEKpn8,en,en
qwlvGMrsjOU,en,en
o85h6k2Uf5A,en,en
ldi7xE7DEe4,en,en
uyNvGOJyn3Q,en,en
A-8jGIl5cj4,en,en
CL4fbp3P0zk,en,en
ZESv0oagJAM,en,en
2wQqyjVVpUE,en,en
-xLTFIy9eDI,en,en
FFteLJEKuWY,en,en
U7IKnnXe99g,en,en
xceJfrN5kqk,en,en
Tndqfg25nvk,en,en
z42iSptIPgM,en,en
LQRq1Y1-jnI,en,en
bcNxHOSlqKw,en,en
royUJ8_hRCw,en,en
4GZSZadb7ag,en,en
Zez1N82_9-o,en,en
-Opzzu_c0kg,en,en
K65nNrSc1V4,en,en
Gs2wSPhLApk,en,en
On-Z8pzZybU,en,en
6O6iEfUZV-0,en,en
i8LQPyfMu8g,en,en
_GcDMleCp_I,en,en
YKqzdBxnwjc,en,en
56Q0vuV5Tx0,en,en
VDj8Hn57arQ,en,en
_D7QsD6wUf4,en,en
C5dRo85Z8LA,en,en
PCS3vPjq5iA,en,en
3NPls1rEWeM,en,en
AQAMP2swBSE,en,en
0J83E8h73vE,en,en
FiOzfsmZ3DE,en,en
MSVAU7l1dcU,en,en
DLNb-s9wsi8,en,en
xROPEvKuft0,en,en
JaST5_rBzOk,en,en
DGFLa4TAubM,en,en
EFUzwP9XGlo,en,en
izD0n7dAdK4,en,en
zXuey70VPeU,en,en
j5TvOEeI7hE,en,en
6Czgx9LClUI,en,en
hrVNSe3-JgQ,en,en
F-OU8gr2htQ,en,en
F1sWMOTWdcM,en,en
9J6rA5JX92Y,en,en
MK22jnaqL5c,en,en
soP7_Qi8NEg,en,en
scWNuAkMSL4,en,en
LazIPUo1TJM,en,en
ffARLpMIDBo,en,en
PobqxozSLls,en,en
Lrsq0wCyptY,en,en
SXdcbuoh2fc,en,en
ITp_uu2NqfA,en,en
7v6v3zmKMIE,en,en
JtznMhv8s20,en,en
rIjHpdMK7bA,en,en
jLj4JC9iqpM,en,en
tIH6dyEsKyg,en,en
DtytPtbD0_4,en,en
bUzH2aRp8YM,en,en
EXJXE_lJ0NU,en,en
f9G1bHfWc2U,en,en
WmntkCmtOCM,en,en
dBbDXhZx8Kk,en,en
mPUlYWbZs9o,en,en
SeLyi1LH6Eg,en,en
bwK0skeFEcE,en,en
Dzb4VxFW-kw,en,en
PQZWsH2Mpb4,en,en
NDvHiOmpHSc,en,en
EdMuhm9qqtg,en,en
ODzX2A0_nwU,en,en
nTEp69hPu-M,en,en
GtQJE1JI3oc,en,en
dCpRNLR0qzI,en,en
KCnkc3Y0AOU,en,en
_Xsdpock_4I,en,en
d54NanBJV4w,en,en
W-QKiyIcB5A,en,en
vgZ3SGKPv2o,en,en
M4SBjnTA0TY,en,en
CA976Ydz3aM,en,en
0zkiNjCUjGA,en,en
3EAwrOSBe3A,en,en
a_DxrtG5gxU,en,en
KJDKHrvzIII,en,en
6INpWt8VDJQ,en,en
NEsrREusAk8,en,en
dXq8WPbOmsU,en,en
L0w0q5PU8c8,en,en
sezJyA1POkY,en,en
HILQ80TNyCk,en,en
XKtDwJj5xxQ,en,en
Q82FkAJCb0w,en,en
SAUksrFU-RQ,en,en
VSsk1PoKSDw,en,en
ZYeOxUjnGPo,en,en
eqpXLegiSes,en,en
yTEjb7Dz8YY,en,en
sMstEvU7k2A,en,en
N7DWxMqIvGg,en,en
s4q4u_GhgFk,en,en
0i6dKWJ3e-Y,en,en
aOHOyWbxb9g,en,en
m2Uezalybwg,en,en
3jDSNOPgpjI,en,en
lL78G1rfgtM,en,en
YPJ0nO3DyX0,en,en
T_P1Khr-xwE,en,en
7llz96z_MgQ,en,en
jESc35bSfvk,en,en
CyCFDSzUQZU,en,en
mGHfXZiSk0U,en,en
JM8lSWpkoOo,en,en
5FzBoOtgRuE,en,en
Kb2vGlMtQuo,en,en
vxyT7pHPtBI,en,en
KC0VC1-S8o8,en,en
CTd5edGDONE,en,en
kAB72FQzlk0,en,en
CIseRRm8_ls,en,en
7GMGpAZVvg0,en,en
Z-UDrm-Ni_E,en,en
3qOJMwowlcs,en,en
juHf6HpnvkE,en,en
sgqOUwlesZI,en,en
I25B480NAXs,en,en
VpKt-fQbQ5M,en,en
gtCM3PsZ74c,en,en
N1xVrUovFhk,en,en
wzcDNuUqSMs,en,en
BnUM92AEeM4,en,en
g7AYYQJY0Ks,en,en
aCWjbsiaONE,en,en
0u2NOuNsP90,en,en
QMiNcwZ9Aks,en,en
ZvIULSdzrpc,en,en
v2xJOCvciNI,en,en
npauZJFykEs,en,en
myg-y7cHnag,en,en
d_BR1jfvb4k,en,en
SP-pkOcePsg,en,en
26j4Uu0c6Jk,en,en
6nag31OWsBw,en,en
Kwm_N0dCmns,en,en
ZzlliBJymI8,en,en
H-w1R-v4C5s,en,en
wxBw5TDjiHk,en,en
H60V39Yct98,en,en
OLdU-KpNezk,en,en
PFoxrJYEGJg,en,en
aNDCDOIy8K4,en,en
5-j2-MSweRM,en,en
zAAJevQlrwk,en,en
ffKCdtIDGs8,en,en
OuWaY7O0xwk,en,en
66LTS0ugsL8,en,en
S95KugXCFQo,en,en
ks58eJScLrY,en,en
NIu_vuSyQQY,en,en
kdtMd-KMwtc,en,en
3ie0r9SNqKs,en,en
wGxKyW1Bvus,en,en
VofeKXT3FTM,en,en
xUUNhoDCOYI,en,en
6FM0HcEpp9M,en,en
dbXSMZwpe4k,en,en
9nFIkI1E3Fo,en,en
303AL5SyXjo,en,en
qn9VGcmuWZU,en,en
97_ogy70Zb4,en,en
s3L5PI9NjaQ,en,en
t3P1-V4m3u8,en,en
-aJhdhr0nD8,en,en
nZPaNd2S8Dw,en,en
_2cFO93sdOk,en,en
HgMN3HaKXiE,en,en
t8B42wiXOgc,en,en
S4Bk9KsI3UU,en,en
wldA8jVva0E,en,en
9ySXTRNzCcA,en,en
GwOdD4ZTUIc,en,en
yWU-1WwtC6M,en,en
OFIn-hFql7M,en,en
DdzFnY160Ms,en,en
mSJKfJKqDQw,en,en
2c0yjXzZnWo,en,en
WvO5Y9LXvhw,en,en
hiUtg_GvHAc,en,en
VKXYTsA0P6k,en,en
cJwctYPH3Ag,en,en
lTHT0Enjsu4,en,en
s3Sgjrh4nXw,en,en
HO8H9JFlYmU,en,en
sPncOXODvLg,en,en
Kxj8OO1uG0A,en,en
MLP6lgbvpAw,en,en
lCP83EajBkk,en,en
uJ916qAgkWw,en,en
cDIUmSzbzVA,en,en
6tKlh7rWRWc,en,en
EL1YnQ15758,en,en
3EeQR3D5Ks0,en-US,en
-BP1jGkdcMk,en-US,en
U-oN4yYCVgA,en-US,en
ZkY53qgBCys,en-US,en
0Atj-Npj2cs,en-US,en
uhsbAGcQbt0,en-US,en
Golojl1CGmM,en-US,en
RrGivfPI6fs,en-US,en
b_qlskcFUag,en-US,en
GMEM-rbi2Gc,en-US,en
waOQqw3gfYU,en-US,en
9JLoLgB8i78,en-US,en
RS75bImFiJo,en-US,en
o2X_t9t2mKk,en-US,en
LILBwJrR2HQ,en-US,en
DEPaQk9KzxY,en-US,en
9WidlDRQSVQ,en-US,en
FePYnL2qQQw,en-US,en
EK60tZt_-8g,en-US,en
e8jBaZgeY1c,en-US,en
YDK6UpqqyFM,en-US,en
MLXKSgEKu_w,en-US,en
Aw99tIzfSaM,en-US,en
Oo_5GpfrTKM,en-US,en
2TJ5dOVckMY,en-US,en
etxNVtVfCM8,en-US,en
Tp1Bbva-o8s,en-US,en
g1vIFnpPNVU,en-US,en
YzJ8u4E-3no,en-US,en
tLZ8V1HJFQ0,en-US,en
2q6Xjd_6UVY,en-US,en
L4AcA0Hp1Nc,en-US,en
DMDeCYHXodE,en-US,en
xSjPthQ8NQo,en-US,en
UGHAYOiZX9I,en-US,en
94rWsl2t9Z4,en-US,en
I8-lI_kY_gI,en-US,en
0OPqmmjLitY,en-US,en
JoD-QHtghCI,en-US,en
X3-0stFYYAU,en-US,en
Y-Td1-dJQ-c,en-US,en
wCJMJ7pjHBo,en-US,en
M6BtTN51yaM,en-US,en
hsDc9sWujcQ,en-US,en
uGGvf8ZfA-Y,en-US,en
D1leDz3OL9g,en-US,en
KZwhObmpoLc,en-US,en
uV7TIBCeMqY,en-US,en
tUkR26ESJWs,en-US,en
Pdh55tnDDeE,en-US,en
MXOh6yPlgtU,en-US,en
lWeha9BX4F0,en-US,en
TpvkXKwtVc4,en-US,en
CAX0x3dsK4A,en-US,en
NGkfNJoUlPw,en-US,en
IGfgqj1W4gc,en-US,en
PkwnEEVhepc,en-US,en
ya5KB1xKu90,en-US,en
6Bg9kEAxzmc,en-US,en
3LiuuUhNuk8,en-US,en
FHAEQD83Dp4,en-US,en
uF_GiHIRQjQ,en-US,en
UqNDTRotBvo,en-US,en
fX7D5F0bjX0,en-US,en
u3qDzuBoOnY,en-US,en
0EvSfkTIPgc,en-US,en
CMeXUJ8sWYA,en-US,en
5ka7NkZXB3o,en-US,en
hZOzkDwgIvc,en-US,en
i0S8uz17AX0,en-US,en
ohMHpE8dYhw,en-US,en
Mht0NOVs6EA,en-US,en
rvs0gyE86FM,en-US,en
s5drocmeR6w,en-US,en
vwzm-SeAj5g,en-US,en
JP8slZ9o43I,en-US,en
VV4wAJadyLA,en-US,en
nJgknRkoIxU,en-US,en
-1scLgg0tQM,en-US,en
vu8g8tXwK8Q,en-US,en
KPtc6pEa-n4,en-US,en
W6A5OIxYtUw,en-US,en
I-BCGS8oVJk,en-US,en
rZIOL2iAr4E,en-US,en
jmkD21Q25SY,en-US,en
Ywtamm51Gp8,en-US,en
G8wuo4K7cmE,en-US,en
VNSqlbFvWuA,en-US,en
WuAilcm1ut8,en-US,en
S6ZWg9-Y_tI,en-US,en
AfcS79rL6vw,en-US,en
ODC2quCJAmY,en-US,en
TAooUIon2B4,en-US,en
PdpnJI-WX8E,en-US,en
ux97xZaiUtQ,en-US,en
qonJRPAmLv4,en-US,en
E57kiMH0o0A,en-US,en
jQwEoAkoQWw,en-US,en
l9VzKnIyzF4,en-US,en
9qjJNRpVqdk,en-US,en
wcTpFjSO_vw,en-US,en
BZC6K-joTp8,en-US,en
JFDV7fMTCVU,en-US,en
_hLmVLDrwpA,en-US,en
rSFLnalz_bA,en-US,en
8fxPfg7QERY,en-US,en
Q8GUsabFHMk,en-US,en
VepFRZRRa4c,en-US,en
VSeBipu-4Zk,en-US,en
j3xlC-VHjis,en-US,en
N8NpRIFQwks,en-US,en
KTHWokx9BhU,en-US,en
G_QSybo3ND4,en-US,en
ff9H35IWq-A,en-US,en
TRt2j3GmTPI,en-US,en
s41UpqpY-qc,en-US,en
a4if8UUyS_A,en-US,en
mQzjhjSxMUc,en-US,en
29XBqOkER8s,en-US,en
H_KGM6CqCaY,en-US,en
aSJMFVL2a6w,en-US,en
xqZyZD83WF0,en-US,en
UqNhDZwqbe0,en-US,en
ws6XmvNOGnk,en-US,en
ehylW6rwnPY,en-US,en
zUxT_ZgG-0E,en-US,en
BjBRtGUDfzY,en-US,en
77vjdIobiLA,en-US,en
_l53aQQqtw0,en-US,en
d8RMLGZBuYs,en-US,en
UqGcrvL6dhs,en-US,en
Mg9zeD01kEw,en-US,en
LTsRcUFh6Zg,en-US,en
dKYJ7Kpl0NY,en-US,en
Jk0GIFiEgaI,en-US,en
nSgkcDCG6ck,en-US,en
HtIRrJYrvhc,en-US,en
mz98rHLxtiM,en-US,en
c6n4g08wHx0,en-US,en
Qg4cLHoonn8,en-US,en
dTsYsXpJ30Y,en-US,en
T-QjisxwM90,en-US,en
LDJ52t1Ozos,en-US,en
X4spgeevWCw,en-US,en
VGxhL1iS5kk,en-US,en
UfHpFwzuuN4,en-US,en
-IBGhTSOsJg,en-US,en
UAZoHvZe0Eg,en-US,en
pdp5PLcVTow,en-US,en
8l9_OE9c6vg,en-US,en
9TwzN5wak8A,en,en
Cvaf1phzEOw,en,en
MuRrs7NNAek,en,en
wziVT5df5S8,en,en
yP_I2BN8aeI,en,en
t7W5Ntcg6h0,en,en
eKzS_xzqYNw,en,en
wOLEDqj_HKg,en,en
hr2SZTf1EAc,en,en
Q2mw1ihGoOM,en,en
x8KNm_9Bs88,en,en
HJtPuC9S2d4,en,en
mV1iw0aN9uo,en,en
Mio5TtQg0sA,en,en
OiSZT6xESdA,en,en
h8dzH_ma8cQ,en,en
vFiKY8Xz3w4,en,en
vnslsyaoPl0,en,en
ZPRQK27ex8Q,en,en
-2jQm1t9pBs,en,en
tcUGMKt__-g,en,en
2magWG4Q9Fg,en,en
F9Xzs2e1YAc,en,en
7tYx_FhQeiE,en,en
AZ-5cLKVtBo,en,en
jauzZKy04oo,en,en
V1hW3DH69pw,en,en
Wj1Z8ccAPzE,en,en
Gb5Wb4vPvAE,en,en
U8Wt-QSntNE,en,en
4XHwbXk_hww,en,en
OxE2WncCBd4,en,en
cQtgWjUU164,en,en
yn5wffNnogY,en,en
LCbVikmmBls,en,en
weRI6fYyPEs,en,en
-zuxkqDGLkA,en,en
gcAS1Tay94M,en,en
n_hW9brwsYI,en,en
YIR00kheqBk,en,en
e_Pfx7oFZyo,en,en
-Co7Pbn6_B8,en,en
MohIY56BQBE,en,en
MljRkSGBhqY,en,en
vfY47FU65cU,en,en
tVnOfWW89pA,en,en
YivQk8no2pQ,en,en
Fa5UMsMpK4I,en,en
ZtdSTDSOrrs,en,en
4odu3fyRne8,en,en
20npD8vJqNw,en,en
IQeuWj4rxSc,en,en
atYuBoY-cKA,en,en
TzuvZLuXzAE,en,en
WPbDqGqt7L0,en,en
rNBqebW14ew,en,en
ZTnyV9c6cpk,en,en
4TY7TV6mkCs,en,en
tPK3yU_hEAk,en,en
qBUD0fLMLcI,en,en
rGDTTX5UQak,en,en
SfVknDvr24o,en,en
zJZTJAMUkP0,en,en
GATxmqLEEjY,en,en
lXkvFlQRtGU,en,en
f4bPVEIA0DY,en,en
nOJ8Yuf4hK8,en,en
0rorsvMxf4s,en,en
bUQk7Dx1528,en,en
3Z0LmfRaBSc,en,en
0GFMynleim8,en,en
Ot5sH9rkgjQ,en,en
jOI3e7dOABI,en,en
GDKpCfpmeXM,en,en
JN0qj_-HJm0,en,en
esKoTSuhcbo,en,en
6iRDK2CRzxA,en,en
f05BBG66ajk,en,en
rRumSzwsaRw,en,en
EW-N4rtnyAE,en,en
60LPzM1akvU,en,en
vamttHlX74Q,en,en
DVYvJ-wW3gg,en,en
u5w4Yh8Po3Y,en,en
i8209FG7qKU,en,en
Ft0gCZ3zVdk,en,en
d1LP0js0N18,en,en
aiVCJJSg4R8,en,en
93WZbLvQycc,en,en
myIRlggv9Dk,en,en
y6qdHjPPMqc,en,en
d-debb_abfY,en,en
MqYHM5S4ZNI,en,en
DVSXhwrfNnw,en,en
LEGNBlWSmI8,en,en
O-LDAtyHhUM,en,en
K7mR2Psti3o,en,en
n3O7JhYUpEs,en,en
JQ0_f_zyUM4,en,en
zCP2QIdCNUE,en,en
P2RMn3fzdxw,en,en
1RLVqf6_7vk,en,en
c6hpJIr3vWo,en,en
_RbjQYKEHUo,en,en
J8JoqsJ0SGA,en,en
cCcIECnyecw,en,en
0xYAaI-wthM,en,en
yRpBgqY27xY,en,en
xdIUJk9AQAo,en,en
kpuZwCul9pU,en,en
a8kRQSctijw,en,en
ctIkZmKqsZQ,en,en
BJfhJA6VvJ4,en,en
3r_rtkaaCpM,en,en
dPCKV63nfXc,en,en
wUr4n9FP_Z8,en,en
nQPohRYKbbI,en,en
Ggmgb17feQI,en,en
hKOvu1zhlWY,en,en
PtVTL8oiqDo,en,en
ZTh-jFtZCns,en,en
FZGO4byh6FA,en,en
9umcMGKIVgc,en,en
pDxCC5-C9Tg,en,en
FKqOqQMWU6Q,en,en
knQCATjJE6g,en,en
6x3RGHpWEM8,en,en
WzunjKFFm_U,en,en
zmcbtUJu8cI,en,en
2exEaU1jYzY,en,en
fhgZms8iN1w,en,en
Rxo7t6ATEOc,en,en
Hf6dyvK9Wwk,en,en
XxdO6T7KjWA,en,en
Hn4F-UKJOaM,en,en
UCTdJf30jPo,en,en
y1lc3_HSwX0,en,en
evY3uFiRJ0U,en,en
L-UPNUDx7do,en,en
XkwqB69DujA,en,en
77ZCPKkJeV8,en,en
ThzfDYILLK4,en,en
fG3C0pLs6OA,en,en
6IhfL_5jb4c,en,en
dh5c4AX15bU,en,en
GJHEnAzFC8k,en,en
n-GjKVCZSMI,en,en
MM5nNbKxUcU,en,en
KF9PcUoFoTI,en,en
cMla9sU0LpI,en,en
rvhjiH4O84w,en,en
H4L9TCMCbo4,en,en
xs3fWEXh1zE,en,en
NZpobX6MQVA,en,en
hifRLlkK3lg,en,en
zU6YZ4d2AxY,en,en
gVksaXViB4E,en,en
fsSUcvZ91V4,en,en
Wko4UsugKfQ,en,en
8F1iO6SGPgc,en,en
nc9S7G2EBoA,en,en
ygantZ40wJc,en,en
_YXDHskRP6Y,en,en
piaff5fEUyA,en,en
_EK7zoM_mTo,en,en
BmwLu3Gv9IQ,en,en
LnHqmWm49rU,en,en
y1R1eMyBdI8,en,en
MgV2I9LpeQY,en,en
3Yia_KFb0C4,en,en
PzdAc62ryIQ,en,en
KtzSIzHkxc8,en,en
Uw84lTiD5C8,en,en
bVzXZT8H7MQ,en,en
V8qWcZajmHc,en,en
p0RylmfdmCY,en,en
NVUdzg6_-_E,en,en
InjgTnpmmhE,en,en
d4N4RaBuDUg,en,en
oyoXm_pbd4U,en,en
4IHOLjmTFIU,en,en
4WCk78bRxFQ,en,en
dlaVKt9-Tfg,en,en
z5v6RtZeyXo,en,en
gAqnkemaYL8,en,en
KMF8DSpIxa8,en,en
2UpnhhK0tdo,en,en
8plymAmhqz4,en,en
k4oG9nStbbI,en,en
oadFxsmXSlk,en,en
YBhwK-VWsxY,en,en
BpjL1h7mcgc,en,en
K7ixgCIHfAo,en,en
IqRbPvmgizY,en,en
YeX9bJQmLuU,en,en
ZpMQvket-_A,en,en
oWkPoIkroMw,en,en
wLIW0rR9iQU,en,en
Ig1ugltAwqg,en,en
hy90LdpEUvQ,en,en
MCDLPf-RCTw,en,en
uaQUAgeYE8U,en,en
b0Qec8F7Y7g,en,en
XdV-I3mFe5E,en,en
dFjvcY9Tth0,en,en
11VkWj4sNxg,en,en
fTJKd06u6Dw,en,en
t4mNaRdIV7k,en,en
CUUSuJcKLGY,en,en
SjxHWTjweU4,en,en
5j_cKv7Ps1I,en,en
GaiSo7jg5QU,en,en
siazPdsZHuI,en,en
mN0GaLv13FY,en,en
tWIkCPhcbGE,en,en
MvL-5bLzyM8,en,en
BomkByY8Nd8,en,en
j3yDwy1l5Mo,en,en
PNBeVFeink4,en,en
L1jW31urHiM,en,en
Z_xvkbGWauU,en,en
vxB5TYs8_0M,en,en
U_t9Sv7ZEn8,en,en
Z7DQtX6vDRA,en,en
kO1fq_KHntk,en,en
UZijjOPCm4k,en,en
r4xoOQ32KNM,en,en
CN6sZLVUfX0,en,en
9IcDzlVKbDs,en,en
nHy5u06we_s,en,en
dXi-YO30gtg,en,en
ox0m6WL2280,en,en
mULjSIchXHQ,en,en
YoZZvsLgVMQ,en,en
3nl6IQEpdqM,en,en
4okGLeYguu0,en,en
JrXhRRaAs_M,en,en
5aHwJ8BmdV0,en,en
HIBozcOlQPY,en,en
K9G_UeZMhs4,en,en
rLqSgUKFXvY,en,en
TDR084lXY1Q,en,en
KCw2S9AEu_U,en,en
dg9Ezg_RS6E,en,en
xHzYk5uXuZc,en,en
ZO5H1UzAz4Q,en,en
bCc8dGoTeAI,en,en
lT6HU2zy--o,en,en
o0il07YF4fI,en,en
Ah3pIn43OtQ,en,en
yhRjvX_t4hc,en,en
EQwSA1TZjoc,en,en
w8yTmTdF1Kw,en,en
xzbeCedpiAI,en,en
QzeCyCfZsGA,en,en
MliyMjr9KZA,en,en
3DYnQMmQk8k,en,en
1nJ3Drn18BY,en,en
HxJvrdZz5_o,en,en
ZJ27r6Mk2O0,en,en
1idLNnnolqw,en,en
BXU1TPC6MHs,en,en
yNHYpCLBffw,en,en
HcjbJvpKZIU,en,en
kuId_BuOWSQ,en,en
-9OmHps9_6k,en,en
kbNZd9HesEY,en,en
M8VWVhQLHIc,en,en
Y-Ojl9zV-oI,en,en
5Lcz-GexAiU,en,en
N7f5RFRxxI0,en,en
jbk0hHnkujw,en,en
k9iymObUSZ8,en,en
02Z1fiuFElA,en,en
Q_kbZxoMnog,en,en
jEt8w7ABivE,en,en
f353QO5Dgus,en,en
7s1PUy3UNEE,en,en
ePDPqfJfSAA,en,en
0PCs2h5qTuA,en,en
CVSYd3AHWtE,en,en
NMZixVUL3hI,en,en
CgAVaEr-Ig0,en,en
s7PYilrcpHQ,en,en
ZIciP7ykI9g,en,en
WaZhvPTA40E,en,en
RkS2xZIiuPM,en,en
38qyqO44qrk,en,en
lZ2ed4SiJps,en,en
1QS0n2ap5No,en,en
8WjsZ4cRACg,en,en
Z9sR5V-b4rM,en,en
_kYSaI3ZNrQ,en,en
nphSo75DUeg,en,en
OQ4cg2SsXos,en,en
Dt45p4wuNow,en,en
PN5b8nTjYws,en,en
tPezfRBSIj0,en,en
5Kz6vx19oz0,en,en
03c-WV4OilU,en,en
qzyadA7XVos,en,en
LCoVmGweUaA,en,en
l5zta7BGgDU,en,en
zj_HwUIOUgs,en,en
vSvvMNsi1RQ,en,en
caFEZahjwWs,en,en
WyltSc3Gnow,en,en
A6xsRuphkMM,en,en
2KgXs86gbEU,en,en
ZWTvtaZPEjE,en,en
LPiA8pu58zo,en,en
5wN4Yle5Uls,en,en
ZY_-_T6eNMY,en,en
jdTu0GlDe6A,en,en
RSpclYAcu_g,en,en
LcvrKkBlyZY,en,en
4dz30rcsP9U,en,en
xRKScH37m9A,en,en
GJ8yfkKcf-0,en,en
hu6s4mCXRn8,en,en
tJ4IhDzsbaU,en,en
_hDa8aAtBdk,en,en
yn-dDUCkCH8,en,en
WVdhvtSffOI,en,en
2dt3pMrD7FM,en,en
2UqXpNfTKco,en,en
qRT8DTrVqQw,en,en
zAoVnpXbwkE,en,en
qzDCYeG9gEM,en,en
MTLizMUG6Yc,en,en
OY3b2QOfjwU,en,en
k5c1OQKm1yg,en,en
WyxNuIVlE00,en,en
p-Q_bFUoApo,en,en
_4VITiilO50,en,en
VkQeHvCnTPo,en,en
ZR16P8x0VHs,en,en
l0KQptcYYPM,en,en
R45RtYADQZU,en,en
V42LQ8SPXVk,en,en
0JL9H4o_ZxQ,en,en
VU7OyajPzVE,en,en
oGS0G9N_evc,en,en
mPcllTGHYeQ,en,en
z0Ecyj72VYU,en,en
9HhW3-mGUCU,en,en
WpxDQROkYrY,en,en
VUzlDkmHqCI,en,en
X0G2zIyxdS0,en,en
_YmWRsjEkvQ,en,en
Rlj9JBrfGCU,en,en
pjJgdvTy4Wc,en,en
47uU9sUc45U,en,en
pp0kUXLQ0Qg,en,en
o2ZfmR_KH2Y,en,en
eSqZz_fbn4Q,en,en
A5-JYYKug48,en,en
WzeoO37q5ko,en,en
TWTBfxQwMaU,en,en
6706fMdAhYU,en,en
nUvEdCPidtE,en,en
wCPLPeQUnTI,en,en
FgkFU0FrcV0,en,en
t0SfuouYamI,en,en
FETbh8YjxjY,en,en
AhR5UBxdVgk,en,en
FyOu7hmZcVs,en,en
bjIK7WpYZFk,en,en
DNUO4kWq4rE,en,en
VxlJ7zt8WNE,en,en
RkqxfAvhdCg,en,en
chw18M7ktUU,en,en
v2-amQ24fJ4,en,en
jYnTM4T4n-0,en,en
HuiUaUjVti8,en,en
yqg-s5DH5xA,en,en
06EqYvmCg3Q,en,en
9hksB8dM9Hs,en,en
eLIpo0ngSik,en,en
XIWEXfUjHQA,en,en
1Rc3iSBa-Yk,en,en
FTjUH-MaNZ4,en,en
sUafm8OMiJI,en,en
rQd0t6aIkh8,en,en
O_Mq7qnOiVg,en,en
iPgzXZFYhk8,en,en
Gh9cHyd-2RE,en,en
D3x1hRnO6lQ,en,en
f5NpZAfP6tQ,en,en
eIgv4Jv0M2o,en,en
7HzWkElE2AI,en,en
BDie2OOHRK8,en,en
cUBs63TEmw4,en,en
kT6FSjNtQp4,en,en
1eGxXBJ_P1k,en,en
11WUDAgareM,en,en
AUbi4Y5iZOg,en,en
tqP4WLNG8B8,en,en
hIF3EXjYLv8,en,en
DHsmhs-0jhA,en,en
k8G5q7x2v7E,en,en
hPGGYrkHEp8,en,en
G8G8f1GYJnY,en,en
7Ta_gIGnzHY,en,en
jvHyWY6-OdY,en,en
vZbeKXfoGqo,en,en
XOIYWyuZxwE,en,en
89XwgeVbGqQ,en,en
wjI4dnMex_4,en,en
b8sn14gAOI0,en,en
uvn601N26Vw,en,en
YFZUJvajve4,en,en
JCSvFeMsm8A,en,en
oA6hHPPNTR4,en,en
V0f1gPAdhW8,en,en
PUx7e8BTpTo,en,en
CtDHe40mDhg,en,en
Myc2RLwWWiA,en,en
BrfvDIeIiXI,en,en
C-enH3V5NWw,en,en
efWYw0ruXl8,en,en
RKmVf88IXgE,en,en
L0tnAO6GTsc,en,en
A_4DV1jy4Rk,en,en
W40FxkGtaUI,en,en
ldqt59DLUfE,en,en
g_X7iywi9Jo,en,en
fncenq4KmDE,en,en
FpVxKh9qMIY,en,en
_AFHCJqONyk,en,en
WgLO5iBMlnY,en,en
HRVZtKNI1dA,en,en
7lOJLymVMjs,en,en
qeOdoumCX_Q,en,en
0st1nrd-Qw4,en,en
qT-gBg08bMI,en,en
qmthOcInLZc,en,en
lEWTVxR11Ps,en,en
TQGrlgZpEgs,en,en
cXynn5HaxYw,en,en
SC0ckiweCZ8,en,en
u-LrHCmFmBY,en,en
8_vz_M8NbPY,en,en
CTuBzMhaF8s,en,en
uKd_h4Z6YxE,en,en
rzmFeXTljFc,en,en
Qvqvr5Crhpk,en,en
ZFdcAdO7LIU,en,en
D__LslMWe0s,en,en
mpWdEdAfCAY,en,en
-VWZ3pDm94c,en,en
CqApXh80HVo,en,en
YgbbI_nRF2A,en,en
co681TqHDzQ,en,en
imNcJrD1QpM,en,en
jNAAG3Ma5K8,en,en
mR4eOVo126Y,en,en
ZFNbUq_rWJM,en,en
G3k9XF9b-MQ,en,en
E54UGxSFc5o,en,en
uh72gMH2vik,en,en
UB9k89XwqWU,en,en
d-SagPpEz80,en,en
iOkLFrTjbho,en,en
I-3gj5g-7PA,en,en
eQKmPACbKQA,en,en
yCLvzlAijso,en,en
F_cxeO5Jm6Q,en,en
bkvpEHnhoGU,en,en
jYcMkhxfoNU,en,en
SZndN9ju0YU,en,en
fZ9e9HxgI3w,en,en
fIcWfHikAOo,en,en
3tF_lGbzCYU,en,en
_D4Xwpa4trE,en,en
CnoDKqlcR4Y,en,en
4GzsSoE7OiI,en,en
UaHW24jOYVw,en,en
yPxQJuGlm38,en,en
pICIXeWV9WE,en,en
dWUUavyfJh4,en,en
yb9-7U8pB10,en,en
bdE2MJ8gfcA,en,en
SQ55rV62hME,en,en
vl156QpXr5g,en,en
tlPBDH2_z60,en,en
ss-m4HFObMg,en,en
0b-IWOWYd_k,en,en
3Inr4Bytxno,en,en
CylWqcUHYKk,en,en
ZbreGo0j4ko,en,en
SHMPiWbbR6E,en,en
9ZvDhayPHxs,en,en
z5PO-7GyKo4,en,en
QCthzNyWIOU,en,en
-POGejO3dBg,en,en
LzrIoJ0Wo2U,en,en
gsoLoWQJgMg,en,en
WMy7kdyJMPA,en,en
nKHzfQd4lOo,en,en
P8Ddiwntbwc,en,en
-Q3g-6jFl2c,en,en
t4jZ0ZeAE40,en,en
xw3-tCK2LGY,en,en
13UpfbwOj8E,en,en
04LN2WWoRZo,en,en
ZfDzWvWkqB0,en,en
cWFi2OfbWWc,en,en
_30tGAZEZ5o,en,en
rSpVmpiUTTM,en,en
KMKAH-ZVi5U,en,en
DvhofxSIiWo,en,en
FYoqVdM0mxQ,en,en
dKpD-qAKnVU,en,en
XK8DQEyXODU,en,en
QYlrAPlt6ko,en,en
JooqHEF0kBo,en,en
vtZ-J6an-s4,en,en
ycsVS5Me-2o,en,en
dP2DKxxRq6w,en,en
HWMxchVQtH4,en,en
NLLTsHtjAjU,en,en
YsXBUHoYtNI,en,en
ILsXSJeF9Xc,en,en
h6nHqwkZOZg,en,en
R0JeJdiJc1A,en,en
mfYHJ7ugzeo,en,en
W4GO9HwC8ww,en,en
hE-k_SUKGCs,en,en
K0iN4ArK5Y4,en,en
Q6pu9Ixqqxo,en,en
IWzwAmjaqtw,en,en
BiUlgGaFBec,en,en
1ZzFHyZeQ4Y,en,en
Y3vBd14c5C4,en,en
wBjBs0VibaY,en,en
Ei8__34FEcc,en,en
8Y0SY6OoKV8,en,en
l1TmgZtve2k,en,en
c-n6RN8a2Zo,en,en
2YSdluG7CLs,en,en
OjyPy_4eVdw,en,en
wXrvHFqwcBA,en,en
s1Dw3_u9FAs,en,en
4Q2HxVpJ9nw,en,en
kXYvRR7gV2E,en,en
GCLcPLkEy2k,en,en
QCbbTdPUuAU,en,en
_kjbWuzm9-g,en,en
sj5fuYHxsUE,en,en
7IQjUYzS-kI,en,en
0EumYORswPo,en,en
EO4k0fDC3eQ,en,en
ZPlrkr1qaE0,en,en
V2F3vcL_914,en,en
qVwfYszXHvw,en,en
saGnpgIlP0o,en,en
QFvTXm4_vaQ,en,en
WowVQ4rhbt8,en,en
bAlF39Y_Lvw,en,en
kGVKsUMo-Q8,en,en
6ojOkPmm8lw,en,en
KyeFTgjfb30,en,en
sst5KtjPrPQ,en,en
E32v_bsasS8,en,en
HtHH3i0izSQ,en,en
DTL2rNhbw3Q,en,en
-a4CKVRvgoY,en,en
BL_L4hHBTLc,en,en
AkEKgvHLNT8,en,en
AqZbO8Ojhmw,en,en
H7xCo0CJ02A,en,en
sDSOOtWAF0k,en,en
4KjI7tOqLXo,en,en
7Smti_OsM58,en,en
oum5ZCGx6J0,en,en
y06Yfm0hzjI,en,en
JEFXMcy0JCU,en,en
WQkl1utfHVM,en,en
rHLZKpXvmFk,en,en
Tt_3e482Pn0,en,en
_RMKeHVj2jw,en,en
2gSGcCg8ISw,,en
Bl5vAxtMQ0A,en,en
GK0LAnnk8Zs,en,en
GGpWQHpiCJs,en,en
F44Zl1HFVyc,en,en
QfKrUhH-yDs,en,en
Ist2pKKBfVY,en,en
KTWVyFFpGXQ,en,en
OT1bhojiQnY,en,en
DVGFvs83Y6E,en,en
MgMTBNq7Bi4,en,en
ddWr9dPGqDA,en,en
YotlEEBZKlk,en,en
uQDX3ZC8JFo,en,en
aNSi5JJkVyI,en,en
j73Ag1pixt8,en,en
f4AlRKPnxBU,en,en
to1frt5IKlo,en,en
skc2T5fcoLY,en,en
3u-mP3C26mg,en,en
16eA5ebWMQQ,en,en
WEClhtPD5Ko,en,en
2tkXhYsGge0,en,en
of9_wpOhGWw,en,en
S9InNdQhFwc,en,en
Yts3o2EDO-Y,en,en
iOyFja87uyw,en,en
N5v2b42i_2g,en,en
9TAGlknXYW8,en,en
aU7v87EhDBI,en,en
d7wnAw7ufG4,en,en
xu7kMpLbJJs,en,en
14V7q4gHKFo,en,en
1sV_3OvQyFI,en,en
7xPlZUzJbJc,en,en
G-HYSrR8-J4,en,en
c1kzZjD2Z8U,en,en
iSVZWWpnqDM,en,en
1Ob-hAYCnJE,en,en
K3sYY3T7V8k,en,en
xzDFbv_JSks,en,en
ygVObRx9X68,en,en
OguTXEnxJqk,en,en
gV9r3ISZrws,en,en
lMdGA0ePXzI,en,en
gJLZRnfstpM,en,en
lBG-g1CKfgs,en,en
RxCqxhRsHiY,en,en
pGgpGP3swmE,en,en
j4H9LL7A-nQ,en,en
mqIHa6URUPk,en,en
_9c-DkBFS3w,en,en
-nPon8Ad_Ug,en,en
QGzgsSXdPjo,en,en
JfknibBat2A,en,en
Nv5CiRSCVxA,en,en
p25PPBgMiEk,en,en
32SnTUtdsOI,en,en
7lAsJMqjUw0,en,en
gY225CEObO4,en,en
3B9umhfv_ww,en,en
K-U6eoICrYQ,en,en
0G_OSohLC_A,en,en
pXm29GoVlDM,en,en
DQAr1DeDIro,en,en
Bpj7L5VMRdo,en,en
QyCQGuXdmcs,en,en
MOjS2zuQMdo,en,en
r9vYji99fhk,en,en
hEgdz4-Jm2g,en,en
v8iOV1Uourg,en,en
Yl3NxTS_DgY,en,en
jN8mIHve1Ds,en,en
JlgMSDYnT2o,en,en
EybXQmxIq6U,en,en
c4AMFicXXqg,en,en
KwR3nxojS0g,en,en
2Q7-SkDEPB8,en,en
MJaqZRd1bTc,en,en
IVJkTspjDUo,en,en
1qjSfyVPwLQ,en,en
z2cOEbFYLsA,en,en
Hhg6dB2UcAs,en,en
_mAJqr3Uzxc,en,en
4YDdZlXMZp4,en,en
4rURN7Bgfb0,en,en
X1mslSnftRA,en,en
iDQ4JUa5-34,en,en
pmjawhISw-I,en,en
rylJcKFYW5E,en,en
KdzOlRRHOU8,en,en
fVRPF1rHzVo,en,en
YMLVdY8y8vM,en,en
4hSFzVoZkiA,en,en
1FXuMs6YRCY,en,en
1FwgCRIS0Wg,en,en
ltuqXTwWsZ8,en,en
6RzO26Sxsug,en,en
Ik169Fd_G1E,en,en
WbBVoe9Lr94,en,en
ZY_NFQNUr_k,en,en
4iNOtVtNKuU,en,en
1a3XnvRCcVo,en,en
dwPh-PAg9A8,en,en
DEV49qY0TP8,en,en
RsDKBDPXK7M,en,en
q9Golcxjpi8,en,en
KpU0UJou-7Q,en,en
AKqjKaEIPPU,en,en
iNZk-N6uDcg,en,en
TI5p8vqdjTw,en,en
jKWbW7Wgm0w,en,en
pMxYYYZ04nc,en,en
p6HrepdLSu4,en,en
UZnVt_CvL3k,en,en
qhHOmZVAqBE,en,en
HYHu9PMY_C4,en,en
foqswJT3Spc,en,en
K3lP3BhvnSo,en,en
3BScK-QyWIo,en,en
0ECqDaPjjV0,en,en
Jh9Gn58r9Fw,en,en
9PYsVkPtcXk,en,en
hvUyuo53kQQ,en,en
kYO7xrHhqsY,en,en
weVAN2HxXjk,en,en
f5INbrzS894,en,en
E3D35ioEmCI,en,en
Ll3TCEz4g1k,en,en
2a7qhIpxv60,en,en
qYedjI03Q0g,en,en
yco0sC7AJ2U,en,en
thNrIsU88y8,en,en
apnM-y6sXVA,en,en
Wv0pJh8mFk0,en,en
f5j9v9dfinQ,en,en
ulgqlQWlPbo,en,en
IzK5x3LlsUU,en,en
RR7e1Y-HJxQ,en,en
I8gH5bR3clg,en,en
rbPVTqd468c,en,en
xfdMDGIABek,en,en
xUbJ21WcUWA,en,en
w_aOERmUWdA,en,en
Uwl3-jBNEd4,en,en
fvGLnthJDsg,en,en
JzoTdkfues4,en,en
2MVSsVi1_e4,en,en
sRsZN0XnPbk,en,en
rSn2CT6lDlA,en,en
-Qs4lhGK9oc,en,en
UpXI_Vd51dA,en,en
uErHwq4M6pg,en,en
zoXMZxe8crI,en,en
AecvTErBQY8,en,en
h_eVEv4N6WA,en,en
-_YcXV4SuhI,en,en
AKc01jo1qLw,en,en
7gkQHSW3hkE,en,en
WhYHrHiOS_E,en,en
Iq6Ivc7Kx9I,en,en
z7rH7h7ljHg,en,en
ViTnIebSzj4,en,en
vTFP36EfZa0,en,en
_gC2y4j5s0M,en,en
PYdgqfxGcWI,en,en
slH1yygvGTY,en,en
7rvY2rIxdsA,en,en
lF31x_K1v-A,en-US,en
No7eDifLUXs,en-US,en
_fMBNx0Msic,en-US,en
PFi3T_OLtOE,en-US,en
fAE1nPfqi5M,en-US,en
MjKbOoquKdY,en-US,en
8MlO9gweBVI,en-US,en
gfZBtp36KtY,en-US,en
9gjR3VKuPg0,en-US,en
kwUJpXpa5bk,en-US,en
I3X-KNvqoBM,en-US,en
KUu4fahAg7M,en-US,en
TyGoMtXLLBU,en-US,en
EdpSdysX5so,en-US,en
02pj9BwlOPM,en-US,en
sjjlTAQJySk,en-US,en
jZBDwAzwWnU,en-US,en
o4EpiSM70FQ,en-US,en
193G6x_zQTw,en-US,en
4nYF9HkHySw,en-US,en
UxSkobInjKA,en-US,en
tccs9LL26zM,en-US,en
EDjiPQVc_Vk,en-US,en
Nox0_1h9sQo,en-US,en
dndAoll-3AY,en-US,en
psQh96iEwgI,en-US,en
XuHpNyiKx44,en-US,en
2EcwNpUZNqY,en-US,en
EdNm00w55JQ,en-US,en
UjKwt8w4fAQ,en-US,en
p4CEfa3ihis,en-US,en
647Fpl6qKqo,en-US,en
E4zUGaxxOD0,en-US,en
7nBBMqxn76k,en-US,en
6Id6FFXuqBY,en-US,en
7aRsaxRZ6c0,en-US,en
lcjUI2KrR5A,en-US,en
tBCRYZrfYXk,en-US,en
mzyZd5CVLfs,en-US,en
jUy4Ksu5wx0,en-US,en
bL9fetG9MvA,en-US,en
mXbS4DZZdqI,en-US,en
-3UZoiatLFU,en-US,en
mHBCUUvb1bM,en-US,en
y_4zOX9Pw0Q,en-US,en
JkhIxtnsyqQ,en-US,en
Qp9Ch22keso,en-US,en
9KtKza8B0rM,en-US,en
x0mTQjshRUo,en-US,en
8fiHAQ6NrWE,en-US,en
2yWDKDm-ZD8,en-US,en
GnpmqBNQFG4,en-US,en
x2AOJbDnoyE,en-US,en
9vv9WLc8K0o,en-US,en
oFAmQW3bx-Y,en-US,en
EKt12ch5OQ4,en-US,en
EMrCPUnvLrE,en-US,en
WlY3yVr_ki4,en-US,en
ZdexTf1IAHs,en-US,en
Y3gu_jQVwf0,en-US,en
GkxFr_mDrzU,en-US,en
mxmZwtjyHEs,en-US,en
smTWPHf95Lo,en-US,en
6_38NCU7bDQ,en-US,en
ztw5fwQMig0,en-US,en
tNaVJ-qfOAk,en-US,en
Tq1tM5SUd8w,en-US,en
B0Z66LV4OOc,en-US,en
vjIeVrOt4lo,en-US,en
njbPM6Az2PE,en-US,en
WAEFQMLdGOQ,en-US,en
R8kzAemzkmA,en-US,en
a_CcIQW7elw,en-US,en
Q1BDQyAO6fM,en-US,en
Xjp2y5yiKO0,en-US,en
UaIx9Q_VSfw,en-US,en
--VUWcpZ1vg,en-US,en
3SZE_KpdqZI,en-US,en
X08p5Q67ST0,en-US,en
XU-_BihpXdw,en-US,en
gtFYXBNgZzA,en-US,en
b8A_RtejL6w,en-US,en
_IlrTsY4o50,en-US,en
Vmf2vbc_9AY,en-US,en
JrXyjdRw5Ng,en-US,en
z7ydDAqVFS8,en-US,en
G6Af-kjzJfw,en-US,en
7tC-wtMokDI,en-US,en
5V9RsmSXSpU,en-US,en
WCqCKfiGE_A,en-US,en
Dm2SlanFMiE,en-US,en
paKGLGzjLm8,en-US,en
ZEPWQbnPk1Q,en-US,en
rd3fvDjvNeM,en-US,en
J6_teDGtOME,en-US,en
vXjs17ydRgI,en-US,en
PLlobyIvZTk,en-US,en
ZFgiDJCz6WQ,en-US,en
niElZPOIO4U,en-US,en
gtJVvhHZaYQ,en-US,en
E4iwINZI1AM,en-US,en
LW1G_bbtJlA,en-US,en
r1C53okan6I,en-US,en
SoWeiN0EyYc,en-US,en
ihpcf_8rlAo,en-US,en
RppNqzDPAmA,en-US,en
hWZJKAcqsKo,en-US,en
0lqiKkfbK24,en-US,en
HQ6sn7Vxwao,en-US,en
p_-EOIiAZqM,en-US,en
6tKZk_eseqc,en-US,en
LHDGAMmKf5c,en-US,en
5My6G_nQZks,en-US,en
9pi5pGK7tV4,en-US,en
yT43Td7u5dU,en-US,en
WTqJLXCpkiU,en-US,en
hgMzAgQmtEI,en-US,en
ZLEoRRxBM2k,en-US,en
4SCY1e9_6k0,en-US,en
F1ZtbZvrDp4,en-US,en
NFdk2Nv-j4s,en-US,en
zB2EAF0pj6Y,en-US,en
KTo0IeqXuZk,en-US,en
hZ6xTQ4qE34,en-US,en
gYb0eHvmGhM,en-US,en
zcduZVZNk-Q,en-US,en
MwNqnl6Zhf8,en-US,en
X_jTum5K2RE,en-US,en
tg7FsGZfL30,en-US,en
ityL8vnS6Mk,en-US,en
O9uxMeqZ3G8,en-US,en
11IV-HzNQAk,en-US,en
kH-HqBykG-g,en-US,en
AZ1JyNPMPuI,en-US,en
wJEi1lVD-gk,en-US,en
9Mc5D1KNHEk,en-US,en
86TmajjhHfU,en-US,en
UFJgnaASld8,en-US,en
qd2ansbh6Lk,en-US,en
Tg7J_hkwYc4,en-US,en
BB4XxL-DJRY,en-US,en
smfvznkNhJ8,en-US,en
e6P6ggv_NxU,en-US,en
FGnOhrO_Ozc,en-US,en
f4Wfpo6BNc8,en-US,en
3i0xitaOOps,en-US,en
lfNYafIYcKw,en-US,en
B-vu01ZS6pg,en-US,en
TYGSWpkloZk,en-US,en
VrOB35_7QCE,en-US,en
bwojg1i9dls,en,en
TM0NY4f0lGM,en,en
bgGzNpEYv4I,en,en
C-Iewo7zUFo,en,en
1qy1GX6gugw,en,en
g4H4Fj_NVKE,en,en
8c-gU1A_Bho,en,en
Ys8dnY06fNE,en,en
YaM2PZllizE,en,en
HvjSRskN_kU,en,en
BbGdctnRwyo,en,en
DKSpP6xfz5Q,en,en
juXE9-vbSyk,en,en
gQqgJJKYYZk,en,en
6PePq6GkNKk,en,en
4S3iE16sYms,en,en
o0hXztPg7W8,en,en
6yBJeohj0gw,en,en
QZr0hh5tSZc,en,en
Evqd2OXT23A,en,en
CRt135W9Imc,en,en
eKwFTU9KHjw,en,en
cO_VL9fo4rc,en,en
OJ4tuMy4IEU,en,en
92cLM7LiWeQ,en,en
lFyeLeP44kY,en,en
3QRKse0ny1o,en,en
flnXhV9E9HU,en,en
cHeR9F7X-qQ,en,en
GwJvq9YYFh0,en,en
bTbSRNpSrb8,en,en
5CGKRkOLu64,en,en
uQMPNiV84do,en,en
elrqV1xEgnI,en,en
Bi0XWZNhqQ8,en,en
_YlNw-Ukuvk,en,en
1nR3XQjuNoc,en,en
3Je5qMsDdo4,en,en
mAfDGAqdrLc,en,en
CHimCbFWj7k,en,en
-LZyX9uHoJg,en,en
YZxeQ7xiOyU,en,en
BDQncxKj7QM,en,en
OeMAXLu6JY8,en,en
J3fAI3al08Q,en,en
6j2ytxSi2Ww,en,en
Q2KD5yqZYw0,en,en
6jxEy21aToc,en,en
0Q7HCaKq-j4,en,en
Hpl72ffUvoU,en,en
_Nb6OKOM_nw,en,en
q6ckZinTWZ0,en,en
VdRvbXFNWjM,en,en
uWcCnyNslug,en,en
Sn4w2g5yJyI,en,en
Cbxu8Mm3WfE,en,en
u5AfPJ4W_Wk,en,en
mywOqkSlKxE,en,en
KgyH1Ve0S48,en,en
yKYXDz1d5U0,en,en
5gwuwcLrHhE,en,en
TL-nDIl8RP8,en,en
lYquwNlkcUU,en,en
GII33cpSBnE,en,en
1DvGjAU7gi8,en,en
OeZAn0GcUow,en,en
Ut_rqZuKDhs,en,en
MEtuy6N0UHs,en,en
ihf5cn5JP8A,en,en
jk5rzALkUTk,en,en
mIuOepwzXTo,en,en
W9Sj4Jp2PYQ,en,en
4E5Wv7ylKBU,en,en
ChKg-m8rTQI,en,en
3ger5jlT6Js,en,en
DbtR-8yGpZM,en,en
LkRLs0wsY44,en,en
BDzVaKWJDo8,en,en
mFd6m9DLpPo,en,en
dFAiChOmoGI,en,en
XvI7lJ4oe1A,en,en
Verhz8zDpgY,en,en
ABgM1MAe-ys,en,en
tMQ4ps5-pCE,en,en
GX2XH6QFb5c,en,en
SqRToPUzcLo,en,en
LV3UUk7JW0g,en,en
dut-n0g-7RU,en,en
2xSKCAtWIyo,en,en
Qk5ftIUMJsM,en,en
NIaup_wvYTc,en,en
hfJDb23ejeM,en,en
epzv_3xT3EM,en,en
kndoaMdqsLA,en,en
iJRA-3g7cG4,en,en
2pml3qUYAIw,en,en
nmicikfag5A,en,en
L4XBqEUeFfc,en,en
QDEPWqCWqnY,en,en
QVbKbyrBMQg,en,en
c4GHCL9QqLU,en,en
vVv-RKRuJzk,en,en
T5C9XSEf6SY,en,en
AptLEDgMGIg,en,en
RZTNixvUJZs,en,en
XuXhqIsb2sk,en,en
kCmDVp0lCOg,en,en
2qrprbNUhtY,en,en
yRrtPn9vUtM,en,en
Q0xjk9k3MR0,en,en
wS3fkoBkBVA,en,en
kqUHQ8AylbY,en,en
VpoJc4cq0nA,en,en
fR9_ZfJYeBQ,en,en
zXPW0HgMdJI,en,en
QnBn-wl-E8U,en,en
5rN22nIRh0M,en,en
HWpW50ByRro,en,en
Nu_nbdoLzrE,en,en
Sdsc-J7hM8M,en,en
3x9aUW-pK2M,en,en
OCyrMg9v-vI,en,en
4YXhS3puZfA,en,en
eTjs1SN9vZM,en,en
LS2Jtty89kU,en,en
oK1kskY7Lm4,en,en
-1HYfjbKZ_0,en,en
fGrswdQWdn8,en,en
PTfa-rT5RXo,en,en
luO880tjhHw,en,en
At-cde5dhGk,en,en
_qDZrEbUlNw,en,en
0pUY1WybmTw,en,en
NskNfAlD3wU,en,en
tYfuEF9IYuA,en,en
Yi80jotgLWU,en,en
W8vBxv8ztaI,en,en
QMb5C5-DjrA,en,en
IXsb3aoXbVk,en,en
jk3c9ygNeIg,en,en
H3KPQIp5Q4M,en,en
3xf0kilLGxc,en,en
eg2f_FKqv2Q,en,en
UOwEGvxj9W8,en,en
Mxu85SCT9lQ,en,en
Yvpa7q1vmEE,en,en
MGSG7B_U9Sk,en,en
kk1cVyje3eo,en,en
rLnHx5Ojq3c,en,en
S7dqldSzZX8,en,en
dJUnEVMes1Q,en,en
TMj9PC-BzqI,en,en
amxOUCoMsh8,en,en
ONpPFG_V8m0,en,en
rtpLI3Sjco4,en,en
QJC0Wvs78SI,en,en
Qf8QguTF9qg,en,en
SqaPm5iim1Q,en,en
fbH8KiyAu60,en,en
GZW4TjiQUHU,en,en
J5FPMla-A1E,en,en
ibqs9t6kkfo,en,en
r57fJn7eLWo,en,en
lRISUtlFaTs,en,en
ruXXWeKo1Ck,en,en
EkveIkCYhXU,en,en
sxzysTE7H2o,en,en
D_NThm91IDI,en,en
os1f2r-YD38,en,en
_Q7LM0RRZj0,en,en
ScSqPs1NFIs,en,en
ZCfjDfKW6S8,en,en
LEwxTrh4lc4,en,en
M11M9kMsYgQ,en,en
DhIQt_yBCfM,en,en
d43N3V_NoVk,en,en
PbDzhpZH5Xw,en,en
i_4gZxGESKU,en,en
Apd64VnBi3I,en,en
9T9dOk-9AwU,en,en
FMOt2R3k_9w,en,en
H44O0imIqto,en,en
ql5sVQm_aPg,en,en
C3tTmjJyPmU,en,en
CpJK9PY3G40,en,en
3JwJwT6Ib60,en,en
fu3wH2OOFAo,en,en
oH9foAJkTDI,en,en
SHroBbNtcbk,en,en
mve1Lcsqh7w,en,en
3jqgOIKh1p0,en,en
oBGe5brOCqo,en,en
Bt7SIjojv8c,en,en
yjRBG6kLUhA,en,en
QXXKUyPoWtQ,en,en
wNFC2RbgFVw,en,en
IuJPHLJLXjQ,en,en
rQgez1cekA4,en,en
UBs970TEUrw,en,en
ABIhIxOxR94,en,en
VVmFIj-O5i8,en,en
IJ-jGlnAOgA,en,en
lNOEtFDk_L0,en,en
dgeNfMK8ke8,en,en
gQLYbCZfkU4,en,en
fyK9L56jNi8,en,en
mMi42rplOUw,en,en
DsqK41WkF7I,en,en
wNqIkCW38LE,en,en
By0JDb5tlB8,en,en
ii3SUwO3mr0,en,en
4UIRGDeY3cs,en,en
0dXly1JFEhw,en,en
_hzI3sWJ8Ns,en,en
IVFb568ELZ4,en,en
egMfR2_Ay7Y,en,en
0cy880itepQ,en,en
y9tD5H0YXBU,en,en
suVjYnr8ZVk,en,en
GCuiKmiKE1c,en,en
yxNrgPKYt3g,en,en
-O2MvvvzCa8,en,en
OwwClWPIiEQ,en,en
DcAw8MLxq6w,en,en
3rJZDk1HRw4,en,en
CNUrsKFZwJ4,en,en
C9hC9yBLPJM,en,en
P5kFycp4hnI,en,en
zCYmkSZRTBc,en,en
P4ZD9YCP8BI,en,en
cC7a17_N_1U,en,en
fygiYNLNQaw,en,en
VIIl9gB07Zg,en,en
sv1kosuM_ao,en,en
ZpL-sJc6DII,en,en
_jLCGxohlFE,en,en
HVaNBchMIZg,en,en
fACoGYkyQ1o,en,en
M7iT1wEPznw,en,en
n9_cpBk7lZ0,en,en
Izn_DFVOHQs,en,en
EvFWFS-E92A,en,en
Zb2fvxO9U9k,en,en
BYbKczRJf-8,en,en
ac4TtVSQKM0,en,en
NI5gTuNKY4M,en,en
hvz0tZ5ejek,en,en
Z-ImahhunMU,en,en
VkHqEOMEg-c,en,en
SQI7S_u9w_0,en,en
T5vuzCOUfYs,en,en
VEAlTAGFPLo,en,en
rm9GolWBlJA,en,en
3jWkl45yVvM,en,en
KIAOz30V2ao,en,en
PQW4kw4le48,en,en
IIynUYYZcMY,en,en
eQw86oX8oy4,en,en
nga0XdGKmZY,en,en
I9vLxD8syto,en,en
1IHGSB_n72U,en,en
SNwW57nvnjo,en,en
wa5VZBUfxx8,en,en
jX1DDn0vN_A,en,en
kPAqGe-Hm8U,en,en
j2LNzNbMr6k,en,en
0De-pAB1Ynk,en,en
XZ_5L5dPLzM,en,en
hPIRQtkCBx8,en,en
PBUP-l3Z114,en,en
0c_uIAF3Gss,en,en
yg1ZHkfQqug,en,en
seNuoCeS178,en,en
ABfdKM3vGoo,en,en
d54EhQg_gVk,en,en
DYVu-bkF3kE,en,en
NDwDdHS8uvU,en,en
kEVT7tm9eD0,en,en
gRd2LXq-v98,en,en
qlcOoUXJqBk,en,en
E6FxzJp_aWo,en,en
JQjzAVhQ0Ag,en,en
0jsc8Dqz0os,en,en
3Zcy7W8hpVw,en,en
iaMuLUFH-vE,en,en
lmh05RvldkA,en,en
gf-4H4NcZcg,en,en
tl6s09ReLpY,en,en
Is5VvureFIc,en,en
t5--qBxsU_I,en,en
WIEZ9JtddB4,en,en
pTaqQfr0dLQ,en,en
dmjAfC0dgRg,en,en
V5B9FSddTt8,en,en
JTU3b4p7hzg,en,en
0g0G_yrnE-o,en,en
dW00YJVXXdA,en,en
Ojm9VOp02xo,en,en
SK0SIERxlWw,en,en
CSx8lwsICI0,en,en
bFg4LzgiEgM,en-US,en-US
JB3kC44k7cs,en-US,en-US
LLBPSup5B6U,en-US,en-US
3dEj54wGS8w,en-US,en-US
hOChI7_3ZhI,en-US,en-US
YZI3vcoJ9dY,en-US,en-US
D12oxzwv0dw,en-US,en-US
Wg0ZrI_kQVI,en-US,en-US
CjBRfxmpVrw,en-US,en-US
YGnjSONx5Us,en-US,en-US
yiUliQDvVHA,en-US,en-US
-D1EgX6YCoA,en-US,en-US
VIDEIIjWYOo,en-US,en-US
Orhj8vBt6x4,en-US,en-US
QfqYaSZV9TI,en-US,en-US
AdmwQG0baFo,en-US,en-US
m8xTc1TzZA8,en-US,en-US
72QehM8llx8,en-US,en-US
cnnyDcOsijw,en-US,en-US
wGdvQ8op7hI,en-US,en-US
mv6bioRFDsY,en-US,en-US
UEzhTIDLz7Q,en-US,en-US
X4ktfJOVPFk,en-US,en-US
soVg_4Izg5k,en-US,en-US
DFREBr53NTw,en-US,en-US
ZGakwdawDNc,en-US,en-US
y-L8J90jfu8,en-US,en-US
RbWgnAZYovg,en-US,en-US
fQUEYw8WcyA,en-US,en-US
2OGCC5GpI6w,en-US,en-US
9cS9ejcJ1gQ,en-US,en-US
NrdVp1vl9ic,en-US,en-US
mODqBlHOEBE,en-US,en-US
8WqPM7mVmGs,en-US,en-US
_HH3kCKBiB8,en-US,en-US
VoV9XFN4uHY,en-US,en-US
9a2OVbDMWks,en-US,en-US
3db5MyGIUBE,en-US,en-US
QtPJScrzDRg,en-US,en-US
LQNDvC2qndw,en-US,en-US
F9oBZ4h6fPU,en-US,en-US
EcxQCoiW_S0,en-US,en-US
OJzGUXXYmZY,en-US,en-US
OkSEakU8MlI,en-US,en-US
fHmIEf7BPyM,en-US,en-US
1vYkLXfv3_M,en-US,en-US
QbtHA85HAyg,en-US,en-US
v0MpFb3g4SI,en-US,en-US
YDdcYQDkuLc,en-US,en-US
mW_laGZ0Hys,en-US,en-US
PXc4MtuMm8g,en-US,en-US
CX0p62-74CA,en-US,en-US
lta_HD87iIk,en-US,en-US
J0n3BZmUliE,en-US,en-US
cc1LGTLNRSY,en-US,en-US
kWVEJNUZWII,en-US,en-US
4_8phGbmIC8,en-US,en-US
mQfY7ADUXBc,en-US,en-US
TOcATZs9sks,en-US,en-US
ZzKfuxhvdQg,en-US,en-US
JXxI-sySA7I,en-US,en-US
QvIpSaq_UA4,en-US,en-US
ozU50wLRpYs,en-US,en-US
GF2eTbn3f0Q,en-US,en-US
xYzsoeJy1oM,en-US,en-US
tA9CQnnLq8M,en-US,en-US
S6EtjXBCOaU,en-US,en-US
VtABz80Qxho,en-US,en-US
hL3XIXTm72w,en-US,en-US
mJcz2tsPtrY,en-US,en-US
ac8qkFsK2xE,en-US,en-US
JVfYgIG-Bow,en-US,en-US
5caU6wQeT1s,en-US,en-US
8Uc38P74EPA,en-US,en-US
Y1Q2le4JrAI,en-US,en-US
iad41oFviv8,en-US,en-US
rIi3YI0zmNI,en-US,en-US
mCc1oPC5f-8,en-US,en-US
p4zPmpXfGyY,en-US,en-US
nGakcu0V0ZM,en-US,en-US
gzjXoJoWgjs,en-US,en-US
qGDMB-PryIU,en-US,en-US
VjqsnOrW3AM,en-US,en-US
sjbKZ4CY1Ow,en-US,en-US
iaYdIU5n6vw,en-US,en-US
Fy8H9I2kJkI,en-US,en-US
Dt_98WYXfyo,en-US,en-US
AblLo8LTq7o,en-US,en-US
ZD3Ujy79_TQ,en-US,en-US
4fTAjtrn4YM,en-US,en-US
Xs2zFdA32u0,en-US,en-US
2G4xnV72UjY,en-US,en-US
_wFDfFXo8bQ,en-US,en-US
0UMOdW-Vwqc,en-US,en-US
2NctyG-MNpY,en-US,en-US
07t37GqLUbI,en-US,en-US
lhU21o0m5CU,en-US,en-US
TMTZBV7SxgI,en-US,en-US
GnZ4YdS9Ofo,en-US,en-US
MU6wniGrwYc,en-US,en-US
JNQIr5uYLNY,en-US,en-US
4eLJaJpuaxY,en-US,en-US
Gbib5HlsnOU,en-US,en-US
SqFKiYMqdjU,en-US,en-US
K4Wn844epJg,en-US,en-US
cmyAeXBim1w,en-US,en-US
DKRXvjWU8kY,en-US,en-US
oJ2FBosD5BI,en-US,en-US
D44t9YxdZmI,en-US,en-US
d4EPVVdJxJo,en-US,en-US
LWmN0rBeK6A,en-US,en-US
3A06j0FfJ5k,en-US,en-US
IbQ_W1mn2mc,en-US,en-US
KdYlGRvja3M,en-US,en-US
ouqEHucSuqw,en-US,en-US
BK1EHRTmxkc,en-US,en-US
nu-ngcVnexo,en-US,en-US
sEPxRxKp8lg,en-US,en-US
KfYaj0ryXkQ,en-US,en-US
9wusLui51wc,en-US,en-US
HOAf0RZBXTI,en-US,en-US
ijc2ZgcKmak,en-US,en-US
DfQL29D1rrs,en-US,en-US
6U2keaVfYlA,en-US,en-US
KqFeX6ULoNI,en-US,en-US
_2CUm7NWzPU,en-US,en-US
7uBTJD_e-KM,en-US,en-US
JFJD8fLOwD8,en-US,en-US
Add9SR9Md9I,en-US,en-US
SljzWxzuRnE,en-US,en-US
FElfbHa5LC0,en-US,en-US
k-ON-5CH80E,en-US,en-US
B5rAAG9up8c,en-US,en-US
PL3ZLzZ6T3Q,en-US,en-US
sKDXKVvh9M8,en-US,en-US
C8WwUyPbJWo,en-US,en-US
9Tjq6GQD7HE,en-US,en-US
niE9qiLY5nQ,en-US,en-US
0L0VM34nmTY,en-US,en-US
nmX5s9Ph3Og,en-US,en-US
c3RPSRp3Wig,en-US,en-US
3FfBcCf9pwg,en-US,en-US
EJKhR3FfZlQ,en-US,en-US
XPPuaksFmdM,en-US,en-US
ihu0KSJAff0,en-US,en-US
sIQ95q1goMA,en-US,en-US
0LprsBrwXRo,en-US,en-US
_ib3IruiS7Y,en-US,en-US
UQs-IgyCyUE,en-US,en-US
h2bblp5j3fU,en-US,en-US
bf8WxJw1uWk,en,en
dKS-CESxL5A,en,en
86dSixZOtFo,en,en
wzsSbq3Z1G4,en,en
_sZbsPWwsoM,en,en
SgKmIVEytNI,en,en
BUksQoHlmfM,en,en
YioSqH5113g,en,en
MkDAeGqjj1c,en,en
xpJrR5-Ndpw,en,en
vRn7KMKv70Q,en,en
FL-l3r2eTCs,en,en
PtsIjbMZVHA,en,en
I9DsUBtVm_U,en,en
bhEyPqsKXiQ,en,en
H9YfqcQWNiA,en,en
dGdZf5eNlLs,en,en
ryIquQ6vJIo,en,en
csn5cvxnO_8,en,en
QuUV67rNDiQ,en,en
geIWLS8WcWQ,en,en
IQftOGGBFvE,en,en
9cQZVzrmddg,en,en
yb7sCBfAMqw,en,en
aZ6etVHsEtM,en,en
keJtGAFkY6E,en,en
9ccGMdchdkE,en,en
3VoQGSQQZfg,en,en
LyIraRam5Fc,en,en
PBxQWc-5xgA,en,en
HmuGldEi8QY,en,en
y_xGy9cZA7A,en,en
qvZJ2Fsngig,en,en
Nkf0UDOAeug,en,en
sM_TRW-6pkU,en,en
I02uMAJ-lSw,en,en
q3cnACjek_s,en,en
-Zp9urVQPqQ,en,en
Rx2dpdpBZB8,en,en
wm3rp4nRNa0,en,en
JBuqtvXhOcA,en,en
qVBIPIirxU0,en,en
cJCiRe7Ag8o,en,en
9V5uKssEKTg,en,en
Uytj_nfa_7E,en,en
ekWc5TlNjK4,en,en
RPL0wly1mUI,en,es
TAhynE00lB4,en,en
torU5kR0_hk,en,en
3LpzeNLtEhY,en,en
F1jr0zLncQo,en,en
vwCGgWZFAyk,en,en
fLB_A0jLYP4,en,en
QaXhoWGwkbk,en,en
nicMudN877M,en,en
LCqXjHBVgMY,en,en
jZcPQY3wbxw,en,en
hWSl4FwNgUs,en,en
NILed7ngI5c,en,en
B7O4L53m_6g,en,en
YIUKpGafMSU,en,en
DcQirGief28,en,en
NyVwP5Ih-pc,en,en
ny2jWBwKYXo,en,en
sT2rlmRAV6U,en,en
ENuGK-Uzhdo,en,en
-dzV62r7z0E,en,en
mURfChZCYgs,en,en
GhaMKq5Mq5A,en,en
ikAN9e0gBaU,en,en
FRMcOHjkndk,en,en
48a30v6Kec0,en,en
Pr3fR9iUoX8,en,en
deszkb2CBSQ,en,en
MDnvcDOrfz0,en,en
bvtrklclR_0,en,en
XIhrR3bWkB0,en,en
Ax2NxgUXFW4,en,en
O2Cm4VLLXqw,en,en
x8xHlz1ZjPI,en,en
sMwlDoV32w4,en,en
5YVc32oG-aM,en,en
9cb8qGDb7UM,en,en
KQFMB-Mf1LA,en,en
QGO1LuOySEg,en,en
IyVyvv3f2D4,en,en
WArJH5TjAbM,en,en
EqAm5h-npNs,en,en
uQ8yDdtoFj0,en,en
5x3tyErCsrQ,en,en
9LkTkXcvoBk,en,en
w8xh0Xu9U_g,en,en
TGJLlEXMSmM,en,en
JNUFYGvfRuM,en,en
5dT0gW4gsEI,en,en
A6gSZ_CP5d4,en,en
mrUe7JmecNQ,en,en
3NaZOHJcnAI,en,en
gSmPHJE8z6Q,en,en-US
POFfk5l-wHo,en,en
G9Xh95FO0i4,en,en
ig4UJvWqlG8,en,en
CV6iCNJ2Nw4,en,en
l0aii1Sgeww,en,en
-HUYGx9Qqmg,en,en
TDmohLAjcNM,en,en
XC8o0j3a52w,en,en
z5bOaeD0bXY,en,en
nNFcslYhB3Y,en,en
_a1aU6ZB-oU,en,en
18DAIoiPVro,en,en
oO7c_sU7fV8,en,en
PnX3zW5kGTY,en,en
qQloLDiSGT8,en,en
Aac6UVyLhs4,en,en
vJ-cq-xZto8,en,en
fg3yUEcJweA,en,en
k3fR02UbPmk,en,en
VRNhv3Xd8pk,en,en
VB2zF3aeymE,en,en
8um71h3rHoo,en,en
ZiWJ30qS-Ug,en,en
MPME2Y9wffA,en,en
gJ5O1FL8cTM,en,en
5YtZz-Y2WLw,en,en
06l39yPzrqw,en,en
NDIp0Vu9iII,en,en
XUJ6uafweTY,en,en
OZ9cpQ1PWBU,en,en
iHI7B-wvDKI,en,en
pFELW8YEba0,en,en
8Mn9EKDopQU,en,en
QFpdmLJyEyo,en,en
d1gSW9VgyEs,en,en
-TYoyiB8dL0,en,en
Zhn6vfFbUG0,en,en
Pi-YjKfiZZs,en,en
F7Z3ccFWCbY,en,en
RDDZvj9ktso,en,en
2lPCn_1MOG8,en,en
evCw8DmgoUA,en,en
PsnFZICVowI,en,en
BvlnH2JdbpU,en,en
KQPgaXmDieI,en,en
t08qGqF6UDo,en,en
6WhSwEYzDgk,en,en
U3_Jqd6lXyo,en,en
jNuXTEDqs_s,en,en
B2rFUbI0ER8,en,en
Aw0V9QpcRvc,en,en
ufpZt8HrFhQ,en,id
5NqJalM_ISw,en,id
NmkhsAIql0M,en,en
V0ZRVUdIf7s,en,en
xD2i5nVW23k,en,en
rl5_3kIxZYM,en,en
yzYmxzmDIpc,en,en
9sqR6Rqxhf8,en,en
AG5_MKl6yo8,en,en
VIuEdpRWUl4,en,en
kxThEYgADZg,en,en
QN9IaiOoxY8,en,en
IzEXN8SX3qM,en,en
TTFC3mR6FsU,en,en
Otz87ILbmA8,en,en
jwopF96RVdU,en,en
qZrBTqO_PVE,en,en
CIC5Tpa4ZWE,en,en
VC0Dbi0P-kI,en,en
Wa1k0E2jOI8,en,en
IE1ttwugXTI,en,en
d9w9tME0aEY,en,en
t83w_QIUaUs,en,id
r4kdP8Y-W9E,en,en
rHBv-rNQYVs,en,en
Qhe6NwhxzR0,en,en
ljA3aDFFs3M,en,en
KPQiIc7Qb0Y,en,en
pPgmB4eHWls,en,en
5eaOgjdf-T0,en,en
frhoqX9ADdc,en,en
-98SIPi79_I,en,en
rkGZbaJJDdU,en,en
IkraoooMt7Q,en,en
JTPui4iRFTo,en,en
-GwyavUqIBA,en,en
xCjul65duaY,en,en
YXMPlXF3knI,en,en
qR60uVaupGQ,en,en
P54TnniPIbU,en,en
kC-5tLI9IeU,en,en
1B_LX2Pvk6c,en,en
Z2DWxQyDnuM,en,en
K5B86nQxDOE,en,en
QGqZxjyUS_Y,en,en
TVivXhYDqM4,en,en
39_qlmYxTJU,en,en
Tf5bCYTpy0w,en,en
VrIO-r1OyhM,en,en
90CgAj2_mt4,en,en
uuUt7o_ulZE,en,en
cnmS5H2Lwiw,en,en
TPWJWlw6YqA,en,en
sDbp9l6SlE0,en,en
yslLzWC1VPc,en,en
lr-cAWKdWxk,en,en
-oB0LChzR_o,en,en
IOZF5IrtkwA,en,en
xqcDfRrcC2o,en,en
eUaqiPr-EVc,en,en
5uiep7baVWE,en,en
sFVQMikuBkE,en,en
juwJwHpjbHs,en,en
xFh5IqiiyPg,en,en
z_oUHrTbPlU,en,en
uu6MPdB09Fw,en,en
ocnme30fHho,en,en
oZO256q7rmY,en,en
ZZakOM-tyDA,en,id
6OxG4LdJAhs,en,en
sHxS15K3D1U,en,id
IFjQGNxdruk,en,en
uIO-GXYdHZo,en,id
Avc1V-p-iac,en,id
SARQfbvT5Q4,en,en
y_JjxcBDYs8,en,id
PKkcmWrIVO0,en,id
8UTSWbS3A1Y,en,id
75km-3QMdsw,en,en
CIy9wAkQvr8,en,en
-v4AGa8AyHw,en,id
A1FE1pDPxh8,en,en
LFFwHw7vbKU,en,en
VQ5BQu4ANMU,en,en
8_77KYMwHNI,en,id
PKLLYmZi1lI,en,en
ALcyB75lEc0,en,id
L0CWioBXnrs,en,id
QwLQwLPDUBY,en,en
FtSyYJXoOy8,en,en
nkvwzCCFLFw,en,id
9IA8qrXDUf8,en,id
P8CYoqZJmMk,en,en
IKHL3Fy-EmI,en,en
-XF-dscmZhM,en,id
KrIb8WKViHI,en,en
n0gKA2C3LPA,en,en
DYFDc0dpc5g,en,en
TzARRIuOPhQ,en,id
S6sL9qWbOFo,en,en
l6RUXd3FpY4,en,id
g1Wq6wQUCb4,en,en
5svrupzP_t8,en,en
mkFMgpCPCbg,en,en
SC81oHp7yjY,en,en
uQBlB4h-r2Y,en,en
W-W0_VjcGV8,en,en
P0xqQi6BrhY,en,en
ZaHQ0BnaUGk,en,en
SrrcWaEXGA8,en,en
wKro2eJvb4M,en,en
B2E-A-UorCA,en,en
n1p1qONV7Ww,en,en
QNQNhPC4Jvw,en,en
TbTSb455pCw,en,en
HmpVSw-kSbo,en,en
c0J6W5cF2jo,en,en
vry-mr4i-TE,en,lt
MAlslra8PW4,en,en
Ul6zmrGMlvU,en,en
lB2aVskIhvg,en,en
cj1WdzR2af4,en,en
guvngixrJPs,en,en
gJlODOkLrt4,en,lv
4TaJuDLNasU,en,en
UwtpMt_R0eU,en,en
FmgzX3_pXkU,en,en
ks9Ep5nCK_8,en,en
lUEonLthciM,en,en
le5uK7QodRI,en,en
ZXvsjdImrOc,en,en
fVKI6ELhb-Q,en,lv
9UARXYOY0Ww,en,en
SB0eKU768E0,en,en
RsRRa9MAEdc,en,en
YTGUTvR0-Eo,en,en
ZBJXthec16o,en,en
fdWZ8EOCo3U,en,en
m4wrBlrOxnc,en,id
G6ccbzeyCWM,en,en
PPPMJ7xq9vM,en,en
zAHHai5jSXU,en,en
4wd-wcAl9yM,en,en
_mrm0H7sibE,en,en
6pMwaIXXoqc,en,id
V2AATIsZXcY,en,en
Ly5OKRs44oQ,en,id
pUJlEuZC9y0,en,id
Dhc16nYkXlA,en,id
HgKL7d0XMcI,en,en
Rtj5-iql5FE,en,en
W_s81Dn4uEI,en,en
NbCf2La5SD8,en,en
O021eXJ7qfE,en,en
dpHpKeXm-B0,en,en
LWiNBT22gOI,en,en
2PB1ti2hFTM,en,en
PApu9YFk1HI,en,en
2Qrxj5N_eYE,en,en
IEIBXM1YwO8,en,en
w9oxLSRy-zc,en,en
8_wiuDd691s,en,en
C_2cE21MM7s,en,en
_Ul2V3Dj2Mo,en,en
1AlPe9RAYwQ,en,en
JQzbgYNIq6M,en,en
qG0UwUeKhAg,en,en
1CnBM6_2T4Y,en,en
o1WUlOXCiEE,en,en
K-dqq7wbqNg,en,en
woZH-pemN_o,en,en
1vifc1FRF5M,en,en
Y6ZGkjdFAZs,en,en
Gxtq88bCheg,en,en
S27fZ5rjOOI,en,en
0FVBN8afvHg,en,en
fq5uGvkPJ14,en,en
dEu5rNLYZko,en,en
rTsWFTGZZVQ,en,en
vIBVbbYQzVQ,en,en
KC-NOkm-dGs,en,en
7w2MlJLi7us,en,en
QrZVjp5IhR0,en,en
TosLIg3o91k,en,en
y_HAvNT_Nv4,en,en
44XdCRppvgE,en,en
nB3amaWZx4k,en,en
pdmVDO0a8dc,en,en
iQ3Q2Yk1268,en,en
M4gVwUQYjLE,en,en
9HHI2EuZoWc,en,en
vllPi10jo6s,en,en
JqnxsNAUKx8,en,en
AY-IDgLtYTw,en,en
iYDSlh8gkus,en,en
38PwG3zGDDI,en,en
F5Oox66JIds,en,en
VWJBAGrG0ms,en,en
-0L1yra9DtM,en,en
M2o_quWIBbk,en,en
8FwU_14-C3M,en,en
qiQs3wj_u7w,en,en
y4WNxmPh_aU,en,en
vNVVvSR-bnE,en,en
Pw7KCuS9_Rw,en,en
By-Bv5lT5Qs,en,en
9_sVGyJLs9w,en,en
0ZAdiQFrJjM,en,en
Z1NW_MAzBMg,en,en
uFFZpLbvJqQ,en,en
dNFJgkVEncw,en,en
SyDkkA5n9bc,en,en
mJuTM7TJ9J0,en,en
UrVCVVv08Qo,en,en
jfNJb0Hu0MM,en,en
5HoXesguAM8,en,en
yi4AClFjr9g,en,en
s0kzpMSRFrk,en,en
9alEMExkpQU,en,en
ROQNfVc4BYI,en,en
ASFlOy3jpIk,en,en
GTIjylkB-TI,en,en
7QIEU9KkY5g,en,en
HYHZyyogdyo,en,en
nxdh69enoSw,en,en
cd9or9hVpAw,en,en
_zxVcpOzOPY,en,en
kwsWAQ9sJZE,en,en
hR24suBLmtY,en,en
JPPMz8fEml0,en,en
n3VgMb7Y7RY,en,en
_TedFmvfCYo,en,en
JZBqAwO-1mk,en,en
gqeLROyFnVQ,en,en
WZpPIR5jiCk,en,en
Mm-ZhXVGnPg,en,en
pR_QkaDRVg0,en,en
cS_lzYjLgYA,en,en
_aWGPZSN7Wc,en,en
F3D1piLc3K4,en,en
QO7Ymd99RtY,en,en
LuRtWt5xMiA,en,ab
u7eLwLeNLt8,en,en
NqI6PMRxT0Y,en,en
RwOltQUMDa4,en,en
d2Dw-PuNZSE,en,en
VBGvwI3ATls,en,en
dTqVocrDoy0,en,en
-U97RoxfWpI,en,en
C7dbCrsf0l4,en,en
_T2Avd3tFHc,en,en
Nc6PyUiY7sw,en,en
bSs0o7DrHeg,en,en
Xhtc3EX12Z8,en,en
dfxxtnUbODQ,en,en
DTYuoHcLB5A,en,en
OrJ4rPSlrlI,en,en
lGpQgxP_o-Q,en,en
8o8EzSwIZ6Q,en,en
kYMZP2vXYqQ,en,en
ZOgVZCugeuo,en,en
H4jA_SN4hgg,en,en
hTyNa_KO_0A,en,en
utYwOcpKSr8,en,en
WTT7XZko3qk,en,en
ooNoZm_RG9A,en,en
SXK2hCRkkiU,en,en
n-plDav_iIE,en,en
D_ncku6A7iA,en,en
m0vIzYjLw5Q,en,en
gRszqN6rHE8,en,en
sn_BfMJfhYQ,en,en
RXWyuO3v4vM,en,en
vdkQWgZLrYA,en,en
HXzhcfYlKFQ,en,en
Vn-2L8absR0,en,en
q_BCdZUxRI8,en,en
sgLvkrMBgdY,en,en
kISB5sum51Y,en,en
7FWwjVHMgEU,en,en
TQcODHmw378,en,en
ersITE-HiLI,en,en
8pl8Rai0OWM,en,en
Uu-u8LEC1ek,en,en
Y3OM1PfDgMY,en,en
MeeQLeZU2TE,en,en
Mvher-mKt1Y,en,en
3NYgET0lCA4,en,en
wAeZ-HSFdTw,en,en
P9vwbbTgkzc,en,en
TWRlPKMAkRk,en,en
TRjISzJPsuk,en,en
qZVBFAtfp2A,en,en
rCYXM1Z0QVo,en,en
lPIeD2MFs8k,en,en
MoP_jkry66k,en,en
J74B2jzr8iA,en,en
IFXm5E27dlM,en,en
dOgXCVhcfOI,en,en
2WBDSlGdr4E,en,en
_qX8zuzTFOI,en,en
wvt_RStVdt4,en,en
gcb6skuP7YU,en,en
dfSHbfryTGE,en,en
pmevYwclMd8,en,en
MwCoePFL7gU,en,en
cSRm43OsFVg,en,en
V50k6z2EmPA,en,en
ax2fjBD4JmM,en,en
SraoCzlvNYk,en,en
v4hX7lali4w,en,en
BzrSnmG880s,en,en
g5JPGyoU1Y8,en,en
BZz2O9x7sBo,en,en
LcqtQWAEa4Y,en,en
Ts5Qt-t9m-U,en,en
dl6zQrEGSgY,en,en
6M_4uoWAhfg,en,en
xIqXaWORmhI,en,en
87XgeI7Fzok,en,en
MbNS_oUEc7I,en,en
yp4D8ucqYLM,en,en
77m_o5SN7PU,en,en
_vv3JD2fIyM,en,en
LYk91YZBkbA,en,en
COdU9pBidqA,en,en
Tlm7QQx5irg,en,en
J-RfvAJ9qWs,en,en
6exASWK82l8,en,en
9AHwtupyZFI,en,en
iW2b01YPk0k,en,en
-8-9FDhval4,en,en
y6buFzvkodI,en,en
w7qfvI_0yTQ,en,en
kTamR0tz5rM,en,en
_AxlTyiocaw,en,en
JI_Md14CH0Y,en,en
ttjOZSttebw,en,en
6NRYhE-SHLk,en,en
teyW8vWhoKk,en,en
OHPnlzH551A,en,en
K8DhtlIsfAY,en,en
sVkFvXB5Slc,en,en
iqXi52PJE20,en,en
VaA9-sRZo_A,en,en
Xxmc6pmL-WI,en,en
gGWwj12V-a8,en,en
32JV1KLb6PM,en,en
hJgCd5RPoeo,en,en
EZwJlKvQ-qE,en,en
PKx-ss7Ngqo,en,en
gzegH5tHiig,en,en
gYveN4Da-YA,en,en
vrW_MmH24j8,en,en
MgD7Z9nLbAw,en,en
ojELPpZCUMc,en,en
4rEo6sSSUBI,en,en
yEDSu4ffikQ,en,en
qIe_mfJvrCo,en,en
bZWVykAymFw,en,en
Q1bxSDPIEwk,en,en
o9e8_Y8AFkg,en,en
Ass1zdDpxqs,en,en
J0oDyeDb5dI,en,en
4xwiZTU1sb8,en,en
f4rPb8FR7lw,en,en
RDWYSUeokrA,en,en
5Ba82TKYCEU,en,en
Fy1tROVeJW8,en,en
0sApc8N_qJA,en,en
dJhmLsrGv7U,en,en
WEpgK3FfsVs,en,en
Aoa-QceFWes,en,en
r6tvYuEs6oo,en,en
RQw14FMuAzM,en,en
iSkz7MhNBzI,en,en
NidqDU16UJo,en,en
P3RWXEvaiwo,en,en
5y5uPLNIMzA,en,en
iJR15AQiBfM,en,en
2O1-p47qVsI,en,en
n4LXZmLbwGM,en,en
xz3w25j0qKY,en,en
DdZgM7Sx_FI,en,en
VBObGVuUHwc,en,en
86q31NssByc,en,en
EIR-k-z6PfA,en,en
SCQwKxElsUw,en,en
sV1Z2LXtHqc,en,en
5i99gbQFkdw,en,en
RKxIOZFR2ms,en,en
4zHp29IgfuU,en,en
q9g72CoinyE,en,en
wUdNZiS8MLk,en,id
6rbDJJzJX7k,en,en
pr8-agDG8sI,en,en
6IpPCqOHaTw,en,en
ooiM_7kt1uE,en,en
VWAcsjij6Nk,en,en
AHz6fqSh_AQ,en,en
r5DJYTHWWzw,en,en
m1mGerQhdHA,en,en
eQecHnQe6yQ,en,en
j4iaWonK8p4,en,en
kRFhgU7o2PA,en,en
NecpYqxw0o4,en,en
t5depatWuQw,en,en
SITYTOOVyzU,en,en
0p_l0_-OMig,en,en
Id76d8myatA,en,en
2hK-e7zeqkI,en,en
6xKCprTdA-8,en,en
Nx_Vu2wXMpI,en,en
2ibu5IjJ7rE,en,en
KlLTsVNaw2Q,en,en
cTFMC8dLtK0,en,en
qv6ptpAIYPI,en,en
mdXf7h3OVxk,en,en
W4oKA2k4p8s,en,en
EfyfHxuLl3E,en,en
IGpsXyQSCMM,en,en
60d4MZMLISs,en,en
fYgit8cHfqs,en,en
W3QaEFuceFk,en,en
5EyGJzmNJ0k,en,en
TdB7RUaCOOM,en,en
rpwjE4IDnjg,en,en
SC4nwtBAYPA,en,en
g-8XJO5mqGg,en,en
ZOiBLSkmpdU,en,en
jpIijBuaKN4,en,en
wqmcKww730w,en,en
TIbLaMTWEYY,en,en
_qMcEMjLYhw,en,en
pzwJawiLBbs,en,en
kRuhatbn_fE,en,en
-Skfo-lgRQk,en,en
RNMcQbK67xA,en,en
h10BDsdZ_WM,en,en
NIH5LM5KjuQ,en,en
MS7jo0xWis0,en,en
s9ut2k72uwc,en,en
zPt-E1dOqmA,en,en
0sjdXwDv158,en,en
1_afGuxjazA,en,en
katClN-NOfs,en,en
oQT7EKY0Eh0,en,en
9cuFsktYpMY,en,en
E1VjsgCs63U,en,en
9uDiE_ws2lQ,en,en
D8dAqVe6m0E,en,pl
faHir6gqwK8,en,pl
GMn3aQ2tBTU,en,en
dZQ6rf7rAEo,en,pl
TXiq7a5uuyI,en,en
oSIrm4sPKms,en,en
ZpHhWzsl8Hs,en,en
8Ox57EeeznQ,en,en
OxMeSLbGISY,en,en
cDGxYbTpDEI,en,en
BrLgkgOoqk4,en,en
9_lGgPr5Os8,en,en
WkmI_ZpAuTk,en,en
iyE62wqkkJM,en,en
WOl5YxVoyF4,en,en
7q6_7hduVus,en,en
OTdE_ncNPNg,en,en
KhT5l6gP-Ts,en,en
EkNxzNXqYu8,en,en
gSJzdZRKaT4,en,en
lJQfmn35j2o,en,en
jNR8J4CB_Iw,en,en
ONwUJ1XwGxU,en,en
Ryw0qXFcIjE,en,es
okhKc3W39mg,en,en
5vNzJXVUbRM,en,en
ndIQiMb9jDg,en,en
qPWT-Rn4AS0,en,en
maH0Sqwyhjc,en,pl
mNfgrMhLIgM,en,pl
8KdxQsqGzIg,en,en
Eo48JZGVN4c,en,en
WiVeiBiXggE,en,en
42UCpbf1Wec,en,en
-UeBSQDBx3o,en,en
PPtonlMgorI,en,en
Lp0xIVbXsJ4,en,en
Y2kW6M6t3SQ,en,en
3JXJFvToEpU,en,en
1C19hfIWgGI,en,en
PQ82beyyq50,en,en
qng0EUXY39I,en,en
zOG9THRWLXA,en,pl
EIB3hgY1rV8,en,pl
oKtseGgkuTQ,en,en
dLwxR5XCRik,en,pl
EE3ZHLVRgHI,en,en
VbAuRFn_zeo,en,en
ESo88z6xr5k,en,en
vlUhMn87fMQ,en,en
oe0dnPtA94A,en,en
wuhiCQLeCcA,en,en
xRRCYgS755I,en,fi
Z0kVD8O4r_M,en,fi
mOzNasSrzs4,en,fi
bjQpkh_hTwc,en,en
k7MWQLLb3kE,en,en
PAOUN02HO4s,en,en
PP50XUbl-CA,en,en
k0DdXdi7p-Q,en,en
ILo7wbPUKOo,en,en
qPZkNielKtw,en,en
vzY_wYI3zuw,en,pl
sjVQ1Uho5iQ,en,en
tlPAEIjuq_U,en,en
ZtDGQl3Zy9o,en,pl
1DCO-L5BiSE,en,en
byyXHds89vI,en,en
4mKw_pVQIVw,en,en
dNEXLZSi1cI,en,pl
6InrqwcrtVQ,en,en
EdLrFMFrT0U,en,en
mZyMXJBLXAI,en,en
RQ6_XEislZc,en,pl
mUyIBhDHvzU,en,en
D31jYpsnwP0,en,pl
7CHno4IfTNg,en,en
LDz6UR-9BUY,en,pl
-v81CJPI9oU,en,en
dFCZ6gqv8hk,en,en
PQiuKnRyD-0,en,en
0yJ6evl_xxg,en,en
E_55aAdLTo8,en,en
qQejuKN064I,en,en
_G7VD4XFEc0,en,en
Ka_ysBcRGVM,en,en
s1O80vrxApI,en,en
OQlWARMY9Uw,en,en
GOn0jpJuRSs,en,en
y_A0CM_H77Y,en,pl
1kSlJrg0R0s,en,pl
r_rlezIFeso,en,en
kxMZManapqU,en,en
0ijSSikbkrM,en,en
BDR3CeZW3xk,en,en
JTJ5R3XJMOM,en,en
Js-S83bxBec,en,en
KXARhThAzUw,en,en
6WIWhI4vrEs,en,en
jeS7c-gnDbA,en,en
2qldo65AQvU,en,en
hwiqxdraByI,en,en
Xbn_kBFDIEc,en,en
ckv6b5ti1Wo,en,en
PqVcOIuVz9I,en,en
uacxPmj2PlA,en,en
1Btf7Xs3Mwo,en,en
V4omRPq5T40,en,en
SqF4C-yKBrc,en,en
vCIS795jcEs,en,en
ldfKcXYeXfk,en,en
WLpc6tO1t2E,en,en
o-uttgVGOr0,en,es
0LJXz2JucD4,en,es
PxpexWlc110,en,en
F2It6SUGUxw,en,en
BQZe_ua8zUE,en,en
RuMxaudiZ9o,en,en
bhT9LXiFrU0,en,en
HtyVbMZegn4,en,en
kQfW2XLgUzc,en,en
av4GFvpP6h8,en,en
chOSG6Jhsxk,en,en
pY1FYojFjoE,en,en
W6SKTCHqeVI,en,en
bDsy19S-Krk,en,en
gJ69JSuj0Q8,en,en
N7xmhuCgMO0,en,en
rBXh4cnTYhg,en,en
VUJLctM0GQU,en,en
-MBTZ7dKYog,en,en
IP0lHDmLc80,en,en
lcm1UtyRoz0,en,en
XvPCv1NoDqk,en,en
yXg2NTSKH2A,en,en
Bt-Jhq5TxnU,en,en
JCm7FZOBXbU,en,en
MEZ_UbOaE1I,en,en
u2OLVCuLOCA,en,en
NgEtD-CyUao,en,en
rZKB4_yOKJo,en,en
W6bgfRi27yY,en,en
c7ibjm3P2ZM,en,en
cEheAfSxVPM,en,en
vGPwDxQzUeY,en,en
nBX5Wu6-E-c,en,en
j8TA9epZRhQ,en,en
sUGcwVLQf1c,en,en
iY49-ajD-2I,en,en
2mUjsnf5REw,en,en
4FlN09ZexTs,en,en
Vz-u2ETfj3M,en,en
SC6C3KXP1_c,en,en
dBbBywd6Flc,en,en
KyqiY1vEUd4,en,en
jnbdrfafXck,en,en
LwFkbqMK-pk,en,en
UFn4i2g12iI,en,en
ArmDHfzHCps,en,en
TGbe6Ps3gfw,en,en
bGOY0YffG3E,en,en
qsONApIE6vw,en,en
_tI4yUbDYmw,en,en
qDYxwCN0dRc,en,en
I-S2-qe4EuQ,en,en
vOwGiGF9DHI,en,en
tgPbGOv1NFs,en,en
1SS6_0G2olg,en,en
K--fVQ73edk,en,en
zKYo5mw_IvQ,en,en
U6RDkuK1Emc,en,en
OfKanKi2IIw,en,en
8frIFTQJg1c,en,en
DvtCBayI6ik,en,en
ErC84aLFUDI,en,en
HI4txY4eenc,en,en
636EUctnIMo,en,en
s-P9HVOyb0Q,en,en
VlYD4iSEe-4,en,en
9285ZYjxlNA,en,en
tSSjS0-Jai4,en,en
9kdfQ2x90pQ,en,en
qc7iiJE027o,en,en
QhzCpjDQqfI,en,en
W8hZkXkh2EA,en,en
f9JcWOQQt7U,en,en
yzWSPNPuTfo,en,en
nUsMFsGuwg0,en,en
2EQUUPO7B3I,en,en
Hr3SOfB-tQg,en,en
7o6sVA62oOw,en,en
3n227UzYczY,en,en
lGPbnUIrtpA,en,en
b97vQEyTphg,en,en
lDkP8YP7sTE,en,en
P5uT1Foe1wY,en,en
z8xAEa_IiFI,en,en
eiSoflfEx3w,en,en
XmMoGRI0k2c,en,en
UYucKTgYX2A,en,en
ixEO35xI1vM,en,en
NWfTo9rMEcI,en,en
3_ly0DjQyLw,en,en
9gk20_u6Cjg,en,en
xHZ9PQBQRiA,en,en
Hxw1WI_vuLU,en,en
JjB5hi26MS8,en,en
fRl9rB2kEgg,en,en
YnmDz7NaQkU,en,en
awrfCJ7FZuk,en,en
rfunEixAJSU,en,en
8Gvktw7S0bU,en,en
tN5gEwy90MU,en,en
jM80u2ZtkI8,en,en
3KC0P_uVWc4,en,en
KbduZVDxlRg,en,en
HUcfNu5wED8,en,en
cTkjBiHVDgE,en,en
opJBgwJd-PU,en,en
FNs3OjCK95Q,en,en
NER60w9HiuA,en,en
FSHRF_joORo,en,en
tdrv1YMOvRQ,en,en
jjuMJj2g7aw,en,en
apkIQVO3xjo,en,en
7dYaVC-5LmE,en,en
808VnA60fgQ,en,en
Yg4KgRqoTEk,en,en
yfCIRKqB1iY,en,en
ELGUzE8_Sik,en,en
XcRUvwx4svs,en,en
YFJ8Ag_DCd0,en,en
IqvCHPGFoFM,en,en
PfIRsJXDv9Y,en,en
nLvOkxNEtHk,en,en
BCkZfGlukfo,en,en
UxaeD191Z5A,en,en
Ql_WyM9d0UU,en,en
ArMeTchJxSQ,en,en
cHkmk8yFhXc,en,en
nEArmD3kU6g,en,en
LQcTjKkioBc,en,en
HJoGLvmmAPs,en,en
T3Kl15__GYA,en,en
7xSqrGHzXOA,en,en
LTT2xRaDXxI,en,en
uYZ2riozXk0,en,en
mpC-pCdoWQc,en,en
r-hgWuiyyaU,en,en
-5qzMWlsajY,en,en
4OJcNbiixEQ,en,en
9HrLNC_zH4A,en,en
Bz1zaiyWEwE,en,en
6uAK2TiVXYI,en,en
FF4_lqMP704,en,en
8a5bA1HMpD0,en,en
bF1VamLDso4,en,en
rakfl1KCaMk,en,en
pgIyPxLm7f4,en,en
JceOpAirfyw,en,en
fAV3tR1ZEJs,en,en
5JApdL1yYEc,en,en
2UvuiGOCNY8,en,en
iziCZ8aJe2Q,en,en
8RS29xAP7-U,en,en
X208zbkkmAE,en,en
eVSd3Vgd6xI,en,en
w4ALcu4ghu4,en,en
396xHJeedgY,en,en
k0B7Va-te44,en,en
VRXR4P1yKn0,en,en
iaT_Xi7ICLc,en,en
pPj9k7cfo60,en,en
E8yPXuc2Szw,en,en
wR6otB3pMQM,en,en
h13cCP9wCpw,en,en
CZlT_TDnfro,en,en
faXqXtJV4Go,en,en
svzhqQ-X3nc,en,en
Gc6zpEY1rR4,en,en
M7DRUzNsc4s,en,en
X6DBQsA2Aa0,en,en
Q9lpcepl708,en,en
jOdlK6fl8lc,en,en
h3Gg1VR1WO0,en,en
ymUkrY7-DBU,en,en
Ra7JybLU9_0,en,en
uCF-xVf7CAM,en,en
KztzKjizqpo,en,en
HMrNQ9xuYVM,en,en
rXc-E7-E1e4,en,en
L3JRkl_4mBM,en,en
H_TK4ObpQnA,en,en
v66kzHyISp4,en,en
pIwCc7RuaQU,en,en
wSoO1i4qDgQ,en,en
LIL3DByU8o4,en,en
tT-vg1T-6dI,en,en
zD0Y8tKCglA,en,en
_GxP_qr75pw,en,en
3eykcScdqJM,en-GB,en
Ez3rzTM3IgQ,en-GB,en
PtVlklC28WM,en-GB,en
clwo4cesnMI,en-GB,en
EsLIeY685VI,en-GB,en
IAnYiF6QVMc,en-GB,en
Dd4cDuZklGE,en-GB,en
OtNcjtHTE70,en-GB,en
5MDTZHcGP9M,en-GB,en
1q1jP2ScHks,en-GB,en
2BMu6Vv8Cvw,en-GB,en
5dXYf6NqA5M,en-GB,en
PuzK9r9eRBY,en-GB,en
VPAgQEMzDF8,en-GB,en
ttxGSaIhJpk,en-GB,en
O3HRnwC6pso,en-GB,en
2_qIVM3cJtA,en-GB,en
CdB_-ipZ2Tk,en-GB,en
sE43Nb9z7xc,en-GB,en
_Bm9VKBrIC0,en-GB,en
kGc3DM1qAf8,en-GB,en
Ic7sjkI2Uik,en-GB,en
IFUIdcrgW6M,en-GB,en-GB
4djWY3UcjFY,en-GB,en
fuo5jbT2QKo,en-GB,en
tSaOnFv7JJQ,en-GB,en
0mlp4wfksEQ,en-GB,en
fBBiFhhY2to,en-GB,en
3FuQWY7cZSs,en-GB,en
_U0wQPMwvVc,en-GB,en
3sSHfbnPPSM,en-GB,en
omtg122Ym0Q,en-GB,en
E-nLlhEGAkc,en-GB,en
tV2Nevl1iCI,en-GB,en
aswvkdCpZYc,en-GB,en
a6Ml16_0Kqk,en-GB,en
5z9kOZSLFGE,en-GB,en
DLlMw64QocA,en-GB,en
iq_76McFVLo,en-GB,en
7dWfMMQslzU,en-GB,en
4ijIo8X2_h4,en-GB,en
9I61plMS2Yg,en-GB,en
1m3fYellBlw,en-GB,en
41BqmsAUvwA,en-GB,en
qeGAI4Rdptk,en-GB,en
VIHsOh5wryE,,en
M-X1m4dGE9Y,en,en
fQ8oeqAu8dw,,en
y2Nba4MMBAU,,en
qyB1l-89KEk,,en
aro2vgpcpis,,en
0fZ-r5Qe3tM,,en
7URQ2h5yORs,,en
34XymEDY9Wc,,en
c6d0zw-DxpU,,en
hzBxFH_hEwA,,en
f2rBUvWKSZw,,en
dmKRNQfp_Y0,en,en
D7t5Mgv5js0,en-GB,en
KI2VHBelyXI,en,en
f2d7kJPimyE,en,en
zTGd8TxWfDg,,en
uDH_o8RqR0Y,,en
kVB20yiNCPE,,en
RPUsuDTnnFM,en,en
VlEdku1-1gA,en,en
StvRgJBCaks,en,en
cgV8q0rwUzs,en,en
2bNzjBJF_G0,en,en
quNyiLseWkg,en,en
1ltZR9IWXaE,en,en
_HBBSG7tAfQ,en,en
mYU_tKMLZy0,,en
V2xVSmzPzW4,en,en
hkivQ20J6WY,,en
CtYgsifAhtY,en,en
XZ7-sGmNrDw,en,en
cTxgcZcgLbk,en,en
uetA4Wf5i4Q,zxx,en
Y1HRGSE0U8A,en-US,en
dUIL_71zeLc,en,en
BFIrCReIPpY,,en
UKjjBgfZG5Q,,en
SrAA09YwDYo,ru,en
ROozLTYm_OQ,en,en
Gsyf6tqnL7g,,en
vZN3ooDtl9o,en,en
7XzxmSRwdPg,,en
ydH2pEFeDuc,,en
NszXuvBWMsU,en-GB,en
j_UAkHQFcgA,,en
Mqf8pruqisU,,en
eX_Etwy7ep8,,en
C5TNecidRD0,,en
5aNxKGu6ccs,en,en
f3fDphcGRiE,,en
wcseyA2aL8k,,en
ReZyQyoAdjA,,en
0RjRqS5vl-Q,,en
J_3DFTm8ioA,,en
xV7glRVdNw8,,en
1mL1aI6aabs,,en
qQ5MTAXPMI0,,en
hLSIDEBopxs,,en
_2qwy4ATUsw,,en
qGSfK55Ggs4,,en
h1sRFc5FiZA,,en
o1bbazvx1O8,,en
bR_eA_c_Yts,,en
6RQlQDp1uiU,,en
k3LuGqL1tRk,,en
uIpiHofuFDQ,,en
-OVuFTp2DZQ,,en
NZWOcYNr5oE,,en
dQJ5Z4oFvsQ,,en
rSoFDivGIdc,,en
W-hw42Fdg2s,,en
madplgRfebo,,en
7KwFEw1weqI,,en
WFQtAhH2B_c,,en
RjykvLJ3DhU,,en
-eg2Ew_c2XQ,,en
t-06FFQh6Zk,,en
n7IIk--Y2hE,,en
K89GTQ03bCQ,,en
0Qwz8Q4BBrk,,en
ypjP7rTc-b4,,en
BUl6vXvAa8I,,en
-4kzBmmGyhA,,en
cG4aYsvgchA,,en
6LunxfjFkgk,,en
UeoYqP_2irI,,en
im_l1NA-AmM,,en
yjF4jiOOdPY,,en
BC7Oe0jB3dA,,en
gICk1Wc2cfw,,en
KAU13mL1fr0,,en
E7-hZYnQV7E,,en
V47PzGpmwXo,,en
XkEh-6v6rDU,,en
31TPCwAcWLw,,en
10m7VezKN-4,,en
PgzwGjaTr98,,en
lbThP55CtoQ,,en
q37qWA2cL5w,,en
FcOS4q0RD-w,,en
ISToBIkSNbM,,en
42DzIDtMJlY,,en
JOrjRU091Hk,,en
50pQHccrlHg,,en
Kd_eSaOCJrY,en,en
SQ3WCQw3eVM,en,en
4cJog7YKvYQ,en,en
0LtwVmxuAHw,en,en
h3guOjv1Hjw,en,en
8T5ohTK4Sjo,en,en
GD5ex8Oj0Lg,en,en
QPPvw02xYLc,en,en
uxU3WIZaeEo,en,en
z-KNgyMkOd0,en,en
JcyX-OssqHo,en,en
YojeAtxOWEk,en,en
rzDFtUd7VmM,en,en
Ifyru8_fztc,en,en
y9U72yYrTQo,en,en
0Hp4-KPt8mk,en,en
Yox29ET3r6M,en,en
e1b18yEMppM,en,en
iUP6I7kXh9o,en,en
88FI6pv2thc,en,en
mhin1aqQimc,en,en
vu-JrzASR6w,en,en
qr9MhUFXfe0,en,en
9Er-zBHP03Y,en,en
nWcWEzVJ2Wg,en,en
3EtkfBK1dLE,en,en
MDR7IoNm3PE,en,en
rXQnbj-Hwx8,en,en
v3NxqTzTINY,en,en
BXb6bP6moqs,en,en
6_ls5wQ25no,en,en
a3h5TdlrE5g,en,en
fLSV-f2xrFo,en,en
QrMfAOf0taw,en,en
ip6ThttyNeo,en,en
LqWvrz4e7TY,en,en
F58nm3BKLAc,en,en
0wikTW1W2n0,en,en
pCxyX5JqfPo,en,en
D4So72AErDI,en,en
LdFiV21VU4M,en,en
9d7Tgrf8b_Y,en,en
0ek7C-5fsPU,en,en
dlOOOFYWPVc,en,en
ujD14I_k_kk,en,en
mAqqK0-I-w8,en,en
_agrnNQ-b1I,en,en
v9kQGFPpBuc,en,en
y3zpY1uV1tI,en,en
-8SWTvmhbTY,en,en
ckZMEunfqUY,en,en
wzKbbyBwX94,en,en
fZ-WVUsLHMQ,en,en
MVaSYNn1dk4,en,en
v6KrofgvnsM,en,en
J5bB1crezkM,en,en
_N3SOjhVCek,en,en
HQst3YViP9c,en,en
Vjwon-B9AGY,en,en
YZjP1mbdtBo,en,en
FAncA7A7xBA,en,en
eM8sNUv54Mo,en,en
Q3H5Qx7XRrc,en,en
pi2qLmG3HmQ,en,en
f9gsRO7gPuA,en,en
bT4RfHUEt-8,en,en
NClurvAQxMY,en,en
Ph0ZAFZS49o,en,en
87zpoVTCF-4,en,en
h_P_hxyS2NU,en,en
-8IfMFeAii4,en,en
7z5h9Uh0kOg,en,en
yAUIZgbbGS0,en,en
dTeagf4RZzY,en,en
DvroPU6GNco,en,en
JDuNdS-0lws,en,en
0ATKbukZ4CY,en,en
jVeErmDDzlA,en,en
Tm7oyI2dOe0,en,en
R1gyeJLMNq0,en,en
WrdIOXFPMBc,en,en
XWkh60uJ2bA,en,en
bdkfebaPWlI,en,en
GgTc5PxajPU,en,en
4wQVlMnBSoc,en,en
wLSgQWQxqlI,en,en
aMCNObWBqic,en,en
hm_owAn5Mz0,en,en
yfwg-0lCQr4,en,en
K3RlgAUnYDg,en,en
KvMk0jhFxL0,en,en
y6TxsokDFUI,en,en
3uWaPdbPTlI,en,en
lrwx9Rjl174,en,en
-gUbQOAR8lk,en,en
JiHl_cABwbE,en,en
MZj2R99JlnM,en,en
YpZyRW3hAts,en,en
ZEmqrjZON-4,en,en
i0G1b2FljCA,en,en
5rr25zMXj48,en,en
flnMj1tE208,en,en
nOpf42uaB_c,en,en
yW1sfS92e_M,en,en
bVB_niVr23Y,en,en
dZujTBh7M7M,en,en
3VdiAJvpAuA,en,en
bJHlgsvm-00,en,en
YwRjEruEsm4,en,en
W001vfAvNvg,en,en
LqPGBCYN9BE,en,en
Wo-pLPCKrSE,en,en
NR-Xv3g2QlY,en,en
H_77rgaXjss,en,en
ZcIFmDp2WYU,en,en
kxw4WPVwS-Q,en,en
vbUTHWfDpKA,en,en
ustcS5-O0Y0,en,en
Xo5K3_MtyZc,en,en
20ZP5FgLo94,en,en
w2_esxaVPrk,en,en
gjwmCQIHO6g,en,en
rp5bZPGryC8,en,en
ZJnQe3lCxvw,en,en
eRXx8N-SWmU,en,en
1AIORJFTZYY,en,en
AuMqWe36IV0,en,en
_h8TnMmMjTk,en,en
hz7WKzKAN1w,en,en
6_sD1Q4Z9T4,en,en
onmJ2LfYD0o,en,en
uQsShcIiSNs,en,en
KB7JNS-RpM8,en,en
WmdCjJWR0HQ,en,en
35arpXSBMis,en,en
nWwhIlLIxW0,en,en
XWzU_VaZqSM,en,en
tcOf3BUXog8,en,en
cY8he3BMG34,en,en
c8Wq2IO6YUo,en,en
MW5JC--NiGQ,en,en
KRBPHK6PujI,en,en
rpOOTov0_6M,en,en
x_Uf_EuPiTA,en,en
vKKceAhXAWE,en,en
ypE2LmNFWDY,en,en
6IiO5wTw9e0,en,en
kcaUhc480u0,en,en
3chAtWpjJXM,en,en
wYCbOZg5xnU,en,en
LiIraJl0bBU,en,en
xNXA8CRnZXY,en,en
pGn5n352tM0,en,en
6edcnZfU-Nk,en,en
x2fMvRF6H-8,en,en
EyMkPUQ6b18,en,en
1dSpkyTAamM,en,en
HQSdlvG7ErI,en,en
SFIelk6CNSY,en,en
rhbnFk1AdeY,en,en
YJgi65Q-vNI,en,en
e5oHXqd0tL0,en,en
RUz9PtsqWx4,en,en
wNDYBhUemlY,en,en
mSq3ljxv7oM,en,en
H89-34o-c1Y,en,en
nADkjlmfw60,en,en
ALtxfCQ_4mQ,en,en
qnEbscxR4YU,en,en
NaUG7otIezw,en,en
H4d-o9iJ8fQ,en,en
8HaXo9230n4,en,en
gtc1ugyhZWM,en,en
GeYN2JYcM0I,en,en
AaT2Tz5-JI8,en,en
4l09XylIPTQ,en,en
_jkdqjfK6XE,en,en
_9Eopzpa6QY,en,en
TceUU_w2pY0,en,en
AQ6Az3ZM80U,en,en
QBpaEVllyzI,en,en
abZPr5kRRlg,en,en
WfXRc3OPaLk,en,en
sTio_0rwR1s,en,en
GAtRDW7W7RU,en,en
ydnnRyPPLs4,en,en
GM9Ax72RpWM,en,en
sNSIhIzr3io,en,en
g94OOxy7Qrc,en,en
M-HX-rsR-EM,en,en
wB4cef1RLSU,en,en
AYDhvf8s3Cg,en,en
HzBKaiSFCZc,en,en
Glx7AmJW_FY,en,en
HGPaoKPck4g,en,en
Qa22ChHCx4c,en,en
PSnyGJQ8A7o,en,en
L3EQiRxfBW4,en,en
_MCaP48Guog,en,en
1xazm1NfPro,en,en
-S9eQxKXLZY,en,en
tiTl3220jGA,en,en
3iW8B0ZDauM,en,en
EcdSjrJGEJ0,en,en
_B84YhqlmfM,en,en
8NTIY8Qy2f0,en,en
2ZrYwuxThFA,en,en
f3qTyyAIaLw,en,en
5o8PBiwo_oM,en,en
c9zz7-mRjxo,en,en
u4afYXL-tps,en,en
bl8FPYOnJ4M,en,en
asE4LTvU9ZE,en,en
nYEDbebUjX4,en,en
HSNgr0pBXJU,en,en
BPqX2omIvIY,en,en
DjJz6uJ7zJI,en,en
BaXUZcVHQEE,en,en
1fbJ-cUjJ04,en,en
27_IHbxwQHQ,en,en
4GzW0G34SPg,en,en
yQ9fBVEpGg4,en,en
-6GjMqMn9Vo,en,en
O7myjMrU2FE,en,en
-M9u59YI7Ec,en,en
Qs7VVuD8vqg,en,en
5xVWkcg1T0Y,en,en
1NZEp90ps-Q,en,en
SoTY_aTNH5A,en,en
V2kolF4yo-Q,en,en
og9kpw5vxh4,en,en
QiqsD4wF8II,en,en
k3pFTIZvdh0,en,en
HUejS6E4uUs,en,en
1U3aFx_NLjI,en,en
sBak6QDJe7A,en,en
ToGRP5YBQ64,en,en
P7zMGvEPA4Q,en,en
I5wfUFqSmB8,en,en
Kykoq7GKyP0,en,en
37PVQ-2pEV8,en,en
Tw3AY2PcSIw,en,en
UTe4-TPIcTw,en,en
r07YYE6qIKQ,en,en
BjsjEdCUymg,en,en
FUvURd9hQbA,en,en
349_bOKqE8U,en,en
ou1lEJzv4XU,en,en
SwI0UbLKQ80,en,en
nWhzwngY29U,en,en
1j7cNJ5G8_w,en,en
7VpJ6oPD7wQ,en,en
7EIdKjigVBg,en,en
aUs1FpEg0gM,en,en
oddKS-FYnlM,en,en
K3WOuS0TpsY,en,en
sdr5jaJU6Co,en,en
Rp04gvm87rk,en,en
ILttyLplPPg,en,en
f1l-BKcYemw,en,en
FbHgKnzIEFg,en,en
nItZneMrm80,en,en
8MX1zPRsJvY,en,en
Pk1XJlFxVKs,en,en
ElomgXSgHdA,en,en
0PUj8Qz2XIg,en,en
_ch7hYh4BtA,en,en
wvtHDCiKHME,en,en
aLZYFKjVhjI,en,en
61W6RFqNdfM,en,en
fOj3l4KY0L0,en,en
t5wg4c0ScAc,en,en
eU95r0PB7dM,en,en
IFAZqLffLaU,en,en
nHZIevN7gp0,en,en
WTt-HzqzVYk,en,en
msHKfK-AMRM,,en
ee0CHgjOOzw,,en
oi5oF7ha_Wk,en,en
IYVkFcWqcIo,en,en
jN5LZR4ejkg,en,en
eRU3M66Dlsc,en,en
wwiMKQxPeI8,en,en
85EKQyrPpno,en,en
F3_fXBvJaGo,en,en
5TzTyXn26FI,en,en
wQQzrwwIMBM,en,en
yaV4CYx9peo,en,en
lN2t2qwWr78,en,en
HFhFfYR21lQ,en,en
0jBQWjLPNuY,en,en
Rmg0zrVGhDA,en,en
rvfUzl8zGTg,en,en
id9QMCtvqRg,en,en
6TleZuubucU,en,en
B3x-qICdW6g,en,en
gfBXnhV1Zys,en,en
ra6719ZqYFM,en,en
HgEqlOFs56Q,en,en
0U3-7Ey3siA,en,en
O3a99HNskNk,en,en
oR94cicO7xM,en,en
F5_G0AHfYhI,en,en
b3KpFdb1pW8,en,en
5U-V0y-fkSw,en,en
nHAFnH3xRl4,en,en
J1WoNuemKOg,en,en
_1G8nrmBKeY,en,en
wt4p2oalmRY,en,en
3HQkVfZ4DNY,en,en
tL9Lw250spc,en,en
2_VB-oc_pmk,en,en
RmHcX5oVzvs,en,en
GK2pZ_oVU1o,en,en
kP7l1agsTzQ,en,en
h1YeIE0vEIs,en,en
Xhl5TzKZbpw,en,en
dquI8khH1Zk,en,en
uPGBcVCrdg8,en,en
mvcesPWvUIc,en,en
RxIsjweAAdE,en,en
8HBDE-msUjw,en,en
2_Z7FB3vfFg,en,en
AUmHqD0lGHo,en,en
b_SZC8oIsBw,en,en
tz23G_UXCGA,en,en
kS-CGkiPetQ,en,en
OgFf_J1CP0g,en,en
fF32B_sOVHA,en,en
Xr2yp8JA9LU,en,en
zXvygWE3Ess,en,en
7F4pY8Td9QQ,en,en
SVTPv4sI_Jc,en,en
ksn5yrsC3Wg,en,en
iRach9lpIlg,en,en
MVFd0qFB9TE,en,en
h2KFNdLqAiU,en,en
PPJ6NJkmDAo,en,en
2GUah9xHVto,en,en
jjp3WC8Unj8,en,en
BU5HwNyE4mk,en,en
YSJY3DvnybE,en,en
zP5uhMpH4mE,en,en
9szhjhO9epA,en,en
R8oiho_gKSo,en,en
Ol18JoeXlVI,en,en
DJ_5_JS9_Rs,en,en
aoag03mSuXQ,en,en
qtPPfM7Tz1o,en,en
cMx139eTxoc,en,en
Bl0WZvAeDik,en,en
Bt3boxwRF84,en,en
6HVYHNTDOFs,en,en
XKSjCOKDtpk,en,en
w2TLv30F6UU,en,en
P-4pbFcERnk,en,en
itSkBESLZeY,en,en
fkxoaD47-Vo,en,en
MiUHjLxm3V0,en,en
piHGnG4LsmQ,en,en
NIk_0AW5hFU,en,en
nMqWWO6p7-c,en,en
Y-W-w8yNiKU,en,en
Bb0uDpvitoE,en,en
HBluLfX2F_k,en,en
gGtuw7Rejtk,en,en
QtxVdC7pBQM,en,en
9M_QK4stCJU,en,en
HVySQLuxLkI,en,en
XX7PdJIGiCw,en,en
tWRyiCP17do,en,en
h830G5mkTF4,en,en
kh9OmFBg8qI,en,en
S7xvqDUPoJo,en,en
CYlon2tvywA,en,en
onr80iOoEXs,en,en
q6WlXhtVvkg,en,en
b8XVCsXyIZs,en,en
tZ8ehplVFp4,en,en
CxVXvFOPIyQ,en,en
OW9Mq3wrEqY,en,en
AFXLZ7FEJc4,en,en
zQ2ZJuUJeyo,en,en
y2y8ME02lX4,en,en
AGglJehON5g,en,en
UKfnXd3x-rw,en,en
KZeIEiBrT_w,en,en
za_HO2E3JEU,en,en
49NikeBCzWo,en,en
-QTkPfq7w1A,en,en
Jqz_YuyXKJI,en,en
x32Zq-XvID4,en,en
J3i3F2e4IYs,en,en
zeZddwimLc8,en,en
SC2eSujzrUY,en,en
Q56PMJbCFXQ,en,en
4LYlMqBXTJI,en,en
lcjdwSY2AzM,en,en
ZC98ZK6Ivug,en,en
_cr46G2K5Fo,en,en
DCiPrr-dQyw,en,en
20vUNgRdB4o,en,en
qJZ1Ez28C-A,en,en
dFVrncgIvos,en,en
mqo1lQL59VI,en,en
P_fHJIYENdI,en,en
88bMVbx1dzM,en,en
Ni82f1-cAXg,en,en
H6q6pYZ9Fho,en,en
Rdj5-6t6QI8,en,en
zaXKQ70q4KQ,en,en
rjXZzB5bUAo,en,en
pgGrQjYcm5A,en,en
IFaAjR_RRJs,en,en
24GfgNtnjXc,en,en
NKG0pRwTC5A,en,en
zTDFhWWPZ4Q,en,en
0MX-5BDeEnA,en,en
2oDXbFcHliM,en,en
zB_OApdxcno,en,en
Q10_srZ-pbs,en,en
ORxKf1FN3ro,en,en
DJO_9auJhJQ,en,en
cUBz04LlLVk,en,en
w5ebcowAJD8,en,en
wVyu7NB7W6Y,en,en
vjDYfvPW4mA,en,en
qf7ws2DF-zk,en,en
nhW0FLEqUkk,en,en
Sn07AMCfaAI,en,en
eLVAMG_3fLg,en,en
v4r71kEdYME,en,en
nfAqTSjMBJk,en,en
WKvAsz3RoRE,en,en
Zce-V0YVzeI,en,en
6akmv1bsz1M,en,en
8fNFd2Xswjs,en,en
scliyWrN7mk,en,en
2FLqOI9jw-E,en,en
sE-RUu9ClsU,en,en
d6iQrh2TK98,en,en
Tt6WQYtefXA,en,en
dAik8EeDyEI,en,en
Zrv1EDIqHkY,en,en
A5w-dEgIU1M,en,en
ov_7HT8bbX4,en,en
AF8d72mA41M,en,en
QAWnEVa9vmw,en,en
lGJEihgN4OU,en,en
fG8SwAFQFuU,en,en
NIifnIP_NnQ,en,en-GB
hiIIGMeMEuE,en,en-GB
tZ8i1RxGSYM,en,en-GB
EqkRVbaBxtg,en,en-GB
YqAI0oqtt7w,en,en-GB
OKsWuqNjomQ,en,en-GB
IvtsVHzMLwY,en,en-GB
w5RZfxQHxyY,en,en-GB
U5-dE2nCzjM,en,en-GB
Cyl3X88KEgg,en,en-GB
AWUYE6eJO3k,en,en-GB
2cK8l5Yg5w8,en,en-GB
uVlMWVP5GJk,en,en-GB
N2FOxjtv5ns,en,en-GB
Gn-KqiRv0XI,en,en-GB
bo7QgxhrGnw,en,en-GB
PqtggjVAi8M,en,en-GB
XUStGNx45wQ,en,en-GB
2acc7oyXIZI,en,en-GB
xfyKqOmr7Wk,en,en-GB
EIJhxr2wl64,en,en-GB
8qQW4LTWgtc,en,en-GB
TYhNHX372ek,en,en-GB
DfB2qYJqAkA,en,en-GB
6Dj5ufzrZ78,en,en-GB
dl4Dw-RlPv4,en,en-GB
MK36lyttVLU,en,en-GB
n-gYFcVx-8Y,en,en-GB
RniYUmKs93U,en,en-GB
z7Qp9Q_Br88,en,en-GB
FZbMPtLRr00,en,en-GB
dl0-TveDDGA,en,en-GB
VYhUa3WC4nU,en,en-GB
lRvN5SJR2LQ,en,en-GB
onFj_RD75nA,en,en-GB
h3DCdWyb0cc,en,en-GB
MX_r0KsMpho,en,en-GB
NXhKuMQRAZ4,en,en-GB
yDAAlojz8NU,en,en-GB
iZ9ImJQy9V4,en,en-GB
5Xd38M9zTjM,en,en-GB
YHlqwkdVda8,en,en-GB
MP4RUzRnobg,en,en-GB
KTu2V65Iiho,en,en-GB
qPSxUkssPmc,en,en-GB
5EPPBDdhe6o,en,en-GB
dwZgy7SNMRc,en,en-GB
mWN2IefeJow,en,en-GB
bRkxPsuVEeU,en,en-GB
zg40FHOAqC0,en,en-GB
D0WQK7cMJn8,en,en-GB
OU36JDGzXb0,en,en-GB
hDU9WcmQA2E,en,en-GB
sravy3Vjdlw,en,en-GB
pHJIhxZEoxg,en,en-GB
UnrtLi7YIY4,en,en-GB
UC5Mpc-GQCg,en,en-GB
H4KMQuyxH_Y,en,en-GB
1bQsvHqSfpU,en,en-GB
KNwMiydCYA4,en,en-GB
T6tCY6SOSXo,en,en-GB
zozEm4f_dlw,en,en-GB
omNvSHfIv7s,en,en-GB
ZSch_NgZpQs,en,en-GB
fAkMppZZiSI,en,en-GB
sOsqXKr4l30,en,en-GB
OxOx6--oN8I,en,en-GB
Mo1A45ShcMo,en,en-GB
nDKHvoo4f-8,en,en-GB
Brm71uCWr-I,en,en-GB
pt0iG95Fsmc,en,en-GB
Ghy3qRR6kiw,en,en-GB
cE0zgN6pYOc,en,en-GB
ty0WVFjOkok,en,en-GB
_zfN9wnPvU0,en,en-GB
mxG0ts7qmq0,en,en-GB
VMm-U2pHrXE,en,en-GB
V7wlYQ2_Q8o,en,en-GB
Zpq1GbPqhy4,en,en-GB
ByD__-ECSeI,en,en-GB
dKm7T13X7n4,en,en-GB
XFODuRPv8Yw,en,en-GB
XunabxHzMuM,en,en-GB
K1J9LNElrso,en,en-GB
gtDKKJq9u30,en,en-GB
LbARorLmhsc,en,en-GB
UNunBadMlHQ,en,en-GB
u4LUix-BU0s,en,en-GB
aOwmt39L2IQ,en,en-GB
x7IrzHMxEMM,en,en-GB
3D9uIn2oBLI,en,en-GB
7wK4peez9zE,en,en-GB
IZ55YvFE960,en,en-GB
xP2tHAXjZhI,en,en-GB
rHQeg5EtqDQ,en,en-GB
2ukNLhC8N4Y,en,en-GB
efOW5NUTYB8,en,en-GB
EJoJzLaIcEc,en,en-GB
6TcFvx8ajD4,en,en-GB
Ce9kHZQk3MI,en,en-GB
zxq60I5RSW8,en,en-GB
o7aXV_PV4ss,en,en-GB
m6KnVTYtSc0,en,en-GB
kYOkrswU1KE,en,en-GB
tRXy-b6_lBc,en,en-GB
MDZ2iWN0ZSI,en,en-GB
NYNBAxDfgrY,en,en-GB
UjAJ2jKH_QM,en,en-GB
eGU9Bvl7VvQ,en,en-GB
Ufmu1WD2TSk,en,en-GB
PHI07XtbfVA,en,en-GB
wo_e0EvEZn8,en,en-GB
joYJahY4FUI,en,en-GB
FPZuklD9eRg,en,en-GB
5sVfTPaxRwk,en,en-GB
XQQkHLW8b3Y,en,en-GB
KmgRBiRMmAU,en,en-GB
dCiMUWw1BBc,en,en-GB
RLEvo3I5C6w,en,en-GB
UyUm3KEnZxE,en,en-GB
oR3Q7RntqEw,en,en-GB
0pyGPK3fG4U,en,en-GB
mCAm38dSD78,en,en-GB
Pkbhn8sIWuw,en,en-GB
vC9BeyIlcYo,en,en-GB
9zCH37330f8,en,en-GB
reSfF60-2S4,en,en-GB
BmUZ2wp1lM8,en,en-GB
ecIwfilIkTY,en,en-GB
cHEOsKddURQ,en,en-GB
qBRaI0ZeAf8,en,en-GB
E55uSCO5D2w,en,en-GB
bgo7rm5Maqg,en,en-GB
v6WMAD5wNKs,en,en-GB
tDStIeOWc40,en,en-GB
c1nYtX-NUsc,en,en-GB
VD6xJq8NguY,en,en-GB
oTx-GSF3cts,en,en-GB
SbvAaDN1bpE,en,en-GB
vSSkDos2hzo,en,en-GB
dIpttD7b8B4,en,en-GB
_kelDJFjhOo,en,en-GB
49ApsH6lzk0,en,en-GB
dBxxi5XAm3U,en,en-GB
W-x9d-nhal4,en,en-GB
cRZOUcpiOxY,en,en-GB
fa8k8IQ1_X0,en,en-GB
hX_acKX1G2Y,en,en-GB
xswF0mRay_8,en,en-GB
92Y7SCDgCLg,en,en-GB
Yhg-DtVUO4A,en-GB,en
J9Y8TG7luec,en-GB,en
i0mqdRGYgbU,en-GB,en
dG7pemDgwmc,en-GB,en
axILrr1GgMs,en-GB,en
moKQ4klRARw,en-GB,en
rPmypttutJk,en-GB,en
nAA_4TxqWTE,en-GB,en
4DaETxhoAxg,en-GB,en
laSCmjoYQdM,en-GB,en
y-TQq6sQ4Z0,en-GB,en
cDotce_yZAI,en-GB,en
QbbYXZHwTdw,en-GB,en
EupTKqL3f1E,en-GB,en
l5aVdFu9ZQI,en-GB,en
dyzzvenwOgc,en-GB,en
P1vOlK_Ccfk,en-GB,en
jIwsHATFc9M,en-GB,en
pd3r93I5DNw,en-GB,en
vPwGmFUAr88,en-GB,en
hqSL5V9yXBM,en-GB,en
-UgtKlbzers,en-GB,en
_Nr4mvdkEVw,en-GB,en
2qOya17le0A,en-GB,en
PNbgHdDQ1fc,en-GB,en
cdu6sOgI9Dc,en-GB,en
7MfvZuCXVMQ,en-GB,en
UrM6ugyzeC8,en-GB,en
ti8ZdImveB0,en-GB,en
4HbYUB1J1io,en-GB,en
Avr5K6tX1x4,en-GB,en
za2isHAgefY,en-GB,en
Oa3k7RLZCUE,en-GB,en
QaFTwJPKLuo,en-GB,en
543gNct7rXc,en-GB,en
Qpv89g-861M,en-GB,en
qUALUK3hXu0,en-GB,en
PspOovsehhM,en-GB,en
M7hX6117E6E,en-GB,en
u11hmGy-eP8,en-GB,en
fLmdtn8w7fk,en-GB,en
tFvmwsQgvwc,en-GB,en
vDtqOjpknSU,en-GB,en
tgyZwxPHdgY,en-GB,en
loFzNec3kS8,en-GB,en
RzJb-oo8D9k,en-GB,en
iYwufaWCZbQ,en-GB,en
kZAbaAfkluc,en-GB,en
C4-uK6OTR8g,en-GB,en
1_Qsx71NL7w,en-GB,en
xHd4zsIbXJ0,en-GB,en
3Yqu30QHkro,en-GB,en
ufe55fG5zVA,en-GB,en
d4xzmMuJTWs,en-GB,en
d9PKYi0l1oo,en-GB,en
I21BSP_LgRg,en-GB,en
m8KIGvOcEEo,en-GB,en
SYIWvgxqdN8,en-GB,en
M-3qLdJT0ZM,en-GB,en
HdX6dNIlCQI,en-GB,en
uyKhCeDoK4Q,en-GB,en
Q8M3Il0Zv68,en-GB,en
cJx9ol2wKv0,en-GB,en
BLKRcQR12oM,en-GB,en
D4qXsq7g6-k,en-GB,en
OFVa1LelZN4,en-GB,en
PF9prMWA7_I,en-GB,en
EbfPPuX73R4,en-GB,en
Pv9HuVH9BbY,en-GB,en
Hb-w7qpWNsE,en-GB,en
_bt-3ybbZrM,en-GB,en
65_8t1OEZSc,en-GB,en
JyJ6K_n5bIM,en-GB,en
fWFwArI8jZQ,en-GB,en
kJT1lTAFMFI,en-GB,en
guwSz7ieOqQ,en-GB,en
b71He4uepM4,en-GB,en
hIMIsbLodzM,en-GB,en
dZXJnmhGd2k,en-GB,en
bKZXF-7E9f8,en-GB,en
rwNYwOLtJ4k,en-GB,en
i2gHt6_xKKk,en-GB,en
POtic5xEus8,en-GB,en
4sG9FhwCBTo,en-GB,en
YKax1HA4vHg,en-GB,en
jX9YzpypH1g,en-GB,en
VZIUL5Kmtgs,en-GB,en
vZqw6Nosgu0,en-GB,en
mtMpX0YaHBk,en-GB,en
uZy3pA8904g,en-GB,en
I7WS9dLezCk,en-GB,en
XJ4wul0qEuQ,en-GB,en
xo5UkGhdTLM,en-GB,en
u0BDekWpu6c,en-GB,en
UWs3PWhVV70,en-GB,en
lSe73vslNJI,en-GB,en
JjhEBd9S8jQ,en-GB,en
EwJvFxw8aHs,en-GB,en
7JEh43xPIxk,en-GB,en
__oyrf33O8M,en-GB,en
ycYniNvZuoQ,en-GB,en
f4wzUEQxurM,en-GB,en
AGWl6evhDYI,en-GB,en
K4vTGnVgYXU,en-GB,en
PoY0InCTRlg,en-GB,en
IN_NFwqZdpk,en-GB,en
YiEkUxt9BF8,en-GB,en
Q7PDrh3Dprw,en-GB,en
FIJ0qDwmezc,en-GB,en
S85VFXRKptk,en-GB,en
vnpOGuvZsX0,en-GB,en
_d9Yc25t7Z0,en-GB,en
y2jkYCT8dio,en-GB,en
78VvWv6G3z0,en-GB,en
DtAtNp5NL1s,en-GB,en
4bmrcZHi-0s,en-GB,en
uzrF987_FkE,en-GB,en
RHmnJiF67zc,en-GB,en
6uCop3Ug5OQ,en-GB,en
jDjJdJSvyBg,en-GB,en
G3mWzKhLl8s,en-GB,en
FHB8Bn3tYdY,en-GB,en
iV_VB05iT9k,en-GB,en
n2x7d5hAmXs,en-GB,en
X7UpfTooZMU,en-GB,en
Br8cKLawxbs,en-GB,en
cV1rhDVqB6E,en-GB,en
-UAUiSJP8tU,en-GB,en
kXeX8jjwtPU,en-GB,en
ccLUxJvViUA,en-GB,en
nt2D_5_ZpwA,en-GB,en
sv-1cXvOoNQ,en-GB,en
KdNMTw8qv1U,en-GB,en
wG27fUgUe60,en-GB,en
r57QMWdG1Uo,en-GB,en
JsmE6OzVBm4,en-GB,en
2Kue118zBBU,en-GB,en
4vbdDtbgkr8,en-GB,en
0_G7clP-vls,en-GB,en
P2EylRAenX0,en-GB,en
u1Ijupdjv_I,en-GB,en
7ByBcO9w6QQ,en-GB,en
VWO6lbJX-h0,en-GB,en
fzHqQPwyQHQ,en-GB,en
Tx4qr9x1MrI,en-GB,en
aAGvGbSoWVc,en-GB,en
U_Q-6USQxF8,en-GB,en
0r7DmVdR5AA,en-GB,en
LmpWt-sUCcY,en-GB,en
d4sDd4RN37o,en-GB,en
mIIJd66Ycr8,en-US,en
RYGRmYs40PU,en-US,en
uwCbFDsma7Q,en-US,en
ZLc9udbCaeI,en-US,en
Ksq2Fq69Yl8,en-US,en
xYKSKBcifaE,en-US,en
2Gc77M1OZwc,en-US,en
WNvAic8KLb0,en-US,en
gCnbYzYZRjg,en-US,en
BMZbbewOLvU,en-US,en
mLQYGG3SjyQ,en-US,en
r8uQVRVNV14,en-US,en
krXXSCb_P9Y,en-US,en
xDll-p5g2EQ,en-US,en
AF2eYuAKsao,en-US,en
eKnl_Jp8jsg,en-US,en
O0l98jV6W1Q,en-US,en
M8r8FH4GTCw,en-US,en
kYSW890YFeU,en-US,en
lT_QAkL6lj0,en-US,en
AE1D7VtLcFE,en-US,en
cf11w2n9_oA,,en
jQvv7CskMuo,en-US,en
rm46SdVfB4I,en-US,en
bouvNyq8xCY,en-US,en
3JdpD3X2Md8,en-US,en
ypH6dR7YGfU,en-US,en
YokkwzdZX2A,en-US,en
NaMcw8_10Yg,en-US,en
Fm0MpfKIs5w,en-US,en
9wSAeV0xX0M,en-US,en
AA63Dd58fFc,en-US,en
-Mewx3GjK2A,en-US,en
qsgjKBvxnYA,en-US,en
ba1YKP28RKY,en-US,en
89RdoqlOujQ,en-US,en
0ZpphjzNaGI,en-US,en
Lw4oMXTEAkw,en-US,en
d2r7Bk1NlgU,en-US,en
ubrntCf-pEc,en-US,en
Y45KrixWRNg,en-US,en
_cjphE8S_Kk,en-US,en
8WDcUuz3TqI,en-US,en
iNdZFKfExZ8,en-US,en
1TmWZ5yIKx0,en-US,en
Sp3aCsQUsDc,en-US,en
fA7Y0tKlOFk,en-US,en
KwHS2t2ML9g,en-US,en
2XWGxVuOwJQ,en-US,en
t6xLo1XYZZs,en-US,en
7Tg2mCKP6tY,en-US,en
Nh4I1hMvubU,en-US,en
UFJQV5Jb0pY,en-US,en
0Y3ekwHfq5g,en-US,en
7IaHRXC_U_U,en-US,en
3V78r1y2EHs,en-US,en
7L2cSifRrLk,en-US,en
oyv-eJRRozs,en-US,en
a9Xt3cl99LM,en-US,en
hX6lzkQBmhc,en-US,en
iBRwcnTUthc,en-US,en
xtwJfk94CP8,en-US,en
Dj8EjBQJD84,en-US,en
-zwgHBrGxtk,en-US,en
OwTGMhxL22o,en-US,en
0QIbyjF5FRw,en-US,en
c7wCbbmLtiI,en-US,en
1O2LWteKuRc,en-US,en
GYw7BrIhWtg,en-US,en
AVAC6WnBSTY,en-US,en
icqSBkFJNGU,en-US,en
VyF8SOSP2YM,en-US,en
IIJwt3zO4fw,en-US,en
9Gmncfkeh7E,en-US,en
Mrp0T-4A-2s,en-US,en
T_MjSrQk1VU,en-US,en
iNG9UYbZHws,en-US,en
27zUjzYG4gY,en-US,en
0MMa2feSIiQ,en-US,en
edsqqXrIK1k,en-US,en
L3WcELWzNYg,en-US,en
HvaUdCTMkkk,en-US,en
UxmD-Lone7A,en-US,en
InZacsO8ico,en-US,en
oPFP9SZnoRs,en-US,en
JDixrkU1pp4,en-US,en
GgzR-RSfc9U,en-US,en
szwo6bqpwwE,en-US,en
XHXC0uOLOkA,en-US,en
elDPvihPN4k,en-US,en
FgyEIjQ0cr4,en-US,en
b2Fon62HgOk,en-US,en
OUGdt2Ab0VM,en-US,en
_wx8XooVlVs,en-US,en
evUZ0MGseJY,en-US,en
YPJKlPxMilo,en-US,en
WtfOaS_qZrM,en-US,en
SkSItIS_Xl0,en-US,en
rO9pOJbvkEA,en-US,en
KkWD6RsSAc0,en-US,en
3ttJmCQG57A,en-US,en
x0xJNs8EKcc,en-US,en
A0z7Vs1tnZs,en-US,en
TY8p32K1js4,en-US,en
_URf07Rb_EU,en-US,en
9peemRxUtkE,en-US,en
t44-uHyzvCw,en-US,en
Z38LrPadz3Y,en-US,en
rbSqLQmT2gc,en-US,en
Y-YbgGYsHig,en-US,en
z_qBal5qwAY,en-US,en
flmfrzshA9s,en-US,en
1mVuM6OeT7w,en-US,en
xXECh1t8vTE,en-US,en
P-Ibq-9wulQ,en-US,en
3imIf8NAcWQ,en-US,en
kQ5gjVX4mS0,en-US,en
cX7mAZJRrpE,en-US,en
G_Ws8snRg-A,en-US,en
VNbpj4rs3Hw,en-US,en
CZXFZAxX3UA,en-US,en
JJ7fTJb6RHc,en-US,en
PeoEfYtz1Ws,en-US,en
eWQrjBoT8BA,en-US,en
crBi4dPUFQc,en-US,en
vpQyrDs0Tmo,en-US,en
qz2-X1LrOPg,en-US,en
y8xyZbbSWWg,en-US,en
LU7flL6Q0f8,en-US,en
g9b48p9NaYc,en-US,en
52dfLZFY_sY,en-US,en
e8FLcGEXsO0,en-US,en
Yw-1HeEIf5M,en-US,en
68WPYhpIWx4,en-US,en
eTlGeL6Yeas,en-US,en
6Pn2enNmtFI,en-US,en
ttlLyA-WEcc,en-US,en
GxGe4oIiPcE,en-US,en
KmwQn-8nsyE,en-US,en
JYomnAwVgl0,en-US,en
2RVSmLxyDpM,en-US,en
AocmtHefhMI,en-US,en
Zb60nWtmFpA,en-US,en
O77IFewBxcg,en-US,en
Rxms0gWUmMs,en-US,en
6ObaEBT-gtQ,en-US,en
zJbmhwVmh94,en-US,en
KHhM8WIlijc,en-US,en
eJrer5pRrk0,en-US,en
VbfIGVhRups,en-US,en
rYyJm1tD3d0,en,en
6XPlmCDNLNc,en,en
GlYgs6v2YfU,en,en
wGffBCfrAsE,en,en
-7etvZSBxlk,en,en
7L_eTem1SQ4,en,en
l6DKRf-fAAM,en,en
ZHXt0-_gSj4,en,en
QLu_ZsRc_G0,en,en
Y7ImxZ_YhJk,en,en
4h5BEALuh44,en,en
ldxFjLJ3rVY,en,en
Qoes9bTJtn0,en,en
fsLh-NYhOoU,en,en
d0ai33oqqDE,en,en
7gG91SZwBoE,en,en
BHdbsHFs2P0,en,en
t3jZ2xGOvYg,en,en
FE-hM1kRK4Y,en,en
bnjKwiUg-kw,en,en
j0wJBEZdwLs,en,en
-j8PzkZ70Lg,en,en
M-MgQC6z3VU,en,en
1lZpowy21Gc,en,en
_BrFKp-U8GI,en,en
itRV2jEtV8Q,en,en
j5h9dBtWZXM,en,en
4NlrfOl0l8U,en,en
iv-5mZ_9CPY,en,en
Dlsa9EBKDGI,en,en
RQWpF2Gb-gU,en,en
XX8mjBXBqz8,en,en
aQwEJKWATlE,en,en
aw-8BhCilj0,en,en
M6LUPYsjods,en,en
mHya9J9pkq4,en,en
C8baNzpnZ7o,en,en
6dTyOl1fmDo,en,en
TZAC0WFemvE,en,en
YP1mMXRCnaI,en,en
gzbFNnTCkqQ,en,en
drmphB3rdHY,en,en
hFMaT9oRbs4,en,en
9s0srZneJ38,en,en
YdOXS_9_P4U,en-US,en
uT4-WVa-YfU,en,en
K-pGGb0f3tc,en,en
0TdBP9m4R74,en,en
zxOK2vKVfQM,en,en
DgMhayP2NPU,en,en
LuVUnd0C07U,en,en
IQqtsm-bBRU,en-US,en
y9BK--OxZpY,en,en
qSn8dVI9V5I,en,en
LPZh9BOjkQs,en-US,en
nAT-MCsJeik,en,en
EPDZTLavmcg,en-US,en
LOulCFdVOGY,en-US,en
JNVZK4ofW-Y,en-US,en
0W243LGSJFU,en,en
Pny70rNPJLk,en-US,en
piJkuavhV50,en-US,en
KHEtJUlpqcg,en,en
rbu7Zu5X1zI,en-US,en
W3-kpRz-e1Q,en,en
DnjATyPuFFk,en,en
EmKQsSDlaa4,en-US,en
9-Jl0dxWQs8,en-US,en
rjVY7HXN6qA,en,en
W3I3kAg2J7w,en-US,en
XsLK3tPy9SI,en,en
FJtFZwbvkI4,en-US,en
eMlx5fFNoYc,en-US,en
wjZofJX0v4M,en-US,en
81QNyDnYtg0,en,en
-ikRg-OfFHc,en-US,en
-3jPW_TGATI,en,en
w-CXIqIjfRI,en,en
xIMlJUwB1m8,en,en
IstyL9vnybg,en,en
DWnb2UUlqd0,en,en
U3O1nzSojnc,en-US,en
XIW-2ykgVPI,en,en
vItzPPpNXEs,en,en
teYL0Er4c3g,en,en
BTryyW7gqg4,en,en
kpG7I2MOcnI,en-US,en
3KbiJ-z0j44,en,en
R1e7aHBKLnM,en,en
tjIOqIr80ns,en,en
W1gW1dHRsOw,en,en
p9i3cYMQtBY,en,en
X4jpqCu-wlA,en,en
GOSezO0CHss,en,en
TaopSi3Ucfc,en-US,en
BIbHGfdjc_g,en,en
4xWpQe3G9qI,en,en
VS9yOhwtVDY,en,en
Cm-zmm0nANo,en,en
yZMw2rOKYwE,en,en
NQFIU5Exjuo,en,en
h2V3r7oBeMI,en,en
31xm81m0iYs,en,en
nXIHYB0Gp70,en,en
1tLvj_HSjPk,en,en
GSIuXqgPsnY,en,en
P11ykXwx4-k,en,en
VFbyGEZLMZw,en,en
Cz4Q4QOuoo8,en-US,en
KTzGBJPuJwM,en-US,en
6a1fLEToyvU,en-US,en
aXRTczANuIs,en-US,en
QCX62YJCmGk,en-US,en
d_qvLDhkg00,en-US,en
YtkIWDE36qU,en-US,en
NOCsdhzo6Jg,en,en
IaSGqQa5O-M,en-US,en
cy8r7WSuT1I,en-US,en
zeJD6dqJ5lo,en-US,en
KuXjwB4LzSA,en-US,en
851U557j6HE,en-US,en
cDofhN-RJqg,en-US,en
VYQVlVoWoPY,en-US,en
bOXCLR3Wric,en-US,en
fRed0Xmc2Wg,en,en
v68zYyaEmEA,en-US,en
ltLUadnCyi0,en-US,en
F3Qixy-r_rQ,en-US,en
LqbZpur38nw,en-US,en
-RdOwhmqP5s,en-US,en
ojjzXyQCzso,en-US,en
e50Bj7jn9IQ,en-US,en
O85OWBJ2ayo,en-US,en
lG4VkPoG3ko,en-US,en
b3NxrZOu_CE,en-US,en
X8jsijhllIA,en-US,en
mH0oCDa74tE,en-US,en
wTJI_WuZSwE,en-US,en
QvuQH4_05LI,en-US,en
pq9LcwC7CoY,en-US,en
D__UaR5MQao,en-US,en
elQVZLLiod4,en-US,en
4PDoT7jtxmw,en-US,en
cEvgcoyZvB4,en-US,en
IAEASE5GjdI,en-US,en
ZxYOEwM6Wbk,en-US,en
5PcpBw5Hbwo,en-US,en
yBw67Fb31Cs,en-US,en
MHXO86wKeDY,en-US,en
ppWPuXsnf1Q,en-US,en
Ixn3GSVnPcM,en,en
LLNaEJZx_uU,en,en
nZMyQBVBVqs,en,en
AzTJx-XBXGg,en,en
mlft34vjImg,en,en
l0OVj6BfqgI,en,en
uSfJXecof4M,en,en
7gFgl9ijlDg,en,en
YXh8FUD2f9o,en,en
8Kt6p_GQt_w,en,en
hy-IbuXXUYk,en,en
lkMtbeU2NyQ,en,en
0DD6u8nK4wE,en,en
Yp8ZC-GMLT0,en,en
JwbvGz1z5-M,en,en
5okDacdZ2sc,en,en
zHgKaAhSs1A,en,en
sh-8TyRgV5Y,en,en
xGxeJE8SFc0,en,en
PNG9nRO7XZ8,en,en
A8XPsYH5Jb4,en,en
h2wnaBny4Ig,en,en
JGN6po7Zcsg,en,en
OqkSn_38gpc,en,en
pAo6S74huAk,en,en
F0_xwHMbPCA,en,en
tqnBeuWoOEk,en,en
ZPoKkl4dvZo,en,en
yi90GFBgQ60,en,en
_8Lk9YeovbE,en,en
ZjU6wDiZZ1A,en,en
6ig3Zp-Mxp0,en,en
jPlrwA4sNZ8,en,en
vkswVI5veJ0,en,en
GqBzVuW2cnM,en,en
boMMD9HznwQ,en,en
rju1Zh1SjR0,en,en
EAZVnvVnfdo,en,en
oZDByvhf3Ik,en,en
VT2zNo5MQVQ,en,en
XpoNMkfoQIQ,en,en
s0Cb4mo2cWE,en,en
olwN4iw2yzY,en,en
OYzTQh1jxpI,en,en
vpGLVMEoBXY,en,en
_VHb_XftAKk,en,en
PtuZD2bjFPQ,en,en
UzN6eHeaJj4,en,en
z-sopGQvF64,en,en
g8hbTcARHeE,en,en
HoYY9J2w75E,en,en
wlqA8W5yhqo,en,en
Ccn-Kkm1e_Y,en,en
xuQgqrcWm-o,en,en
ALE1EiAdZNo,en,en
2ZK_Gy1uE2A,en,en
PwmrWb8kCBE,en,en
ZWj4vWYAGYc,en,en
nIhY_Z7s7Nc,en,en
YEdJl1E7gzo,en,en
IS9bo3cVmYI,en,en
ONSW0a6ihKI,en,en
7XqkL3Lke4s,en,en
g8Chxr0xbFA,en,en
JahBXEUx-wk,en,en
BRgmhNwAZyw,en,en
HQksmqO2QIg,en,en
0fem2B1-YbE,en,en
TPj1HyJwabE,en,en
GB-_T28Abrc,en,en
tPJSvpN9Z5c,en,en
cBJ3dCIsnqA,en,en
sSP16cG3dRA,en,en
M_lOTOGINXs,en,en
oby-7rVVAgA,en,en
pJVX0h_8pV8,en,en
S2XooQTsxEM,en,en
xhahnvObE5s,en,en
8dMnyKip1wE,en,en
-zOWRc3c1u8,en,en
bISWSp63RPs,en,en
9WeYlTmqViQ,en,en
QD7E-gf74w0,en,en
5LWkgXxEtx0,en,en
PNL_C3j1C2A,en,en
zghn9r7iLT4,en,en
cnlL-7wp7MQ,en,en
E7wQD4wKwjs,en,en
ji8wiRK0fVE,en,en
wjggoT-3oVM,en,en
DbHTa2p8kuQ,en,en
Z7Ftg5e-CFk,en,en
_TF8AX-ktEk,en,en
gqPlVUuXiYY,en,en
QR-0rHweBfc,en,en
277wRV3juWg,en,en
yhC9ppP-cHk,en,en
PSWcMVn_XgY,en,en
NIxyxx5ROaY,en,en
sfztRvrkGgw,en,en
2gKsPGxSb9I,en,en
bUcMeueHdSU,en,en
L-daqZkXCLo,en,en
Si2g7nl-B08,en,en
NJ4jXxZmKfY,en,en
rU4toyeOY0o,en,en
0mffmUA7d_4,en,en
SHHRUWAA-Yc,en,en
RWlGzn_0cLA,en,en
IKzpYNmG29k,en,en
R7PZNPJmB5U,en,en
zLMNHczJYKk,en,en
oeCSxsvbYrM,en,en
mJEe511Z-uM,en,en
13lSz_Mq7Kk,en,en
GiQWhSJF2Nc,en,en
4-oGyisP9Hw,en,en
ZSKZje0rebE,en,en
TXUcB7SLcM0,en,en
vA4XAfo3sbI,en,en
rC7Fv6TXhTI,en,en
xcVm_s7W2Ns,en,en
qkUp3Ik5g0A,en,en
QFDM34QCClI,en,en
4VJfFZo1mPM,en,en
OA5tgClCBLM,en,en
HIXqy8hihbo,en,en
tEtlzxxxljk,en,en
ZVt3t5zmvT8,en,en
mcl19kck9QE,en,en
RuN5HxSew7w,en,en
_UimlaolxiA,en,en
A1NAK_XShyA,en,en
8KqFFCv7Pio,en,en
qjft8sngENw,en,en
8T34KMogl-4,en,en
1bUYXBxu9-0,en,en
bKYdrGzbKFU,en,en
MzKEsZLCwlk,en,en
0NooPlqpWxU,en,en
KVXWidca_Mw,en,en
-kSFFys72HI,en,en
epuEQw5tMm8,en,en
LbVSYO-Y-kU,en,en
DclgyWq3HU4,en,en
3AikVkgRPJ0,en,en
elJcBe6Qwz4,en,en
sgbuZli_hDI,en,en
QNYvicQW2dA,en,en
ufPpQAEtgdM,en,en
4YvnVJRlQQs,en,en
bU9xvXyWrdk,en,en
sYdXa_yp0fc,en,en
XYfv0T2k4h8,en,en
R2G8Xy6hiyg,en,en
TM8JhXsPYTo,en,en
dLtRtdg67PU,en,en
sEQvDbyFNbo,en,en
PTO0s8YQ49o,en,en
8wDha-G35KA,en,en
qKMVnR4U33U,en,en
i45dfK7wYvA,en,en
ZWSvHBG7X0w,en,en
0fV8kYoGDNM,en,en
qqWZg4sZNjk,en,en
lZGyjR6Y9vw,en,en
-kwF6M4juiU,en,en
YaGEjPdJycA,en,en
kzfXBenNxeA,en,en
xgFKxFX3IwY,en,en
_DYZF-piKKU,en,en
OEQeSrXy-YA,en,en
yY7ZUIbWTyc,en,en
pgqkti7yePk,en,en
zzWKh8W8dX8,en,en
6c7JoCZmqC4,en,en
WADuXiMZxq4,en,en
tCsl6ZcY9ag,en,en
MuvuxHXLzls,en,en
WIu38oWkCTc,en,en
8LkRMtWfhn4,en,en
TCdgKpRPwOM,en,en
5zBg9pH_6bE,en,en
r4xGVk_2eT8,en,en
-gWHh1a5FOA,en,en
KBcxuM-qXec,en,en
c2wafIzuvlI,en,en
mqZm6u12RJA,en,en
CikPFdZdY4k,en,en
ujYYlXP12m4,en,en
vIZyuXl-91U,en,en
VkNF0rXuDXw,en,en
W7mVQ3kRPv8,en,en
z_WRaTsGbVE,en,en
HS8MRzus7eU,en,en
x9MF60ZO8rI,en,en
tI8OqpkOVzs,en,en
-eqdj63nEr4,en,en
_bcfxty39Cw,en,en
6tu0mIpX8nU,en,en
jSMZoLjB9JE,en,en
SD9yVca6hHI,en,en
zDAE9A_1NA4,en,en
TWBEi4ZcLu4,en,en
s5w7NxRP87w,en,en
bSVfItpvG5Q,en,en
6ERXfZTFbFQ,en,en
vLIPUdru82c,en,en
eCD6ahMihoc,en,en
kU8TEcie4hY,en,en
W2Xb2GFK2yc,en,en
CI-bwqhhTTw,en,en
95sQcSulRFM,en,en
WGKIjojADmg,en,en
eNhJY-R3Gwg,en,en
IZ_8b_Ydsv0,en,en
Y47t9qLc9I4,en,en
eAdanPfQdCA,en,en
54XLXg4fYsc,en,en
Elt0Gt9Cb6Q,en,en
2WLYukAH-eY,en,en
1t4dOPxKgrY,en,en
Fv1JJ227CQk,en,en
Va5T2KcYiOw,en,en
FE9ko2wtyeQ,en,en
pT19VwBAqKA,en,en
r8xfzeD0ZK4,en,en
Vxz6nNqpDCk,en,en
0RApKeMGDnE,en,en
B19nlhbA7-E,en,en
OTMELHUAzSM,en,en
oYsp7OIMFAs,en,en
FRZQ-efABeQ,en,en
lvTqbM5Dq4Q,en,en
kjraelDMrFQ,en,en
Z3IPVWN-1ks,en,en
Cfg11qQwPzQ,en,en
zBr9YiSwdzM,en,en
Ph3d-ByEA7Q,en,en
rVzDP8SMhPo,en,en
aDfB3gnxRhc,en,en
ft3vTaYbkdE,en,en
LKjaBPVtvms,en,en
RZvdpRUHImI,en,en
xdIjYBtnvZU,en,en
WFAEHKAR5hU,en,en
j3LXPmiEB-w,en,en
R5oCXHWEL9A,en,en
-NN_m2yKAAk,en,en
SrNVsfkGW-0,en,en
Rh0pYtQG5wI,en,en
FDjeKuAu-8E,en,en
9jbu8nhaL84,en,en
hTxWAQGgeQw,en,en
1rLWVZVWfdY,en,en
sgIqRwvaBw4,en,en
t-O-Qdh7VvQ,en,en
brmjWYQi2UM,en,en
E_ME4P9fQbo,en,en
d3zTfXvYZ9s,en,en
ebEkn-BiW5k,en,en
VSrEIdhrXB4,en,en
lPBTdSfLBg8,en,en
zcqZHYo7ONs,en,en
3Om9ssTm194,en,en
iMbcMMe0D_Y,en,en
HUti6vGctQM,en,en
NucdlR9EGbA,en,en
AdPqWv-eVIc,en,en
oCK5oGmRtxQ,en,en
h2nqgKL2JQU,en,en
V7C318DGB38,en,en
7fgKBJDMO54,en,en
gbJYK7q5ejY,en,en
plUboQZgkng,en,en
4xSPlQUejd8,en,en
tXkBfkeJJ5c,en,en
8k-JK-QgAgg,en,en
Re5fhBoF6sY,en,en
DxQK1WDYI_k,en,en
owPC60Ue0BE,en,en
lHaX9asEXIo,en,en
HxTnqKuNygE,en,en
sAMlGyaUz4M,en,en
MTFY0H4EZx4,en,en
3AMCcYnAsdQ,en,en
yKbJ9leUNDE,en,en
0iJZ_QGMLD0,en,en
Bg9MVRQYmBQ,en,en
tnlI_b-K3hY,en,en
LHvR1fRTW8g,en,en
YHS9g72npqA,en,en
kif4ON6QOPE,en,en
GhZ3naSgJg4,en,en
urQCmMiHKQk,en,en
XayNKY944lY,en,en
ueTGjegTKoo,en,en
qRnU0bqsyq0,en,en
KRGca_Ya6OM,en,en
dAaHHGHuy1c,en,en
I8XaYkRW1tA,en,en
_gP3aXvNmv8,en,en
BSdEiOYvKpE,en,en
JOs-q7rXqdk,en,en
QyRqlTV60zM,en,en
l29K-ZkARmE,en,en
2A1IEBFt6Xg,en,en
-61qDRPG3to,en,en
krNP8RlDsbw,en,en
5jPCAlE0z7I,en,en
JhxuP0AuRPA,en,en
5ljV0Vxu00M,en,en
QIqKGMM8ivM,en,en
DbEZmLoGDbk,en,en
6hCo4S_1Fhw,en,en
FBpBUwlDId0,en,en
eR5blcjll8o,en,en
JDqpcHGfJ2I,en,en
Q9Vt6NGBVBc,en,en
HDt_rTPPh70,en,en
pyDZpDkU46Y,en,en
BlK23YzqXOM,en,en
aob7rM5PV5A,en,en
uBwkMc1llmM,en,en
gePOX4nbMU4,en,en
HdieAFhQtPo,en,en
mA1lnxfqHk8,en,en
8H--GLt3h8I,en,en
P8OEz3PvWZQ,en,en
qKM4JzToM-A,en,en
65I_1sgTMLE,en,en
QRA1-6imP3s,en,en
2x3rJMBVB28,en,en
NEFmWclWiOw,en,en
kRAl4Xgs_NU,en,en
dOqqBQ5Ha6Q,en,en
qLrnn24C3zU,en,en
m2BE9GZJJbs,en,en
ngarNTPMclE,en,en
QWCHnR53oIw,en,en
UDdkgOoeNcQ,en,en
D98UJl6Ea6o,en,en
DDo4rW0DMpk,en,en
lQRsqMiBTsI,en,en
iCBzEZek5cY,en,en
gVXoAbeB8QI,en,en
P5pmMe3EarI,en,en
-Tw81EQYV_Y,en,en
wxf_pKCOCBo,en,en
JJdoAMiaLZo,en,en
MBir652KZPE,en,en
EtiC0DVewa4,en,en
NOaeKRft-gc,en,en
XNEHP6qFeCs,en,en
FKUc8vg_Lus,en,en
mnLVpkkQVRU,en,en
2gPzWP3dcOQ,en,en
rdEC52iCQNk,en,en
QFbQkZT1EEk,en,en
Lq_TYsGwTfM,en,en
BT93bRX2t68,en,en
-bFgGvl4pBQ,en,en
cmO2ryQ8LcY,en,en
mzREA81VQ34,en,en
t0h8Dmni8g8,en,en
ybftH3XSd0Q,en,en
bVjKL1zd-vQ,en,en
0RiDPisQAzM,en,en
_GI9-J-sE5k,en,en
3ezPMAoxSbw,en,en
zrjhaYc-9pg,en,en
ofk-aw5G-FQ,en,en
IpaVpMFBwAE,en,en
wtovy-1-QUM,en,en
WJhCa12UTsg,en,en
AMKzXZphgyo,en,en
UQdtUaeZWLo,en,en
ul-c6a4QkiU,en,en
jLOuMXnM5wk,en,en
YtCpZnBhWZ0,en,en
56F0Y33QZnQ,en,en
_gTgloPR0Aw,en,en
uJ_d-UD0xPE,en,en
PN4moDNE-Kg,en,en
H5DhD5Nwl_0,en,en
yYPnos84NDY,en,en
8hgEorF0vyY,en,en
7dm2AsJ3-E8,en,en
B-ukcWJzXwc,en,en
nQf-lystVn4,en,en
zpEuvaondSo,en,en
vyUJNsibkfQ,en,en
QUQyf_irWlw,en,en
S3jqTWXwzJc,en,en
7ZCTazqNYMo,en,en
7MoVb_eXZb4,en,en
SgtdVWEBXOM,en,en
ikxGwImO5sc,en,en
XGH8C1rl7kk,en,en
7c-OXc6H7us,en,en
XsFP8fpuQR4,en,en
wQ-GmWy_zmM,en,en
vCbx5jtZ_qI,en,en
wpWm87SfASQ,en,en
mGugp5qs6Vg,en,en
BGqkY-i0ZHU,en,en
PJKeLD-vMvo,en,en
3svcvmunYn4,en,en
1sOgYNgq88E,en,en
USW8yf4L-R4,en,en
btWlBHE0pe4,en,en
F4sVhVi0Ijo,en,en
nzOdAVgyi0U,en,en
WRfZf43dnj8,en,en
Z7bfPaTfU0c,en,en
tekiHV-e8Uw,en,en
gkTVlYDB21g,en,en
myo3SmpIUvM,en,en
I15FmhjEbQ0,en,en
JWZWb3vN76o,en,en
8NGBG5pKAAY,en,en
10QcbISOKrg,en,en
x-qsWTPul9Y,en,en
eMRtxsj29aQ,en,en
2fyX600dL2g,en,en
dJoBnnCTP5M,en,en
0pF6ZLCxceM,en,en
ALWp-RMMP5k,en,en
vOBjtotp-Gw,en,en
g-Ff2A4B358,en,en
YYpy0cM-GSE,en,en
i13h9MO4Zuk,en,en
7u98x3_r4_A,en,en
vRyoEoyXCEU,en,en
5XrS3DHMFeY,en,en
O18-FA83BaM,en,en
SzC11Ce-ID8,en,en
asbbhyHBSKU,en,en
__nlupHISg0,en,en
Bl2-u7HcheQ,en,en
j1EXBeBA89w,en,en
4UJTtk_2ly0,en,en
A-oxDZ3AO74,en,en
mpRJhhbKLFc,en,en
43qXqa8Q8o4,en,en
Jp4m3kbE1gA,en,en
eBYqlmS4A-E,en,en
R03DjtCPkGE,en,en
17yqQJLQN_4,en,en
kVvewT_tWUA,en,en
A020pGO5MBs,en,en
-mXaU3N9e8Y,en,en
0aTUTxOiRgU,en,en
oYGBRhS1Ujo,en,en
JEPqrqNqkHw,en,en
cOTf_YEmSOU,en,en
1cvKGqgOx_8,en,en
3KWwMzSxB1Y,en,en
6PmuWFWVKDE,en,en
fwLsCgibGw4,en,en
e1_NXWjmwhc,en,en
v8e-tYey7ts,en,en
UiX4CFIiegM,en,en
SAtFZPtbMpI,en,en
UfP83M07s24,en,en
VFoIPlUalRY,en,en
sJqceEImtew,en,en
YmZiq00CO60,en,en
7O6ej9OSW2w,en,en
TLV6e41-uxc,en,en
6cw9QJw6J60,en,en
UafhPUOCM1E,en,en
sgMqrT8ilyU,en,en
JWtD0O-zSWY,en,en
6Y3jHHE_hbA,en,en
S5FTe5KP2Cw,en,en
qdXiQ6IM-Cs,en,en
Lw-D8ThqWaE,en,en
izIKV98Awnw,en,en
6JrFu0xj0bs,en,en
OUQVhnuTMVU,en,en
6QoP80i_i5A,en,en
dWVCl4p-Zyc,en,en
rD6e925w4Ys,en,en
G23Jx0kPCSI,en,en
57V8Ud7PL8k,en,en
47qEMTMKRdA,en,en
eB0-vG6rSM4,en,en
XhA5U9pFXuU,en,en
dgwevhEykWQ,en,en
1oqqpqaDgfI,en,en
4-eXjTH6Mq4,en,en
BhSlqIe1CRQ,en,en
tsZkzxEhpHk,en,en
zsBaApyf_Ns,en,en
WiO2Ku7V1rw,en,en
FUQwijSDzg8,en,en
3X2aQIMx5bs,en,en
a7BVL1MOCl4,en,en
uezOrcmHzrQ,en,en
hKpa9ntjgeo,en,en
8ERFV7rV0vg,en,en
v7yKZzbyF74,en,en
Jw_ZPdnHGzg,en,en
FnRhnZbDprE,en,en
stpiBy6gWOA,en,en
ERAgUg-e_Qs,en,en
IFTBOUaUClE,en,en
ouTE-GYGIA8,en,en
be8BGCLuC54,en,en
ONdgXYEBihA,en,en
uz9jOIdhzs0,en,en
CHozRTwHInE,en,en
zkRxfmECWSM,en,en
0YkapBk9y5U,en,en
0Le7NgS-wO0,en,en
OqjFylGwAj8,en,en
OEGGz1sCS5w,en,en
DhZORrqL3xI,en,en
B09THPzM42c,en,en
n9lKcs-h7fg,en,en
Yp4ilFOtoeg,en,en
Cboz9IFvuJQ,en,en
c066hLi78B0,en,en
JBkmR3rzz5M,en,en
cmJ18ViCUAI,en,en
Gojd8mTl3Do,en,en
Xd9UZSodeN8,en,en
WLCwMRJBhuI,en,en
2lvTjEZ-bbw,en,en
nXexsSWrc1Q,en,en
vW5qLFDsZ30,en,en
21Ho32fAEEM,en,en
rbuByrFTDBs,en,en
uJtxlErlx0U,en,en
Ki-M1DJIZsk,en,en
mw4DM1952KI,en,en
gM5uNcgn2NQ,en,en
K79aOe-F0Mk,en,en
T0U9ou0HOgY,en,en
Mkn3PzdaByY,en,en
CK3_zarXkw0,en,en
OtYKDzXwDEE,en,en
prURA1i8Qj4,en,en
KXO2l7Kh60A,en,en
UbfLl0IxL9o,en,en
0LkBwCSMsX4,en,en
RytNZ2btZxE,en,en
sq-ntG5Mcus,en,en
WUpvGkDvdb4,en,en
fUCEg3HznX4,en,en
eC9-1wY7FvU,en,en
beakj767uG4,en,en
FmLIGN8ZGdw,en,en
RdooKXXcWWc,en,en
-PGrIXlFq4E,en,en
fczN0BCx0xs,en,en
h8AulgkjyIc,en,en
pezlnN4X52g,en,en
i33kD28TeG0,en,en
ASJpflLbPkU,en,en
aVUUbNbQkbQ,en,en
NkNoVnXfVXI,en,en
8rYLBXd_kzI,en,en
3akBMSJ37Uk,en,en
nlm07asSU0c,en,en
dwe4-OiRw7M,en,en
xV4A8oU3yew,en,en
83NFR7JDlww,en,en
zF814SmPY5A,en,en
4dyytPboqvE,en,en
hzcdcrsyA9Y,en,en
CcZf_7Fb4Us,en,en
cW27QJYNXtU,en,en
eupAXdWPvX8,en,en
EkFX9jUJPKk,en,en
ArADlJx7SlU,en,en
_ZS3Oqg1AX0,en,en
Kdsj84UdeYg,en,en
xBfAYxxRsjY,en,en
oSXVmuNIfRI,en,en
IlZOLwf87gM,en,en
qw2Pl_Nk3CA,en,en
5q32heFz1bs,en,en
NWahomDHaDs,en,en
WR3GqqWAmfw,en,en
rHdYv62F5fs,en,en
KNq0eUBxPXc,en,en
Sgupo9DLMGs,en,en
YAsHGOwB408,en,en
-UBDRX6bk-A,en,en
Uc0T8IvtBvE,en,en
DUaqiM1bGX4,en,en
tSuCa8zN4mo,en,en
ZdQFN2XKeKI,en,en
Bn946gIck3g,en,en
H8Q0SoKT-A8,en,en
CVOr7f_VALc,en,en
cdLXvJ8wFY4,en,en
NdnByi_tK6Q,en,en
nwot04PfgaU,en,en
k3Q9UWWiPsQ,en,en
R8swv0V5BOQ,en,en
NvkZaWLe0Sk,en,en
ti2qiU_JTUQ,en,en
1EyN9_QO4_A,en,en
rm9pUwgf9SE,en,en
biCFghI9uKU,en,en
EP1mYq8hLIY,en,en
4cUX0jJC3HY,en,en
CsEV7ryCJ9A,en,en
2yiRyAipXe8,en,en
WWPVRMQJF_k,en,en
XCh5XhfEg0U,en,en
IFqI11SIGXo,en,en
af86iJXVds0,en,en
eJQg5e85yCI,en,en
xeW-1Xa3xF8,en,en
QfWlJHNXy10,en,en
1ICzp9TXFBw,en,en
tp69sZPXexQ,en,en
sHJpFbV2SRU,en,en
-DyrBDsKA5s,en,en
BViIGAg-eVI,en,en
B_JavY7pSfE,en,en
GJVSDjRXVoo,en,en
RaQfGqsB30o,en,en
RWbCC6f_k1c,en,en
ygGG99a7ueE,en,en
kuMUquaeE6g,en,en
-NzfTE8RI4w,en,en
2eiYALLYBFE,en,en
J_vXK9uvRf4,en,en
tRDxBwverlI,en,en
hM1l19H0tX8,en,en
qg01MgiVT9k,en,en
a3l6FdpltbQ,en,en
NtZaP8VMv0c,en,en
ayicYezINas,en,en
zoTuSOEOvPw,en,en
U7NHNT3M-tw,en,en
B_PCZiNlmPw,en,en
5glksNTKkZI,en,en
iDsb-pxE3fA,en,en
7PJi9KSDVbQ,en,en
CfhsW1kaa2Q,en,en
pleHURTV6fU,en,en
T47s4L1Wje4,en,en
LLlghvxVoH0,en,en
K4542wtX8B4,en,en
rf-efIZI_Dg,en,en
OXvdwc6NDqM,en,en
nGEHUbTtpPY,en,en
0FybegjTkgw,en,en
3TgdCWBV0pg,en,en
Qjd4CREfYbo,en,en
pqnyUemUDF4,en,en
6-FQSEVc_cs,en,en
BvoDuNZ9gLA,en,en
AjJfefo41M8,en,en
dJSGJ1-9XWw,en,en
Mcg9GcilBfU,en,en
MQSwyrjTV2M,en,en
o-dZKBwbsis,en,en
matUCqoiSGk,en,en
0_VdGzEk5-M,en,en
PAOpkv0fpik,en,en
VdwSMytC7y4,en,en
tw5tQPm-B00,en,en
vkD3-msLIHg,en,en
INq7pAmaUuk,en,en
mfTVxFapdLw,en,en
kY2YeM5fNDw,en,en
lkWRiks6luc,en,en
yiCM_i8r4RM,en,en
XzBMFsZT5gM,en,en
dKN6XatdVkY,en,en
e3XOdq86shM,en,en
qvtZIdSI1Yk,en,en
BcdLGWtXjTA,en,en
ACvELZ58h7U,en,en
8nuHPM29nmQ,en,en
lmLoH-ETmZg,en,en
5dCSvmJjitI,en,en
KTC6OgWQtuw,en,en
TKrvy9YnJvk,en,en
smgJyZE_XiU,en,en
O93Y5hStvmI,en,en
FMRi6pNAoag,en,en
_U7t_-1aWQc,en,en
yc--vrW9qX4,en,en
NR8ii7Jfolk,en,en
1zuFlw7MI_4,en,en
m-Zau41Kp1w,en,en
48VIT703_5U,en,en
xgEoepYTu8k,en,en
GX5wEDmbpQA,en,en
XjQc8Bf0UlM,en,en
XvSZYDsM_T4,en,en
hgcEIKHCI00,en,en
mj4FvZTutHA,en,en
5TXp41F7Km4,en,en
1ishuYAnSzE,en,en
yWgAKYXUO3Y,en,en
UEkauhWoVFs,en,en
O8szOGhV4uI,en,en
HiDHFg68BR0,en,en
qVeKGZ0Xq84,en,en
Yu42a4Uv_Yo,en,en
1o8ktldjcog,en,en
e4UHNsnnxvY,en,en
raO56AEmJPQ,en,en
4_FQlzv49fY,en,en
Qs-3Bwh2zjQ,en,en
xUUW6SYl_ak,en,en
4tNtPWvk7Ro,en,en
xUfFQ9l6ZDM,en,en
KYKijQ3k4G4,en,en
SqhXQUzVMlQ,en,en
5fCKeeU17QQ,en,en
yloZYdPKneU,en,en
s4mCZVshDuQ,en,en
kGUcwKWTAMk,en,en
s3SJCba9geM,en,en
UsQihEXL0go,en,en
t3gJIo7GCnY,en,en
FWMIXD-LZ9g,en,en
96aQk-iziQg,en,en
N8KduziZ8Vc,en,en
MHHkFLEK9y8,en,en
ekGfkt8RMTg,en,en
EjfVhvRfsb0,en,en
V-zUwV5YF-Q,en,en
ZNzoTGv_XiQ,en,en
W2xxT3b-4H0,en,en
3yPxREB7clc,en,en
VPmRYrhsW3U,en,en
5QUqxmqBOQI,en,en
kuLX76g7Fec,en,en
wHengimtTR4,en,en
0rGce7iczjY,en,en
elNOaWC6M3E,en,en
v3LpULiThtk,en,en
mck0afcnQl8,en,en
rYg9LdZuBSY,en,en
7lnFLwaJZk8,en,en
3fNGSm7RYnE,en,en
-HDSPCMZNws,en,en
Db_q1283lTM,en,en
YO_YqdpS4EA,en,en
C_rV7U458Y4,en,en
VrxHeLDjY5M,en,en
TyMB3cbi76g,en,en
CzIqb8I5MBs,en,en
PyOBfgqrZRA,en,en
JIk_KmvibM4,en,en
t02x7JVlxcI,en,en
GELB3NrK5bI,en,en
nszdeNkeVio,en,en
u2dlpmIsbes,en,en
g1kAFB-lgLM,en,en
oUGPChgDpCI,en,en
Wz1ch-XU-XU,en,en
5H6HFA28aQo,en,en
QlLUFhjSja4,en,en
wdSy-M8s96o,en,en
CcqucoeZuoU,en,en
JnHr1_O3dfU,en,en
d2qKJROCqlU,en,en
zSXojRE8Ezs,en,en
6ecJnzxB9VE,en,en
7hymEWBwc7o,en,en
HYBBjQ0maZM,en,en
8RnmjpVqr-8,en,en
_DRiDz-LN5E,en,en
0xnGMXCRXjM,en,en
kQ7N3hn9Boo,en,en
55sVl4Vx58I,en,en
IwneVwkgtHk,en,en
rcngQMjt9Bo,en,en
0REFT1-8Sfk,en,en
1hoVmqruZ3U,en,en
WyNgKnpMMvg,en,en
fjMCr9GlP6w,en,en
Ls8E7Zun6X8,en,en
-fZb7Tg2AQc,en,en
AASBl5N2Px4,en,en
Al6hhUnwvrA,en,en
6xQKEumFlyA,en,en
zg1smsJgG5k,en,en
SGYY3qUqkUQ,en,en
HQC_hVu0dMw,en,en
z-aAFEZkGQE,en,en
J4mTfQCj4hI,en,en
HXF6__uM3Fo,en,en
VyxfUKmY9M4,en,en
oxHtN5sX3Qc,en,en
DgawR_MBsBI,en,en
svuC1iaPOmY,en,en
ZbWHtRzOz3M,en,en
YXETEqRxpvo,en,en
2dovB6qZlUU,en,en
79sHLKhiX3M,en,en
ebkRYePtxlA,en,en
458gCU371TM,en,en
n9vidh7vUo4,en,en
sLigmhi0w44,en,en
DPMdKtlBsvo,en,en
8YG4dycor20,en,en
UmCtmDAD3lU,en,en
H7jf96mB6T8,en,en
Vi-FQVxpnF4,en,en
I-wVhvXwtT8,en,en
dhQbkTZFPsQ,en,en
-8g2YLtE48o,en,en
chUWZp8Bm4k,en,en
0JlIbjyFuKo,en,en
gKprsor8Hjc,en,en
CRfjPvN8Fwc,en,en
BXpXazrb7ZM,en,en
dfUMHU0ASZs,en,en
XWWIROa6uZw,en,en
LggGexPiYkI,en,en
Ht7Dto-wYI8,en,en
b9cY_eWHr0g,en,en
cg17rtWgCNE,en,en
W-Y3XcFrLLE,en,en
LvJ__mqEBdI,en,en
1EIvO8f6978,en,en
yi0goeeKIKE,en,en
JDVMCsn7bx8,en,en
0TbiZMXJHG4,en,en
2EkgWqPM4mo,en,en
xqX0SuEa-r8,en,en
pCZy4rQNTtQ,en,en
V9S01Z3IqJQ,en,en
BOdhBJhiop8,en,en
JFyYksIsXFs,en,en
gdTKACEZzFY,en,en
cw26NcF2IDE,en,en
EeHGxdebbmE,en,en
3tZo0ahyhbE,en,en
a0AECFpqaEM,en,en
IECCKGtGX70,en,en
yY4Pj7Y35wQ,en,en
bs5UbVyplVU,en,en
TzMhbhaEl2A,en,en
VP1NZdgJWwc,en,en
xx5ra9Z7Kvo,en,en
hlxDaupGxfY,en,en
OdwSpcKAtj8,en,en
U5iRYgXpwDU,en,en
32SWusjEvV8,en,en
K136Im9jlRk,en,en
gGNAekbvJNY,en,en
Lp1tmxPaof8,en,en
h8sr7p6RUys,en,en
9-0bozWnzU8,en,en
QAB6IyTY5p0,en,en
7hDq_jH9gII,en,en
urhT_wIhDB0,en,en
14ASkeo0C14,en,en
1FAw8QEq0Vw,en,en
f6vaEaUT8IY,en,en
j6XU14hNFK4,en,en
8MmibWczMYY,en,en
p-fsgpQxdco,en,en
zkjr-xPL_ng,en,en
Fh9o8qjhuxw,en,en
iNdsN3fPykU,en,en
IIlN1NzyMJc,en,en
q41XprOGaKI,en,en
HTrfxez2ZNQ,en,en
eYTvmYraO3o,en,en
jROGwquvSik,en,en
AsrIUNQoBiE,en,en
_xBSo7EYqyw,en,en
clKiwilF3vU,en,en
OFmA8i-RDmA,en,en
tA6sMgH2La8,en,en
Mgm-PD9uDGc,en,en
O3gwgjxzH4Y,en,en
AWcx2eRjfIs,en,en
jggAMUFqo7Q,en,en
4yx3Gnw4XJI,en,en
K6AL3yGKAxM,en,en
-QfKk3rx_FU,en,en
ZVZpW1GKtcI,en,en
6QC1YtsxHEY,en,en
pA1lohe-WvU,en,en
azZ1tEODfDU,en,en
sRXMU7oI__k,en,en
7JaJIUBRTXo,en,en
fTzsnhbPtY0,en,en
6bvp6pZ76VE,en,en
_FRLkGrY_PE,en,en
1YY6_3BPmBE,en,en
MWntn8RkkZI,en,en
pUg7c5ixlXg,en,en
UsLWnQAI4G4,en,en
d1Lnp08XTSk,en,en
oqYIu4rK_CY,en,en
ir3xLtSZhek,en,en
zLlWBOkU0PA,en,en
CTYY7c3Iln0,en,en
2vnbxNgHW1Y,en,en
y5uwVYSbNb8,en,en
C-CS7Cvq4LQ,en,en
x7HfQIZWu3A,en,en
0XFNlWT0nSU,en,en
Y6KGt0gs6Cs,en,en
qZLt2R2IgFE,en,en
bQo-Gbx9Xhs,en,en
oKc_0geuu8I,en,en
WJPyrQqLTl4,en,en
hwCxp5HHOA0,en,en
C4O4aFjmTKU,en,en
7Z0fToNvwy4,en,en
5rK_gR6MvL0,en,en
KhnODx12aBc,en,en
8dgN0RqrIW0,en,en
ppMYKsrTauc,en,en
9LjVjVFUoTE,en,en
yy9njuICt_U,en,en
ZSUzODWPIdE,en,en
Iuet9k9_m8Q,en,en
NYEZGDRPUJo,en,en
MD35zQk7xYs,en,en
Xl1iR47dzes,en,en
-gBfn6LBh-E,en,en
0K27MiJZrRo,en,en
vLIreLOw2nM,en,en
_kJjvzC2QdI,en,en
PgTRc6MXFa4,en,en
38yZqeSJY4M,en,en
TIp_mBokspA,en,en
oNz4UlLyp5Y,en,en
cjkUrUEfzko,en,en
Nb1zIfaGCuA,en,en
UXe3votrOOs,en,en
L2o46HpfIYA,en,en
D3cQLBXJNNs,en,en
eE1Jr1dHP20,en,en
S4iDB9NhGck,en,en
F14Flnq3zCY,en,en
UNRCO3rNugs,en,en
s3EISTf1prk,en,en
oA_xzQ-j7IE,en,en
e4tGyBaL_Q8,en,en
Bp2cN6UDwF4,en,en
1C-s82S3XPA,en,en
3buknaDQYUc,en,en
wyzDP48IaLU,en,en
dYvUcFvF-V0,en,en
qG-iM8V8pew,en,en
lUhM1zRW324,en,en
pWM_9apF0j0,en,en
IdSibCpD76I,en,en
GnJAqV3VMUE,en,en
bM9UvblCv9o,en,en
3VDwkGLWZMw,en,en
HIrBRY8p7C4,en,en
j-sF-Mh68oI,en,en
gvTBnyXsmjU,en,en
5a7MGhe8ByM,en,en
MFPUK0030tw,en,en
eAFlpLgSGo8,en,en
LPDfokx6Krs,en,en
ScWXi59imGI,en,en
ysyzR3DmwjM,en,en
cTvQ81nelRU,en,en
ocbIhaTiTqs,en,en
0X8yYOH3cTs,en,en
S_ls--5Dl48,en,en
RFP45dpUakQ,en,en
T2LZsUlhC0Y,en,en
TDfr1bc_eNw,en,en
cm1zOirkQAk,en,en
4oLWt06YT4E,en,en
akwH5K5Sgmk,en,en
BG_JQ6JT5AE,en,en
aYdRonak8bg,en,en
N-342OThGNw,en,en
3qILcT3UyvQ,en,en
nupodx--CT0,en,en
2ulpkaGLGDI,en,en
dlRlcapgzsg,en,en
MqSax6f0C_U,en,en
QlHikzoWtmQ,en,en
_jzRJ-yoLZo,en,en
me2ydJ84BlY,en,en
ntm0E6OXLc8,en,en
7idDCD3SoF8,en,en
wbKklnImXog,en,en
3shf6mS_h6M,en,en
aBsvtyygr0g,en,en
Lss0io18-M8,en,en
GNOzdCFeC3E,en,en
jWew43CnEXE,en,en
vQiJLgtLh7I,en,en
6cRIHGMjIiQ,en,en
i3H4AhjO8H8,en,en
7c5NPGwLkN4,en,en
fexOftnrLJw,en,en
hMfhpzCb-_U,en,en
TCY4neWJ-J4,en,en
L8Wur3MkQkU,en,en
_YmxicsHHj0,en,en
3ipoXHpG1VQ,en,en
McYEPIuz-sI,en,en
5wXviygwdBE,en,en
Bo9vYiWUAPM,en,en
FQib8LJYPBk,en,en
30a96vWXcVY,en,en
bdwr2gY-k-U,en,en
2Z3kLa9KzxY,en,en
RNXEyd0mHm4,en,en
ISKlbc9fhTs,en,en
oOUp8fY39AU,en,en
AXpAE48fr3w,en,en
kxdPusz1By0,en,en
wPZxNqw4c9M,en,en
NQEzIrC6bCs,en,en
8l2EjG7AZeA,en,en
6Hf3ezporp8,en,en
TvwFl3N6lF4,en,en
UFVEhyKuVMI,en,en
MdWDtwib3jE,en,en
fiUxkeGoWUE,en,en
r0BgO8FCAdU,en,en
_xzAC50MANs,en,en
VU4S9fp8-wk,en,en
VB5a-JIDtuo,en,en
LR20O8YndIE,en,en
uL9AwvlRarM,en,en
hKhD1bWoXDk,en,en
br2ziyRCgGc,en,en
gbUnuR02hJY,en,en
euR3tMdites,en,en
yVGCECHT6Is,en,en
lJItKbbnox8,en,en
tgy3zDcZz5U,en,en
EM4SJlhsXSE,en,en
IrKUfT6Br0A,en,en
p7txigIPoNI,en,en
NTNSCmw4A4c,en,en
uMtKogspB84,en,en
M0wpTx6kUPE,en,en
ZDIvj1GvH64,en,en
K1TiJvQZbHM,en,en
yRnnAAUJB3o,en,en
nihjDIczdCA,en,en
yW3My_aJNQI,en,en
yTPC4P77bcs,en,en
GKRgMvfEmSE,en,en
dnXMsBekX80,en,en
1YlsqNMzaL8,en,en
QTC3kfjqHWA,en,en
22CZdj4L8Sk,en,en
XXCAmEK5zAk,en,en
Futb4fpp3Ug,en,en
Tji5DtyLbNU,en,en
BbGT5YsBhEA,en,en
AUSiJKfKX8w,en,en
rBA3cR-YDfI,en,en
Kk8HqLBkoT0,en,en
K9sspffLAXg,en,en
K0n-264CETA,en,en
3mTAK9tJYd4,en,en
QpSAttvoGYk,en,en
7yUM_LlJhLM,en,en
J7pLfxgfic4,en,en
iXR4AWCH_Sk,en,en
wO0gV7SRXeM,en,en
Es3RnyhX9Y4,en,en
7hKTaDncNic,en,en
kkmnKE4YHN0,en,en
oJ4QdG_SLK0,en,en
8dzGsnYKOS4,en,en
v1Xyz9QzHoM,en,en
UXTXFp9SFpg,en,en
i1rn-mhNElQ,en,en
IJcJEMAOJA4,en,en
Q6WPYAm13sU,en,en
0nFRKNt0-WI,en,en
dZy6A_ihA20,en,en
28sHpCt5-jE,en,en
tfl-bPjydlw,en,en
VB73FOWqsoY,en,en
u5-FA8tu5wE,en,en
U4mQQc2XUOk,en,en
PlBaIvxsqys,en,en
-Rw53sVhkTg,en,en
PIZIB8XdtqY,en,en
3LN3__G2yGo,en,en
kKkjTbt9ArQ,en,en
ZFRnQ-Ti6Is,en,en
kUE2fPLOUxo,en,en
3n99jqOdeSw,en,en
nYYu0zsrmck,en,en
Qk4ZWM3JFaI,en,en
ios8B3UDgjU,en,en
ZkmETpMdv_8,en,en
KA0nGrdrG5A,en,en
N5YqaJ37hxs,en,en
pjfayLVVObc,en,en
Mow45NRck0M,en,en
FfmcHcbGaVI,en,en
X5B7aGw0-NQ,en,en
mFC9NXtm9wM,en,en
7xDrHUvI9j0,en,en
TuPyVPdH814,en,en
xJq0MNj6ua8,en,en
7B33Tb-2vlc,en,en
Z2btCqHejx4,en,en
2KLwz53-KeI,en,en
7qnaz6EESpY,en,en
HozzaixKyQk,en,en
eIbYMAecsyY,,en
wMF1tIR1-4g,,en
PCOo8AW4oI0,,en
6uIY6vZPGDw,,en
1cI2zmiij1I,,en
BbQElfd-fdg,,en
1LIs8qcpDb0,,en
VVoRjQCtR68,,en
qZ-RxlGagwU,,en
It6sVQRZ62Y,,en
JdOts_9VIss,,en
KxIl2A4Q9B0,,en
l_l8F0J1Etg,,en
34QE6DCGl5Q,,en
8yX8sTWv5D8,en,en
eKUZ3KQCfJc,en,en
cxH6JAWatu4,,en
8YC_KkYl3zM,en,en
bSMh0z2eA54,,en
Wvp50gSvVNw,,en
bWCCIp5pHXk,,en
allPoEqNB4Q,en,en
V4NZrgpUUUk,,en
UirKn4LBo_E,en,en
BFpbr4bfVZw,,en
_eLp4-DkbFI,en,en
ibWHC3ZYXAU,,en
iEj6dESYW4g,,en
9z7wKjeazh4,,en
J4DviH8BFeA,en,en
BYl8SUYHNnM,,en
DQ5IDINCMfw,,en
6AnOc6CdjSA,,en
InVOyJJoNK8,,en
FSHITL5oedk,en-US,en
5XaoizYNkr4,en,en
HbUeaQ2BP-U,,en
aAVQ7Pc0XoQ,,en
9yeaFTMUSyY,,en
u5QMR0IwaNY,,en
kKotxLrEKHE,,en
6Ank9xGBuuA,,en
JgV1E5IHZUg,,en
Pekm5wGO5YI,,en
esTFzXCH1Xc,,en
tn_PvwGlgCw,,en
SUmKehi_9hI,,en
qpEfA8yVfD4,,en
QOyVhZGrX6Q,en-US,en
jw7mzXDH7zc,en-US,en
GgPl573GgM8,,en
JCo-WeiEG30,en,en
TzAf7t9JTc4,,en
oNXSyNbrXrk,en,en
NH-naB3j3v8,,en
c12qIxR2QOA,,en
UNFDAiHmyFQ,,en
Tf47DkcYwso,,en
RXxuUA2bLVo,,en
UW3qsjGtcto,,en
kYF9laBNGN8,,en
M__rr_cEKAE,,en
yttmkiXFvR8,,en
Ciu_rUZ8uIQ,en,en
CGjAxy8qM4Q,,en
AON6JJr-Knc,,en
kao2Kgoho98,,en
URdwRmpNYFc,en,en
MAnD_Ww2EUw,,en
JAbufUOMv-M,en,en
d-cKzEKyK9I,,en
_Sedxj2X7-k,,en
VOh4hXpOYKU,,en
uiWVs1urXos,,en
fT_Y66DXkWs,,en
CpIRR5WooUE,,en
iu8BDXdQtzk,,en
q0VH1MBMYLE,en,en
Lvl3Ee4JsKU,,en
FQGnGketNbs,,en
I45sNNtPuyM,,en
auMh90hTWz8,,en
nFgCt2XhaYE,en,en
CEBwfedizRU,en,en
jWtScoP2EeQ,en,en
fAlLNOnBv4A,en,en
LWd6luUj4uo,en,en
BwpHZzLDURM,en,en
o4JibXjLUTU,en,en
FsT4zf9R9Fg,en,en
G7j9vwlcHPo,en,en
4wG_7rQCep4,en,en
jDBrMvH2_rE,en,en
uGP0rwm-3QU,en,en
QGySmjU5eP4,en,en
CTyl7eQY4XU,en,en
pwpgs5iZWtU,en,en
kRQ5N9sbMxc,en,en
-ZNZJLRNtg0,en,en
Uvgawak4njI,en,en
YsUVNEWrqQg,en,en
lRwda-xWZaY,en,en
NZYJpnJRWxg,en,en
3WAr2RtWS_k,en,en
ZMukZRcrx4o,en,en
0jn1hzCyub0,en,en
52oaiuZTrms,en,en
RQdOCJrdcgg,en,en
h8pC6472wFU,en,en
SvVXvFrV8eI,en,en
H7KjOMLkYPo,en,en
7gKFySqjXjA,en,en
jtKvRjQ2HQQ,en,en
5y3EmNCgafw,en,en
1RPtUR6wtoU,en,en
XIwN6_pcqWM,en,en
M4C1unpwKcc,en,en
-_-VHYWhWSE,en,en
Yt7bRQPWP_E,en,en
G3BTGN9tsro,en,en
sjVnmtkmo20,en,en
vR9t0xY9ioo,en,en
3lSw0-lTM_w,en,en
Obj9sz-G5Tw,en,en
rWHxgtXS50E,en,en
DV9mNt0BvPI,en,en
q3V-t6s6j0A,en,en
-UQo0YenyEM,en,en
r6k4PICVT9k,en,en
BRPSOPCdSu4,en,en
EEYrpQSKOQw,en,en
hhwxNDCR4Hs,en,en
U1cm2Li1lGc,en,en
JoNVAp17lGo,en,en
rwwPtAP1-SM,en,en
HUhwGuFAeno,en,en
TXcLshCEnSg,en,en
06okyBil7Ng,en,en
wEcl_okuJlU,en,en
rRylCK3XRig,en,en
FcbtTjo92TE,en,en
Y5cbxaFVUrQ,en,en
ETLHRvg1HbU,en,en
mCxGtHl5fII,en,en
AeyPiOT8UMc,en,en
Fjw14DgNMu8,en,en
Z4BBhJ1fU4o,en,en
DmjNx0XJDN0,en,en
RuYdSMr0HmE,en,en
X0_ZY2lGLmo,en,en
3NLsFFPx0E8,en,en
e8vtE3n-agA,en,en
xwomXTmeOGg,en,en
20fw2HXvBkQ,en,en
XseXt1xzKr0,en,en
DuQ7dJIYIhg,en,en
9uj05aUlKBs,en,en
LvQeC7q6pmI,en,en
xpzk_wwnxpc,en,en
l96sYSl1gmc,en,en
reI-G-Wrhus,en,en
_tsErbcSO8U,en,en
m0IPlbYnLf8,en,en
dZvoa5PpOFY,en,en
vX9bCqblZLQ,en,en
VS0DZsPD1Xc,en,en
l6xWs5P7Llk,en,en
xgIC61liMos,en,en
oXCoLd59hkA,en,en
h1qsGe0LgEk,en,en
Zw2ziC1HsIQ,en,en
FdulOkgTWhI,en,en
LmKKe5vGvjg,en,en
sDr-N5I2QcA,en,en
MvilTBEDBfk,en,en
VGeauaY0rCE,en,en
PYx2DHfFbXg,en,en
Gk2C9aQiH74,en,en
zyLCw7LyuNU,en,en
9wwNPQRfw-4,en,en
8fSCZFMQU38,en,en
KQcLjgmv3zo,en,en
N53gXg2Phxg,en,en
FojHc6PN09Y,en,en
ceyTPZl743s,en,en
dRdGfcoHATo,en,en
pr-8kVDXgso,en,en
hdc6iAhPKEo,en,en
N4TW1lCCS6M,en,en
vx1Do5u1YrM,en,en
m-N_YE6HTv4,en,en
zT9bZ1XxFUQ,en,en
oDNnxHb7R44,en,en
2pkd42da_ps,en,en
GOctvEvvFOA,en,en
CvTcUqIpEWU,en,en
Y39MfZ1HHCA,en,en
LoXXA_aY7nw,en,en
X1CWYNyA2ic,en,en
ZfTvIfUpxmo,en,en
A0OtqLPtSWc,en,en
fUzEbAkT-UQ,en,en
dG-hYITm4KQ,en,en
HyGzawblCcc,en,en
C9C95dPKT-M,en,en
r9AazHLsAyw,en,en
J3sje2dWP0A,en,en
Cxavxx8dKMw,en,en
8Te-G2hop0c,en,en
0Jxi2UINP9I,en,en
f5x8iiQ04AI,en,en
OkR1xsOTFag,en,en
Pz68ygDmp-8,en,en
XDThBOFWdzw,en,en
up33G6dDZas,en,en
TFswyccJTWA,en,en
UlajmlCsOys,en,en
kDDa2n_pdmQ,en,en
aeYFyq2w2SU,en,en
vBLb2rw3XsY,en,en
JkjlfGK5yTY,en,en
HO_SfcjhZUw,en,en
st5Ij9fz754,en,en
8k1WovNt9V0,en,en
aGVUbmAiHFs,en,en
fptJ3jotCmI,en,en
ySg8YlTnuXc,en,en
ioIX91YTt_U,en,en
juRvmFZ3vO0,en,en
hd3G7kW42EE,en,en
ovtF7Ca4W1Q,en,en
-zs4X1JhXMA,en,en
qx5aPD7E7Uw,en,en
GSES7TF1G7A,en,en
ilSlkpjSxew,en,en
QoiF6JsNCCM,en,en
otecT30v874,en,en
n-oYFxY2IcA,en,en
IDAFJ8Q6-3o,en,en
Ax1Qoomdims,en,en
4kxZ4E_OEko,en,en
QONdqYQz7Mw,en,en
Shl6Iei9Ui4,en,en
XFNkXR4PP1A,en,en
F8AJy_-Ev0w,en,en
fqmxGDm8p9w,en,en
yewRL8ir8pc,en,en
ojgIkwH_FTM,en,en
BHsSrO96E9g,en,en
Fdl-tHC97go,en,en
0-m3QV_AtTc,en,en
SIwaLJSn-iU,en,en
0FxpofMZzt4,en,en
AOFWwJyXSdc,en,en
2gpl7w_kWlQ,en,en
3a0qBhwPmwE,en,en
4GpCM3CSrz8,en,en
QyiDpEELDdI,en,en
JiNBxtCrLc8,en,en
2iIGLjQjlZE,en,en
qO1hEI7rssA,en,en
ZzsDMXgBNb0,en,en
Q-2dcodUtD4,en,en
shD_zXAgyJs,en,en
1IuUs4A7Tec,en,en
2Y_ZqorggsA,en,en
JcuU61dlz_s,en,en
c10bvnDVlrk,en,en
IAB_jUNbQ8I,en,en
vFg4m8HORWk,en,en
2qHG8oogbeM,en,en
4zCSHi24Esw,en,en
pQqjO4AIwOA,en,en
BoEAwa-qt0k,en,en
yCFfp4fzoJU,en,en
k20wj-MvVcY,en,en
TvYqRs9ysQ0,en,en
JzYTqijmypo,en,en
EatyYIAHBPU,en,en
Z--Uc0qPZws,en,en
Yt1Z4mdsvUk,en,en
i5Oxdvdt0Xk,en,en
1VJZIaelJx4,en,en
igbUOz4nIAw,en,en
ELTbWjGQdSc,en,en
PqFwhWbzlg0,en,en
SvscDYCHIbs,en,en
sV6x5sm1XmE,en,en
o4RRcv0Eiyw,en,en
W79g16tyLxk,en,en
2_nSUImbGpA,en,en
LbTt4QxtASo,en,en
iZXjHXrLu1k,en,en
tnBfHg-E0nE,en,en
xSCPFH9UbHU,en,en
FDJd2OBITY0,en,en
Zmfn9V9EBFE,en,en
sExWML8zlB4,en,en
DPTbQzHDjjk,en,en
PFCTDolxppw,en,en
475w1sbzh-g,en,en
gnwy_2_exm8,en,en
glUL6BrZPRc,en,en
EZnlIH2aNus,en,en
vIh7zFposEM,en,en
2CmdptnKXS4,en,en
GFUJr5Hmylc,en,en
LZlrdM0qzTU,en,en
am3-kzMSX9Q,en,en
A6snFgjgrbY,en,en
vo8cEoHepkk,en,en
JwY7UtJTQUQ,en,en
gfu_qe74kgs,en,en
T1-MJLh8UvA,en,en
QxE4grkPugI,en,en
xgsSanlv6b8,en,en
0SFT2pzy2-A,en,en
VK8iM0_r9ic,en,en
TYe5y-V1b7I,en,en
dgVgCDxt67o,en,en
trXswJ_SmxQ,en,en
vmX7HzNB6JQ,en,en
rCEY_YGSQ6g,en,en
T5ru2QSV628,en,en
iv10OdBIcw0,en,en
d5c8QKdJC9g,en,en
14rDGttDGzE,en,en
nlzXeYhRWIw,en,en
p-RX2YYFQsE,en,en
jSn6YhFjOtg,en,en
FLxmXbojlJA,en,en
F3eTJy9xSFY,en,en
ZD3ZV5xFok4,en,en
m_E_6WWKKjA,en,en
lfeeRBBcxN8,en,en
IRqV8wgmI7E,en,en
saRSaDdl4SQ,en,en
6gGgQs2CHy4,en,en
9PDakU6tZ-g,en,en
B4jQDlHMssk,en,en
KxBq4nCaQPk,en,en
37UtVdRZ1hk,en,en
ddZex2-qgYc,en,en
_aV47Fim6FA,en,en
Xgca_JkYt7o,en,en
R7Ek1oBhqAM,en,en
4GR7K8uPzVo,en,en
cfL7_h0TDvg,en,en
I7R5JdNmiZI,en,en
GO7WNYL2BBU,en,en
8qMjbZVwYhk,en,en
SEM85UjwJ8o,en,en
1xqpJfWnPLA,en,en
sS6ObsqZaI4,en,en
N9fPV45RJ7E,en,en
iS4mkCgW3K4,en,en
OjSeyCDfN-o,en,en
PJXqtMMlhiA,en,en
9tn8W67cWvc,en,en
gU7pUNSEN7g,en,en
BMGhn22Eb0M,en,en
CXwwz9bpveI,en,en
dbzPispVskw,en,en
VIh4KOcdDu4,en,en
QJEyCoB4bP8,en,en
MVzZ2o7QEFs,en,en
nlJdyL3WajA,en,en
S3F8Z9_GK-o,en,en
yNL3crpnFWE,en,en
FtSTt4Yqc0c,en,en
_vXB-JnJF8g,en,en
ht8V_0M94v4,en,en
Wix4geZGKRQ,en,en
Q1J8rWXJQzk,en,en
FTODa3IgYzk,en,en
0Nxht5paMfs,en,en
i4KP8gPF8Gk,en,en
aHKVdUpGZWg,en,en
y3IwML3-2ZM,en,en
DowmZdxlnrE,en,en
ArKMSTMzyNc,en,en
wCL86Wnrmyk,en,en
f3NZ-34VXic,pt,pt-PT
TRbGiVp5hDg,pt,pt-PT
8WOAmTV5_5U,pt,pt-PT
Cx9XdRbvzwo,pt,pt-PT
L9cv-VuYXPI,pt,pt-PT
_KlokkM69xs,pt,pt-PT
EP5xgOFt4Jo,pt,pt-PT
jlrHFWIfp6k,pt,pt-PT
IlRZX6sL7Bk,pt,pt-PT
weC5TPyQ5k4,pt,pt-PT
HaaYgAsNcYI,pt,pt-PT
SX7MY0RDddk,pt,pt-PT
mQs9DanReYo,pt,pt-PT
80s59Qg2VOQ,pt,pt-PT
y7mEFfyh2Tk,pt,pt-PT
Qf771h3TgdU,pt,pt-PT
S-FOTbNmfSg,pt,pt-PT
1mmiKOU-4QM,pt,pt-PT
4431HoA3bCA,pt,pt-PT
Rex-6FWVz5w,pt,pt-PT
Wv8prGwpwIc,pt,pt-PT
ahUz1AdWBHE,pt,pt-PT
yCXZZ_2cT-0,pt,pt-PT
NCrth0D687c,pt,pt-PT
nPTyVNaqUo4,pt,pt-PT
92iZL0Pk9Ng,pt,pt-PT
jLzudNN-poY,pt,pt-PT
1IE5x29U2UI,pt,pt-PT
7Wq73pKVLSQ,pt,pt-PT
Nz5OJK0Z6OE,pt,pt-PT
SOT74PyvIR4,pt,pt-PT
_m-ZpHC4E6c,pt,pt-PT
t3TeNyC40iA,pt,pt-PT
Nm2YyJQcQK0,pt,pt-PT
ppsCJOOW49k,pt,pt-PT
WhsnhgqUjYk,pt,pt-PT
1eaudLrTcLs,pt,pt-PT
UFUGlt4sCZg,pt,pt-PT
uorCtoWfGMg,pt,pt-PT
PqgseKGICus,pt,pt-PT
TwfJnLn6V8E,pt,pt-PT
wxU6kwfW6QA,pt,pt-PT
AQd9XV_llGU,pt,pt-PT
3Nfx1F6x4gU,pt,pt-PT
djVwAH2Qi0U,pt,pt-PT
q2WWHMzJD3A,pt,pt-PT
mA7WLOM-o7o,pt,pt-PT
WR2B922Kit8,pt,pt-PT
7cYiwWrfAnI,pt,pt-PT
cXP4Y95fsec,pt,pt-PT
Gd2ZBBleAG8,pt,pt-PT
AdcMk9jtq2E,pt,pt-PT
oq5Vtq7yP4A,pt,pt-PT
UZHqdJjypfE,pt,pt-PT
wEWFhBh6lbI,pt,pt-PT
gH1VwOIuSmI,pt,pt-PT
i8JQJM6Hp_0,pt,pt-PT
xYOeq68hND4,pt,pt-PT
v31Ju3hyaJ0,pt,pt-PT
ns7agyw3ng4,pt,pt-PT
vpsFqN63L3A,pt,pt-PT
wSN9eNs7tWs,pt,pt-PT
UWfoVtr925Y,pt,pt-PT
6Ljku8KLxWg,pt,pt-PT
fvsRfY2ItXA,pt,pt-PT
qqMxotebs5Y,pt,pt-PT
JFRg7RX6Tfo,pt,pt-PT
ZcxtjgB3918,pt,pt-PT
Z-rqUbySWYg,pt,pt-PT
nUBAifzufhw,pt,pt-PT
ehP3w1tAo6M,pt,pt-PT
Hk99eWS9H9U,pt,pt-PT
ebIxbua9gEk,pt,pt-PT
feXHHhbShc8,pt,pt-PT
3txrhr3_9H4,pt,pt-PT
1qN4cP6UuBE,pt,pt-PT
xYIIuCxFsJ4,pt,pt-PT
ffVuaPkYWQk,pt,pt-PT
f6ZPOvYMuaI,pt,pt-PT
lcyVrFkxFQY,pt,pt-PT
zxRLRig-RSQ,pt,pt-PT
Jn81E_HazwI,pt,pt-PT
mPolwcoWCCQ,pt,pt-PT
KYxo3ADeRec,pt,pt-PT
uolcXhiNmh4,pt,pt-PT
IdeECGk23NQ,pt,pt-PT
pL4GZxf2eRg,pt,pt-PT
JxmHPPujtLI,pt,pt-PT
GtVCY09NQew,pt,pt-PT
HskNZVooOk8,pt,pt-PT
G9G4suMfu1M,pt,pt-PT
lSJ8MyvFhzc,pt,pt-PT
LDVfue4hYsQ,pt,pt-PT
NAgu3s9lRX8,pt,pt-PT
4vEzFv2WQ1A,pt,pt-PT
pnvyyf-exig,pt,pt-PT
eYFGpsQrKEM,pt,pt-PT
EWJAQXDuW7g,pt,pt-PT
72Y2Dyoeyyc,pt,pt-PT
mNZTyCLzEQQ,pt,pt-PT
_--JzpJ0IjQ,pt,pt-PT
fFiERJrhFxE,pt,pt-PT
AF96BJI7GGw,pt,pt-PT
UKv3Ap8NrA8,pt,pt-PT
4DodzCt8djM,pt,pt-PT
JWlTROAxw_c,pt,pt-PT
0HnxnFNxthc,pt,pt-PT
7-iAFaPFGc4,pt,pt-PT
h9vo-ku5WOg,pt,pt-PT
asWJqlX-Xks,pt,pt-PT
5kA04V9aRho,pt,pt-PT
_8Kn2_Z93c0,pt,pt-PT
otXY4c2Gm2E,pt,pt-PT
c4_dIn9YvYI,pt,pt-PT
ru4BbXVv7KI,pt,pt-PT
p2ZpTrtRJO4,pt,pt-PT
ozE1bvvKRB8,pt,pt-PT
XVUdmWeiP8Q,pt,pt-PT
bNLeKiFDcWc,pt,pt-PT
NJKs9otn7uY,pt,pt-PT
_xfl4yXx2Eg,pt,pt-PT
7z_QeATV7vY,pt,pt-PT
uv3HAdkapkc,pt,pt-PT
YoNKElSwrxo,pt,pt-PT
f0-EC-B0DJo,pt,pt-PT
SiLH9SuMGso,pt,pt-PT
jGMvqqM-9fw,pt,pt-PT
HxmEP1ZAnXY,pt,pt-PT
U2NfaALI7N8,pt,pt-PT
hpF7QTPysJo,pt,pt-PT
NG2VkwiAd08,pt,pt-PT
3zKpRXngM44,pt,pt-PT
RKblJ5MF_cA,pt,pt-PT
VEUC9pKOIto,pt,pt-PT
kfM66mGa1fs,pt,pt-PT
4eHmLcKNyeg,pt,pt-PT
FZ9t3I1OetY,pt,pt-PT
qrPfVw4izs0,pt,pt-PT
Q6YeBrTpsEo,pt,pt-PT
Lruup5lDA8k,pt,pt-PT
1tpdNgSjzO4,pt,pt-PT
b_LBof2II5k,pt,pt-PT
ljV3ThuXQvU,pt,pt-PT
yYXCbh6fGdY,pt,pt-PT
1MSJD84OLO8,pt,pt-PT
FvijyTFfbKU,pt,pt-PT
A9UcdzCAokA,pt,pt-PT
VmBgJjMpPZA,pt,pt-PT
EZQipSkwttE,pt,pt-PT
S-DhfkQkIyY,pt,pt-PT
dEyQJ1luQqU,en,en
9a7I31lW2Vo,en,en
oBAozvWL1L0,en,en
F5sXD5wH9mA,en,en
talMUafkDmE,en,en
0lUNnNMdf-4,en,en
XjPgJZVvc2U,en,en
A3lHWJQ1NQI,en,en
9gKL25UsUAA,en,en
y-OC_hlfmYE,en,en
HqnfK-dhyXo,en,en
dZKY7NMxUiQ,en,en
-VfaVEz46dg,en,en
JRlml4-1Cgo,en,en
mZT5f0IdDqw,en,en
d83fLedclsM,en,en
IUb7waYkthk,en,en
Nman5pow5Ow,en,en
zu-AgoqBwZ0,en,en
46Wf34tYZkE,en,en
1I2gFznHeLM,en,en
5JLdu97Pdqk,en,en
fn7cgCJirRk,en,en
Uyzhii-EmHY,en,en
2YF2I25KmTU,en,en
tznFCx1fKws,en,en
xEygy-_uveU,en,en
pndKGpLj4tQ,en,en
EgS8smBrRVQ,en,en
50YoMNUAjEI,en,en
RUH481d5cjI,en,en
d5ifv_-Kl6s,en,en
RVc0EqsEYZE,en,en
tzZIMffKbFo,en,en
2ReqWMX4tXI,en,en
94g47RrzApg,en,en
StXxf5aYdtc,en,en
xQ00SS1RJbo,en,en
80K-lCHG2B8,en,en
R2_fm-igsSA,en,en
AGFnEQ6B8sI,en,en
tZehePegGfU,en,en
Ngv1pRS_R0I,en,en
MOdOz0VpHgI,en,en
g5KSq6mnCoo,en,en
4xvgg8oZCSc,en,en
vOzL7Z9NVjA,en,en
PPWeAe4_tkY,en,en
fBEi2WqUJvg,en,en
PtRHpRhscQM,en,en
VBbya49_a6I,en,en
aQyNRIicKNw,en,en
Va3NWThh3ks,en,en
EIn8RvTH4e0,en,en
ufnym2Un4BY,en,en
bFXOL5N7Ur4,en,en
1tqDH6MmEEg,en,en
ugTbassYsOE,en,en
feDnjF7KO6A,en,en
N8eAgFi349g,en,en
iwWzMn7yzMs,en,en
1ovahkCFKio,en,en
tAnD70kubxY,en,en
RUSA9RPPstY,en,en
XA8wmkGrqs0,en,en
ggbNcHXrbHA,en,en
3X80z6Hh1x4,en,en
pRIM5ibxdK8,en,en
3ANQfe7bses,en,en
YfesVQVInd4,en,en
aKgrSDq1c78,en,en
eUjEAURddq4,en,en
ObZT_aVLGe8,en,en
Iz0A0Nj1zF0,en,en
TO_368o1YlE,en,en
cz_w8Wd2UYs,en,en
28AcLdc-QbY,en,en
NRakbqL0RdQ,en,en
WNf7sterQMg,en,en
dp56dMrMmw8,en,en
ZUAxuPLdewA,en,en
O8FWD-BILLQ,en,en
7TeGZ8Vg7oo,en,en
jStHQr8gdbY,en,en
SqH8pgEs4Q8,en,en
EJEi-pP9Rjs,en,en
Ypwp_CtA5nY,en,en
9DDjPzt6F-Y,en,en
ak_Ft_7X_hc,en,en
LzSI9q-D7mM,en,en
4dbYpXuVZkQ,en,en
b_c3GY6V3D0,en,en
0BEKI6vykC8,en,en
NFsuarWIhfE,en,en
fF8JIJulR0k,en,en
iE-4ETbPy_k,en,en
UWQFPG51Cd0,en,en
UXTlxL4rWT0,en,en
zA0KS5FKSKY,en,en
bOVFikDhs4I,en,en
op7lvNWMV0M,en,en
cZN8PVS-szA,en,en
MEH6DnpXluk,en,en
2vBBt5cKp-8,en,en
uf5AqK6GUW4,en,en
q4yLwGwoAdg,en,en
XYBIcabsK9A,en,en
ChRpoBRBVDU,en,en
uPewiuA2xEM,en,en
fXCqVCIwsRM,en,en
ZdoHS1aHJZY,en,en
S73RFZj1uoQ,en,en
V9zBtBwc5As,en,en
eVwW6Jq3_TE,en,en
K1il6MVkkyA,en,en
g3tZpGsYDgo,en,en
1teLHq3mYVc,en,en
gTNK2W5NjVA,en,en
qdaG7Nx6ImE,en,en
W64httdCrsI,en,en
0sB9LaXEYb8,en,en
eh0wc3rMCq8,en,en
_VWn8PPfs_w,en,en
JqJxAU-eGXk,en,en
Ce5kkO_urHE,en,en
3UBBulOCI7I,en,en
f8JjqrVcv6s,en,en
Q21-efJs7yE,en,en
SwS3rz2Cn0A,en,en
Aws7Wr6fEso,en,en
7nL-kgbbcBA,en,en
17Dv7r8yu-Q,en,en
TijghKYYeAA,en,en
JGeyMwc5q8k,en,en
YcaD980oYJQ,en,en
TTwyWthgKw8,en,en
UAwCJAU2tjk,en,en
E3FzGJMFO7I,en,en
Clb48HSRnXk,en,en
sRJAzvi9aEU,en,en
3NMQyrvp7o8,en,en
omsGQUTM2fo,en,en
iNPWohmJPyk,en,en
DeiE-MXzs2E,en,en
cYUzX9UDEJs,en,en
qubnwfDNmCQ,en,en
A68ddO_AKiU,en,en
yIJRoBGQm4I,en,en
Bwq7fhKAog0,en,en
tku2C-DgA6s,en,en
0eSmW4uGpVE,en-US,en-US
FTB_GdA5VZU,en-US,en-US
wuBg0Dm5mV4,en-US,en-US
fWhtn8LasXA,en-US,en-US
Ndmr9mqEpU4,en-US,en-US
IYV7rzdn0ac,en-US,en-US
yW6KfykqT8Y,en-US,en-US
lMxVj5ZGr1o,en-US,en-US
t_QFQjr2jyI,en-US,en-US
_fpbHRZ8qls,en-US,en-US
2GTROfhZIxY,en-US,en-US
g82tLPeEUbU,en-US,en-US
KhkmpZFB8Tw,en-US,en-US
YTZ_nUQC6DA,en-US,en-US
M_ynT8DpCC4,en-US,en-US
88kwsVjIyt0,en-US,en-US
VziHStKm7uU,en-US,en-US
6BGr0QUTF9g,en-US,en-US
zzjNqYQVfSY,en-US,en-US
j2p6szVccuQ,en-US,en-US
kw3eH5XRBbg,en-US,en-US
WKOy44OPM1o,en-US,en-US
D4VzUNQQ9nU,en-US,en-US
k8j1KiEDpx4,en-US,en-US
5IVITlAlKNE,en-US,en-US
kLiS5WLqHZU,en-US,en-US
51TPW1fQ5nQ,en-US,en-US
Lts2-R1Fk2s,en-US,en-US
px6ae5D8nNU,en-US,en-US
3_mWTmrOn10,en-US,en-US
zdgPNjrmYmw,en-US,en-US
tx0GDUWwO7w,en-US,en-US
Niib7z0eo_I,en-US,en-US
YSi2kZH7uCk,en-US,en-US
pgGVylFObKA,en-US,en-US
PhlSX3nnY1c,en-US,en-US
RB1eIkoixi8,en-US,en-US
6yL-VkrJZlA,en-US,en-US
4cT0zM1oMI4,en-US,en-US
ohRX0oauJ3Q,en-US,en-US
OrFK6z7Ise8,en-US,en-US
Hm_XrTX-dcI,en-US,en-US
JSElGZAq_FE,en-US,en-US
K18DsRv14B4,en-US,en-US
Gi6m55ZGa1M,en-US,en-US
56_3oPLODD4,en-US,en-US
iP5-ZeaoV4U,en-US,en-US
y5ik7g93dIc,en-US,en-US
WeW8jtdbabA,en-US,en-US
FVz-Dro87-s,en-US,en-US
Jd6Q8NreC4o,en-US,en-US
pEBgAPrnQr4,en-US,en-US
uAIbAtd6HbI,en-US,en-US
SZWiou4aKjE,en-US,en-US
7Q71bAqM0rg,en-US,en-US
TSm53Rvf4ks,en-US,en-US
uGP4WBIckNw,en-US,en-US
jfMaDka5UeQ,en-US,en-US
FT8LV1pI2a4,en,en-US
7wgNgbBGHZw,en-US,en-US
vqV4umKTJAY,en-US,en-US
swHJ6I9yhaU,en-US,en-US
ogL5RusPJMA,en-US,en-US
UqLmEu-TCOk,en,en-US
XAUNndlKezk,en-US,en-US
VMD4HAJDa0U,en-US,en-US
eyj_T6xknes,en-US,en-US
V-bz0MdpS6o,en-US,en-US
TaVNwSq8AQI,en,en
cAYFNOD-LK8,en-US,en-US
rJgnetXYnss,en,en-US
Quu-_aqRe-I,en-US,en-US
m1YJSlwqR2o,en,en
tFcow8G9Ha8,en-US,en-US
90qiZANYREc,en-US,en-US
KdKiPcU_U4Y,en,en
i9AA7bLto4I,en-US,en-US
gebRbG10D6Y,en-US,en-US
oqXUfIPI6Ss,en-US,en-US
k3Jm796YgDg,en,en-US
0jHDnnoesKI,en-US,en-US
EdFkFU9i-Pg,en,en
QHCiKb6wj-A,en-US,en-US
qW-Q9weSxvA,en-US,en-US
DtL0vM3nk2I,en,en
moCo2DquwYA,en-US,en-US
BsuOgZXSosU,en-US,en-US
8zL0-5cLSRk,en-US,en-US
jF6Pb_chKsM,en-US,en-US
7LCR_xZn94E,en-US,en-US
FnozFazPP4Y,en,en-US
a7YXNZkgZsY,en-US,en-US
VWWxdM0vGV4,en-US,en-US
2jkUUw9DiCQ,en,en
5Nt-C4ScF0o,en-US,en-US
CBPL-K8QyBA,en-US,en-US
1pzuHCLkRiM,en-US,en-US
cDOJbtDGqcQ,en-US,en-US
u0xC3q4o8nI,en-US,en-US
VEStbH37ZEQ,en,en-US
9WZG7KWNyG0,en-US,en-US
Ca8-ZNr4TxY,en,en
H_RAdeAIi3I,en-US,en-US
Dd4ZLLYsnS4,en,en
rpfZZPh1Bbs,en-US,en-US
neKZUESU2kU,en,en
X78JJuuZcZc,en,en
bJ6D-V9oKzQ,en,en
KRdduoZ6azo,en,en
LP-i37_Uue4,en,en
EZsKZp0dkhE,en,en
WP80WQTuQ2U,en,en
qv2MqSfZ-xA,en,en
HloVcewrjQo,en,en
DBPAIpZaKvw,en,en
k3OXsufdRCI,en,en
iil4ywRYrS4,en,en
Sz4hPdkxTvI,en,en
3FpyXIRhe5w,en,en
9Vcz5KzOFdg,en,en
ZS4y7RrnENg,en,en
48p7d0zcJrA,en,en
Cx-h_schlxE,en,en
4AfAUqL1ITs,en,en
U_HMShPauB4,en,en
P8tYXGrVHzA,en,en
NRho3UwcDUo,en,en
apU-saLtq1k,en,en
Mb6_2XFk-vk,en,en
fpnESqShiLg,en,en
8dnKsf5OThI,en,en
t6NLxYOGABg,en,en
fBoiIQCZDTg,en,en
pMhUdEo9Ing,en,en
Be2vhhAbsK0,en,en
ztF8vteP77Y,en,en
PgbVQcoY57U,en,en
8QdP4VJnsX4,en,en
iYX5IF_h27Y,en,en
69bD2bUOl0E,en,en
-OwpcP_R6eM,en,en
1mhqC60Z4fQ,en,en
H6lhPhrL8GQ,en,en
RSM-qQSBC9c,en,en
Y-vDKe15HHI,en,en
_sB6RW0jJbQ,en,en
H1jJDJdWt_k,en,en
oZx52pQlEaQ,en,en
UEK87cV62es,en,en
_WoTIEUuUDA,en,en
__fM_PQDj2Y,en,en
gvgZfrIBT4s,en,en
e3tXybpViHY,en,en
-1Fhry-Mqks,en,en
--c3jT8R_VA,en,en
Cmw1EhNga2k,en,en
hhOCMACyLhk,en,en
jcn1SlQyoTs,en,en
Jawt_HcJWeA,en,en
9rH5eJCjhtg,en,en
xFBg-sqpv64,en,en
GKWrSLCqgG4,en,en
zN-rElTzR_4,en,en
tjNP9y-QJzU,en,en
uLwoMvknVYs,en,en
nAwCxxMoWQo,en,en
XhjXAjs_BK8,en,en
WLgcXwpVvlA,en,en
8o51DYWBj3s,en,en
9AWUhbzVHTs,en,en
QHS_P0DyCEw,en,en
om7pNpI4uLY,en,en
OZnlOa8pOWM,en,en
1ajZUzPX5aY,en,en
-DZofD0YN0A,en,en
3aqa7anoSfU,en,en
nAhhcmSsnYI,en,en
1krU7DT_v4g,en,en
jPGHkW97ldY,en,en
_HDB_vZqxCM,en,en
Rot3GosKc3g,en,en
czZJTsrCJtM,en,en
dajIeHz7ZxU,en,en
03aROupFTQY,en,en
O-nM-Y4Fyc8,en,en
lOxTTstb3jo,en,en
40w6--ZXnzA,en,en
3siRFvX_-Pg,en,en
RXZByvvbz2Y,en,en
RbTn7NmcoCc,en,en
ss-ufzKALnI,en,en
Voa5NmA-U2U,en,en
elOvC989LD0,en,en
7k-2eIrDXng,en,en
eUmJgnzxH3M,en,en
JY6okJJSx3I,en,en
RFvpRLGPGhM,en,en
_hbRvKhL4LA,en,en
S8h_HSNc-8I,en,en
RmjHyFM525Q,en,en
vYHrb6t_xhs,en,en
8RqJ-eeW6e0,en,en
TA4-qQ5wEns,en,en
ZMjKp5j1Lt8,en,en
_qV1q3X6ooM,en,en
0_44XEVOwek,en,en
56gntga11e0,en,en
H0Cz1T0lQyk,en,en
ZSzfU8Xu3Vg,en,en
0URr_XkgAIE,en,en
Yb81Z7Bv1W0,en,en
GZ42PIi9bis,en,en
LHRnUUN8Dns,en,en
NoITOvzX5Kg,en,en
_qs0rfHGnrw,en,en
iwzGsUfDHBE,en,en
hA_Kw8Dms4M,en,en
pJpv5eTqbNU,en,en
unSlnMWUzr4,en,en
8eDcvoTzmRc,en,en
07T0MsLFlQc,en,en
4cC25HjHdZg,en,en
pUZszmHSPw8,en,en
4WRqZ1m3D-M,en,en
C7G1pWYVtBg,en,en
xWrH3chqkBE,en,en
5V2yaRC-9LQ,en,en
Rvey9g0VgY0,en,en
qh3i6OwAsMw,en,en
H3eWYCI1KR0,en,en
TSrFtCgV-RA,en,en
PnArAiGKzjk,en,en
S_V4CdP6aLA,en,en
Up4nO4XqFNY,en,en
V4T9bEsDNJE,en,en
a8XqBEMA_Lk,en,en
lDIqsZQPl10,en,en
ZzGUDWrKsf0,en,en
eilGxAe9aUY,en,en
xY0tJAkukWc,en,en
OIBN3inGkog,en,en
GBiv5AYQrmA,en,en
6gi6SZyMGiA,en,en
XozFiqE3oMk,en,en
BB8o8-EdZY0,en,en
4EbItW7r3-s,en,en
isb4_1CopX4,en,en
FwY3Q1e8DZE,en,en
g8Ikhzvx0MU,en,en
TWckb7_fykc,en,en
bMXTGGxrQ3A,en,en
bmr1-K4dfvg,en,en
y6jpmzJq4ts,en,en
rRid6GCJtgc,en,en
ICdS3mLcaNI,en,en
EGMFKk7sa5o,en,en
i57ejDn6HRY,en,en
jvUej9iVQyQ,en,en
RgVen6OcJMI,en,en
OtJ0oJFNiVI,en,en
wzW-TUAMIkE,en,en
s9rtAsd-b54,en,en
C6gu_ABMvzA,en,en
IiJEd5cDtZI,en,en
w0kgm3Ckr0U,en,en
BAYw_orzBR0,en,en
yXohcxCKqvo,en,en
-zwbWRUkQyM,en,en
Purzzv8G66o,en,en
REJqTXh8IwY,en,en
BtiQvhQF8IA,en,en
lTQ9tQqcTAw,en,en
eLl8kL3B3a4,en,en
efpCxGZV7Zw,en,en
NKYFNJMjtEM,en,en
nlDAPQT5d0A,en,en
E4NBGXtky0E,en,en
09ZogY4ERrE,en,en
B0RVWU_nROk,en,en
E9se1YqCRaA,en,en
AvdW0YKw0XE,en,en
gp3SPyGXKuo,en,en
b2WYP057IOI,en,en
wIIGCTIpRMk,en,en
4nX5jwa2QTs,en,en
lTqDWTq0PeQ,en,en
NlcBA8s22BA,en,en
TGfN9297Yq8,en,en
fRR2FSjVMPE,en,en
euXHO76FfU8,en,en
z2DAfhsg0I8,en,en
2fHCOHPtGv0,en,en
W9XW93mdP_Y,en,en
QFCMs7prEB8,en,en
1_oCgfgqFqA,en,en
ZPy8sgXuK98,en,en
JU4leSqbvDA,en,en
SsOhotuM-bI,en,en
YyaVya4YSwU,en,en
cNFdjP_F9sU,en,en
CzDTaLqozlQ,en-GB,en
TsU00pg6dmY,en-GB,en
D11PMo1JVU4,en-GB,en
nH-sP5Afyxk,en-GB,en
fEMHMd7fovM,en-GB,en
waDtXRCShCg,en-GB,en
tddojhU-atQ,en-GB,en
oCVq-wAPqSs,en-GB,en
FE6VL7jpfCs,en-GB,en
6XONgUfvoBo,en-GB,en
VFCfvlJ2g3c,en-GB,en
EIk395a-tds,en-GB,en
FktgMN390Xo,en-GB,en
gUblhLMhc94,en-GB,en
L7vrYf-Mgdg,en-GB,en
6LZMamuYjjs,en-GB,en
hJfJMT-yfr0,en-GB,en
8Cdn9i65YVs,en-GB,en
-1aJc_1YALo,en-GB,en
Ig2zcKJQWig,en-GB,en
0akWiY5F8H4,en-GB,en
II9Oq4bEXLo,en-GB,en
vaZ4TXUIqGc,en-GB,en
9_mA8B9NlSI,en-GB,en
Pb7Q1cUZfmc,en-GB,en
Bvotry5mfEY,en-GB,en
jta2lXJmR9c,en-GB,en
S_R1RebVTg0,en-GB,en
mNcFdy9kJXM,en-GB,en
kV2HSEUypzM,en-GB,en
ZGOljd36T50,en-GB,en
7IeFVWJXp7E,en-GB,en
g-MIUNhb9cY,en-GB,en
YBSws7AyG7w,en-GB,en
e6EQb-rYIig,en-GB,en
Vtz0HwGgCkI,en-GB,en
Wpktv0iUlAo,en-GB,en
VODVJ-0oLCw,en-GB,en
0j3SW7R40SU,en-GB,en
XnPkUxg__zk,en-GB,en
nW3VObYzcI8,en-GB,en
9MoI57125pk,en-GB,en
WdH2LsjXZhc,en-GB,en
sNz4k5BQg30,en-GB,en
yyH6aGiTmE4,en-GB,en
gMN2utxJAKQ,en-GB,en
rZHMzNCIdMU,en-GB,en
IuhoSd92TFE,en-GB,en
J82zFDyYck0,en-GB,en
L7xvwsg7WA8,en-GB,en
1TIeBrEUGLo,en-GB,en
Z9iksIAXcbk,en-GB,en
QMAYW0jSYjY,en-GB,en
BUeQze2AABM,en-GB,en
6US2d4l8ZBE,en-GB,en
lR6n1fCcPyc,en-GB,en
Un2jSprZEXc,en-GB,en
vvlWVEcz050,en-GB,en
LLjpnubsOWc,en-GB,en
3G-gcv0L-q0,en-GB,en
0-M1srFwU9I,en-GB,en
dW6pvUx4_jc,en-GB,en
jiizjv8X-6o,en-GB,en
_Pq6s4A5a0E,en-GB,en
duDgVfn1lCk,en-GB,en
6tmBB5GcOLU,en-GB,en
1ONRHbMRVqk,en-GB,en
wTZfT81oTrs,en-GB,en
wJl8aMWZp3A,en-GB,en
UtgUs9B2pmU,en-GB,en
SSs7i4DW19g,en-GB,en
jZRQQbanCx8,en-GB,en
j8jE4UhhMuo,en-GB,en
GYBVh5zlV50,en-GB,en
CFBEih785-I,en-GB,en
Or6yvefovGU,en-GB,en
ve_y3EI_VeA,en-GB,en
d7qfcHa4LTY,en-GB,en
jCyhEO3h-Ik,en-GB,en
4iXwPD-VHyg,en-GB,en
OgbLx7K5jKI,en-GB,en
9rRvmcDpWwA,en-GB,en
XjAeQOmdNFU,en-GB,en
kXenRXelpKs,en-GB,en
4ZK7Ms4IZ7g,en-GB,en
XV4eV0wnx-c,en-GB,en
B2ag364pRgQ,en-GB,en
1a5xOhqvm-I,en-GB,en
bfENsVP77VQ,en-GB,en
f1rK6WfCjCQ,en-GB,en
qLMYOhaKcZs,en-GB,en
XIhc7_Ptrpk,en-GB,en
3HWvOdAcd18,en-GB,en
a2_MXgBdhxI,en-GB,en
W8XNHsZWFSo,en-GB,en
f5_mihqjOGw,en-GB,en
hA7_WVO1lWo,en-GB,en
6iIBRvdJfgk,en-GB,en
xIC5DJJGPB4,en-GB,en
zQGhVx9_oKM,en-GB,en
8ZgsTp7ezwQ,en-GB,en
Rniqr2zRsqE,en-GB,en
g2et3Qm19mM,en-GB,en
0mnu3Xv-3Rg,en-GB,en
A8PxRHQrLJ8,en-GB,en
N7Qk0A94-wc,en-GB,en
WGUfrwKdG50,en-GB,en
X-HtE248JPM,en-GB,en
8fxN1RVg0z0,en-GB,en
bAG-DE_k_8U,en-GB,en
oYPgiWlPThI,en-GB,en
U-frK0b7msY,en-GB,en
P-FXXqwQrUI,en-GB,en
jnu5E1XDz1g,en-GB,en
RMgEbGSl8s0,en-GB,en
riV3kXMwmlU,en-GB,en
eTSu9TU7K7Y,en-GB,en
xQ3FP2oY2ss,en-GB,en
kIfUm3pjSKU,en-GB,en
kM_E-O8dMvo,en-GB,en
JjDnwf8a-ZI,en-GB,en
rdT3XBZlnHA,en-US,en
YqBzAeZDrxk,en-GB,en
B7lFENrlz2k,en-GB,en
jgqt0JE-dZU,en-GB,en
JsXIQVmeZOw,en-GB,en
uZUGmQ4Hbq8,en-GB,en
hsPsR4BM0us,en-GB,en
t8QyLh_NBTk,en-US,en
LAG64imtoWM,en-GB,en
8WYYTBzCZVs,en-GB,en
kxf02sHgam4,en-GB,en
kumI-0KuI6o,en-GB,en
oVma06GWlaE,en-GB,en
PD1TclB7D3Q,en-GB,en
6jdb7mAx84c,en-GB,en
TX1Ij51esI0,en-US,en
6UnF9jqIG3A,en-GB,en
n7t_xzMla6E,en-GB,en
GL5esppLCq8,en-GB,en
PxTaoMOGB4M,en-GB,en
RcUPnEgHQYo,en-GB,en
MBPHU7aaklM,en-US,en
ok9IGR_UBE8,en-GB,en
ashOd3ovM90,en-GB,en
XlyDWxCjjSo,en-GB,en
XzEdAroc7Nc,en-GB,en
dMKd2aOxL4s,en-GB,en
OsQ4LK19KXw,en-GB,en
j0YENi6U0tE,en-US,en
hAQDznajvvc,en,en
XVLNqM4-0-U,en,en
uxb8OjkiZBY,en,en
yemarhfhVA0,en,en
LizVLqxj0CE,en,en
nzm77GMSNwU,en,en
U-w7Koq_LkE,en,en
5R11A5w3fOo,en,en
qbWZWKWCCOA,en,en
aGBvftWCWc4,en,en
rnBfd0tX8BE,en,en
qNNW_8uF5Do,en,en
2QWuhg4wiC0,en,en
LMhw25TLa8g,en,en
fLbmr3vp5Gc,en,en
Tn-IYZBq9io,en,en
G9TnPl2Yq4c,en,en
ii6OrP0HEyI,en,en
xtTTENvS5F4,en,en
A29R9hmtGwE,en,en
1ALp0WX7xbo,en,en
tSD5RrOpOkE,en,en
MIzQMYwj8ww,en,en
8dUaI1Ui_vI,en,en
__UNhmnQgzU,en,en
dC-XLXjQ1Bs,en,en
Zrkekk9vqXE,en,en
gkAnJMOnaQc,en,en
NM_FfZLkqWw,en,en
WW1ocOqC5Ys,en,en
fzROZNwZao0,en,en
0p-PVHP1GpY,en,en
zA13oSucKWs,en,en
eT4DKznOU78,en,en
IEDIn7xEqvc,en,en
NrkWp2j3yzw,en,en
QPq3LBc2Tck,en,en
iRB-C5TgGec,en,en
vVmedIOQOaE,en,en
tPfuCkop6SQ,en,en
AGgqZe7iHho,en,en
ncY-3uTCpVM,en,en
fcFdD5LEjE4,en,en
ouWenUaQL6A,en,en
dJVUjwyi_l4,en,en
wWkhuCacm54,en,en
7LdSlXyg3mI,en,en
8cfP-KIZAjM,en,en
eS1R17ZmP-o,en,en
ABBSCaR5__I,en,en
wknpnAJChYM,en,en
LzJfPjTkrW8,en,en
FbWXNJpFzu4,en,en
VkKjglBT4aU,en,en
CEehyi1_uQY,en,en
1aLBJnnZ2oE,en,en
4lVKoIvmnEw,en,en
7Wil7nLQVI8,en,en
viG9Tmy2w0o,en,en
LPY7dG2nMs0,en,en
sPJAXc2j7kA,en,en
x6QYL704-Go,en,en
G0diID02zE8,en,en
bCJQxIuE2c4,en,en
xX7aY3afktM,en,en
UzfCgcgrOH8,en,en
IPwyP0QU2lA,en,en
10L1A2XcqCI,en,en
3aR_Uo2lipc,en,en
D0HGdB9RCgI,en,en
S9LYW731Iqw,en,en
_nClrnP9LMM,en,en
xZiGAisvkJw,en,en
119REmpkQuo,en,en
ZuZIh0HeFAo,en,en
9yyd2jh-ovM,en,en
c1ui5HWvw1A,en,en
rRgwis2kt9Y,en,en
LQT2pH1vDB8,en,en
_ZMNw32dOqo,en,en
SLoNfSLmfRo,en,en
ObP4Epfrw_w,en,en
2Zr7j41a8X0,en,en
B3kkj-5Ekjw,en,en
pFShTtuKDb4,en,en
VxiSL3VuHB8,en,en
W38OTTU53U8,en,en
_ryvl_EfRXY,en,en
1m6ifDhy_6o,en,en
RJkvkgoEVBw,en,en
piTr9DXXwY0,en,en
SYugSLWtYTE,en,en
TuYsJkJ3Yes,en,en
zilVZrbpoVc,en,en
Gj8tWeTJfQg,en,en
rLobewuy8bo,en,en
95NgtNgmnWA,en,en
gJ7CyM1Zrqc,en,en
MruNugpHDV0,en,en
NpJpjlLze5k,en,en
snNY1Hr6Gl4,en,en
2EkWO2dieQg,en,en
NBC1se0DtAs,en,en
hHE1cJF3OZs,en,en
CqB_Qxwk7Jo,en,en
dQPMyuW8VTQ,en,en
OwBCKJHCHEg,en,en
HecsY2GCoos,en,en
JNa5MR9voCQ,en,en
7JBEQz1fSyQ,en,en
WxziTDRY5nQ,en,en
ac9yPwFiT_Q,en,en
ToQOvlCy0mc,en,en
pWbQy3I9OCo,en,en
wMBxAL7pviQ,en,en
DX9WH9b6_ZU,en,en
c2Yd-KRLhDA,en,en
uC_fZHRrrIE,en,en
HKxzP6JjQ98,en,en
UVo_8slgp0Q,en,en
0JXY3WGqSi0,en,en
i8kAKcpYEEQ,en,en
lhcvejeAB0E,en,en
i0AZ81YoBls,en,en
0mAKN7s6_qE,en,en
HYRqc-4K0ck,en,en
smDIQr8MwTk,en,en
TWnczlt-TZ8,en,en
3dD9TdYxUYs,en,en
g-ixbvMlNig,en,en
-YE1eAVCZqY,en,en
ZcGVQPYKSiU,en,en
BKCA8i4nWBI,en,en
7tGGfh5DU-s,en,en
AYp5xtkoF6M,en,en
rfeADdY1rHw,en,en
_4-VErnEAq4,en,en
tGolcgqrRLo,en,en
bkABj1AwxrI,en,en
5vKFJpOvhww,it,en
KTjLVK9mfME,en,en
hUf42BvmzY8,en,en
XlJkaclqTqg,en,en
QNBRDvaRrdA,en,en
Oblk6qjkO3w,en,en
3cHRPWHuWw8,en,en
9eydGWQqpbo,en,en
QG_JWa4_LKQ,en,en
JcDXJxpB8UQ,en,en
9I7AsC3xa-I,en,en
z3Qh6dua5LM,en,en
_GQ9HnapMSI,en,en
01ivc-1r3oc,en,en
iGNb4DOwSZM,en,en
C17ml0WU3C8,en,en
Bmv1qqqXgbk,en,en
uC-A6zJ0_iQ,en,en
S2UvDQYiRx0,en,en
Mt6vDtnff8Q,en,en
Gqqaml70Jak,en,en
a8JFjEZqyFE,en,en
xLrpJo07rVQ,en,en
KVXaLNeepc0,en,en
ja16MqvDfuI,en,en
uEqv98IOrHw,en,en
_ckqGRUXTbI,en,en
b6zMIJ4Xxws,en,en
A44NyVVKYuU,en,en
pdcszbXO4AY,en,en
Xpa1Hior2rU,en,en
zQWiaSnG4oU,en,en
2jWYrSVgqG4,en,en
xWWt6ijyW0Y,en,en
cXBnlO6cF-M,en,en
Z0Qgw-LGleI,en,en
w_pZC4tSmoI,en,en
x-qWLkC_d6s,en,en
_D15J5MoChc,en,en
iCWXJprR7Ck,en,en
p8XCBNylI7g,en,en
O9gaPYh0gvg,en,en
xKOjEXBd3yc,en,en
lQU8pi0COAs,en,en
CRWt4hei6EE,en,en
Vdti-M5pnno,en,en
UiPokyOKtJs,en,en
TNbrfG2L4P4,en,en
uxE6GbD6Kao,en,en
btifmo8vomE,en,en
RLI3D0eiKzE,en,en
J_tlS-v3CI8,en,en
6nwMW6Ft2m4,en,en
LooTUGhGCDU,en,en
zIx1yIFkz1g,en,en
D1E1-1JQlKU,en,en
r_-QesAbQ0M,en,en
rQ24EaY6r_g,en,en
ubdiedQH8PU,en,en
nnhAjoxNDLs,en,en
6UjRjPvMJFM,en,en
NwP5dnZvN3A,en,en
TlnyWhW3wek,en,en
ziw0CwT3Wz0,en,en
5zyjfNfzLqk,en,en
gvVUb1XvgoA,en,en
dyfe2JnVLxk,en,en
Y-uNCSo9Zns,en,en
LurJFaws4vE,en,en
j6Cj7IQvGXM,en,en
SzG3OnpXwLc,en,en
VxTfRrXOKC0,en,en
9we4K9AvLH8,en,en
93O0d5a2wMo,en,en
ZCfm-wvlLxI,en,en
lxz_gqXVnBY,en,en
hqd8i8eXDsQ,en,en
ERysyFbJH7w,en,en
CIYFIBbuOU8,en,en
6DWTYEQoxmw,en,en
EwLGqrH0ZrM,en,en
ARCsZOK8Xgs,en,en
wiqjtX6kKUQ,en,en
FRDXhFVmlUg,en,en
OPP0DPiMOP0,en,en
bd20rwynvb0,en,en
KW2StiK3Rjc,en,en
WI_9NoMof7s,en,en
FZ7IJWbs9vo,en,en
QKj6DRKOelE,en,en
9iqQJIfMAnU,en,en
WqNmhHdOEfU,en,en
O6eWdiaBLqc,en,en
7HM6Ha43wPg,en,en
AQ_MZG83Wls,en,en
QV-B0S_yuc4,en,en
8CqwjlaKqns,en,en
1-VFShuFJXQ,en,en
xMdz4-AiYA4,en,en
Cl_bNkVzdQg,en,en
vvm9na0x2_Q,en,en
ztltfnNNth0,en,en
uBzsHhp8Fsg,en,en
0wNJSPSHedk,en,en
N3f1PfRL2h0,en,en
e5pJmSmT6ds,en,en
wA2djbEg81I,en,en
45awieDmjVQ,en,en
UTBlCRy3Mo0,en,en
VUz3FIFYLG8,en,en
DrYP9V4f8Ng,en,en
nJ05FbCiO1k,en,en
d_qxjYCHI74,en,en
ZBKUqc_ICpg,en,en
I8IK3ZeWOjU,en,en
h-1icJainvo,en,en
tQeZIvrong8,en,en
WmFKNIo_FXA,en,nl
1Vx98u05R8s,en,nl
kyKo7h-NvpM,en,en
jX-mhRo7Hww,en,en
_Z0RacfZ0r8,en,en
OCyQHItH5H0,en,en
h_zc4u4zL2Q,en,en
77G2CE5sYhM,en,en
tIeW99jJX2A,en,en
yQmo3Z_xSlM,en,en
rctONIZJxh8,en,en
_bmppyU3TnA,en,en
XulBKrrRC3k,en,en
cD72O6IJUBE,en,en
pvDcccfyzwk,en,en
EIDi42qEVJI,en,en
XguZA4d9Tfw,en,en
svjxTwTQ9OA,en,en
aje9UGNi_l0,en,en
6y6YeD2m9RY,en,en
FZq-w1t9lyw,en,en
vEeUxE4txs8,en,en
zrn6IP0GyOs,en,en
PFwc8BfSvCw,en,en
N20c-FP-npY,en,en
tEIlJidvqEI,en,en
u4zbbQiPpaY,en,en
WMblgMbNLhM,en,en
hcOycPWR7is,en,en
ZVneOn6b_Ks,en,en
8kLAGblVlMM,en,en
RYuMxWP-Wf0,en,en
Ral6E1SHNbE,en,en
S1OJ3U2T4PY,en,en
0e3M5Jyh6Z8,en,en
FxtEz3ztn4A,en,en
9SKlOqs4a48,en,en
PMjreZH1bzU,en,en
J1LW1Nz0pd4,en,en
BXYfOAe3On0,en,en
TskyrDTyWiI,en,en
WYgsX-FonfY,en,en
hxlO_Facuo4,en,en
CiCPO1cnA-U,en,en
aLPrNSFLb2U,en-GB,en
XJa7sE5Q1QA,en-GB,en
11FIIPmdpHo,en-GB,en
VOS7Z10dIqA,en-GB,en
XAqE03jiff4,en-GB,en
j-TK_oWSg0g,en-GB,en
hvPwEWxQ_kQ,en-GB,en
zdErKRSBnag,en-GB,en
CCXnZIjSj1Q,en-GB,en
iAOu7bCzQUk,en-GB,en
6fj-OJ6RcNQ,en-GB,en
4Cg3jYIWT1Y,en-GB,en
jUJNEpFPT6M,en-GB,en
1tJ29jRS38I,en-GB,en
2n8W6CBxc64,en-GB,en
7ZnSbpBSfqA,en-GB,en
k2mi3lt37W8,en-GB,en
bIBUGQ0aYnc,en-GB,en
1zZ3uWQyx5w,en-GB,en
s-KlglgUuaU,en-GB,en
ctM2TIXDFQs,en-GB,en
TNI92D_fvO8,en-GB,en
j4gMIzjlnZY,en-GB,en
geaPOYxcazM,en-GB,en
-sZZG1NGqo8,en-GB,en
rCA2a75YMa8,en-GB,en
XNt83lIycCA,en-GB,en
H1GEnSe9o_E,en-GB,en
NRTiFaMAz3k,en-GB,en
8cp1T63sKqE,en-GB,en
vfHlp4xd-aU,en-GB,en
qLh_IDLvrxs,en-GB,en
WSPyw_hlArU,en-GB,en
zZ2-bFk6Flw,en-GB,en
x0SWDEI18IM,en-GB,en
DHHqQDKzjTg,en-GB,en
0tceC77-LWk,en-GB,en
oCUsVi9aIDc,en-GB,en
6KrvFNrfFGg,en-GB,en
U8RQsJ0Q3Mo,en-GB,en
0DKlSt0j8dY,en-GB,en
5L1HvcFtCjo,en-GB,en
BagISaCKuqE,en-GB,en
Y5-q-HZ6VO4,en-GB,en
PuCux6DhUwo,en-GB,en
320qc1_vGek,en-GB,en
B5sdJr089RM,en-GB,en
b2gg4_4GIEg,en-GB,en
5Iq0WLxLMfM,en-GB,en
DEBHSiFU9T0,en-GB,en
0tTOQT4HhXI,en-GB,en
lao04OO9FbI,en-US,en
31k6O2nQgHg,,en
z8f5MRDiSGY,en-GB,en
XRaZPSrORzQ,en-US,en
Ymqj00Xb9_c,,en
uZpJNy-_KP0,,en
BAO6MD7Qc44,,en
ZQtWrWTBhpU,en-US,en
C57EVUjlKSY,,en
vobLTc8Zd1Q,en-GB,en
LyonWy0iWDA,,en
ikz3ECL5NEk,en-GB,en
k13gSzBzoAU,en,en
prMuDIiFyC4,,en
WVfRxFwVHQc,en-GB,en
e51VsG0dlTo,en-GB,en
oBMOdWX7K3s,en-US,en
WlKSBblYGH0,,en
iOom5YYv1qQ,,en
XjX2b5W3OEM,,en
ITxAS6OaCxE,en-GB,en
3jFa-kLB_cQ,,en
Ieq6V3o4rqM,en-GB,en
mFvdHfhVIsQ,,en
JuEf6jvMXqY,,en
MC4RAKJvop4,,en
Gv22NkA8viE,,en
SseUzcEN9U0,,en
CbStrfAQ880,,en
5C1clVOG5X4,zxx,en
YXqXKz_L__w,,en
BQbufwSqxpU,,en
g6xnqNVif0w,,en
UHoOxl1gfsg,,en
jUEfWLQrTOk,,en
cYXAuwkNzVg,,en
0RbOAdDHQ4I,,en
-Qo3ehkykkM,,en
dArgOrm98Bk,,en
yeoVDeUhrms,,en
lUqIPo4DDHE,,en
0yhfUA8cX74,,en
AWWFS9y087c,,en
sOGOWSR6Y_w,,en
Afk0h0dPBhE,,en
oIVcA0vZ3Cg,,en
LuaXcSBoE6s,,en
3EQLOE_nPN0,,en
qkspxO8cOxI,zxx,en
dxJL6sXLqRw,,en
Tz1kVa8brLg,,en
6bz6y4SYPbI,,en
CH1zjNUmst8,,en
VHkfEoc-3mk,,en
VcLyR6D0DJo,,en
4Ns96WM7C78,,en
SxA69uUGEUI,,en
y-kcS9QNVeM,,en
a0PiQMkI8YM,,en
44H76Bbvung,,en
jA6VIJg11C0,,en
sfdRHwwoPQk,,en
JIr-QAA5dGA,,en
HhnLVo3jFCk,,en
LuJII6jZEcw,,en
JW6d7RA5n9A,,en
2R4Vsb7L54A,,en
iwO53_ie3F0,,en
yfUszzU_Tjc,,en
GtlIztV6LXU,,en
nH89MsBEFHI,,en
vtt1ycq2rVI,,en
0bkdHF2o1WA,,en
M6NsEDwHHiE,,en
Hh1d0wSVmGw,,en
dwoKyuRSbUw,,en
HrJNyLq1gm4,,en
5M0ITh0Bywc,,en
QvDqZfa1RrY,,en
U7mUQXMReQc,,en
lwq_KFTiJ78,,en
UP8J2jQ65Pc,,en
uzgiGBsjMBg,,en
O3Zbxn0cnho,,en
jZ1062ejfr8,,en
oFWPvImV744,,en
8xtnobO5AKE,,en
UwO3cbJh0I8,,en
1WXPKPck4bs,,en
x-yNeOd40-Y,,en
F-ZU8MF-o-E,,en
ZxSbifUCBGA,,en
qTOxN-1fzE4,,en
0OFxgYaLiMY,,en
H8ih1_EkVOo,,en
ht1n7pp29i0,,en
tCFcNmVfYzs,en,en
n3MbJHVjKCA,en,en
aMhcNSqit6g,en,en
w04nPpz3KmU,en,en
MOjVgwF-_vA,en,en
NRZhWSesqVk,en,en
u8Tbx335jTM,en,en
xkn5J9xVkJg,en,en
RYKybDrj-Eg,en,en
iSNJUgc2PNQ,en,en
3aSVj7oDg8U,en,en
YSClW6OPX6c,en,en
o6DvYH70KqE,en,en
6qmaOIhqG5Y,en,en
cAdcaLIALiU,en,en
GCvAfdNowzU,en,en
2jWN-pMTf3o,en,en
_XIihESyy5g,en,en
Iz3P0Kdcf4k,en,en
1F5KpiA5N1w,en,en
69g3vpGeVZA,en,en
FiKnt8HiQ3w,en,en
SvOKVujt6rI,en,en
wUpBrALhlnc,en,en
78dl0eNWCp4,en,en
oUCQH11m-yY,en,en
FkQ4iWloT_s,en,en
ztYuG5pdWEs,en,en
hzuMdEj7aO0,en,en
1Mc5P6NJzAI,en,en
-fY6J97K67E,en,en
SpHDX98K41k,en,en
i6-E5MxRLtU,en,en
0_MEqKi_i7Y,en,en
fzNMm6BE1GM,en,en
Y16Vx1IXNgQ,en,en
Rn2-eiuZGL4,en,en
eoDiqFyavdA,en,en
B-d79DtMTiE,en,en
Q6dKCG5tYOY,en,en
fvRDBpEliEU,en,en
C5HwU60UYIQ,en,en
ofdiMd3P5h4,en,en
5Gzv61nYVZI,en,en
jH1agWQSPbw,en,en
toruq1WW6X8,en,en
iow5V3Qlvwo,en,en
dKpVonyzA20,en,en
XmMkCAlWxV4,en,en
a18lFczMlfM,en,en
uXdM_hfAS2s,en,en
RIVVQkZtnAU,en,en
32DdBf_j7Pg,en,en
JqE9pTLn8R0,en,en
Olzc15hIcyI,en,en
EE5Ou00Oyfk,en,en
w-A3GoTC6HA,en,en
qBa-geRTVwE,en,en
7yLOth7SWAY,en,en
oynKj-1m6Hg,en,en
TvOJc8N8AIw,en,en
Ek1qCQ5K3_k,en,en
EQf8w8Ed5k0,en,en
I0biBk4Y8Qg,en,en
wLzteVkyReA,en,en
Rim2rXIbVoA,en,en
W9qsxhhNUoU,en,en
akRLUpQp5xo,en,en
8XO53urLcvY,en,en
B-L8CYwglj4,en,en
DbxPgd9DKEY,en,en
HHCifdfI47M,en,en
rQoS_S9K464,en,en
js2vfr96iAQ,en,en
SHFAZv8PR_c,en,en
nm7OMGjbCgc,en,en
DEz7oJy37lI,en,en
yYWvUoN4yt8,en,en
6U06IfrhN6k,en,en
b8SRAKfP2J4,en,en
0h-IAlNjd4Q,en,en
CkJGBM3rLLM,en,en
SIsCy663mz4,en,en
GtNEf9UyOLg,en,en
-dYgnvrvQ3M,en,en
lSXbNQV2UTQ,en,en
yM0tQabjYYg,en,en
Vd_Lcub_OxA,en,en
8ktvPwE0pdA,en,en
UKVG4yheOas,en,en
daPmenMTbU4,en,en
dKUmXnorrlQ,en,en
tLwpQz2lT08,en,en
rN76CGsENeI,en,en
LE8mNTJOYmQ,en,en
b2_KEk9wPwg,en,en
D6onQw3hWGg,en,en
pH88Ta_tc0w,en,en
rG7JKhJj6k0,en,en
uxODEKWDFIQ,en,en
vWCcVT1nFiU,en,en
C67MSxr_Sds,en,en
ismXC9aDY1k,en,en
GCHF5OsAn5Q,en,en
XqYuTEj8vj0,en,en
u1Xu2d43VOM,en,en
cfLwgEC0w5g,en,en
uyvOudHEOw0,en,en
3aB7MaQi6T8,en,en
IllAf-s47iM,en,en
EWWFkqH8avI,en,en
ShdRyZDFx4U,en,en
3FpZTRnGVTo,en,en
K30doLXJFhg,en,en
NUc51rFnc00,en,en
IsXiDORoqDU,en,en
AZw3CMcPHZA,en,en
evh2QGWlHqg,en,en
JCeIrMANzS4,en,en
AEEoKCRaZOs,en,en
8vARnMrZ4i4,en,en
6i6JEe2PkpQ,en,en
d3fhiCoOXT4,en,en
gkohB7G89WA,en,en
gb3Xd3SHjUk,en,en
bind9t4_dOA,en,en
5a9NgAqTxI8,en,en
MIo_1awIXzQ,en,en
IAaeJSGWTZc,en,en
jkPaJhrNTG0,en,en
MFLF9c1x8a8,en,en
vhqq4U3mnNQ,en,en
A5oYUQ-pmQQ,en,en
uED1nKnLBYo,en,en
QUiXERZGLXA,en,en
NpUuuT_EzSs,en,en
EGoiYHUvwSQ,en,en
j3Thqrcw_Ag,en,en
BQKfAxFgi-E,en,en
I6XFCl2lHbg,en,en
cNUPmmc5b3c,en,en
c92hhEFCcGw,en,en
7EoBX13g0aw,en,en
7IczC2_u99A,en,en
XImly72tLw0,en,en
TMQZ921XvLg,en,en
VXkJnuu2iYE,en,en
21H5xZJYRfA,en,en
lwX8d5ebnmc,en,en
bUbrVeZm2jo,en,en
ODXV-fb_c-I,en,en
vI3hO3HiqBw,en,en
B8V5EfJLX9U,en,en
KNe35B_ny24,en,en
ImGfWyjK3no,en,en
e1fJwXmz1rg,en,en
7Co-TmrLiYk,en,en
9a8m9XTR4qc,en,en
tHilfRBl408,en,en
yrPPf3Rl5KU,en,en
uG0Kiy78dnc,en,en
hY2oCdsIqXc,en,en
1sxHoiW3jqo,en,en
e8tyOzkJsMw,en,en
zfnvbw4s9CA,en,en
UqQA3veAako,en,en
Xi6MLjPc-hw,en,en
kAWe4Qq-Rp0,en,en
rGNa1nl3X4U,en,en
0ZfLwXF22l4,en,en
elRKPXea5o0,en,en
FbD8n4J_MuM,en,en
tvP3q56R08g,en,en
iNnWtEYN4iw,en,en
jVA-tr_euKU,en,en
G_WDLZ8pYrQ,en,en
Oe6OfnNuxOw,en,en
sJwZLTztg5s,en,en
CQqdmDjgx9k,en,en
HsWYxfVzX_U,en,en
Zy7LMA8tteo,en,en
27fQl4oRlBI,en,en
Ai8Irb7L_JM,en,en
mwc38GNpy54,en,en
qj9HeT-IaEg,en,en
FqffqlDllKU,en,en
ATDCsY-VJPA,en,en
ctdUGVmEvfo,en,en
o22pjf9obA0,en,en
Idh24Mc72mg,en,en
vxOffM_tVHI,en,en
AgIggrkBFcU,en,en
Puy3vlRfsig,en,en
cWW7Q4eJr8w,en,en
tMTxikrSe8g,en,en
ijphHNC_-To,en,en
01DBbTQwYIE,en,en
31Rp5LemYeA,en,en
0bxIg3M_MHY,en,en
NhGwoCW41vE,en,en
2Les3lZaE3w,en,en
t_FSSC-ixK8,en,en
XyIkn8EAKOc,en,en
wgeZtLIJsOY,en,en
5900CpVbvGU,en,en
T8SpvrWNL6E,en,en
xvEi1Iv2Ujo,en,en
hkjKNrMvBlw,en,en
CS8y-9S6cj8,en,en
hvsiJTvvzMQ,en,en
m9S5I3pWz94,en,en
h3xLFA0xKoM,en,en
wu95JPidByY,en,en
nABiSKQuMvQ,en,en
bKjRKZxr-KY,en,en
TXuWFOE7rM8,en,en
KAfAPOGBgXk,en,en
y-LeibeXAog,en,en
GtVGtCAjYsE,en,en
J5SXT9r2214,en,en
I-IKdQcXGA8,en,en
0QdUE8q5Tpc,en,en
l_FZK1ROO0A,en,en
suzkn6vPl-w,en,en
491oCCVMa04,en,en
ge98ks3GwXc,en,en
u75hUSShvnc,en,en
n5lxMoNLLA8,en,en
o0UqD4UxBTE,en,en
GRoWGVbvAdc,en,en
Bxv9lf5HjZM,en,en
qVfx0C8tYEw,en,en
Xw8KuGD1fJ4,en,en
4yTphp5cgE0,en,en
icbWjSC1AzI,en,en
_WAYv58Eq9w,en,en
1f8pBiCS9HQ,en,en
KpzhO1EyA2U,en,en
e3mYvWUgZs8,en,en
hl9RsaITlY4,en,en
ay2GvqVH4SM,en,en
PLGNGsJ5L40,en,en
bxgLUwRPhp0,en,en
yDiw9bqytbE,en,en
tlFGOSEI_lo,en,en
_NO1ldvMDXQ,en,en
jnku-xdku8U,en,en
YokGiK29k74,en,en
ilwork_mktE,en,en
7DvftaHlZR0,en,en
xwsLuxlbY2w,en,en
X3vRK2P9lSU,en,en
p-AMooYPO1Y,en,en
fyyKrMeNPBM,en,en
QGe_cG3g6kw,en-US,en
-a5255bCFmA,en-US,en
wMGQ2x939zg,en-US,en
JiF8drvonf8,en-US,en
rb0G0Uw-2Q8,en,en
plZymgBEC4c,en-US,en
zRJl4KMO96I,en-US,en
8AJ_-Oozn_g,en-US,en
2bGhfJ052OA,en-US,en
LoRl9uL1J0w,en-US,en
WKV0xrfH8yY,en-US,en
7Ha5cyhEI4w,en-US,en
8C_uRDPQvSE,en-US,en
dPor8IoZ3Bw,en-US,en
e2h2bPQ4rNU,en-US,en
XayG1qkZg9E,en-US,en
fbAYK4KQrso,en-US,en
ysoGeZQ3dEA,en-US,en
sBfng6Jd4Cc,en-US,en
jeht_P2GBwI,en-US,en
9oWOsocN7qg,en-US,en
IDJ9C83NQkU,en-US,en
KukmClH1KoA,en-US,en
Obf0tB285is,en-US,en
hP5TNI_2VRs,en-US,en
OEdR116n-78,en-US,en
9fF32c9-w1g,en-US,en
qgnv3pKnFrc,en,en
wms1GNr1Xic,en,en
MvWf0SDjj0g,en,en
e4ueIYObGZg,en,en
6nJo8GUJtYM,en,en
BnZ83L_Y-_A,en,en
5TtGoiao_1I,en,en
ImoAWgOzxFs,en,en
03vu0uK-wx0,en,en
kwoCHOxuPME,en,en
7gT9Xu-a6w4,en,en
hoo_tFN-WTQ,en,en
p-mVygkTjJk,en,en
cHrK4cQcImQ,en,en
4wHe0cJt1uc,en,en
_1wabtoZ1zo,en,en
D3762QQh8cg,en,en
6RWlkA4--00,en,en
5yZu2ehPgyw,en,en
p4NMbrEUQM0,en,en
op_mDU-qVOk,en,en
QL7KOoiMcBg,en,en
ZmFPFKElzVg,en,en
hjWkfNMrNF0,en,en
3RUWhDPJr_s,en,en
XYK5IV_ZgMg,en,en
s17RDb6vXbQ,en,en
pGMmJ_o2hbA,en,en
eRsv-TV3x_0,en,en
05psi0pzkHE,en,en
Meb2HDj8UNQ,en,en
tBFyyv7O4gI,en,en
Sk_ivjq9Va8,en,en
DSfESAMl9tI,en,en
30kWyKQYDaY,en,en
gGLgXOtYYEU,en,en
Ck4Re9VS6nY,en,en
wu9y0yFC-Lc,en,en
bjpKeVDsLe4,en,en
ZEvrgDtPVJM,en,en
jjNhtohfvzY,en,en
rR8ZFj7zM9Q,en,en
Ws3rzT3wjyc,en,en
1STabxNUwwg,en,en
DCKyNJDYoNY,en,en
WgoroKE2eqM,en,en
h6eetRkm0JQ,en,en
1q9SqVTo5Lc,en,en
UMnS0QuhEX0,en,en
5RFQrM0zhHk,en,en
FIoz3-6BnIs,en,en
HEROO5zthgY,en,en
PI68WDw8ohY,en,en
NVDj2zexHVo,en,en
KWN3Hc_Pmfw,en,en
VdfNh52C5YY,en,en
7UyZsB7FVoc,en,en
-cusDv9mTBU,en,en
kDdX14rmajY,en,en
vBXI6yayyxE,en,en
z1D3JGCMAXg,en,en
NyjkzboZxmQ,en,en
222-d-RpAlY,en,en
JzqY4AKVMIg,en,en
hnazRCjY0Do,en,en
nDqsdDEIW0U,en,en
-CBgNVvp9HE,en,en
K52G8jpSUNU,en,en
DgLG82QP6ds,en,en
LyU4mmE6ANY,en,en
Wn-3nyQ8oPU,en,en
ZVZyR_eDhmw,en,en
6ObRvXibtPM,en,en
0MKN7IKBvtI,en,en
v1yIcsOAPcM,en,en
Zi9y9bdO-cY,en,en
GCvddWWPgBE,en,en
KPH0M6dWG44,en,en
zxRUp2okv40,en,en
dYYLTMADCds,en,en
Zo6m7p2LKGY,en,en
dzUCq_w03p8,en,en
DBL2ksOpc1s,en,en
tfMQLurv4Yo,en,en
URvgLJxiqLw,en,en
iOLdfvIFIRc,en,en
cucEqjNU_xE,en,en
7LYPvqtI4u4,en,en
Z5Y166lXojg,en,en
xtY6H2FW_WQ,en,en
9fxVkOCuDE4,en,en
DxdNujQ6JPE,en,en
L6z8pqOsVSM,en,en
RCJlBU3-XBY,en,en
f-jD-wJs6HE,en,en
6iDTDTUky4w,en,en
llGrA8kypjE,en,en
Y6t_DxWfWSg,en,en
vbSdvmADsRQ,en,en
scdde6xZsXk,en,en
SF0FVwn3Tks,en,en
4KwnlbuBRjM,en,en
OMzv_Pk1rUc,en,en
w0PvN1qsjhc,en,en
JBv82UrvV0o,en,en
MUjqi_5k66I,en,en
P5v3D-wWaFc,en,en
bC118FfLBTM,en,en
QEQhO-6u7W4,en,en
luqGBCwuRCY,en,en
uZk_5kirI-E,en,en
wwQCgQOlXMY,en,en
x3_V3k4xwEM,en,en
U05xw5g6ElU,en,en
MwaJoYa9U3E,en,en
t9i6thESpHw,en,en
yVTerDvKdHo,en,en
3LT_ls9sj7Q,en,en
jgQmHwbnbHI,en,en
chPVPS_b6kQ,en,en
o82hSBTiwtI,en,en
JtfZ9JHOOro,en,en
FOkVJaGrxbg,en,en
kS8tDzG0VQc,en,en
3FqXwr8C-so,en,en
E2jmjdDBha8,en,en
Wcbb1ZELhXc,en,en
bI92RcTNKN4,en,en
fvQGVtEBen4,en,en
6rkFO9iqXj4,en,en
5SJ7riv5VwE,en,en
C-f4EeAsVbU,en,en
cWCNCjWNwAQ,en,en
JrIiU3_L_YU,en,en
X6iV0BbsoCk,en,en
DYT68ASBxOc,en,en
gB90dOBlzFs,en,en
gSC0wgCDx8w,en,en
0WFpbpk8IXw,en,en
8xQLYYhOK44,en,en
C4IK6HiLYc0,en,en
20miGQnznck,en,en
kgMc8Kel9wA,en,en
4q3uS3xtFG0,en,en
ITLbxP4q0GE,en,en
FKlZVNKVsgk,en,en
-ZqVZYYNwQw,en,en
iR8X8lkPjTg,en,en
tNms2eMU5NU,en,en
ijXrMF5gc4I,en,en
0LtEGpckqdM,en,en
39wefEYO_Uk,en,en
eVgd4J4SlQs,en,en
NFaOti1zbfA,en,en
Q7zlKBTHbuw,en,en
PiigHvi9QKA,en,en
kF4onpVhp4Y,en,en
oXDb0qTu6Zg,en,en
SSjo9doSK-8,en,en
0pvdRUExR_8,en,en
TEe1I7XJlhQ,en,en
tYNurAqEXX0,en,en
D3Dr4bzQroo,en,en
V_0H7_GixwE,en,en
ZM-QMmuzZmw,en,en
JskRbDsvcHg,en,en
YpMd1lcn1GY,en,en
YSA9AZgcHzY,en,en
MtJzHaRsavA,en,en
RJBIEKU1dbE,en,en
YkGoVTn3X08,en,en
t0RgVXJ17EA,en,en
smISQ5627iw,en,en
hv1Zmk2w9u8,en,en
WnVgyxJu9aM,en,en
Wiq2uf6XcN8,en,en
YD_edPK0qTA,en,en
nz7J8dzwzas,en,en
dHaBQ1I5rJE,en,en
0dYS1ltDFss,en,en
BrTG_3d_AZc,en,en
lyj6ARaCzf0,en,en
uBAnojNoVBw,en,en
KBnjbAkqGO4,en,en
nMyKkJvApgM,en,en
OCdGyg0U6lI,en,en
GkR7kKcMqro,en,en
OFxwpdD-9QM,en,en
HV01xTT6eOM,en,en
8lvEp_tVOMg,en,en
D7jI1pkUBiM,en,en
_nPUuU7gjiU,en,en
pxVt-S7yiRc,en,en
w3lfBC3CqQw,en,en
G1WfC-1Sh_8,en,en
rhkLMAsluaA,en,en
gAfKCJd1qw0,en,en
0E_00vUWbOc,en,en
OHzIuphQqdM,en,en
bxsODCY6spQ,en,en
JvS6O6T6AxQ,en,en
9mtqp66rplQ,en,en
VLlDRq-5yrU,en,en
UEVUcqeB9nA,en,en
RHwK5m-MHDY,en,en
sPAnb0rmpe0,en,en
i_uVTxRLISA,en,en
7XsWpRXEOkU,en,en
_Zr8-1-GUUg,en,en
PQgVHNRkGJY,en-GB,en
Y8CPDewlJ3k,en,en
gB8R0ZawEmQ,en-GB,en
erzZ6-BjL8E,en,en
AWQD7aFJmQU,en,en
Le0LKDqSmN0,en,en
Bc4uYOW94OY,en,en
0dqIQeHcj4Q,en-GB,en
v2TrUeL00ZI,en,en
KhZ5Fe1EczI,en,en
ZP76XBcpHcg,en-GB,en
zpHLuSLToIY,en,en
2DCVCcF3-dk,en,en
x-UFODdzMPY,en,en
gOEuJyREYZg,en-GB,en
_PdqlQYCDNc,en-GB,en
BIhWH5zMuSA,en,en
eDvJ4O5ui9g,en,en
BQ0NdG4iTSg,en-GB,en
gbBw2fYV1Wk,en,en
Zsgn26FB5X4,en,en
cQztIvxc4rY,en,en
oyz7ZV6jtw8,en-GB,en
pR8FQBN6jwU,en,en
8qnwpnOBp4Q,en-GB,en
tDENpLvRxz0,en,en
R1VxBXxLT44,en-GB,en
a-XybzaqTvM,en-GB,en
pXtl9JVitfM,en-GB,en
KjFRmrgP6dU,en,en
eyHTCO9_IQ4,en,en
eyZiT1MoP-U,en-GB,en
kBx71L2gnVQ,en,en
fUXONdEoPdE,en,en
fQMa27GYK6Y,en-GB,en
2YZ1SD32mgk,en,en
4J2bOLAbdR0,en,en
b51Z86gjZDQ,en,en
zsTlGuKwgSE,en-GB,en
7jAzKZa-zVA,en-GB,en
3iDNu68lr5U,en-GB,en
hkEd4kFfvXs,en,en
rrkwQoz8lPM,en,en
1AMKBI4Wv5Q,en,en
htrR_EvPZq8,en,en
PpwZcoA4ha8,en,en
NEdx2cigHIk,en-GB,en
_Ng0WUD4T0Y,en-GB,en
vGU8uMj86PI,en,en
46GsVEYXM4s,en-GB,en
MTx93rluBwc,en-GB,en
N-oOa7DsIJM,en,en
2gMsAALonGg,en-GB,en
GiMqUl-5GTc,en-GB,en
XDDH7SkZbT4,en-GB,en
7yWbBSoGIdg,en-GB,en
AZmM7MOvAwY,en,en
eBFqipyA-hw,en,en
klwrWf4V4Es,en-GB,en
qD4JK6kqdew,en-GB,en
cBE5PC9MEgE,en,en
kakx8sdHRS0,en-GB,en
OnnEeakf3Eg,en-GB,en
l1vnp493im4,en-GB,en
3Eflm2Qfd0c,en-GB,en
UcSgARR4shc,en-GB,en
KMbcMtiddkc,en-GB,en
li2jes07FvQ,en-GB,en
ZpM2cCVk9Eo,en-GB,en
dp7asb75Caw,en-GB,en
Caw0K_ZLBaY,en-GB,en
GhcIOKhV4YU,en-GB,en
N6vCYVutMcM,en-GB,en
ljiYMgBHtvk,en-GB,en
QPtne7rz-tw,en-GB,en
gY3fML3vNQg,en-GB,en
JtpqGv7LgpI,en-GB,en
VOdeiB88DWo,en-GB,en
DgIkOwtuAd0,en-GB,en
AYOJvamInBQ,en-GB,en
3QKQtpjofPk,en-GB,en
gRwPo20Pm-s,en-GB,en
U36-Y2knqmQ,en-GB,en
D85dZv_i9NU,en-GB,en
S4beUW5AB7Q,en-GB,en
5uDaKg3R04I,en,en
XmRUFOwXDaE,en-GB,en
F06fEYMd-50,en-GB,en
vjFs5QJaoSQ,en-GB,en
1YNk9xwFgKE,en-GB,en
xMFhv-2_nz4,en-GB,en
_Rq-6FDxids,en,en
RYBTn_92M3w,,en
LLy91UEiabM,en,en
u5ZmUCI5OvU,,en
25McWNdf7Cg,en,en
y18QpJNRfKc,,en
pwggweS-zmw,,en
EoWI04uBmnU,,en
ZhLcjW9R57c,,en
RE1Tw7X2hvU,,en
u-gDC31Zp7U,,en
R5JQnAVqi0k,,en
iSG2eZPrcFM,,en
f6qZElzRBpg,,en
NLqFiIsasM4,,en
HP942GQuseY,,en
gxTxsI5VGSw,,en
UhOfhrbM9t4,,en
ZK9fBBq_iGA,,en
4Zdl1_gkXZA,,en
4ttgY4sCrJU,,en
RoZREg6UHhY,,en
mDQ8o4JlXjM,,en
iXMmXp45FRE,,en
0iqqDP8kxWE,,en
2QBFRcqee7I,,en
6hbZ_zB6mBQ,,en
Hj0knzBKo_4,,en
It9xs-9HVqk,,en
4pGP_ztnH2g,,en
R9kn4weg9yg,,en
tkNJMCDgcc4,,en
3EUVBwqL4l0,,en
6ZzyPfwqwS0,,en
csunKcfiPO8,,en
pLU-d44NLto,en,en
kdODZv1PKqc,,en
67SWsV2RECo,,en
qWVOwogOpj4,,en
OGeIhnhR9BI,,en
okslvYEqlqs,,en
uRjbqwNxf2Q,en,en
_enN4cmvmz8,,en
0wve9pkMbj8,,en
-BM25kl7rfo,,en
B59glf2bweo,,en
09Wzav3Iw-Y,,en
q8jPEiB9EyY,,en
4tEFFQT0mAA,,en
gUeYu7xWTnU,,en
uz06kfTdvwA,,en
qqScar10Oxc,,en
k83MNFvPtxc,,en
H46HAaS8oRo,,en
CyQJDv9eGZQ,,en
_TRU418rQlc,,en
Q129SDM1424,,en
NkAtubwiD2E,,en
paZ_s8ejC7k,,en
eZZr2Sj7JCw,,en
tP6nx0tVxIY,,en
ZD7CE4PTvUc,,en
9QOC9FFaqwI,,en
3844IGSqnAM,,en
xQA9ccyIYPo,,en
DBPYxz0A6L4,,en
d3lYSgTvZ0s,,en
hZDUYVBu_jo,,en
pt7kcy23jVc,,en
iY3FBMTA15A,,en
VR-MEwPDw4k,,en
UZJP_7J_u94,,en
m9mCqZ7tmUg,,en
wCwSmQyf77k,,en
7favc9MDedQ,,en
FiesiQoDnSI,,en
o92mm-oAofM,,en
Yp2GtvMaInU,,en
bNaXm_puBN8,,en
bUzSHHn8sJQ,,en
TD47gvI-gUI,,en
O7O-y1Ak0_0,,en
-mmeThZ9f-g,,en
XkdY3jvGOgM,,en
zurDcAPhw8A,,en
hWebaxD9KqM,,en
uZbqWYPfG08,,en
PqacmIuqOhY,,es
q4ki2zxPesM,,en
1vIJmsn55kk,,en
UfZ1qCNdTl8,,en
SHWTO5DG2f8,,en
d7yfO9lAomM,,en
a8g6hi_t2Eg,,en
YpPXt9H6PHg,,en
girdPnz0EQI,,en
_Yh55uNmRe8,,en
QiAXeKFIC70,,en
hu6ae4BTG98,,en
GuV7sSPK0ZU,,en
WcF42-z7SSk,,en
skKUkhC1u5k,,en
o-112KyA7ko,,en
YLzjM_jvoJU,,en
Fbs-F1l55YA,,en
gzlX5GqD_Zs,,en
EGyKWjoTCdo,,en
M9TeuuSPEr8,,en
IMRkPphtM00,,en
oOuKjxkgZzM,,en
jF8QgfMwuK8,,en
b6VKje-4SZw,,en
pnHNdU6LppA,,en
7kcJ6_-Kz50,,en
iwvHk4SUrMQ,,en
rAbrFxpyVsw,,en
hpL2kwd-ii0,,en
TiMYcDiEGcY,,en
Eqn0ozxl8Dc,,en
o_W1EJ8Y9lg,,en
-JTOSB3zfHg,,en
VCMEEyLv17M,,en
8UYwm2N7FtE,,en
62YFJ5fT4oQ,,en
KPlIPE0Nh1w,en,en
yXpHlNQK5rw,,en
oypQHL79Dzs,,en
PJfysnBvCKw,,en
MGTXY_1Yjzw,,en
PXzoh2_mA_g,,en
6NhZ-8tvxN0,,en
_b-GRZEAENc,,en
8MVgTN1pVIA,,en
hGsPpd0uIco,,en
gVb9mjQ1w_I,,en
cnhUWByXEdA,,en
EwpDg9hfZeY,,en
bbQMW_8RqQA,,en
y0DZf8M6DR0,,en
vS_zKa7mtxo,,en
bkDUpdwV050,,en
mIgUEgpEm54,en,en
6jdOxUfMlrA,,en
i-oOVhrNKtU,,en
jkEkID63cus,,en
bQhrRQP9hJ8,,en
W1EmBznlRkA,,en
DvuGHiepuzo,,en
0c81ylAPF4Q,,en
Kr0yNBtMBxU,,en
ut5LDt9jo2Q,en,en
uaVyNqGBLhs,en,en
0NGzrrrerK4,en,en
FpRKvQ4fpu8,en,en
M5_cqICfhhc,en,en
DERYyN_Nra4,en,en
fMaHY-ENtME,en,en
rocU0zupOvc,en,en
c_psroYeUCY,en,en
nDOupGsEaEs,en,en
t25STIw278U,en,en
UOQx_Fiw7SE,en,en
tpxjAFqqsEk,en,en
pr3JjOCpFrY,en,en
hqOwsWfAPWY,en,en
YwgZp0dZOkY,en,en
gyBotoG7ODo,en,en
qYtvfSmiriY,en,en
l9bFE7ocXcc,en,en
XMoVewSJ-2g,en,en
QssPg8iNB3M,en,en
RXawNRujbBk,en,en
_kWN3rAWqXw,en,en
CR_2bLrgj-0,en,en
5Crw6rby3j4,en,en
TpQbnTWQ9gM,en,en
kKt1p8nWboY,en,en
WGkO8QYg9cA,en,en
hlH5TvSEzdc,en,en
5EmzGp2k9O4,en,en
g9nKHBm9Tq4,en,en
B1aCShwWngI,en,en
0e5lUcNrXEo,en,en
khgP5R_OY6Q,en,en
6uhG6nz-vgg,en,en
uhjbHoMqo-Y,en,en
reEy0RfRPYA,en,en
uUtLiXsfI2c,en,en
1RibrYj95Pg,en,en
W-MUXRGDfWA,en,en
cXdhr5wuCfo,en,en
K_mcRt03Bkw,en,en
X_2NOtVtPUg,en,en
p9bJutCy9p0,en,en
06lDoo9fyLs,en,en
6WwWW7K_WIM,en,en
RzcdIAlEWqY,en,en
WuocVeLdF8I,en,en
ZllHoebif4U,en,en
HUNPbctVDEY,en,en
b-MgPtlL2Hs,en,en
WiLdN50Mj8I,en,en
L38plSVyXL8,en,en
IrwqPIeFmdg,en,en
EBVbREQsEVU,en,en
eXPBvc8o4o8,en,en
TYqdo4q2FO8,en,en
BLZM1Dk891I,en,en
ZKrQ1XRKse8,en,en
U_FoogSpsT4,en,en
qZfDKqKAXUs,en,en
0f72a8UnJM4,en,en
QHqbG94Oc6A,en,en
RbmHPRchwWk,en,en
pPh_W_zoby0,en,en
vwd-3MoI8Zs,en,en
aIfoxLIySfQ,en,en
HP5AEyYWh80,en,en
98s5YuAUaHY,en,en
KoC8NbEEmYc,en,en
2a9pMQuyIv8,en,en
4AKSz2VCr_I,en,en
nOgw5oD3LCc,en,en
qimRMF4skkE,en,en
xbJgOyqvp50,en,en
zYGceYDYnsk,en,en
I0KSOaWnPmQ,en,en
rCSAI4o-eck,en,en
dubesnwEcQ0,en,en
IfUlUjzEs_8,en,en
7X2IistAUms,en,en
GxThfw5ngq4,en,en
NiiRL4QM6rI,en,en
8h67I8nDTHM,en,en
HKEUWLKN-mE,en,en
jMlBHeMJs6s,en,en
c0HBCmIpTko,en,en
oBH9ptHfW5o,en,en
rw9pSola5Aw,en,en
IrSAzMp-rhk,en,en
N9prudgKNgw,en,en
nVXI1rVwrWk,en,en
pJ7FeSnfv3Q,en,en
Yh71ZanFREg,en,en
FlzI5dCuieU,en,en
MewKOKcutuc,en,en
ZCqTH-TkS7c,en,en
V6f4DjJfJgA,en,en
UbB-R4OugRA,en,en
93qvdnZSUNU,en,en
ZkC0TH_bhN0,en,en
Udac97g3okY,en,en
71QYvzgidcc,en,en
7giaVlmnf_Q,en,en
wwLFxCaG8ZE,en,en
oQPuqBNazaM,en,en
ctY19BFE5Cc,en,en
WtGbWZOsg4M,en,en
K-QOZgxcTEw,en,en
-fJhOASZC68,en,en
oleB2-_lcXY,en,en
RAxQlUKpP3E,en,en
o-wugEAaRss,en,en
gpdQTHZOH5I,en,en
PmmsdYK64bc,en,en
zjB_uLuuN4k,en,en
88tzVWeelQo,en,en
Ms3OfjlI520,en,en
rpF0pmgV1nQ,en,en
NMOtGzrDaOs,en,en
IyITn46tgtE,en,en
jxIqyoAyNYc,en,en
WV7xHeEi5uw,en,en
UqqPCtJvYE8,en,en
AbEYcNzQTXI,en,en
mlBI05JtPjI,en,en
3rmYQMN0S5U,en,en
p9oWe_E_JmU,en,en
Q6oYECHI9R8,en,en
z7z_K2Q5Vt8,en,en
ceolC0lQ2fE,en,en
lwUPgQGq0Sw,en,en
AXk5xzY0B74,en,en
3K0gEOFgRfI,en,en
13sHV7HGVGk,en,en
bFqadmr5n7U,en,en
lPVjJZiPVDI,en,en
R2zcEXu9vms,en,en
ygupMuOdoec,en,en
lcfslGm2nG4,en,en
7aOAFkc7E4Y,en,en
Ax3awX3DlOY,en,en
X-qoMjdFcYw,en,en
tiJHDmQvlVg,en,en
PJkNzldcK60,en,en
aeITA9u49MA,en,en
bqEMxeIrq24,en,en
NyrrahFlY0E,en,en
9Fk8aQDWmlw,en,en
Wn7d8WWpx6c,en,en
ZFPoUknSCd0,en,en
YSPtzNy6FjU,en,en
TrSgs76paD8,en,en
_19pcaDLC1k,en,en
FYb8DA_QWyU,en,en
2ZYPB6G7YQM,en,en
HXa0HSUZLes,en,en
uhJmMxh5BJ8,en,en
827lHC4rpW0,en,en
iU0LPYgf-tk,en,en
ib60nSpgQsk,en,en
YNEH2Jh4QlM,en,en
pAW1h-zy3jk,en,en
0byqAelNA6g,en,en
qhZayhtBM6M,en,en
Zs1kQNi59EY,,en
GrQaw4deH5w,,en
XZ5F0gaLdLg,,en
Zr70W8F57j4,,en
SpKPjeXF68A,,en
ZXwaChBnQYo,,en
df98aIfsDI0,,en
7-NFVt9gMOc,,en
w9bTBl47w38,,en
Y91scFruzhs,,en
XBgJDV7RZR4,,en
WFTvNh2wNmg,,en
KBXxMKRAjL4,,en
ZjZabM3HQwU,,en
9lMNj-WMimk,,en
00ccvO94jh0,,en
NwLM-gLmOe8,,en
BSIUbkVdtr0,,en
CPFlw9pkBkk,,en
siju2xRo7fs,,en
45iNPueRgNc,,en
jmBk8uJyaLY,,en
v_Y7-zc4E8A,,en
S8-S_GIJ9o4,,en
aKaFwrGg3lk,,en
ISSoWzDpEjQ,,en
ScGv05Kxv44,,en
T3d5IXrw3FI,,en
mdOHFc2whV8,,en
F7vTTN3os-4,,en
Qa_EnqyE7Kc,,en
QB-lV5LZDEk,,en
ts3v1TtxaeY,,en
GC981eUxqnA,,en
0_elAAhd8dc,,en
mJjdI10fakk,,en
N9yZ6fprnak,,en
kr402lpC3Eg,,en
1yadEkyplok,,en
wNzD7Kp5DiA,,en
raBYKkqew-M,,en
Bb90nIKzL4Y,,en
xpHeTvqbNMw,,en
Kc7DOvdR70M,,en
PvqNnllS2rM,,en
n2fR8D4SZsc,,en
yVgCr7cV3As,,en
lR7aQJXO8PE,,en
5uMmEEvcf3w,,en
7uSaFT6rRHs,,en
1p0YyuVDNOM,,en
wjYPfjp8Uws,,en
2Nr4TxXIuzA,,en
zj0Ho853qlY,,en
LNtgoL_XOCs,,en
vcBQPzyFiTs,,en
W7xQXz9WslE,,en
cSzO9ahLszY,,en
cjznih_35ME,,en
y2wLvVLQ5I0,,en
PtIlEyS7ePg,,en
FF3q8990vyA,,en
aXylEwdktiU,,en
iPcxONdV2Eg,,en
KzSqjAzf5_Y,,en
QWHlzh1tkFg,,en
uMt2iFNi2Dw,,en
uKmhT8UxF3k,,en
ItJF50MzsZo,,en
Pjre2eL76VQ,,en
qEO-Mr1fJVk,,en
Dd4fB0y1xLQ,,en
IXZco3Q8EkA,,en
3q0ZgjLsSq0,,en
ZTzWw1Km1z8,,en
cqF5rd2AaJE,en,en
T39zYPqYlKk,,en
3W3idfhvHow,,en
2by2CiWVQyU,,en
5bbcB4J_1CY,,en
DByHhbMkoVI,,en
mFoCA66lE8E,,en
jFq9_vfdLi0,,en
ByoifAVevnA,,en
5cIy7uxOz28,,en
tLH-VLO7F3g,,en
5sUknL9GZOc,,en
C4IIeHd2XJI,,en
-8pwyzm_s7k,,en
9smmd8Y2aKQ,,en
tFyYwZ26RHo,,en
g9ipGLq8QAM,,en
iichEsKuWa0,,en
wnwEhZ6IZ2g,,en
znY3oIKwFkE,,en
mNR9vqaYey8,,en
p3cfRN2Voz4,,en
-FVGz9IXlrI,,en
4_c4BruIkDA,,en
Lh_6HG8X18E,,en
qB5bbUQFtyc,,en
DNx1ExcAAm8,,en
Xz-rgAdZmi4,,en
uMNDF3ohC8A,,en
Ny8f7HQlRuM,,en
UBOZKgmN2F0,,en
9j0BmNrk-8Y,,en
nJXJ1wBjPgY,,en
K6ian7JU0SY,,en
BLa9UOryru0,,en
GebBIbUlp6U,,en
n2fguiA0rEU,,en
vFpdDEzY_UA,,en
0owFc8HkWoc,,en
8jwGDdBzY0s,,en
ujTG4BMoCSY,,en
shw7TD01Paw,,en
CnBMx9ZgIVc,,en
tAX_IkXwxPU,,en
o0EWbd0F9Qs,,en
AQtbDVVffw8,,en
TLSbghPSdP8,,en
pM5Us5c8JPo,,en
SxsgOTijLM8,,en
PAIEipMUvx0,,en
p7axab5CJiQ,,en
b4PymzQmOss,,en
cmSxCZv25Qg,,en
pjVbgY2WVfc,,en
HrWU88_kMWI,,en
imNFJBMSOtM,,en
-HHvN0pG5QA,,en
hqAlb3XwzzQ,,en
RryJ8RL5jdI,,en
_jyO9Xii-3w,,en
kNWg7AxUmuA,en-US,en-US
5AHDK9ceB60,en-US,en-US
pELXSk1SaL0,en,en
K48NZW2J3NQ,en,en
9Ki4swVv0cw,,en
vZZypAMqb30,en-US,en-US
30TKnDVBN_o,en-US,en-US
7qlzIYvzPpU,en-US,en-US
ATOnLZVK_7A,en-US,en-US
oaLrQSIC1Hw,,en
DvjtwGVAw1I,en-US,en-US
cxA0sSIpdtw,en-US,en-US
7UW2Rrc56iU,,en
-IEbP6XGLjY,en-US,en-US
8sM-4ODLS2Q,en-US,en-US
IeX64qwIzVk,en-US,en-US
di6wu_vSUGA,en-US,en-US
v1jTybFO42c,en-US,en-US
JbeL9tlO3WY,en-US,en-US
CQv3TmHqcc4,en-US,en-US
lZ1lzsawTqI,en-US,en-US
_xkwpmFCCgU,,en
vajF5U_mm1Y,,en
9Carxt7GPGk,en-US,en-US
09OgPp9YSi0,en-US,en-US
ifZmGf7yr8g,en-US,en-US
5p-4mkBkAWs,en-US,en-US
TU0L6P3Y83k,en-US,en-US
SzePxSKs0wc,,en
b0pDYpEG1-c,en-US,en-US
BWL-fGvDkXg,en-US,en-US
vi1Ve2poRQU,en-US,en-US
SDTDfFrEuFA,,en
gm_dOWgIRaY,en-US,en-US
r5dYfvsLKn4,en-US,en-US
7XWiYFIZpDc,,en
uuiM9ifG7rc,en-US,en-US
BitzjIds3Fs,en-US,en-US
czEMdquZCUQ,en-US,en-US
zkigVerPG8I,en-US,en-US
lsfub9wu5Nc,en-US,en-US
A59wJR0IiaQ,,en
P6eSwApsYsM,en-US,en-US
-GHncGLox60,en-US,en-US
wMu-fajUYlI,,en
6UmhpPwVR3I,en-US,en-US
IQmG0N1xWCY,en-US,en-US
_3bPC2H2Hok,en-US,en-US
9ZbncflbuJA,en-US,en-US
5qApNwGoaxw,en-US,en-US
VzvpbQUFB1s,en-US,en-US
8AwKwg531A0,,en
_8YSsKzIwCA,en-US,en-US
jdQx88uj3jA,en-US,en-US
iJLaUwOXDxQ,en-US,en-US
DJIK5eTkd_M,en-US,en-US
1aRHn2cVXYA,,en
lezgWEIsZe8,en-US,en-US
YnlUCCffZGE,,en
Nte5w2mQu5E,,en
hJ4oB9lBxGY,en-US,en-US
5fDN6IytioE,,en
2otsAqJR6FE,en-US,en-US
g3qwHwFS8GU,en-US,en-US
alje0tk8uMM,,en
r2jFRx1aNDQ,en-US,en-US
XkJbbZIBHyA,en-US,en-US
tAFcUmffq1w,en-US,en-US
8JJD3w-Oc_4,,en
CG_JL_LiUFY,en-US,en-US
EjCtlh49MLU,en-US,en-US
tzuNNNkCHRE,,en
DH_7CeVVxDY,en-US,en-US
zBkU_ySGiOs,,en
jgcFeRgaEfY,en-US,en-US
T_ARfUmuVU4,,en
8yEb6Xuwg38,en-US,en-US
e3yS4-hnxAI,,en
kIXX4ju5SwM,,en
DAPn1Z-4O8M,en-US,en-US
ssituktRvtQ,en-US,en-US
lSZnrZHpPLg,,en
gr0k-k1OcZU,,en
CbHeumkBsm8,,en
DpUNeK_eiTc,en-US,en-US
SP1qBQyTvek,,en
gjT5O0_1lQ0,en-US,en-US
K6OtMVTphZI,,en
ve6Vuj4P4Sc,en,en
0YdOQ1Pd0CE,en-US,en-US
dfl4iNbbkFw,,en
KKrxqtMFdfI,en-US,en-US
A_aW0MKHU-g,,en
bfFtBlUwFYY,,en
RFbtydThsMk,,en
lfFEKaJh82k,,en
U4s2pOItieE,en-US,en-US
gbhGsLBQicM,,en
JqmfMym3_wg,en-US,en-US
B5_alqbSI9M,,en
3Ri-fvM26oY,en-US,en-US
c7i_3BfpIsw,,en
A8NiinF5_nQ,en-US,en-US
4bKMei6o72A,,en
ljqbGwcZDqo,,en
pAj9jzFu0Cg,,en
7uKHQRk8Ufw,,en
v221-UUlgDw,en-US,en-US
Gr96E-FneRM,,en
nBABuFUvev8,en-US,en-US
UJUND21-ykk,en-US,en-US
1i80CzNZMGk,en,en
e9t0xDdpp8w,en,en
VTvOH-bZTqY,en,en
NiuOSQczsqw,en,en
Q8odYD-QMdA,en,en
7sN0toLw268,en,en
pzm4EpzJ6ds,en,en
PsbXR1-oN18,en,en
KEfglDkjyoY,en,en
k03tFOWBGbQ,en,en
wWv1HgXm3G4,en,en
LGcqEMk5DIM,en,en
YT_6xVJo35o,en,en
VfbLAEzzEtc,en,en
An3JNwYDZak,en,en
eboW2Vf71ks,en,en
9H1iDtVc3p8,en,en
VNq6Wt-IkXo,en,en
00k3PPqA4Bg,en,en
sREoquMwli8,en,en
Or5ZHh2XQFI,en,en
Pq8WIJ0lbdg,en,en
2PONM7so_44,en,en
FmheWwdWLwg,en,en
IfTjEXKwZoc,en,en
Eil-kXb4FVA,en,en
q-o_ZnaS0QM,en,en
EApvFoJy2ws,en,en
FVzoIT9QpuA,en,en
_gkaGQ8Q5g0,en,en
v7QqQr0SQPM,en,en
dAKLHTyoRHI,en,en
d54ZxJcS7lU,en,en
840PtobQTtk,en,en
0oiELW2Amuc,en,en
TcO3pqRI7dw,en,en
yYZtX1KGQAk,en,en
3byUt7g61as,en,en
-ySvd8Gu2So,en,en
NiFc3aISRUI,en,en
qGxdTX1DiNY,en,en
DUXhuF2Vah0,en,en
-I8Pw3OMstk,en,en
gxkk7lFHgZQ,en,en
byaTvMtFlgY,en,en
LuqNajjRQ1I,en,en
gNKe4nqJ4Qw,en,en
Y0p4fhdJKzs,en,en
S8DYbKoGYyU,en,en
m-0hyxh437o,en,en
qKcMGm89jD8,en,en
VZxdKjluCxs,en,en
tEDJcbrC3JE,en,en
ECUSCAlhVyc,en,en
BZkI__gZluI,en,en
KM-jQFN-M00,en,en
0fFtm5hsfrU,en,en
jwswfsQrggU,en,en
_en_K4c5a_I,en,en
VrwC-vuls38,en,en
iWEyZa7VjEU,en,en
hkjJi3o9mVg,en,en
sR422gYQ4Hw,en,en
OgPtI2SyViY,en,en
MIeMHhVTzic,en,en
-7lDIGRQT40,en,en
rEaEVFnXAO8,en,en
zl4Fc-1kofY,en,en
v5tEi2PjSDw,en,en
NdsVVAwBi0g,en,en
UAFxen55wT8,en,en
VoE6JhtzRz8,en,en
krQPAB6ACIQ,en,en
RM8_lcgIfzs,en,en
-k4jy4uF1tk,en,en
k72xC6I32Xk,en,en
igJTH3Yh7Nc,en,en
SLiYRly5oW0,en,en
44x5YyHsw3s,en,en
E2XmF7LN5Nw,en,en
pcBt12dVNmw,en,en
VVq00SWwT5w,en,en
NcJ8tCE7YVg,en,en
Hr19fuqjjvg,en,en
KLlLAKdnhiw,en,en
R_gyNt3qdJ8,en,en
AxMlEKAtgLs,en,en
rFOSlZc5394,en,en
cMPct-lajhg,en,en
iJomoOUdEZA,en,en
-Ci5ArwAxpY,en,en
S16GqWmBUaA,en,en
Qf8ZJL5Wd_w,en,en
NphGW7id70o,en,en
XmJ-hRCaDV8,en,en
XNBD9ozXAos,en,en
TtZar0VpoW8,en,en
iLegAibGkFU,en,en
OEYiquHRyZY,en,en
OPMecUAdhkY,en,en
5HYRRWfJ_pU,en,en
SkeK0CdVcms,en,en
XE0sDvMcZkY,en,en
qrJgNt3n1GY,en,en
U9D1g5BKK0s,en,en
-Jsz6E21ESA,en,en
-pXpHvUqr3Q,en,en
gd7FK8OHxCw,en,en
1ytP1hzLrSU,en,en
ifIan-yDQoA,en,en
-ho6aNV91Ns,en,en
CT1iHHKnVdY,en,en
wlJ0Hdt2EcE,en,en
XczaZY36Iy8,en,en
CuRsMPRE5FA,en,en
L4u5BZAYiD4,en,en
lGTxhWUAWzw,en,en
1H27oVyNIoE,en,en
CeFCvPIf940,en,en
Z5Mu-5uFddk,en,en
FMeATQRFOvk,en,en
Zby9qj2BLoM,en,en
IJdAA-gCBnU,en,en
glVoK7fVGjc,en,en
kK4irnDL_Tc,en,en
ETUic4Ln2Tc,en,en
v_aUa1y6okk,en,en
H95BeLaXvTw,en,en
BoR6TTH-B-4,en,en
0tevLlkyqdI,en,en
BepG59ShjNA,en,en
8gdIRYvWlmQ,en,en
yA82tZG2G9k,en,en
VN89uMoI8Kc,en,en
KX7veKplsCE,en,en
RYgu7c1qV2Y,en,en
gLHYlCqB8gg,en,en
xYZKZ6LdTvA,en,en
joQL-IkC3VA,en,en
4BpJ9ne8ELk,en,en
TRq5iVabQq0,en,en
UdjvmqrwMpY,en,en
MgKcM2ORK84,en,en
OovhZ9Afpd8,en,en
Mc7s7Qt7WZY,en,en
_WVp5AGn6yY,en,en
t_lQMkWqa74,en,en
tb46Rwwoewc,en,en
z0xXc5xk8x8,en,en
dq9796wauiA,en,en
2X4MuNsTD8s,en,en
RrvkqTQUffQ,en,en
kKJw_nBVwHE,en,en
Vk991JFLznk,en,en
Otx--oaBSC4,en,en
6eZS5moQ5TA,en,en
wkH4A6C_0xY,en,en
KV93ZnC3088,en,en
mX3zX3crok4,en,en
gezWwI6Y2wQ,en,en
TATHbKKmYN0,en,en
Yp298HLYGL8,en,en
kiXlPq_DxPU,en,en
mekC3rd7YD8,en,en
SAOASTlLdYY,en,en
BAp9EUcn4i0,en,en
hMXVYR3rKyA,en,en
al2JPlGe2vI,en,en
1GUVRXiC1VA,en,en
iC5rCUg1av4,en,en
AVKw2_s_SLI,en,en
lT0ZmHgn8A0,en,en
7Po40wsRqOs,en,en
N_8rlQeuCEc,en,en
k_7GPUAJOPU,en,en
-jaCTgObb3c,en,en
wWXmgDfYGnM,en,en
VPm05NwDlIE,en,en
dCKFFVneL4s,en,en
bDaGEm4XYuo,en,en
i9jUdPiaRVk,en,en
XjdhKIiFWRs,en,en
Fu_crzJozhU,en,en
YYqR3aR9KQQ,en,en
ndDjVTjA4IE,en,en
jFRTCV_EYA8,en,en
MJlpjqD60wM,en,en
Dhsut8XHcfc,en,en
Otpk-qhKSIo,en,en
geE1txqUor8,en,en
-Ffu0nEnkSM,en,en
KiWw36pMEiM,en,en
B2ESmgPeAHo,en,en
i_4xN8_5yP8,en,en
fMUM6HxsZlM,en,en
BscRn2rHwZg,en,en
qM8-WaxYJO4,en,en
1y6-VKW4iyc,en,en
Ce3tfKvgKCg,en,en
RFlZdKBY3uQ,en,en
ywShQ8lnf-s,en,en
7Uwd5D-KGZA,en,en
STjjT8CQrTs,en,en
yvcgMytF-0o,en,en
Wu8ijKSbz6A,en,en
am2hF5zCLHM,en,en
WzCJ1r88zMA,en,en
BlIGKKluNUk,en,en
Dj2bE0X-nQA,en,en
sSVeLZBFnlc,en,en
2vyHJP1ddV0,en,en
4lsrtrQcOe0,en,en
eT_ddz9jOKk,en,en
eqzcm8Vixxw,en,en
iC7WicXTX_w,en,en
547eNSALRUU,en,en
TpSzAwmDaII,en,en
75MRfaO1t2w,en,en
hyF8nM65jN0,en,en
zSV5jkLiUes,en,en
hdCKG8ZWtWM,en,en
3ALL4vf-t0s,en,en
XxbZpEm8bAg,en,en
YRRGt44N76g,en,en
XeH0vSoCbIE,en,en
1RJ9mWnZn4Q,en,en
a6MWNcmd73E,en,en
PYhT4SA65hc,en,en
3tf7xjpGsxM,en,en
NHwRM0BmGDs,en,en
yFLMDDdnDmI,en,en
GL20rhKkaA4,en,en
6mqAowWdYz8,en,en
eeG5cjiYmVE,en,en
AxMqK9U15Mc,en,en
Y7JmakOHQhQ,en,en
cz3o0r9X1xY,en,en
g1yTQ8y7LHI,en,en
P3sAcCK_8ok,en,en
rxicxqq8fh8,en,en
NeJh-TNmsZ0,en,en
Q1_2bFYnwAQ,en,en
MygEHWlm_xw,en,en
GAh58vQvLLo,en,en
-lfs72lA844,en,en
clQQe31ItdM,en,en
fmOHVMlQmy8,en,en
A5OQx4KYquk,en,en
sNya9KmFZfY,en,en
zY-OBAlEhak,en,en
hdBn5eFqBJQ,en,en
-uld7WnGf7I,en,en
Gri5vSGrIVw,en,en
052YbSj0jtQ,en,en
s3T4uoIzdmo,en,en
vapJRam6z7k,en,en
CA26Ix47630,en,en
GWTv6Mg2viQ,en,en
0eVj8MPb84M,en,en
eXS8fu7JBAQ,en,en
81ECTfCmUUI,en,en
fZwACSzRgpc,en,en
A08cedAcZvs,en,en
Gal_mgQ9Htw,en,en
cg2nO6yBZv8,en,en
D1WN9mA106U,en,en
QpmLtRNvLtQ,en,en
xYbIaf3GbE4,en,en
nrGzDC9PsE0,en,en
a1R7ILpMnMM,en,en
aNPlISzJqbk,en,en
gTJHrsXebVA,en,en
tsoO1J6tc34,en,en
KHl0Qj3Set8,en,en
P9xdxtVshqQ,en,en
_ctOjhq0SS0,en,en
KoiwlNhJmv8,en,en
fr_wHbbAtQo,en,en
R5lIgX0Ae3E,en,en
rXR-ehZv7ms,en,en
kQb_Ut6XxSg,en,en
Hl_M4Cprvkc,en,en
mLLU6-ooHIk,en,en
p0fFTh63lKU,en,en
udgFUXLYUAI,en,en
FlivTFYatxA,en,en
PLG91a39hnM,en,en
hYFQaXSuLwg,en,en
PoRkIMdz5dw,en,en
A7I88qrf6HI,en,en
Klfl0JudUzE,en,en
yTzOvDhvNFM,en,en
Wg1j5OQqSGs,en,en
kYnWqmM9i24,en,en
xW2xQLc3Fsc,en,en
ZnLcsTigqo4,en,en
0mhbhVN1U98,en,en
tWxKhHB6PQI,en,en
pb9_uodNZvE,en,en
d6NpJWkwYgI,en,en
0Osae7_6nhU,en,en
qrfiB1EODqE,en,en
NGopwXELXO0,en,en
b9EfgjkTZ6A,en,en
W4zUknjAXSw,en,en
4mXpYMc75ZA,en,en
ytJFjyBhWaI,en,en
Ay-33MkSUvY,en,en
gsOKo_Xsp3U,en,en
zsumUD7h4xI,en,en
coEVBLXO_eo,en,en
xkcCIhwqZVg,en,en
knWDkxq_6RA,en,en
Au7tqnp7M-4,en,en
rN7ZAZjv8x4,en,en
YLE3Fc99mNM,en,en
d53G_QIuKc8,en,en
wWBaZcvHxkg,en,en
Zvgfm7A3k4E,en,en
71fzlgSGXGE,en,en
PUsppkpSSxo,en,en
ZJozLUoOU4g,en,en
saTP8ThWYkM,en,en
a2ArLXNc7mM,en,en
NB4O-1kl1-Y,en,en
zD_AbVnhhLQ,en,en
tSICDPDfVdE,en,en
1K5pG2AEFuY,en,en
fY_8AYGtRDU,en,en
WIaWNUcOMFE,en,en
G1QwlAXiA9U,en,en
RnoeAg9AGLk,en,en
N6oBpdbnRww,en,en
YBd_0SUqLZ0,en,en
EZy9lyEQKzE,en,en
-hbQxXKPIMo,en,en
WluViCMp5-4,en,en
RkRB8TVxLtI,en,en
IusKlHP6KIc,en,en
kAEzr7YJWsc,en,en
ZQ7AgpVaWz4,en,en
qmzBEM6vonU,en,en
vFOc2b-Tpws,en,en
oHyvEBj87cw,en,en
UrTx22-4ptM,en,en
MqMceCEXcU4,en,en
OVDXUpiv3eI,en,en
cMSfs_hYCrw,en,en
_uJwE20SILc,en,en
iAp_yF7sLWI,en,en
bgV9wQFaymc,en,en
4gWFbpn_Gp8,en,en
Hx6HzjWIIKY,en,en
zEXwGdAUIxM,en,en
RIgWBw9W1MU,en,en
MMybvIOdjw8,en,en
jvmYE3PDe_8,en,en
jMh-L40DdiQ,en,en
beRy1ionwAQ,en,en
aZXUPoXcV-w,en,en
1HTqGAbL-LM,en,en
LMnGmFTMSnM,en,en
MnvTJT0FsXY,en,en
B9ClXZtQAyg,en,en
GsPFJEJsvo0,en,en
Ftr8AazVR80,en,en
4-bT6Unne9Q,en,en
XweYvCDDxqM,en,en
MDNt8uchHb4,en,en
Spmgmm0fNLk,en,en
w9Hp_9u5eAc,en,en
kpCBg-UonUM,en,en
Y9Vg9zmgPcE,en,en
4mvFPun2xRw,en,en
eNd7T9pKzfc,en,en
a2Rz2InV8YY,en,en
EaGh-6w_y4U,en,en
qxSTIB0RJfk,en,en
jttIb3uXzAg,en,en
3vILa6D4CIk,en,en
IO4ECkAQZko,en,en
njn3bW8A81Q,en,en
cwWOTIEN3pU,en,en
t01I1p72LNc,en,en
DTTYnR-I2DM,en,en
DYcAF79Jr6A,en,en
OFROXS48G0Q,en,en
OVZ9_Ib09pw,en,en
Y_hbgJWp-e0,en,en
RkYeJ_g2gjg,en,en
c8KFhCh-WhM,en,en
E2NOJC8-7GE,en,en
2HI_jsnuDD8,en,en
xRNQ5dlgpd4,en,en
rF181qQ4wpQ,en,en
vaSb59FmIzg,en,en
F9HQoabDzZ8,en,en
BrvqU01d1Fs,en,en
ygFTpCh6Dnc,en,en
Bm3e9dTMo68,en,en
-cXiJHSNk6s,en,en
z99gZdTTI94,en,en
6FK3BpThuPY,en,en
GQkZ4XI6-_0,en,en
5u-qtkrac0E,en,en
LufS128sSKg,en,en
uCBOtazxnb4,en,en
yS0Lk8kkiZs,en,en
9cQTcuaW7UI,en,en
KnvzGPVmMLQ,en,en
qxzicajj0Js,en,en
x8mNCIsn0SM,en,en
HsmnKyRto8M,en,en
u12e5gEBuZI,en,en
VFjy4M_BVhs,en,en
Q12hE03992Y,en,en
Etnp4inNXh4,en,en
-sUNeBmcyZo,en,en
IABV6rUF6lc,en,en
AB7CdEd_a-k,en,en
-OjzdK5j_vo,en,en
Lin6ojVcl6c,en,en
eh-fxMXxjlA,en,en
kfBvutm6tJ8,en,en
h841cyiNc8c,en,en
RLGE_Nga0mE,en,en
F6oxWq-Bzd8,en,en
hdenswRAB2A,en,en
nvbuysWVeSA,en,en
BLSG33wrX7c,en,en
CRCXmn5Rdv8,en,en
Kg-QD8uDib0,en,en
QVWLFN_t1gQ,en,en
4qvqVWtPZAg,en,en
Z6RJPxVLHpA,en,en
zAzjKxufq74,en,en
k9T9txbGLGs,en,en
dD-O9CaxMDs,en,en
rGT20-15-CY,en,en
fBFEmKM_phs,en,en
goyqn_XJePM,en,en
x6lq9h_5Xa0,en,en
BW-1yo2zrdw,en,en
epFvWJAp9fo,en,en
gtBtbKtDlHI,en,en
sJKw84Xdqkc,en,en
nXoAUrhd3LQ,en,en
OQzygU1m3dA,en,en
0uqvm1b_oGQ,en,en
Xru9tDlTCVo,en,en
AV_BvpmPIcU,en-GB,en-US
H01rCcPYCko,en-GB,en-US
Hu_P2t4nHgc,en-GB,en-US
W2rF5z92xm4,en-GB,en-US
c_Id5k3ysZc,en-GB,en-US
RMmDyBxWxRc,en-GB,en-US
8jv5em7wGNo,en-GB,en-US
5yzL8yrSE-A,en-GB,en-US
yCK0w-zM4kA,en-GB,en-US
ZVznJfImAnk,en-GB,en-US
2hsnO-vtAWA,en-GB,en-US
Rge5bKJIYx8,en-GB,en-US
bl-5_jDFGzk,en-GB,en-US
hVPv_WrPdN8,en-GB,en-US
MVRB5OjdTv0,en-GB,en-US
wy4rPl2EvWc,en-GB,en-US
QzU8Xejs9f0,en-GB,en-US
ffEsN87UDPk,en-GB,en-US
qFo6KYSAzqw,en-GB,en-US
NmNx074edl4,en-GB,en-US
DQ5IwES0lA0,en-GB,en-US
IbBNAmCM7h8,en-GB,en-US
O-5W2E_eDUY,en-GB,en-US
js6uMYm3cKw,en-GB,en-US
kKHqte-HNOE,en-GB,en-US
z4nObDFyjG0,en-GB,en-US
hYnARcc-64c,en-GB,en-US
7UXKJ77rn-c,en-GB,en-US
l6aUDfnQUlY,en-GB,en-US
kpPwh8nOfC4,en-GB,en-US
Qg-1twYCHro,en-GB,en-US
TZZLc8oC8Ow,en-GB,en-US
_7r1QfydEgI,en-GB,en-US
Tv69keOleog,en-GB,en-US
UMmNhKATMIY,en-GB,en-US
Q7D2r0OfGMs,en-GB,en-US
qJPLNSHDExk,en-GB,en-US
tC4QvulsPo0,en-GB,en-US
5A_bZsLX9nE,en-GB,en-US
n_lHJOpaf1E,en-GB,en-US
cmOKjCi3xGQ,en-GB,en-US
EYPMg92BL40,en-GB,en-US
_49WGAJa9pQ,en-GB,en-US
C3nFp_J5EC0,en-GB,en-US
-67R5uktTnE,en-GB,en-US
-DIqzhfx2sI,en-GB,en-US
g_ZyBjyP1b0,en-GB,en-US
btFAxGeu2yE,en-GB,en-US
nujW_eHTE4w,en-GB,en-US
A-6mlOTRb1Y,en-GB,en-US
INhE4VYAA_I,en-GB,en-US
6uN3PRCchZk,en-GB,en-US
YPQUWuULYCI,en-GB,en-US
i--KLbYlD1M,en-GB,en-US
YcPDzjx9s9M,en-GB,en-US
qKjAzFzSwIA,en-GB,en-US
zmpFEekKiQQ,en-GB,en-US
gN9y-5xklpU,en-GB,en-US
0DXMM4qVTsg,en-GB,en-US
j39ZuVjWsZU,en-GB,en-US
Y4OdjcbOpUw,en-GB,en-US
k4pO0a9OZd8,en-GB,en-US
O1EbbEy6r44,en-GB,en-US
GYtkk8DRnDA,en-GB,en-US
d6PBiPA5YNo,en-GB,en-US
k_A-Pj_WhV0,en-GB,en-US
c312P1xAoyI,en-GB,en-US
1JC-GPnVZBI,en-GB,en-US
8LJwyb_HCOw,en-GB,en-US
G6Zu4B3xoYo,en-GB,en-US
O0LfJt2hyzk,en-GB,en-US
qch_q3upoBc,en-GB,en-US
Wya6ZdFxhnY,en-GB,en-US
Xq7o9sTeXjQ,en-GB,en-US
uxVfEDLllrI,en-GB,en-US
G1m8VWsh9VI,en-GB,en-US
SFYYa-qJchg,en-GB,en-US
ZT2u-J7Wwuk,en-GB,en-US
vYnO42QHPWE,en-GB,en-US
Q8Bdfp_4OCM,en-GB,en-US
onhwMVPgIyw,en-GB,en-US
XHKaPT2Dhq4,en-GB,en-US
mHkej1PnUo0,en-GB,en-US
unthMJjHDcY,en-GB,en-US
O2B1lTrDXuo,en-GB,en-US
Oui4Ba7B11s,en-GB,en-US
mWKi5OGiCvs,en-GB,en-US
qt-05pOXakA,en-GB,en-US
OqDq90DgSGE,en-GB,en-US
0Zl7qlYOUiA,en-GB,en-US
AVnpFyCqBfM,en-GB,en-US
2Fu5upFi5AM,en-GB,en-US
Q1-2ZZu8X5w,en-GB,en-US
JPUG2T8bsQw,en-GB,en-US
uO_z3WZfu6s,en-GB,en-US
R8gzbOtyodM,en-GB,en-US
MPVV3oleGI4,en-GB,en-US
knew_kfados,en-GB,en-US
QVi-_EVTtFs,en-GB,en-US
AkSK1J5l_PM,en-GB,en-US
IMcdIxL69f4,en-GB,en-US
BzPpspo4TJ8,en-GB,en-US
8oqqWwfze5k,en-GB,en-US
x_XTXOZhHUY,en-GB,en-US
sKlwXUMEC6A,en-GB,en-US
1CfzSFMvG4o,en-GB,en-US
1xOblirYnGY,en-GB,en-US
aAbyH8PlaO0,en-GB,en-US
w3W9E3i6cVg,en-GB,en-US
6lC8VWrm3T0,en-GB,en-US
N6plt6RqwaY,en-GB,en-US
wU2uJWAQSaM,en-GB,en-US
oZ6c7CdseN4,en-GB,en-US
L2QP2IxGGbg,en-GB,en-US
kW6Yz-dsjWI,en-GB,en-US
o-C_zpK_W0s,en-GB,en-US
HBLngJVESzY,en-GB,en-US
kYhv4VEB0JY,en-GB,en-US
5C-kgZUv114,en-GB,en-US
mj3aRtYnyr4,en-GB,en-US
2Nw6Yvw-wSw,en-GB,en-US
eOruDqaZIOk,en-GB,en-US
tEg0WrHz8F4,en-GB,en-US
FON-3pmcEwg,en-GB,en-US
b0z_qne_CyE,en-GB,en-US
YvxgurprVPU,en-GB,en-US
98u_HWqD93E,en-GB,en-US
OeRjm4ucVnw,en-GB,en-US
NQ291dihqWM,en-GB,en-US
6i1Uo-nU7oQ,en-GB,en-US
BLp-j1__m7I,en-GB,en-US
rekxUuW1HQs,en-GB,en-US
y21kLkq4kGs,en-GB,en-US
b5buBIhmJNs,en-GB,en-US
kZ6T-YStbvM,en-GB,en-US
ALB3Hb67SKo,en-GB,en-US
RRpmT-RyHgU,en-GB,en-US
2gCPYl_dvhA,en-GB,en-US
8pQXjX2Cb2w,en-GB,en-US
cCmgJ_4a_gw,en-GB,en-US
JsdvaonJiLk,en-GB,en-US
GzOf_KCJEeA,en-GB,en-US
wNDpUiCDsS0,en-GB,en-US
wKVGBhKOrf0,en-GB,en-US
tlWcZF-jssY,en-GB,en-US
0L-Zx9pJVtw,en-GB,en-US
IzaBU8FIR_0,en-GB,en-US
_EP_B1TRWjE,en-GB,en-US
gPe7NIuwboc,en-GB,en-US
0u4wqjG7qaw,en-GB,en-US
nkNt0ZBwrc8,en-IN,en-IN
8O4uQQktxis,en-IN,en-IN
NCirdlLO2_4,en-IN,en-IN
wK_Ls7UJJj0,en-IN,en-IN
dpjsXxx3_q4,en-IN,en-IN
4GyWLR48vBs,en-IN,en-IN
VYYrRdBkv9s,en-IN,en-IN
HW5EJ6NjKNg,en-IN,en-IN
KGoxLd0K0Y0,en-IN,en-IN
Esx4UHgQ1lE,en-IN,en-IN
BWkZAR6i5W8,en-IN,en-IN
SmP7Dg8Q9l0,en-IN,en-IN
u2Zw-B7Z-8c,en-IN,en-IN
yogw3Hv3gyg,en-IN,en-IN
zufBhivEVG4,en-IN,en-IN
_vOkDdC1yZo,en-IN,en-IN
XeANaIX772U,en-IN,en-IN
QyXNU3YM3D4,en-IN,en-IN
CfnL-C0afnY,en-IN,en-IN
qUzFRYeFNbE,en-IN,en-IN
suQsmw4J-Ec,en-IN,en-IN
mIApm33Nzvk,en-IN,en-IN
GBEsUWuq-LY,en-IN,en-IN
rW2TAwY7Y7E,en-IN,en-IN
LT6pU1dwU0Y,en-IN,en-IN
i75vH1SsxMs,en-IN,en-IN
NvRSYBX9kGg,en-IN,en-IN
WLfeaE69pl4,en-IN,en-IN
DkSUH8wMqdE,en-IN,en-IN
clNeBLCKPBE,en-IN,en-IN
AOHTkWGtxTg,en-IN,en-IN
PYQwpx-7RJw,en-IN,en-IN
mGwUPxkYzZY,en-IN,en-IN
p3QBHtYb060,en-IN,en-IN
I_WIhvwCYn4,en-IN,en-IN
WvXywaRFXVo,en-IN,en-IN
9UP_l3hGfWE,en-IN,en-IN
vpd-LMdsLlU,en-IN,en-IN
o-7yvHF6EVs,en-IN,en-IN
6WWnx0l439A,en-IN,en-IN
Zh3trvF_Kb4,en-IN,en-IN
to6BciW6c_c,en-IN,en-IN
Iq9R5FAhBM8,en-IN,en-IN
5RqxhPAvLdM,en-IN,en-IN
1DwpSGoMYDE,en-IN,en-IN
L9P8cU2v6sw,en-IN,en-IN
w9rzlx03nrU,en-IN,en-IN
UsUBQ0NzGLg,en-IN,en-IN
DIf2flQPIc4,en-IN,en-IN
XGK9ByrZ3Jg,en-IN,en-IN
mxbFLYSuHBQ,en-IN,en-IN
DsT85WKUX-M,en-IN,en-IN
hX8uN5CwSpU,en-IN,en-IN
u_noifAk-ho,en-IN,en-IN
331ySVtoie8,en-IN,en-IN
WEycgwMqt38,en-IN,en-IN
spvI_kdZdp4,en-IN,en-IN
aVjgiCOjzoI,en-IN,en-IN
0f8pY4mzoQk,en-IN,en-IN
Rx10Q1fui1I,en-IN,en-IN
zKIn1__eojY,en-IN,en-IN
m4Bcn1ab0zk,en-IN,en-IN
siBxjCNwVIY,en-IN,en-IN
I7VjlCAI2Ho,en-IN,en-IN
b2So-YZxNW4,en-IN,en-IN
U9yvu9xSXCU,en-IN,en-IN
VmL0EPnIoZ4,en-IN,en-IN
6rjNu12PztI,en-IN,en-IN
otXtDfznNOQ,en-IN,en-IN
APW9Fbez50o,en-IN,en-IN
T2h2CaZVH7w,en-IN,en-IN
r3aT1m1yRLs,en-IN,en-IN
IvzGWyeYRXk,en-IN,en-IN
CqtATLDqPOQ,en-IN,en-IN
DH6NwK1cfQQ,en-IN,en-IN
5eVjOnmW9t0,en-IN,en-IN
ERxuPeudUPY,en-IN,en-IN
gbXFR9QKk4Q,en-IN,en-IN
G4oriljbc0E,en-IN,en-IN
i1xrFA-Vfjo,en-IN,en-IN
50WxaHyI-CE,en-IN,en-IN
5dXH8Fzztj8,en-IN,en-IN
wbUePk5MvSA,en-IN,en-IN
tcUng3CxwmI,en-IN,en-IN
T6jCLhnHyrs,en-IN,en-IN
DZIXdJGqSzg,en-IN,en-IN
rKrf-QdV_gU,en-IN,en-IN
3d-Nekqs_-s,en-IN,en-IN
Wmb5YqgQAbI,en-IN,en-IN
nEFd61qb_4Y,en-IN,en-IN
a-0wytgmYyw,en-IN,en-IN
uGeg9pNquMc,en-IN,en-IN
BwxZxlJqCtU,en-IN,en-IN
cBA_XdKEasM,en-IN,en-IN
jvGmYBy9pGE,en-IN,en-IN
77T_9tSWf-4,en-IN,en-IN
naXBL981zwU,en-IN,en-IN
5rgIScC21pc,en-IN,en-IN
gcIFE2tc1Yk,en-IN,en-IN
HMlJlOBSy4M,en-IN,en-IN
plzMl-0Dgfo,en-IN,en-IN
xOj_FMligVs,en-IN,en-IN
ydTyatSlB-g,en-IN,en-IN
TprDiHDF5xI,en-IN,en-IN
x34jKR13Tck,en-IN,en-IN
qLnf7QNJjl4,en-IN,en-IN
cLWTDhxxTzA,en-IN,en-IN
sVSejO87g50,en-IN,en-IN
wAi81xCnMa0,en-IN,en-IN
5g5h1cCWM0k,en-IN,en-IN
vfUo8YLkXjc,en-IN,en-IN
qIjXOsfSfog,en-IN,en-IN
4GjX7Hhjj9w,en-IN,en-IN
XIj9Nq3EJjI,en-IN,en-IN
dqZq7zKBCUo,en-US,en-IN
qi0hwoHGjdA,en-IN,en-IN
qgJT2GDD2FY,en-IN,en-IN
eSZxUqjxPzw,en-US,en-IN
DUBxX_LNnGo,en-US,en-IN
F87feQmF5qs,en-US,en-IN
_fBjNzfyXj8,en-US,en-IN
frpKglIiz-A,en-IN,en-IN
sqW6jqd2ewE,en-US,en-IN
EXJKtmag4qg,en-US,en-IN
lksulZeVJZs,en-US,en-IN
dUlQ_8GFxck,en-US,en-IN
ZeC-ey5jfDU,en-US,en-IN
7hQrVqNWEVM,en-US,en-IN
dh6MjGLOKfY,en-IN,en-IN
AaF6ZaO0g-c,en-US,en-IN
60C4-z1eFcc,en-IN,en-IN
FmIKVnQfR8E,en-IN,en-IN
DUTWQjgXyIg,en-IN,en-IN
S6WfihPrb50,en-US,en-IN
q_tw3q5sDdE,en-IN,en-IN
EhUxsgM46N8,en-IN,en-IN
6h9p6eRfEWA,en-US,en-IN
ge2E4Amnjh8,en-IN,en-IN
v6IV7u5hOYM,en-IN,en-IN
nbV1m00TiZM,en-IN,en-IN
7SrO8X92BoA,en-IN,en-IN
UjcyHNtLz7Y,en-IN,en-IN
Zj3gO6zLfHQ,en-IN,en-IN
6Oyq1b70t88,en-IN,en-IN
0wPgGs-mUa8,en-IN,en-IN
bBUTVBdPO6o,en-IN,en-IN
aTBMLJxAZd8,en-IN,en-IN
nl5x8G1WNRE,en-US,en-IN
OqoBEDs8BAg,en-US,en-IN
7tcm9vp7FOg,en-IN,en-IN
Kv9kUT_AVsY,en,en
p8cMJPvAwMg,en,en
IH_yVFTvU74,en,en
PFg71YtoQXQ,en,en
K26SUaTOSEs,en,en
q5wKdJ-2h-g,en,en
2WvU6XheDgw,en,en
OclQfoGPmIU,en,en
oMt41xbytwA,en,en
6_As5jHVeZY,en,en
flm_qNVpNUU,en,en
4g05GDc-bTg,en,en
Xj8Xbj_jpME,en,en
7QnalDAZUPU,en,en
jBn1eIhoDzM,en,en
VoHgH_VcHwk,en,en
L4BsEmpLOqM,en,en
Agcf7um-91w,en,en
BZUoKqzEon4,en,en
KwJ7CjwN44E,en,en
e1J3gYkBNKg,en,en
b4KP05QRAYQ,en,en
8DpNFllCK2Q,en,en
VroElGX1u3o,en,en
dLx96cK2LE0,en,en
qLzc3g8grds,en,en
ZkYwzj5dhCE,en,en
81JGECg_uN0,en,en
0ntc1vHlevY,en,en
TGHbDSxQVm8,en,en
oV6gGCjtvb0,en,en
jqQh0a5_nZ4,en,en
m17nA3K_HA0,en,en
kZtjYlbyubA,en,en
_w9xZHoPKvI,en,en
rvesYvcR-mQ,en,en
7lV3_9A-LLM,en,en
EXk2HABuqIM,en,en
TkCOGpfOsxg,en,en
Eb8k_Ot6pKI,en,en
7SkwJWeaMus,en,en
s-Y_AYOVRas,en,en
OPCeMEya38A,en,en
yJcuAh6oCUc,en,en
W1sW3d2lhFE,en,en
0FVK7EfBTX0,en,en
zZEtmujV9DY,en,en
kyUTwYLMd-o,en,en
qUPhI5D4e-0,en,en
LnubybQ3pA4,en,en
1USA7qFKBIs,en,en
5mEigq3ap-s,en,en
2ACC-xMewd8,en,en
RZCnfblU4i4,en,en
iaix3D3JN3M,en,en
31e6G714ZKI,en,en
fB5Nv4RMp7Q,en,en
tYn8EhUHjuA,en,en
p6D5-xwaj04,en,en
fiixhRc-8Y8,en,en
dvetZws3EZc,en,en
NtLlVLZzhbo,en,en
qRHooZ_P7n0,en,en
KJ07puVSyCQ,en,en
fOO6e1v2ltY,en,en
3fTiSvKRRv0,en,en
8ZEkfXO501U,en,en
2VRFNoAMiHE,en,en
TLMv9BH8hO8,en,en
yOKr7aqJL8Y,en,en
Km7Xuy7Sj2U,en,en
K6PjV3-iUSI,en,en
Et-U0A_NYmo,en,en
qEjcr81rjFY,en,en
-twQ2N4ySsQ,en,en
gYvN-WFPpfE,en,en
3sHKLwq_0oY,en,en
WkDKJ_i8L-g,en,en
DHt7LarP8Rw,en,en
qMY3kyRhyNc,en,en
eQlzzHuEtMk,en,en
lvauTo53ro4,en,en
oSaUojSX1vg,en,en
7EFjNSjIZvg,en,en
ju7nJUiyR_c,en,en
zabWUB-G4N4,en,en
08vjfQkiWHw,en,en
4HkYyN-7iyE,en,en
hCDnR_YiK_U,en,en
MMZ3UTvzsKQ,en,en
etMSldpidto,en,en
MJgEDgx1lT4,en,en
3fkBNDUygvQ,en,en
rf-Hp_OI054,en,en
LO072HbjSes,en,en
vi2KZFfstNI,en,en
I3qw68V9rxY,en,en
kGmMzjLKsew,en,en
laRm5L4Tjks,en,en
uy_udBwSKDI,en,en
fUzU07Eywck,en,en
CEkV3z_dXkc,en,en
LCAtz47IS_4,en,en
JSiHTuSGHqA,en,en
mvwCeMfxUf4,en,en
huHxd56quVM,en,en
_7L6yULycMw,en,en
VG6Mw7X27bA,en,en
H768FpukF0w,en,en
5CqeD1j3zGQ,en,en
eFeFEXo22jY,en,en
FdLNwBBXVvk,en,en
s7TRhcfOUQw,en,en
UHkHMcMhvjo,en,en
BjWSzTwNFjM,en,en
QQrLnZrNYNw,en,en
fVWoE7PTJVI,en,en
PqmDgSAMV-A,en,en
fFlCtTDDyOE,en,en
a9DyWNkaQIo,en,en
FVqagdPnZnc,en,en
bzmcCdGXzPk,en,en
fBfPE4jv3rw,en,en
eDPKEKDQhz0,en,en
xER4JhvBFNI,en,en
HIO82cf30j4,en,en
W2UpusS05w4,en,en
2_1C6_3tRjc,en,en
3VGeK-YWJ3c,en,en
qRIUE5r8JpE,en,en
kvsIES2dBek,en,en
DY2_hgbkiL8,en,en
AKnEhgcj4FI,en,en
euyZNh543ew,en,en
pVpuReKBpZw,en,en
cGF7flbmipM,en,en
xAF_nvy39Ac,en,en
Ae7SagEfDtc,en,en
6MKOr859nes,en,en
rovyj6boTFU,en,en
_B2oIyk34_4,en,en
OUhbrrKRj2I,en,en
jbYHXAo0KkI,en,en
cWIgTg1LTRM,en,en
6MOkbPn3Nck,en,en
hP66aAvMzNg,en,en
I3iElnvd0V8,en,en
dpKpdBu8oYI,en,en
WmrcAb2_9Ns,en,en
0JPsANjhv1o,en,en
P6cIg_EMXiM,hi,en
IBMupQDkzCU,en,en
-XXhrbSotdk,en,en
GxtV5ue9nNw,en,en
uw2uHGnYbjE,en,en
fGtYxsf3KLg,hi,en
cPjsydwN1Ls,vi,en
3s2mzdBiht8,en,en
NmLqP69UHHo,hi,en
_fbvGTMViE8,en,en
scntkooDC3k,en,en
CtdljRvy0F0,en,en
osk3Hz68g1s,th,en
j-IyAHKUIpU,,en
e-Ec-5vClSI,,en
2bt9s1_kadM,,en
qI9h1lwk49k,,en
Xsrxl0ZsPuU,,en
1f-p6fDs45g,,en
c8hV_y1KRao,,en
loKhGpYtxmg,,en
n01OH1Ta-nM,,en
yEE6f5iP0-Q,,en
misjjUocKAs,,en
38ckG8ocFmk,,en
nAVDnYJEaKM,,en
8JjUxl91rek,,en
CNgO_B_rxBE,,en
qJLsFV5li6I,,en
eEC4qQMnO1M,,en
KH-ACv8Tpyw,,en
pN3Aq9x5ytI,,en
RFhGK71-VOU,,en
ZwHd-hr00jI,,en
YjzvajBfK64,,en
vrEWpTyY--c,,en
AMW3k03QBOU,,en
FGKyAOwZfxw,,en
6rQzenWjnRI,,en
IjWmgzgP6zc,,en
DL6ugvhhAXM,,en
_da_eA8euU4,,en
sJ77IhkayOI,,en
MMGQ0_pLnJM,,en
M0j1G56iG9w,,en
5UZduncL6v4,,en
EBDG8ACCL5g,,en
UkjblCS4Y_0,,en
yrgmdr087QM,,en
MZ086f0c4dA,,en
il9NuW_Uosw,,en
MfCyH83-0kI,,en
k8IYuppn4vE,,en
xbfWB5vWELU,,en
V1aTvYHMouY,,en
bi3z7yq-aKw,,en
0FEQ6SJ6n2Y,,en
n-a8Vc9hQKE,,en
WWXLWmP4_z0,,en
f8FUOsdSzRc,en,en
T4vqaKP7uO8,,en
MUvMd_ZQFQg,en,en
7muvfF-HXmk,,en
r2GL5GDGA94,,en
Ojm8UghvjYM,,en
TdydYp220Ug,,en
yA7zCGT7y0Q,,en
B-p3nTRYOi0,,en
hMLkViOTZGg,,en
vxPQVEx9xuY,,en
Y_JzWquare0,,en
thTwA6tM1W4,,en
6kgroZaXS_s,,en
LyODpfsxGSI,,en
oreGynSvLnQ,,en
PwJ0TfEHH9E,,en
38quuCKX_4U,,en
IQkoBi3e6hk,,en
BAq6NDGAnlk,,en
xlDbK5VhEj4,,en
kbkvv43ovBw,,en
8LNZDP2Xqso,,en
SrOl0G3JCcc,,en
kCgnHFYl0Lo,,en
O1phZUAhcXs,,en
SMD-HWhMZV4,,en
3-whTgF9qCk,,en
C_H5FDc_umg,,en
PQXDHOKuUfU,,en
CUeqatI4bgM,,en
QdgPCEZupSs,,en
fwIAzdkLGps,,en
Qx6BzfJO5tQ,,en
d3SFniPnUec,,en
Ww_c_m2yxxY,,en
1kPnYR-F1oE,,en
bHMMSICjabA,,en
EKZ1wXJgNzE,,en
1llImWcbIZA,,en
w5v-htefev0,,en
YXo2SnVMhQ4,,en
hiqaSjgzyB0,,en
G6WAaNIYA5E,,en
BrU7zrzUQtU,,en
ZztEvijGC7U,,en
fdpXzUXBYgI,,en
7kE2KuEKg34,,en
p4DNtu6J1-g,,en
aaDCoH8JgfY,,en
ApuNgRZyJCY,,en
GeUI_VQfl9Q,,en
hgTkqWlBhLY,,en
Ppc6r3oqeTQ,,en
0wfFa8t-fgQ,,en
jQZjTRhrWl8,,en
ijyWG__GCVM,,en
eXBEVEPteRM,,en
w9GG4j-JN50,,en
YjjQgHqB57E,,en
k5uzOzDQYLQ,,en
iu_jT7khcFY,,en
WzgDs3-CG50,,en
5rLMAbQj86g,,en
60F7-lVRwfA,,en
djFQgHUQrOA,,en
HuJ2SesYnrw,,en
TqX1ZD73Bdo,,en
FPriFDh377U,,en
QrFbr57CUUw,,en
eodZdxsKE8o,,en
dFk0W-_gNUc,,en
Sfq409sXQr8,,en
JwOdF4v1cGM,,en
hbZwk6OgmnI,,en
H5xhyOfH8WM,,en
38HQeHz105I,,en
5e3od3nAFCg,,en
xX3REuiwjZM,,en
uv31s_uxLrI,,en
0-CCVjyb2HU,,en
RoNK-u3xO7A,,en
EOWw_u0q8nw,,en
3vFXxC8JFnI,,en
viqjEy-sHfY,,en
-z1xFkRRy4M,,en
AwmVMvvLEUc,,en
oh0j6lF3V9I,,en
K96nDvDsax0,,en
MsjNlqgpq2I,,en
yUbqKCiyZl4,en-US,en
eU5mAVy2xO8,en,en
Gyu9NXRFnqA,en,en
s2XVXN0SHgA,en,en
J4veRmXwtOw,,ar
7OCc-7yMCPE,,en
1dAHIzgytqg,,en
KXJqEIYFycQ,,en
c-SPgKLZWsY,,ar
oINUVSR-1ZA,,ar
XNYiV2vCoUE,,en
yHNmF_OgbpY,,en
4oeGwLakAu8,,en
2GRdL6o7Bl4,,en
Dbbnkvv_mnQ,,en
iVJlkDZTLYY,,en
Tei_rPYsguU,,en
PR80dHKCNbI,,en
E_Zw8iX5DI8,,en
z_gWVwyJPU4,,en
NIGWNI98II8,,en
UDgmBxLdVRk,,en
G46GuYnSSSY,,en
lYvLglRNwxc,,en
6_SsSziT4ak,,en
lgaalbvcMLg,,en
es8gLN1DpeM,,en
t09YgHN2W-I,,en
E_KVZpq78QE,,en
zwkbVesiK-M,,en
D1S4c4BCa1Y,,en
2Y9ngBj2HgU,,en
Q7c23pMQ-G0,,en
hwYljYnDQzo,,ar
Hrdyd1-27ak,,en
C3SG0BHMPSI,,en
WPY8lr3Un0o,,en
F2u0SKXuox8,,en
xjBRyt_NWiE,,en
bAUW0WsFo9A,,en
wGC1Kc-CS6Q,,en
ewwQ0aZjphM,,en
QeZ_12GNeDE,,en
ShBjEOKjY_k,,en
3Kcp0SWS0sM,,en
oeQ8P4IJSsY,,en
GSdn-0eZQCs,,en
Q7prPRTP4DE,,en
pG8XpTqmdBw,,en
stHOjPwQmpU,,en
1m3wg_o-8YA,,en
NwvTNzzyN4I,,en
3dYb2I_dLOI,,en
C47_pY7MDfg,,en
MjTypPj6Dmc,,en
Q7ZNDLAb48E,,en
-C0ircmX-iw,,en
OkUDzgN3OfU,,en
z8Xx-zyD8Eg,,en
CgzczpMlTy4,,en
hLIhqFNKKHE,,en
SANf0OZ0PEk,,en
xy_jy4cpmM4,,en
BGPEnBt8ruQ,,en
gUICqsKM28Q,,en
8hPT9ZIUkjw,,ar
etFXKn_S1TM,,ar
XMtiC1mdVxQ,,en
-GOZRAUiwBM,,en
hthtos51MJI,,en
Tpy62M1ce5M,,ar
rw7h4MSrTfA,,en
tyNRL433GpQ,,ar
X2gQFKIeMz8,,en
lEnpcwGfB2M,,en
DnNE8gQTJq4,,en
uJV67-0TZoA,,en
79Uarzeu0xM,,en
bh5vXk-YJkA,,en
Nm7K9WOSM7I,,en
LbD6mK5z-aI,,en
Lbv1sLDAncU,,en
WilLRgODzUk,,en
Rvhv6vbVukE,,en
wZ-Amvm_nR8,,en
e3Vk7CVIRtw,,en
q438MyJMrGo,,en
bBmWYrm3BIg,,en
LAcbQ1F_lsk,,en
_cw66GnLND4,,en
JwS7cMvV8sM,,en
p_N25qwbwVA,,en
P9jk7YT3k-g,,en
46YpBnknBqo,en,en
UJGvQmlbQMQ,,en
5FeZBGGVxYc,,en
eXzeMlt-Seg,,en
MODA93Ma-9s,,en
dACOsrgXMYs,,en
_nK9Wec6Qmc,,en
hvV5D1rADaU,,en
Cs9tdHa0lxU,,en
gSACYGrW9As,,en
pqHG07t0Y_8,en,ar
p-R9o3dEH6U,,en
su4W3-lBxzI,,en
EJI4aR37o-Q,,en
Yo0sioyNHRc,,en
mcpk0-gCU7Y,,en
mQr59w0NoU0,,en
BspsKIPAd-U,,en
RlDoP1IakrY,,en
9B9i1axE6y0,,en
mGW-JFUsobY,,en
NhKp5v3D5xQ,,ar
ZVM_E8XJF1Y,,en
AHWN9PUiXTQ,,en
7Sy55NMJ4Lg,,en
UVggoGCl1_0,,ar
nR0CNEbGc4Y,,en
h39LRvAMfuw,,en
fsjaVV3cOAA,,en
BZerMfp05lw,en,ar
f8t2-Iy-CVI,,en
ZwNx51QEBX8,,en
-AINQ2gDyhY,,en
nUav4N2ZwYE,,en
a1fWwO2xmnw,,en
pJlleMf1N1c,,en
K_JxTkMs9Pw,,en
qkkB97NWn1Q,,en
zSdSncIpowg,,en
o-7ttWgDK6o,en,en
E6gik0nhRU4,,en
Cq4w8F5C09A,,en
KbSNl7ZYt58,en,en
4P07EOOhVqY,en,en
WRb-Ak6MhHY,en,en
4ErfJa90_FQ,,en
mOQFW7SQUaQ,,en
MYhUSiP8Kns,,en
LnCsjcklA3g,,en
xhYURZmyjmg,,en
mSi_pk_N0M4,,ar
NB89VKyKhb8,,en
GAUMF69V-Lc,,ar
Jl_LcOxnjl0,,ar
2CaTtrwCdWw,,en
6J2brRdvkP8,,en
9ljdiijd1x0,,en
Ls-V8M3N2ao,,ar
XNQRT6-I5AU,en-GB,en
T-ysx_xyyXs,en-GB,en
8MvQuwVOd9o,en-GB,en
7NH4_JbWD4Q,en-GB,en
oQCl4euhJrI,en-GB,en
JqWBHxPJ5z8,en-GB,en
0ns0NeY5fs8,en-GB,en
aMor9z_STnk,en-GB,en
0seKqYLvZns,en-GB,en
AHrYlEypNJw,en-GB,en
S7ue4vXAZLg,en-GB,en
4-tNYMKTeys,en-GB,en
tlVOrx6jIgI,en-GB,it
zVcQ7-juXDo,en-GB,en
wjtVWvRAkak,en-GB,en
27NtG4hwcmE,en-GB,en
y6X98qAvFok,en-GB,en
qzg7QwHPN9s,en-GB,en
FcpLYqSS4Xk,en-GB,en
AZ7rrSC9ZDY,en-GB,en
XI3fCeXTOpI,en-GB,en
e2ecGLN8f1k,en-GB,en
Rz_cpgCtZrk,en-GB,en
bf57dzKUG8E,en-GB,en
PhWcfA65QCA,en-GB,en
KFudf90PO48,en-GB,en
U-igkOYIBWA,en-GB,en
Rs6KW1mFBpg,en-GB,it
jVjI4-5FwQ4,en-GB,en
ShwjnTVmsUE,en-GB,en
C7fhBiFxmxg,en-GB,en
e9K_n6Bm0wc,en-GB,en
plyGjzODA_o,en-GB,en
HA3yC3sJUTU,en-GB,en
nVwemyJU-_k,en-GB,en
2qn1nvRiOXI,en-GB,en
uyNH0YiboM4,en-GB,en
xeyVCx4ZSP8,en-GB,en
N4DzVwHHG6o,en-GB,en
GynXoLIO000,en-GB,en
gF93L77USm8,en-GB,en
1ut2PSbsrJk,en-GB,en
jclrUG7xsZE,en-GB,en
la-GSaIrrHk,en-GB,en
sFziz4wDWR0,en-GB,en
aSRDCNQTe_o,en-GB,en
W4Dc3mPqYYE,en-GB,en
h9WhBrVLdx4,en-GB,en
Y0Cr5AAkg-c,en-GB,en
Zc5fm0JDUg4,en-GB,en
-tcY1jKQ_ys,en-GB,en
Llku3AwIxSI,en-GB,en
ahzxZvm2gjw,en-GB,en
IauXWDaq8uw,en-GB,en
tlBP-qT_ZHI,en-GB,en
zUFOmCX8Stw,en-GB,en
mf6oV1Ae3L4,en-GB,en
lDD3QLZtvc0,en-GB,en
S1tALIdM5kE,en-GB,en
SaLXk6gjl3o,en-GB,en
MlzdQQwjaJ8,en-GB,en
001dSSWAb10,en-GB,en
5hpc026MdQQ,en-GB,en
wZNnIvwbyEk,en-GB,en
SYOpi-LAGYc,en-GB,en
dIm-gfz9eME,en-GB,en
Zu3aUGm2ERs,en-GB,en
_u-pcMUpdOs,en-GB,en
umlNrw8DCdY,en-GB,en
CO1h7RTsK-I,en-GB,en
kf5G8VFl42M,en-GB,en
88TEl9bf0K8,en-GB,en
ZZ5nj8mbKKE,en-GB,en
6kpQR77cuh8,en-GB,en
RII9U_50kkE,en-GB,en
tOwd1B-5Zno,en-GB,en
qy_1hlNN7Ys,en-GB,en
x3mqt7E-eFY,en-GB,en
JyuiStzrAeE,en-GB,en
CowtbomfSI0,en-GB,en
ss8Q5kgyi-c,en-GB,en
uQnq3cfCDzU,en-GB,en
l1fB9oDY-k0,en-GB,en
Zr_4yLVOmlE,en-GB,en
6RtUhdmOnf8,en-GB,it
2LaocADZEY8,en-GB,it
GOxucV1i0Ek,en-GB,it
EYbP9Od5vv8,en-GB,en
8wkn-hHxRSE,en-GB,en
ICI9obvOGCU,en-GB,it
XUp2e177Xkc,en-GB,en
kHPAJcF1pJc,en-GB,en
6UZVeqp6j2A,en-GB,en
MXL0ANb-MI0,en-GB,en
JCWEK3WCQQk,en-GB,en
zuRdxSe4opE,en-GB,en
OJTCtwq0Tgc,en-GB,en
5okthao1tBk,en-GB,en
hc-iaY2aKXk,en-GB,it
mAQ6A7NJc9s,en-GB,en
U-Wz3KlRHCQ,en-GB,en
4hef3j7eZTo,en-GB,en
eWtxFDcyCaU,en-GB,en
Tu8O42Ji0-o,en-GB,en
v19bhAUM3JA,en-GB,en
BlxHYBNVmEA,en-GB,en
Bi66ADnxzcI,en-GB,en
npLOtAkxm3g,en-GB,en
lbkd9bnk5_U,en-GB,en
FEML4-prqZI,en-GB,en
BFEGixUU_6c,en-GB,en
A5KbopyILlk,en-GB,en
XLey-8GEvrM,en-GB,en
M8Q_L6wc_l4,en-GB,it
KsmpJLRIyVY,en-GB,en
g4DmY7jYqwo,en-GB,en
rxrpNIL21M4,en-GB,en
upDOgPHzPcU,en-GB,en
3mcNoycqEGU,en-GB,en
NYUXoZrwyoY,en-GB,en
f5CE_PcTBZ4,en-GB,en
PyppFKX3Jbo,en-GB,en
tpjAkAoVMks,en-GB,en
izYvX2H8lmM,,en
cCB4Dk8G9c0,,en
sHopFwhHkUU,,en
btkJve3PTG8,en,en
X1HdIqQS8qs,en-GB,en
Hjhcgohx4wU,,en
Aiw-EEiOjm8,,en
UMe3nSSQ-FE,,en
e0tI48ekUA8,,en
e5hNloy8ynQ,,en
lmCbNcmibXM,,en
yD3zSKmEeMo,,en
3KrAsURId2M,,en
kvVw0q-KAbg,,en
IiUsxeF7sM4,,en
ql6eE72d4AA,,en
4uzpn5U8uCc,,en
ulXg7ukF0FU,,en
oaKE0FGHqAM,,en
wKqHXdTRyfE,,en
hv2Cfvt7Do4,,en
aIxsvBy-G9k,en,en
thcOoHErG-s,,en
tQmOFrRrKxc,,en
WN64B_F1yiM,,en
DAucy6ZGHAM,,en
S_OuWVi1IF8,,en
oBOUQAZEKJY,,en
naLCJpxhrgE,,en
1ZDlOn3_WQo,,en
5DdsneuSPXE,,en
Bmu4aEA1HSM,,en
Goj0Ep09PCA,,en
ET8Zx2P_hXQ,,en
R0fb64uUgjk,,en
sJwp1fLjJpM,,en
tBwWhJDKVwg,,en
zBW5TZarrOc,,en
CoH4gJjS8Mk,,en
Ctkpl1SEXYI,,en
1FWsrzrmloU,,en
egKQyNQEEH4,,en
7eY-f91Kr0M,,en
Ghjomk-qt_8,,en
_grARA710SY,,en
C54OUpN5fkI,,en
F1UW0mhQo0I,,en
nsjUpGdk7ts,,en
FYelTt4XEoM,,en
exzJI9oazb8,,en
JJ79oe7xoZc,,en
VbJZFQ2Mdq0,,en
1_eJBNfGGnI,,en
gqFWdWbb78g,,en
YBO543l0Z40,,en
FG8BQD0yV5U,,en
qvL4U28oiqY,,en
zbVlbJgvsRU,,en
NgGjB93lwTU,,en
-GilqeKIEao,,en
xzCXvc_uAIo,,en
oa65d3EfYdo,,en
aB3VneBtkYE,,en
jLTJYxkN5GY,,en
Z1KW_JynjZA,,en
i4KcJ4okwL8,,en
TYzYkuJ5XKY,,en
SbnSIegVbM0,,en
n5Z08p15G6g,,en
EBtA_LRgDeA,,en
m-I28aWSRlc,,en
reNmCe9XwdM,,en
WShPTfjS8O8,,en
UyKVUmZLfW8,,en
fqFMmPbuZkE,,en
eknVn_DwaXQ,,en
ytFcL44_UtQ,,en
FMuVikPbTdY,,en
VHmlOrmQOlo,,en
H64uONr6gWE,,en
-YRqgcfWYYg,,en
qtUTPtL8oE0,,en
gEGUC0o2sIU,,en
b0-QNEG7ErQ,,en
sXI4z-kHA8I,,en
B5mocVk0ZWs,,en
qj6TQgXl3y8,,en
JOq3DStZ0kQ,,en
aIbOf9-sJRQ,,en
Alxce7kar8Y,en,en
CQTPVgj4sMw,,en
k7_sGLQjx-I,en,en
TAPQsj96jIE,,en
1BhixBODp3s,,en
WY4Z0bfzBhg,,en
Tt3W--6yLw4,,en
niD9wosXBWU,,en
_AWiZ5uNzRc,,en
Q4U5OohyUyg,,en
V6MnDxkcuvU,,en
JuntYSRnmgw,,en
Yqwkk_Hh--8,,en
e5Wbj3LN_HM,,en
u9Jakb3N9TE,,en
Wq4V8n0ti88,,en
4FmAjsXa88Q,,en
Ll60QveoHJQ,,en
CzA7JrWLl6w,,en
LfSoQTSxBT8,,en
-S8JWnG8F4c,,en
nboFy0MN0qQ,,en
lOW57uHtY-0,,en
mGtqB6FirvU,,en
WXgBmR0CMPM,,en
4mn7Q9CCip0,,en
uooRttQGZA4,,en
NmFq8FD0eXo,,en
WHHmLKDPTY8,,en
BL7DfreKTSM,,en
0NmNS3UZZaQ,,en
0xT2OvyVFiM,,en
Sh94e8MY_Rc,,en
Rt1XlE01ifo,,en
nKdPGf3wtRo,,en
Rjlw6cclIWk,,en
3eip5C56-cc,,en
mIB7EkonXJ8,,en
88D_kgnPKKw,,en
GkElKH_6ZZA,,en
sguuuPzvxmQ,,en
QUZFA0e-cUs,,en
e_ogkYCUfGE,,en
iZ3TtIWDkMw,,en
yrOEs07xSPs,,en
hJPGI7W9UU8,,en
ZbVGBxiz6II,,en
V5--y-MChlc,,en
_bjvC_TtCZ8,,en
uXepWlV_770,,en
Yg3xL0VBNnw,,en
tcwkzBH8r74,,en
wgL3MJOvYpQ,,en
kfU58jids8w,,en
gKlHbbzwVVY,,en
yGkQlKFhwkY,,en
i9hrVKUfpm8,,en
UaTNLhN2oqk,,en
z6Cwi0UZW1Y,,en
0Un06LUnM0k,,en
JPS4dxYQyzQ,,en
11fkLdm6DQo,,en
Jq3qwcaBxH0,,en
zXsJIlXD3Nw,,en
6S-l52lx6x0,,en
fiHFbHYaq3E,en,en
md8C1BYbyFE,,en
kC7mnVxjYdg,,en
rcU2DikHHwM,,en
bs2ti1O9CwY,,en
YCId4ffWzis,,en
pIFJLASvZQw,,en
o3pKPHW8KWQ,,en
372BPTa3ulw,,en
A2nZnrF_8yk,,en
cxfdH3Igsvw,en,en
p4BTRy0lLeY,,en
64caAc6j1dY,,en
LoGt14dqXcA,,en
5LZo6SybKIA,,en
Rr1TCDNSVMs,,en
xNQJeVo0HgI,,en
XzChjcZVV34,,en
tlkuLPKfWCw,,en
RMo0OvWdj3c,,en
PxbvaUWH_l0,,en
ePvEy_Hzmbg,,en
_OQa4NqTtiw,,en
zwL2xrLmwz4,,en
kj3TwvcAJBI,,en
KaWZcaU3Dg4,,en
_xmweI9OJBM,,en
pCMOd3Fniuo,,en
LESE0CLc__0,,en
crJ97gwFQRw,,en
9nBYHGd0sW4,,en
cFTFiqK4NJM,,en
XHh0L5FNvkE,,en
KDB8qJAwDrg,,en
to3OqA_q4W4,,en
s9ISHxaHA6s,,en
u8ivyrMRXO8,,en
S-Ku-2bpSok,,en
auGOxeanTUA,,en
IosFV0hN-00,,en
2ZWqgzTzYgk,,en
2_vg2vGEM1g,,en
VZ2VsIs_HuE,,en
84cXP-D2TRs,,en
KGoEtEh4Vp4,,en
mB0ikdoukAM,,en
kxnygZp8nXg,,en
ZuRk2ti2-0U,,en
zG4qetklclI,,en
tHRMzOGlWqk,,en
lNuQtO69sVk,,en
VkRS05dgHFQ,,en
ga2HGQ_1Wnc,,en
l9e6_9XQJiA,,en
fXqHsd9nk80,,en
zQUN9qe_pLc,,en
fGa2FxNNwkY,,en
Ua-BeN6TZGI,,en
IUkcId5hXzw,,en
E7c32nJL2lw,,en
GAtVav7vBmI,,en
LpMiggXR41U,,en
FvzeT77vy5U,,en
8XDPbz5lhPI,,en
ltZHecEvDcg,,en
EWW76JciDg8,,en
D7Ix2_2aAtc,,en
vjwYvZfgFL8,,en
DVcW4zXF-EQ,,ar
E1toFPNg-Lo,,en
HAxuQAMhvRw,,en
8Wrr7R2YHYo,,en
eQxalgXDfJk,,en
ZJFJ41six3c,,en
Rao93935EiY,,en
qAVfqGlmmAs,,ar
U3BGY21ITWE,,en
1OEcDX6eFW4,,en
_ck7kdTj2tw,,en
-8XHBBrg73s,,en
5adhprNOqNU,,en
Brm7CwOBjyc,,en
4SBd4TWofBw,,en
t-5wdrxYrw8,,en
e_vtBDWoFq8,,ar
rGLJis4G6Ko,,en
SfExx6a0fjY,,en
UvAz40b5p6c,,en
TUHZhevI4P0,,en
TSgKtydlWmU,,en
qz5Q170r-98,,en
GwhQYlIoy2o,,en
9wAPamn5x3c,,en
G4CEojEOFNg,,en
MATSKBUlBk4,,en
hA_Yge40HYQ,,en
xEBX_w6Hews,,en
XYpbZjPKo-U,,en
UhcGfO-058w,,en
hEHrT58_7m0,,en
pXY6GX5FGFs,,en
KKv1Vgx_31s,,en
Jwkrs82K8Bc,,en
A3ZXgo4QbxM,en,en
mjUBGU9yRt4,,en
gWQ7JFpbAhs,,en
Y5I8MDJprTc,,en
djuKZypQ4k8,,en
hHiFWL-mchk,,en
LxRhewGvUuc,,en
GgCZzFfu4aQ,,en
56bs6KHFQm0,,ar
SLCBlNzPX4I,,ar
T-KmFjNuIsA,,en
h_dSrH3Xtmg,,en
c3hKP2lX6-4,,en
zGEoPBcmkUA,,en
Blg0x_1pyhg,,en
y6TYX7xJuX4,,ar
DG7vqabaLFA,,en
9JcZkLIx0yk,,en
xDM44c3syf0,,en
srbGv0aWnl8,,en
KfOQuL4rDuw,,en
s95PM9iHo98,,en
k_Gi8wQXQnI,,en
C23WZMsf6Og,,en
RCWxXyTM6BQ,,en
aWjWmfZJ_Po,,en
mZn0UWs5_vg,,en
1IBULUESGQk,,en
ioqkXY6WFgU,,en
OxjYEizQhpI,,en
e_PLhUGoFbQ,,en
G-Z_RZTxGPQ,,en
cLGo2X9zgyg,,en
MNY71wEv41o,,en
k2VVBmII9HE,en,en
6xayvHnXFP4,,en
ovxKqTuIkRU,,en
WwYyiCcOjY0,,en
LXP3_nDOQ0E,,en
M8TNM9pdwqs,,en
PH5m8U5n-14,,ar
wKGXSAVg4F4,,en
q4FW4XYc2tw,,en
hwcwjYk0KMo,,en
rvQCvqAAYkA,,en
R6_1ZGoyewM,,en
2OOI7PPaZPA,,en
MfWVB4GLp7U,,en
rOw6Bwurr9k,,en
Xs0jCHq25w8,,en
yzrHTy8eiqU,,en
AVX9J_JCkp4,,en
YLuIwWFVRk4,,en
EB9fuY4mWHo,,en
9zCoaE5a1_Y,,en
H92vx-HnExQ,,en
gUBYZhvTqm8,,en
ChNV48AFlMw,en,en-US
xs3ZoXBMOBg,en,en-US
p7tw_GQDUSk,en,en-US
BSo2li0bpgk,en,en-US
GdLQomfDvZI,en,en-US
6Ip5kvNXTy0,en,en-US
b6LXM3aEn_Q,en,en-US
zSJ-ZrxAx0A,en,en-US
RhT_MINU3Mo,en,en-US
HjZSOGewRGY,en,en-US
DJQ-c54WRHI,en,en-US
o1Vc-DwIDE0,en,en-US
Sej9jHZ81uw,en,en-US
iWOlMLXsJa8,en,en-US
ERty-30FjIU,en,en-US
7N8txzeN8W0,en,en-US
bV2vDuGnvZM,en,en-US
Wib-q9OhN88,en,en-US
z1qianA5vCE,en,en-US
UW1pDTny9Kc,en,en-US
3z_alC48xxQ,en,en-US
pxpXVs2w_Kk,en,en-US
ghKK2qiCqUs,en,en-US
9xKZYpDLTFo,en,en-US
DE-ij8doPF8,en,en-US
-C6wr3hlPfk,en,en-US
NiQbrWcjId0,en,en-US
NanXhlwkYmc,en,en-US
7UNkgXuDSKI,en,en-US
s194e88kswI,en,en-US
IMKio_w9_JE,en,en-US
NRbXYVIUtB8,en,en-US
hQ18i-6w6tE,en,en-US
lZyNh5zXKYU,en,en-US
VzxsztByDR8,en,en-US
-9bxcIJXVQY,en,en-US
M80Pfhhv7qQ,en,en-US
c6VaRwKa17k,en,en-US
TbgOmwF40ZY,en,en-US
EsSDASKPcT8,en,en-US
gX50C9651V8,en,en-US
v0Xl0j1TlII,en,en-US
56Ud9irW7Vs,en,en-US
G72aeVA9NUg,en,en-US
ILN8nYabz1U,en,en-US
LFPATZFpk1o,en,en-US
mzB0USzqoXw,en,en-US
Gl9x1usWwX8,en,en-US
zgBw9btZlDU,en,en-US
g83KrlsuVWk,en,en-US
iBvxvkSDlqE,en,en-US
GGgoYCQfjrw,en,en-US
PqkBJerRdiI,en,en-US
exhE_bztB0k,en,en-US
h-Nb35ktrNQ,en,en-US
O-TL4jPYIdw,en,en-US
QoN0_m--kv0,en,en-US
GiP0M847cuU,en,en-US
wcfrsVZjVTA,en,en-US
AKax-_5vbUY,en,en-US
S_O4L0FgQDk,en,en-US
QrIBQ1YjjpA,en,en-US
StJZ18flQZs,en,en-US
JtNGE0gnsYw,en,en-US
bkVTp48HhTU,en,en-US
eUPrBAAOrdE,en,en-US
Cy74KJZzb5c,en,en-US
f4lBx__T30w,en,en-US
0CN3kapsIYw,en,en-US
roZU6ceJxgw,en,en-US
QOEP7LjntAY,en,en-US
od23nhUuEaM,en,en-US
BTWBxQKOT_I,en,en-US
UBWE9CKi-Vg,en,en-US
gXgEze5aw5c,en,en-US
9ZxUJpKiLWQ,en,en-US
V3VDAtXZsM0,en,en-US
YXpH5LiCtIQ,en,en-US
LPWv5UDZhqI,en,en-US
Gl4xqGLe37Y,en,en-US
M_7521cet94,en,en-US
98s4I5M60IM,en,en-US
SKNpAEZT-Yg,en,en-US
Opa95DbJyGQ,en,en-US
abfwy9yjuRQ,en,en-US
pvNLt6ndsWs,en,en-US
dB9anyYgtng,en,en-US
RO4r-Mt8Y5U,en,en-US
U4tfjfg9Ee4,en,en-US
KLtCJMN4pbQ,en,en-US
TFaxVL5oXHc,en,en-US
8wOIgzECfQw,en,en-US
ZgP6OFOUtwI,en,en-US
bfzGGONXIH4,en,en-US
KuWAAbXdSWA,en,en-US
noAb-x0bwaA,en,en-US
Tlg8EEQ5nXQ,en,en-US
MjzZW3qVz1g,en,en-US
BZsIPWGKx70,en,en-US
qsXJaAxtr6Q,en,en-US
EYuawbWbZZY,en,en-US
HQfiiWeFbPw,en,en-US
kccwA0yQBzc,en,en-US
clp4eq6YT_k,en,en-US
f3OsIKJHyMM,en,en-US
yClzfGS0izc,en,en-US
oZOnDhk1KX0,en,en-US
WRIcuM9Cwq8,en,en-US
pWwab0v81es,en,en-US
uf_YGXEjlwY,en,en-US
IPcrArn51mI,en,en-US
0aBLGY5JzKg,en,en-US
TvCs_4quXnU,en,en-US
KYFMxmHOK10,en,en-US
Iq1Owtyw87M,en,en-US
XTh9M8BwvaQ,en,en-US
elWSMkZlzYI,en,en-US
30lJQiQJ2NI,en,en-US
56oJSYSLOpE,en,en-US
LHnkxZ5Pjnk,en,en-US
UMU-0KVvFNY,en,en-US
J-a66WW7Jk0,en,en-US
XPGFfj6bW2k,en,en-US
iZ584U_P55w,en,en-US
11Wz_vjFIJk,en,en-US
a4zcmdoWBU4,en,en-US
PPE9pug81Nc,en,en-US
CikepxpDAyI,en,en-US
9f72KYOnNJY,en,en-US
znWX_Kwrk80,en,en-US
f0h9LYndodY,en,en-US
WQPaW8nDGew,en,en-US
C5f-gJGjTow,en,en-US
hM9KEdFqFdI,en,en-US
B1LujlFCGTs,en,en-US
dvqDwwqVcK4,en,en-US
Ih1zxRD2TMA,en,en-US
UqEiEGDm9Hs,en,en-US
a-Iu4tlr9YE,en,en-US
jqKlGIyoZ_Y,en,en-US
uDML-7IOHn4,en,en-US
mjBm7-AErdM,en,en-US
uYPe02ohyFc,en,en-US
QUbJXnj96z0,en,en-US
a1abPjVe8ps,en,en-US
in96JbK2yhE,en,en-US
PoshE029OYQ,en,en-US
kBAb_2Jw4xI,en,en-US
OQUUK6WzhAs,en,en-US
8J0w6ze8Aho,en,en-US
Ka2zgSjeu0o,en,en
VDZlfgyYsHQ,en,en
nr1RAMq49bQ,en,en
Lc1GnOlrpM0,en,en
m_bEYZIDiUw,en,en
n9KE0QGRnjE,en,en
XXK00n98QjM,en,en
ApIfmWuuxio,en,en
CL1CLA7eDcU,en,en
kiqcfDHQleE,en,en
5MPKbz1hLM4,en,en
F0tVboCNX9k,en,en
1VtIiv0DGqI,en,en
JD0LsIj8Lp0,en,en
qshvpCi1O5w,en,en
Z7xFrOkhjhw,en,en
n6T4omznqTg,en,en
6pxuEls2RhY,en,en
QgllYUiKtsg,en,en
gsWenNY97V4,en,en
2FUEtAat5MM,en,en
k5R6TwMnbuI,en,en
-177xUWHQ3Q,en,en
FoVtlRuMUkM,en,en
kI1AL-nvQRM,en,en
74OyoRURRDw,en,en
ApLuGnntIII,en,en
45wPyWjwCcg,en,en
99Bgz7_QgmI,en,en
yHup0_iiIDE,en,en
NjqVA5BGPFk,en,en
Y6dEgNPxcJw,en,en
YHMDmO7P89s,en,en
EUCdJkDeG3U,en,en
vGXC7AbFRmQ,en,en
hA3vfsJIjMs,en,en
T8KGnOsai8w,en,en
H2Ve29LGFT4,en,en
H-3JMAP9BQU,en,en
WCqTwQYuI0Q,en,en
WirAyS3OYoA,en,en
WSEjqV316gE,en,en
mnuU6-QfH8Q,en,en
uvXvJB1EJ5I,en,en
2G5GXiHZ4Kk,en,en
g9Z-VXkdHHg,en,en
cEPuHJEmawM,en,en
RV1oxHQT4Wg,en,en
FxxdtCp3TgQ,en,en
BbAKC_XEbM4,en,en
Z02pDP2rdlw,en,en
9EleX16GIQo,en,en
fsQvmvdtpTQ,en,en
6Qqc5YoZlg4,en,en
9WTQRn-ENfs,en,en
64l7RYPnaa4,en,en
Y222GM31dhM,en,en
zcgSR2dgGvU,en,en
mVq1JS92VKw,en,en
nI4P0G4Iw28,en,en
-aR9pp23Yo0,en,en
BYm1mqczPEQ,en,en
OkJX-Mkd1gc,en,en
POJnByACT0k,en,en
NIAtR5mV5Wc,en,en
yH43Hq1_7oA,en,en
Wjisktn5Bzk,en,en
J7aUy7AalcY,en,en
IyjczBYPHVs,en,en
bL-XUigiRGM,en,en
jjQc6WmvuCI,en,en
MGO1Tyu6BEg,en,en
qbllI8aBhvc,en,en
MDrCjLFYDS0,en,en
Y7mE4cszLHA,en,en
KuHHUGSqEtk,en,en
vYz1RC00PBI,en,en
8hT31vM22cM,en,en
KtDHfzYmbzE,en,en
mML-wKGxCZQ,en,en
FsLYGERhQpc,en,en
HrT4qxvBS5w,en,en
c3ZISVq_z-E,en,en
WONucGc2WiQ,en,en
5gjBJ_2-O8c,en,en
PsLicXIvdjs,en,en
384TZbbPXh4,en,en
B18bmdKPslI,en,en
kv9rRkpQgVM,en,en
d1bLfxuRdyQ,en,en
0Tqh2RABbi0,en,en
Wti0sPsxUT4,en,en
JADMnQ2ZmNQ,en,en
UfSo5P0N8H4,en,en
WlbOCkoqkt4,en,en
6S4WA7wbT2c,en,en
kSuavMVl6GA,en,en
9VWCeCgPCnc,en,en
pXkKI43qU54,en,en
pefFmhJxQ7s,en,en
Op1JkivgHLU,en,en
fsG6D8ROgVc,en,en
fqtYnmJbZXw,en,en
Tmc1OX80nPM,en,en
xzsRPOaVwSk,en,en
Tv9LopVH3-I,en,en
m2nOc76kqag,en,en
EYV7bHvGx7A,en,en
gXp1bqSTi5c,en,en
rvvixlosKV0,en,en
HjWfSjb5kxo,en,en
Y-INqr7M25I,en,en
I_w4jLvjBXQ,en,en
UymUOWCqp6U,en,en
btc2oQSB0JU,en,en
KTWx-E0tjlk,en,en
oyScK9rT6H4,en,en
tv3rL9gkdiE,en,en
27eFhMReNx8,en,en
oEf1XR5n7ik,en,en
GfEfB8UqQGY,en,en
SBQynj-i5P4,en,en
NLH5Ru1MLn0,en,en
-cYM3oAcgv0,en,en
bXd5HgK9L_E,en,en
h5Qhegbdb78,en,en
T3FbguAY4d0,en,en
cONYovOTTkw,en,en
OCE1NtxHmEE,en,en
eR02GRlNDiA,en,en
1UzwXohvzd0,en,en
BDjEi8CXrRE,en,en
n79UFZBJ8Zk,en,en
UQwPTJQl4tE,en,en
4eog-O7QnPQ,en,en
qSMS76OubLc,en,en
nv4NXKBcMvc,en,en
NkvdVJfl8N0,en,en
2uMu-e9i6y8,en,en
PpBcIV6Cd3g,en,en
NsimHf6AfZ4,en,en
Nf-Ao5cEcrc,en,en
2GmB-bJ4lEc,en,en
I0zRJtEiw3w,en,en
UCiAUznGMng,en,en
-CgpnxCeiTQ,en,en
gDfWPsZfS_g,en,en
u6eMN7a_Gzo,en,en
SLOC6zq2oBk,en,en
hGPd4GjRwFw,en,en
epfyag9fmno,en,en
j3rcgY5H364,en,en
qIzy1kvKPmU,en,en
SM--Vo__crQ,en,en
G_waj6isCUA,en,en
tdbpcMjbnpY,en,en
h3iYqrmBe0M,en,en
RPn1eNuUepQ,en,en
xlJDhgyeBtU,en,en
SJ3RFBPY6lg,en,en
lruuL1nnDAc,en,en
uc0KRb17pXg,en,en
r1z6Pf0xC2E,en,en
PnsWUgjr01s,en,en
RoPjXuRqz9A,en,en
iUtUEdstjCw,en,en
zCdzoMxK15c,en,en
VKotf7II5ZU,en,en
u_LgmyaHqNg,en,en
BPKJdji5kn4,en,en
CIsa4a_6vQc,en,en
a4Ka1eRyF7M,en,en
1bFj2N-Elg0,en,en
uNoCkPydNpU,en,en
IoJrmaGFcTo,en,en
YO7SOzZZ_mk,en,en
W7gPpm-pjws,en,en
P-rIVL6pgmI,en,en
9IXyPAwQjlg,en,en
8Ug2l8EtIpI,en,en
EM3q3Q-e0zs,en,en
cJ61O_L16Ag,en,en
qTj9zP2-Ejo,en,en
wdaCqdOheTU,en,en
tbx9NFylf2M,en,en
rwbnGIVP1gY,en,en
pPAa75MCDuE,en,en
KnZvKuiRB9E,en,en
DTVHIjU2HHo,en,en
dasyBgDbftc,en,en
PDqQLv6HmVw,en,en
TLagnUSMLcM,en,en
Ee8w_O1CJpU,en,en
NrgXBBQpLao,en,en
u12wgLvzm6Q,en,en
F8W6dnNri1o,en,en
c8kqFbddFdY,en,en
zZ1QqRvyMpY,en,en
N4tl3tZDSf4,en,en
GvrK8vMT6TA,en,en
jiDs_mgwR1M,en,en
7DEJJZIpyKM,en,en
mdUmbgwNxiE,en,en
bVMbyivzwzY,en,en
o3kdSnKeQCk,en,en
YkEqopvlVw4,en,en
ccgOBv_DLTI,en,en
z4_tDSYIDX4,en,en
eGVuWfobyzk,en,en
qM-HrsQCmyE,en,en
RZj4ymOpUc4,en,en
AVsnA3t7J40,en,en
sGeha1qqdDs,en,en
Md6Q7gqa4ds,en,en
6eJ8WsETPB4,en,en
7GrrLC4Mc7Y,en,en
7OFH2rzmUb4,en,en
A79WXnaZ7Fo,en,en
ocsUyW7HFsQ,en,en
rVSmbWUyezg,en,en
Kbd4IfwhZlo,en,en
fvhHZRslkOc,en,en
I8uM_p7kTtk,en,en
8lMtDT9PIDo,en,en
LD2QyQNuq2A,en,en
uceySakVBVA,en,en
nwQ19gjxqKY,en,en
2P3rv_Vgr7A,en,en
imPEq1fg_G4,en,en
b8Ry-o4LySo,en,en
m4E1Z1RlVlc,en,en
t3aglrmYGhM,en,en
x0G42aOlhAo,en,en
tBz9TU--bYc,en,en
rmM-7RLqiFs,en,en
vy8kOwOB__M,en,en
D7Vw8CxY0iI,en,en
gvV-6VIdueM,en,en
3VhgBT8seUE,en,en
BJc1u6o6cMs,en,en
GrC8_rl4bus,en,en
LyuEaLMWPqc,en,en
oJT4pmqf12U,en,en
4X54nI7qNB8,en,en
EKOguqVF6HQ,en,en
WgTwJRNlEsE,en,en
ODW4IfkCyAY,en,en
hrn42ACQAcg,en,en
mNtxSSk14ws,en,en
KMGvDStZbv0,en,en
S2svxMt58hc,en,en
F9HkTfQsIm8,en,en
SxoBKb0hdAY,en,en
mGuX7CFKujM,en,en
X190ldsRpAw,en,en
SQUp1BcO1no,en,en
Wnum2oQpYmA,en,en
e3fLrhHBDxg,en,en
8nCKRoeXrCI,en,en
6Fp4qUYOqck,en,en
YwlepuaRUcU,en,en
mtAlMKUiPRA,en,en
TwnQixi_hB4,en,en
HgoR_4Uw9nY,en,en
zCfjd2YbSbo,en,en
xf3dFuH9AcU,en,en
crPUs7-KnLc,en,en
7X-tEmLik_Y,en,en
W5TeG0KbL04,en,en
-nr9sU6-Nio,en,en
KhYMy2KT-X0,en,en
f2x1FepXAAg,en,en
iYbIw0xFvhs,en,en
KIBLHCgmYHk,en,en
3niizi_VxSo,en,en
Iz9K-V2hHYY,en,en
dY2LrmhkSEI,en,en
b9pZxBLow1g,en,en
jOatvze__O0,en,en
lCyVo-uqY2U,en,en
A-hPxkI7nQE,en,en
sPvDdoHhkyo,en,en
QxG0POoyE7s,en,en
tmozEa22Lxo,en,en
HjtfDyzo-gc,en,en
ligKdJrsf7Q,en,en
GkdUeCmt6Jk,en,en
wJxBzetjPlM,en,en
krbAeOVYeMQ,en,en
f3TQnNbDW7U,en,en
OvcvMMcqh4I,en,en
4qvX9pfqyqo,en,en
_VjsRrtmHQU,en,en
RuRDIoKVP9U,en,en
AToMysqld80,en,en
N8db5DXCqog,en,en
g62VRi6zrrA,en,en
i3tcotiae1M,en,en
pajK8kaKf9E,en,en
IQA2IbI4ZQ0,en,en
883HbQpKwoY,en,fr
k5Jfubx76Wg,en,fr
SHQpG9Iekvw,fr,fr
4n5f5kks_JA,en,fr
yFcSOHtWZcg,en,fr
10sPk9Sl_Is,en,en
Nd7HEyrEPCY,en,fr
M50_a7ltkzA,en,fr
MRRy20xbnhA,en,fr
scJ0WVm6wuk,en,fr
ZOlpfW7cwGk,fr,fr
b9dlFm-x5aU,en,fr
pqYE0eR6AfU,en,en
YlGGnvq10_Y,en,fr
fzxDIHpy5TM,en,fr
HFrdholvDVM,en,fr
UDcr9pY5nnM,en,en
n5WLBYon6cs,,en
RND7XkDw1E8,,en
G9ztF4DlWxo,en,fr
eaLiVGYwTWQ,,en
R2aoAcXV_RE,,fr
LZS4sfvcrYw,,fr
n2zP8s0Wczg,,fr
HkYcFdh8_6Y,,fr
ZYFMgwg8FCw,,en
AlO5E1PVHqc,,fr
O7orCAMLGZ4,,en
ByRh6yLMSHI,,fr
6OtGgAstOyY,,en
h5e7WlypiL4,,fr
ZiEtNfwLDow,,fr
XpYmF_C80A8,,fr
BN9vbjvtU5o,,fr
K3GgCAR-vEc,,fr
sL5Cp7afFNg,,fr
bA01bIHv3JI,,en
k6KYzz2Pu44,,fr
67X7gNOoAko,,en
4TSc1SOZIKo,,fr
cE313rinHns,,fr
f30RbzxdA_o,,fr
xfrjCAAXqN4,,fr
Eujniu1_Vj8,en,en
y39uf1DyVnA,,fr
ddlAmvV21k0,,fr
ROaZt6lN2gk,,fr
UR99YKZnHls,,fr
QTND2QYhSpw,,en
0KQ2-0vy9fE,,fr
xwRa9kjV5RQ,,fr
b43jtiPny74,,fr
aCRVv2B--7w,,fr
YJkyoPSftGc,,fr
bAe1JUZjchU,,en
Q9jhZtd8Ouo,,fr
MQF5yA_F0G8,,fr
_LS0wEgnkgQ,,fr
BWxA9ZTmRnc,,fr
uailWUY3Y9w,,en
n4QrN66tyk0,,fr
nkSc7p9fq-8,,fr
_WUMr-6abPw,,fr
azGx5ZuZafA,,fr
mvrEy19OqFs,,fr
CJArCYE0lOE,,fr
01FiO4JyMcM,,fr
i8vsIrSrRtM,,en
aq1XGw2eJ3E,,fr
v8SHN-KSPNE,,en
KYg_w4Nptd0,,fr
GQEcQUjWAc8,,fr
ozgqDIWdL_M,,fr
gncbXInbZfA,,en
QxvKY_3zxMg,,fr
XujnrLXQDGo,,fr
46i7SbQJNIY,,fr
pLUF68VmXag,,fr
rcaHFp7M2FY,,fr
FJxRe7apf8I,,fr
qtsVq1IUkkA,en,fr
-qBn-eetEas,,fr
ilqqPXzWLgw,,fr
X5FT8KS824s,,fr
qsmpjO8l6EI,,fr
DMhIUDEpA9Y,,en
ilVq5rt7mWU,,fr
hTto-KZQTLk,,en
BY6lB8Yohzk,en,fr
i6r1k7TF9tA,,fr
QUjbKPKEwVY,,fr
evXpuenBf_E,,fr
ZvGBy4uUmvQ,en,fr
8VQ5YhMVKl0,en,fr
PfiE7fXJu_s,,fr
lwmfnaujBgk,,fr
7nm4B05AEX0,,fr
9DTGO62xQFM,,fr
eoJK75RTnnE,,fr
G6XB-IfDdgw,,fr
5mb0jkVwRfo,,fr
T61KwP7pmJg,,en
XKEcFgPLt58,,fr
5YUo1F8KoLM,en,fr
9pb_kYmAbrE,,fr
kwgUH-XAI7U,,en
n1Ohmn_lStc,,fr
9Xy3_2C23MA,en,fr
ePeEnij-Msc,,en
7W8NIeCUTXI,,en
wtm6AnLxeTg,,en
IdVrQYE0FBo,en,fr
VOORiEQ6M80,,en
c8ZCXtJ31N8,,fr
__oO5-ozI5I,,fr
tG76VMBMpxE,,fr
6nuXTW6mDOc,,fr
YAX_fg8Fe2Q,,fr
c1eqvo0MP5M,,fr
aUef40wrB0o,,fr
v4bl3JFK6NM,,fr
SIo47AdSfgo,,fr
5PK806br700,,en
q71UIxCapag,,fr
yiq1g1VDrHU,,fr
Yrb7YwZpGM8,,en
jBPirVcJczY,,fr
ByqSHQ0f4_k,,fr
Fnys6W7ClN0,,en
fhlfbETQDFk,,fr
otGrpqxm3Sw,,fr
NPjoqnt80UM,,en
89iRcMDHd_Y,,fr
-bJgYUDTsj4,,fr
LDs-2kJgqhg,,fr
wq-7Y8MfIjo,,en
y6S3GD8HU0A,,fr
7pkRDbslEtg,en,fr
ACwQquXbXIE,,fr
M3fb58rX1e0,,fr
jhEDIA8PtG4,,fr
pMlOjfydyHY,,fr
lql4gpKWhZM,,fr
FZK-5VmLRAw,,fr
kwYCoRfCKLE,,fr
VitwWewtCPQ,,fr
F7wQIGLcz8E,,fr
IyNAvZU_Cb4,,fr
KolZCsmhGrw,,fr
pt2tm56Ak18,,en
w2_njE6UR-8,en,en
6Zuk9C472hI,en,en
Gbax7035Y38,en,en
2AaTJoLWgww,en,en
VLAnEOQy23U,en,en
tl-7vpYK7cE,en,en
GvVxV4OuNk4,en,en
Rda3kz7yX2c,en,en
nKt78kmd0i0,en,en
94V-dsQsxhw,en,en
G5q5c8qlrCM,en,en
BNYmEo5OZkg,en,en
Uwc1Z6KBYTU,en,en
k9aLMOngzLE,en,en
t63k2ZPFdlI,en,en
0cqNMvGMG_0,en,en
yQ671tNB7d8,en,en
lG4cAC3HXI4,en,en
aauhu-cxafU,en,en
1Y8XzCBa1e8,en,en
NqNBXg28LQY,en,en
JtO1Wojdm2Q,en,en
lYYM_tNNTxE,en,en
i9_7rZUC5os,en,en
2lu9RCvn_ik,en,en
5d0pLEliUtI,en,en
L8ed3l8YVdg,en,en
YlOSFfUrPK4,en,en
zD2hkRC8Csw,en,en
XjKvb5lGb6A,en,en
8OtdVq8hQZ0,en,en
MyK8WQoRE88,en,en
AQp44RxGXP8,en,en
vQy9jopMcuQ,en,en
vN2dkN4XtFw,en,en
NgNba-VEYRE,en,en
PYDMrBP0xa0,en,en
eUR8MaGYPPo,en,en
Zrzwi8JflZs,en,en
EjnECJvgeBk,en,en
9RXRgA6L4zs,en,en
5RRCOZYmzlw,en,en
K4AgQ5Eyiu4,en,en
3Ze7ydE6GEg,en,en
qpZ9d-60-7Y,en,en
j7tKEa-bhuo,en,en
WUP2EvowcWE,en,en
PdYdBngsV10,en,en
ARuWxghN5mo,en,en
x9qsUgAKkwQ,en,en
FgUFvs04EyA,en,en
-krE8u6tgfA,en,en
OhPrnGQCEOQ,en,en
xmbCGYjALws,en,en
JzAMRz6oMaw,en,en
TM8Yx_e7fvI,en,en
EK9dR0oEgfQ,en,en
He_molv05XM,en,en
BfXDWdfNwRE,en,en
k5YmkAiu_N4,en,en
KlSQkkwx4qE,en,en
VCkDPIDhUHI,en,en
_St9LtefUTw,en,en
VubMKB5g-Xk,en,en
G5DphQt0ak0,en,en
Nkh8jPo9ekE,en,en
6yAYLmxj7DE,en,en
Y9knEx-TLYM,en,en
V1DNkP8b6tw,en,en
jhseAT3eIg4,en,en
fn_NXCCC3a0,en,en
33sMywXJSIo,en,en
YaeeQTtaeks,en,en
BXjwfHhvH7s,en,en
pESmKuum_Vg,en,en
z_K27Toz8s0,en,en
YqfLLHwboFc,en,en
msi4o_sxkZ8,en,en
fKiO5UMF6kE,en,en
E0x46gu_pt0,en,en
aeruuIREh28,en,en
F9m_T5JCPKg,en,en
xuieXpwYiYY,en,en
_lXODR_2_6E,en,en
qtxRP2tx4ts,en,en
ocASFwUSNbw,en,en
bdhhO8KdPbc,en,en
r4Ux8Sn2pGE,en,en
sf2GcfV-pJU,en,en
4HrVS61g0MA,en,en
tHbatQgeQLg,en,en
M-yMKMFbzqc,en,en
w437zzBi6Fk,en,en
EuYwzN7t3ow,en,en
VUlZqzVx2gY,en,en
RqZZlGxP3Ok,en,en
XzF6cj7f_7g,en,en
u-L3CiObnkA,en,en
JToxV-rFKXo,en,en
mg8yjhcjFQg,en,en
vct9qSEPtPo,en,en
hTEKn7oY1Kc,en,en
IMUJD0Jmehc,en,en
PMCJMJqu0Io,en,en
KsJ2_A7I-ys,en,en
LmE9kNJXbS4,en,en
N7Zaq_fZEbA,en,en
Kavb1lAPLZQ,en,en
iycc26USQ_o,en,en
Ty1pe3Unl9E,en,en
XTad6DH1bi0,en,en
LcOC0PVMuts,en,en
TJmCQXxWB20,en,en
WaTJlX8lxK8,en,en
OY4VWjN-BJc,en,en
qgQgFPvTLhg,en,en
9TCOhThAPNk,en,en
q3JAlPS-u3s,en,en
ezVe-sa15TA,en,en
O39Ovb-RP5I,en,en
lZ2rIE3uuao,en,en
RZy83haW6-I,en,en
3pPLM_E6SCY,en,en
c3t2l6wH9Iw,en,en
nO80Yf38UzM,en,en
ZE1M58C47BY,en,en
s9CHb1XTHC8,en,en
c5gk2H1WbyI,en,en
fXx4U3787xo,en,en
i_UTTHlEouo,en,en
5STrqJx_SJU,en,en
cfuki_gQ9Nk,en,en
w8ZxhQ25-_0,en,en
bUB9Rfy5XC4,en,en
XxfOO0DkW6g,en,en
hjZz2_G4JBw,en,en
5og2Xaw2Ihs,en,en
CJIOSDVGOLg,en,en
74GEB0bKaBg,en,en
8CxHvRCYqRc,en,en
tLMQO1lwNEM,en,en
c0KZeBRYXR4,en,en
nP5tk27Plyg,en,en
aU7u9FRC8B0,en,en
yhQlzG7pfDY,en,en
j2ZJ7X5KEaQ,en,en
vCk2mr2NOKw,en,en
6e9Wk6DsN_o,en,en
OpvoAdladik,en,en
CQ6buAGH5Ys,en,en
jScOL1kn0XI,en,en
cBycHKQh7qk,en,en
lT6hWGz490Y,en,en
LRD7KvZlUTg,en,en
Q98s0C-wtK4,en,en
L1zWbk1_7BQ,en,en
mcCdvGobm2o,en,en
pXuxwdDERjc,en,en
rG68UFDqjro,en,en
KPU8yphDAK4,en,en
eiawsqN98H4,en,en
DVsSV6_SB34,en,en
KkjrAkRFGvk,en,en
BR40woMPGcE,en,en
LwHk1mHeLew,en,en
TK_8sei_8O0,en,en
WzEXYq662Bo,en,en
8vjfDdcDZ74,en,en
Vmq0POethZo,en,en
6x7fy89vvZY,en,en
MLK1p0o8zv4,en,en
acv0rEPdxLc,en,en
hOqKjazxTv8,en,en
OiaIqqls0YM,en,en
S9ctJJwInv8,en,en
fIwbUmPh8Ik,en,en
nFH19UApLQQ,en,en
4qQLouxOHCs,en,en
qk1rf22hKTQ,en,en
KFS3A7lIqes,en,en
bwPH-vZZOHA,en,en
uqDUNyNGjLg,en,en
o-fjNgAGrW4,en,en
QM9UaNHMo7Q,en,en
fxjZy9z5V4U,en,en
n2bfqpfPjdQ,en,en
8RTp0pbCaj0,en,en
OP9H6MOdBbY,en,en
8nDZDXH8tq8,en,en
BEiL30K74s0,en,en
tv1_OVkhWBs,en,en
HckxoqU6MtY,en,en
OpUWRFlvy9k,en,en
aykgEl2Sij4,en,en
edURNfZgm84,en,en
YLhQcGIggbM,en,en
kZUibv92B3A,en,en
TJSrSXjedls,en,en
cOlrXPb8mGo,en,en
LvCPmopOwgM,en,en
EFJ98vSCIW0,en,en
e6K0JG1DSAI,en,en
Me7KUr-NOVk,en,en
Gai6fqDobpk,en,en
e2h53DwpbvI,en,en
VmaZo2KtgqU,en,en
Sx43yBjichE,en,en
pNnfChH3nVg,en,en
nkKl3G8AqTw,en,en
P04po-hSlqA,en,en
Yiwa71Gxdf0,en,en
vJaTJSR4JYk,en,en
PlCzc7A9Msw,en,en
XCtGbxgsOfA,en,en
Of6umvEQfN0,en,en
l1qv3YRIEUM,en,en
-oZ1GFVeYiY,en,en
ovdyMeiAohY,en,en
bDHmtz27AxA,en,en
FjKP298SV68,en,en
EmfCItfjs1E,en,en
pUYEhCXFodo,en,en
iw93nIOWE_c,en,en
JqxBAMpVE3Q,en,en
VRuIk9YKws8,en,en
hpv-fcZt9t0,en,en
oCAjhfeCiMo,en,en
3Dvd5bRkGRM,en,en
fWRTHuv5srM,en,en
yRVjwgUp_D8,en,en
YAuWGRlf0JA,en,en
Yp-YgfuUqK4,en,en
jYkwE03tq70,en,en
qkwHz_ok_e8,en,en
IbF_vQBpA3Q,en,en
utd3l9X1bu4,en,en
xE9roJ3fWsY,en,en
cJ1iQWBS_Lg,en,en
MBQKdUxCcWA,en,en
amaJhnXlBUc,en,en
AbBwAPDkn1M,en,en
zOztMVfW1WM,en,en
IMb5OtYGFpE,en,en
F9G7njtlFAs,en,en
pxudsvOuEM8,en,en
Ta24UwRgTBE,en,en
TuMYhErjg6M,en,en
rDFgZAzBTpM,en,en
Nmf0hZTFAaA,en,en
OBDuUniUylc,en,en
yh07k2CPYCo,en,en
6sOSb6c07e0,en,en
-d3C7CVRh7E,en,en
tQvHWeunYPU,en,en
oVMaapXtVXI,en,en
fzewbQ7nWPY,en,en
zTou1PU72HQ,en,en
Tz9vYFNIvIg,en,en
IM6Z9lof72s,en,en
OxO_84INed8,en,en
EEb-xFY3kv4,en,en
51iHTzEiIr4,en,en
61qVTzITJKo,en,en
Ee0LvZmw_Vw,en,en
klZGX6mpDpE,en,en
KK8WWd2O7IU,en,en
-mGikml82dE,en,en
lQsMkCq3I6U,en,en
E0ZdfbijS5I,en,en
ZTqHK5iiC78,en,en
d2BJvUujYX0,en,en
3xkkL7bYvE4,en,en
J2uBfbaDnLk,en,en
ZgLy_w-LO8s,en,en
G3-LieZAt_8,en,en
h1qhEMIHEdU,en,en
fX0uolJbmm0,en,en
T8CJwZ8qKeU,en,en
40lh-rPlDFI,en,en
lF1tvW1PFTg,en,en
11VqZqlcPBM,en,en
tjmhEpIjn4Y,en,en
N4-SqO2IRfQ,en,en
Na_Alkd5Ysc,en,en
Dz9zsE7sLxg,en,en
7sTkS_iiT74,en,en
Xv4uq6Xy15o,en,en
8q8izTaUTeM,en,en
wIr2C2JH728,en,en
sSnWkSh-9K0,en,en
WZzIRmg_4-k,en,en
FZf430Xy8pU,en,en
MbfFP5jXJdg,en,en
Ai4dwELg034,en,en
6Xgw1lh5ToE,en,en
M9-tVXpQ8DU,en,en
Zq8_bscMqac,en,en
VBrNmZYYrO0,en,en
NNjUNPQ4IL0,en,en
bMZ1mI1g1rM,en,en
lxlSQYJSUy0,te,en
4ysFfM1mx3Q,en,en
R1L8wwYBufA,hi,en
jm6hmek4ovI,hi,en
utpdJVJWaRI,hi,en
ZmQ1ECIbHPg,en,en
MjkSgVgG6u8,te,en
3GlA_TuXyJU,,en
JEtWtXre0lE,,en
Af2_bV3VLCM,,en
0OGXSIczMMU,,en
8A_pTPs06gQ,,en
11n0mAJLzm4,,en
O3k6qdKxXQc,,en
B6Zs0A3R4T0,,en
kUSKv_jlIAI,,en
rH_B5fzjjmQ,,en
ezSSzYXTtY8,,en
tibZULpfPe4,,en
WPHc0hM_5HY,,en
gMDfQq4Ahd0,,en
bXt1Bbr-Ags,,en
gUuaCEZZSZ0,,en
6RHClwvVwkA,,en
0LM5uZ88pBI,,en
7H-K0RTd7sI,,en
PRAM9QFvego,,en
Z8WlnlD6eUg,,en
T3uNzqZP3yk,en,en
-83NYYKTr3o,,en
MVVEBSm7D00,,en
X0Phcdq696s,,en
YF4U27lD-Oo,,en
cGoqCFpIwDU,,en
vYrabrmNBQo,,en
Jsx2ABunD5E,,en
_G3gfrejo-c,,en
vkTn6ETx70A,,en
ApI7X4qNw-s,,en
kYd5uwZa1Gc,,en
fSEykRmfcog,,en
FRNM5veI3HU,,en
OGWRlXP5xR4,,en
Nhkda3pKXUQ,,en
80-lHiW7W44,,en
JcIGXWVV3HA,,en
_o_cyk6ajBg,,en
7Rz4EflUOz4,,en
q7MYw0p3JRQ,,en
VmJzmYW3XAM,,en
SyLtVbxdy64,,en
S61JC0olGns,,en
tBTB1xIfxy8,,en
S1MwS2dRHgo,,en
FjxfwUGQfVg,,en
UtrK1NfooII,,en
LscvwSpxvGM,,en
r_4Xtx_v1Z8,,en
tgDmWUMouiw,,en
cUZLoHA-kBw,,en
YQ6Vxnnh8fc,,en
RpdT6bgGWKo,,en
LCEjJ3IXu88,,en
m-WqmxcYJAA,,en
UCNuiE3FEvg,,en
yw2rMByV6cE,,en
Zj-bKAGMz3o,,en
gy9gvO4iSiY,,en
HgE4bfcIvko,,en
aJVif6N3J44,,en
M1Z6wT5FVs4,,en
d5xqvi64dd0,,en
wHJ999eDOiI,,en
edQUK9zjxpE,,en
2pMvX32TQ_k,,en
5yJn5fUvmvs,,en
Y8ewmI-RkOo,,en
O3Rj8ENOhkE,,en
2A7kYXT6OA4,,en
j9XzsMksFzs,,en
pkEkY9xm8uM,,en
LSO2WP5oGkc,,en
yd7oLuTkH2U,,en
PNT4aaW8Gb8,,en
qAXnxGZ9XzE,,en
DuJ5oYX3MvA,,en
a70dew8_d1s,,en
ZM9f4acsjTA,,en
lEpznIoiVKA,,en
DV-qM3yzWZM,,en
WSujgSxjj2Y,,en
lpVX2dzG75c,,en
teVBWcyraS4,,en
MFOU29RM2d8,,en
6IWwH7O6n9k,,en
RysfdYz0OJ4,,en
kYGPrkeCvLg,,en
v1UP0LXdKKE,,en
iuHPr58P3e4,,en
z5t5oLXxcmo,,en
wKF9aKSUAR4,,en
ITsuNzYch3Q,,en
BqFVeNrUU6E,,en
y3qEvJwmx98,,en
IrKk7PBfdbA,,en
21gYcL80NnQ,,en
Bwt2PI7toy4,,en
LovZ7qAGaCg,,en
G2sSoBVtmOI,,en
vWFbU5JI8N0,,en
L3BQgh2EG2c,,en
Ogsovy19XHE,,en
0HAtq0CuXa4,,en
tjV1QLNksVE,,en
Uxl-cFVRv44,,en
fksc_rjUH1w,,en
DsMtvBLAI6g,,en
UPkSRpNCIo8,,en
WI-5aZnIMH8,,en
qMe0DcdUYcw,,en
hatUeinuwxE,,en
Kl_VHYcxkCY,,en
qb_isDsVozQ,,en
faD6VmvaBmE,,en
zDzZLJ3UFNg,,en
hyMZLbLiEqE,,en
4tm_l-clvEQ,,en
FfL1ecvxKt8,,en
wdEdISl6ql0,,en
vhvlL7yZpbE,,en
tL1o8RI_U_o,,en
LEJsBZQ0Nyw,,en
QyGrPT5h9CQ,,en
nBxdYWu5rA8,,en
9iG9ViaAcTs,,en
3LQUxveMJt4,,en
U9E3X7NtNTY,,en
lDk2SNydtrY,,en
dAvHeJXL-_I,,en
47Jdbnotw0o,,en
N59T_PrPrzY,,en
g4pTp81X8as,,en
UarJUbA4jrk,,en
_sacesGTUC0,,en
CJ8Q0KNuBs8,,en
0AXq77NnZ5w,,en
OqE-3TJRDT0,,en
z8U88QXdtqA,te,en
eEp3lVk8IL0,,en
-b6Q-C5-wIs,,en
uIH5d5WB2Ig,en,en
WL6z_YQ5LDc,en,en
0DOfRY9XHW8,en,en
qKaTmw48EaY,en,en
_8FiLmWqWtA,en,en
JO3xFmGat0g,en,en
DcoI-ycqCW4,en,en
8luYTZsv34g,en,en
AmYwFkPYLUo,en,en
5gxbgm-peoc,en,en
thm4iTAgoRo,en,en
9oYGt7TMJZs,en,en
-a6KXK8UPA8,en,en
ffXvZUSGo9U,en,en
E8uR886_F78,en,en
GL8yO5gZea0,en,en
1cwxuks8ems,en,en
AhPJKrwpMwg,en,en
C6tOmCmYn40,en,en
cJ5h4biFOB8,en,en
aQuQrXn0gsI,en,en
J0Ck-pb0QsE,en,en
S3BpzAOl1TY,en,en
SrVZDzjAZAA,en,en
JAwfIxyjJ4M,en,en
teMWoikBH50,en,en
iHg7jm6gQLo,en,en
NYHlgCSzIqg,en,en
mpchTN2SMYM,en,en
pEvo2Sb2lgw,en,en
PNoh2NTjkiw,en,en
Jp7tEkOinDI,en,en
Yb1brVQpCjA,en,en
6Wy9jAPI6rw,en,en
AE8cQIfAyK8,en,en
KUIyOpBNBSQ,en,en
jqrwlQGyXh4,en,en
TJ5t8_K0LFk,en,en
3FvfuN1B5Cs,en,en
mA3vxMdXpJo,en,en
JT1WdtvdbzI,en,en
KWWbNVUtyg8,en,en
OEKZo6saVxI,en,en
GeI3PVfpn9w,en,en
vWyX87Tzoz0,en,en
vlKfFO_96WA,en,en
4zIDej135t4,en,en
8A38Q6bPA4I,en,en
xGt9QrMGZnw,en,en
rS6OJ3BPx48,en,en
eaYKLk_rlz4,en-US,en
iko2GOmQN1U,,en
0FqVpVvVFxk,en,en
954NT5WkkLg,en,en
v-Lc2ZoBJoo,en,en
uzgRKWq4S4s,en,en
Ao4fwRoZMOU,en,en
UUAvGZZaN6E,,en
6V4-uNwv7fE,en-US,en
HpqV1CjjRiU,en,en
bIv0ezKwoGU,en-US,en
8AAMc3r2cHo,en,en
cgIya5Mwf3c,en,en
GtWFP4xaAZo,en-US,en
3oT-c09IpAk,en-US,en
CvTxFtoKb_I,en,en
udr6C_8z0xM,,en
Bd2SmNRtiuQ,en,en
O-48gOvuqe8,en,en
gclSgO6Iu94,en,en
r_iSISM06jM,en,en
2UDkXkMmfy0,en,en
S2X8UEubJNM,en,en
MYDUebYUiM0,en,en
30PrA8Fwe-k,en,en
HttPGR9VHDc,en,en
jYl28_Vs7WA,,en
qurr5pEeuQg,,en
Kf4rEKtbO_w,en-US,en
v0YPq-VXhXE,,en
LC1BEJoauCo,,en
IL589V7DXt8,en-US,en
Oa6B4WVkQKw,en,en
8u7N2sl7Rz4,en,en
BJCxGkVoBqw,en,en
H70M1vrUJHY,en,en
xZKi0TRrUXI,en-US,en
J_RQE6-81qo,en,en
xj0qs_3iZSY,en,en
Gqm2KZHhoJU,en,en
1MwbjhoYSMY,en,en
S3BrZRHvCew,en,en
cBXuGY9tPKI,en,en
sF4Jn_TaFiQ,en,en
GI0Qs05w_FY,en-US,en
PraBumJRYP8,en,en
JW5qR6nHSVE,en,en
KkZr2IlhZGU,en,en
Zjlw-U07BfY,en-US,en
nQKyzlILa4s,en,en
WK_Gy6VpJLY,en,en
lzUS4s6pGis,,en
wc83ytX4xjU,,en
G6u6otrpDR0,en,en
IpQ8xVezXsQ,en,en
pyOJL8pw3AM,en,en
CabY-hzq7R8,en-US,en
2_t2vkoN6eY,en-US,en
AOJgsE2UJ1g,en-US,en
HoAbe9d1WjI,en,en
rTxwOwnnPok,en-US,en
enrY90jOLwY,en,en
eAQOnkAKsCc,en-US,en
7YKgtrjssm8,en,en
8BaKs4MMPy0,en,en
EZ0qQl4tUGk,en,en
dBf9qYH_tFU,en,en
UTiI6vSeqG0,en,en
RKDZWsffmZs,en,en
0PNeGdyPdJ4,en,en
aYqzmNXT-rQ,en,en
gFH8CHDIv3E,en-US,en
rndm-QJjDCk,en,en
aDC9z5K1xgw,en,en
Btvb2zZRL_I,en,en
Z9k03Do6eGc,en,en
146SlxGGRAw,en,en
KPBN-NSTvv8,en,en
vBwVpNJ8_S8,en,en
hDoK56zLGog,en,en
YWNzJnRwBec,en,en
P4-aiKxUMOs,en,en
QCJKZCN_w3c,en,en
yGyYiAtXimU,en,en
Y_rLPXDLzrg,en,en
E4K-bLhkt4E,en,en
K_moGf0n68k,,en
usOjuNDy85A,en,en
4wNRqdIV6KU,en,en
2IYCpAE2Mg8,en,en
LBxe-FxdYss,en,en
iUYhcC8mllc,en,en
Jm2_nrx_y4M,en-US,en
-knwZZlOahU,en-US,en
_G6ocInOUws,en,en
q0zpM33ZYIY,en,en
0EJ6Hje-5bE,en,en
2AJYD-5paT8,en,en
PbpSwJa3pLk,en,en
W7w92lNnm_w,en,en
focaySEh87M,en-US,en
l04sna7tXHM,en-US,en
ybE_-F-WLLk,en-US,en
lGlwdhHwqgU,en-US,en
PS-qKuDAJ3A,en-US,en
XhloImevgDU,en-US,en
4Pj8649S6ak,en-US,en
mh6aezKxvSo,en-US,en
tpfGvQSyJd0,en-US,en
5-8c3ae5zOI,en-US,en
LoIIFTTsvyM,en-US,en
0BTccIb8jck,en-US,en
qSSdNS7UA7Q,en-US,en
E29VGgYq1qs,en-US,en
HIQ5WC1rSiI,en-US,en
ynIDX1z2-cc,en-US,en
W2oi9UD8VLo,en-US,en
ITeZT9nF5hU,en-US,en
wVM04VF0qb8,en-US,en
K-KYhyGdrWw,en-US,en
yNukVoJ8XqI,en-US,en
3pnRAAI418c,en-US,en
f2Iy0SuqJGE,en-US,en
jgoqDLLoDZU,en-US,en
AJKtZXY_QGg,en-US,en
xuT_PPbMf1s,en-US,en
a7UTzWLITXI,en-US,en
e8XXbhOEnVw,en-US,en
3wOR4GtGOpE,en-US,en
hViJMrbrd2A,en-US,en
ixYJBaLp_Xo,en-US,en
A90sVtVppt0,en-US,en
wIWgLIRdl9k,en-US,en
fIkcx2jqVuY,en-US,en
2MN9TmKiydo,en-US,en
N20ZlTdbvPA,en-US,en
Al0XO1ddgvI,en-US,en
jyeilzvM6Yk,en-US,en
PvIaXq_B6OY,en-US,en
on__R9hGtu4,en-US,en
ABNVwIqGCn8,en-US,en
jAmHxodDVqc,en-US,en
bC_r-4_tb-8,en-US,en
QlBmrq-_2XI,en-US,en
l_CVD6cQSY0,en-US,en
8rvvQz-e3Pc,en-US,en
My3OPYa9OUs,en-US,en
_XI4QuBngU4,en-US,en
TX5nPzYWGhA,en-US,en
j-83ivhGSO8,en-US,en
lvg7_g9X2Og,en-US,en
rlSgnnR4kmw,en-US,en
zpRhnCxXU3k,en-US,en
AZYIhchNUJg,en-US,en
GPcKqTxP8JA,en-US,en
fvBtL10r6qQ,en-US,en
2iyiXffHBS8,en-US,en
knA_YhB3l_4,en-US,en
h-0CbAwPtIk,en-US,en
CBqsFImGGKo,en-US,en
5JX4AfDqt50,en-US,en
8zSQt7PFkts,en-US,en
57_roE9rI6A,en-US,en
pdAMuScnK8o,en-US,en
z3XtwMSI-z0,en-US,en
hAbPB6W940A,en-US,en
pQVqcPINlWU,en-US,en
_VKkxxv9Q8w,en-US,en
QtEceyBo0qk,en-US,en
Orv5CcR_aeo,en-US,en
JYB-HmHtq3E,en-US,en
MRp0gZb-x54,en-US,en
pKWYHbjsOx4,en-US,en
Q7lXjxwMcBI,en-US,en
I-ppS1kyGhM,en-US,en
th3GzGEOloE,en-US,en
7fpzTdDexXs,en-US,en
rhwe7zRY08o,en-US,en
2vB8ASDxAeI,en-US,en
ZMq6cg2bX7o,en-US,en
vFQPpiVwdtY,en-US,en
mxjzZVudSZ4,en-US,en
K3z4qyGk9HQ,en-US,en
r5g5wc1AJXA,en-US,en
bvJUOV4Tmqc,en-US,en
6CqYfk71OEI,en-US,en
ca5K-q-kPOs,en-US,en
A6sHD6FkNFQ,en-US,en
ktFeaee_SzA,en-US,en
Kc8slnizSF8,en-US,en
rlA-nlZUwSg,en-US,en
IzvNyeq6PDk,en-US,en
VFDNt8_ZI_s,en-US,en
QqIiU5t_iGE,en-US,en
oK5GVfYBCw4,en-US,en
DP2mWfT4zN0,en-US,en
jU5g7tPiXto,en-US,en
jmbxcaiYI7Q,en-US,en
O-i1CigKjd0,en-US,en
F1HTAcFhY0I,en-US,en
z9NZmxrzlwQ,en-US,en
WvXlo8wRZH8,en-US,en
mnq-KnHX6-s,en-US,en
71EIuij2Lf8,en-US,en
8zbqjkoFDbI,en-US,en
5D14sIYyPhU,en-US,en
UXxH2pLjULs,en-US,en
xWdqbkkpMBY,en-US,en
TIpZTOzEHCM,en-US,en
Mf0khRG-j3Q,en-US,en
W49IT5OkNdU,en-US,en
2q06oL-pIpk,en-US,en
ne9lPNeNMYA,en-US,en
WxGtfsxQL2I,en-US,en
NxOns_5gihA,en-US,en
8zesrOc1Tfk,en-US,en
LgJpI5cLej8,en-US,en
wOJA8BOt06E,en-US,en
d8qJdb_KxX4,en-US,en
LiEdM6ehIyE,en-US,en
zVhyYOOEUac,en-US,en
3Un6Xu0JNU8,en-US,en
NUCO3QgwtF8,en-US,en
OwTBS-dz6rU,en-US,en
OURSYGaPL8k,en-US,en
3qv-XCla3t8,en-US,en
M2cmU2lJAcA,en-US,en
E4NgnXgDvfc,en-US,en
qyQ63ewBBhk,en-US,en
TcoZcUNv2gY,en-US,en
dAFifyjZbqw,en-US,en
neF12W_7VpQ,en-US,en
le22hKrd5Ms,en-US,en
p3pqgMum2qk,en-US,en
Muw2Rqj6c_g,en-US,en
AqE0bjw1ebI,en-US,en
D8cQozWTum8,en-US,en
RbGLMdELWY0,en-US,en
ksrKwr2BFfk,en-US,en
LNNBjPAJC7E,en-US,en
TzCQf95V0-M,en-US,en
NQsb1LqtYAI,en-US,en
EUMyg9sL2Ro,en-US,en
gnRFAEsYEqQ,en-US,en
gByXMhTRibk,en-US,en
c-_SAkKas74,en-US,en
8Dg6QIxTUh4,en-US,en
cmLcOsszv20,en-US,en
0td6aJDNzqc,en-US,en
qgnLQGHQgB4,en-US,en
wyWFWMhtvks,en,en-IN
KwYTvDhPme0,en,en-IN
hLjcnwkgUCY,en,en-IN
RPLp1UIf0s4,en,en-IN
FOI0K7_JaLA,en,en-IN
D0VkP42NV2o,en,en-IN
Gkz1FBi3iew,en,en-IN
wyPKEkONOic,en,en-IN
e_yevzZMe0s,en,en-IN
VOsAZuusptg,en,en-IN
grnj0xoPmjQ,en,en-IN
kwRJFE_nn9c,en,en-IN
emJ7R7V1ijY,en,en-IN
GGF7qIhMdSg,en,en-IN
XKJUzhoVTDo,en,en-IN
labWY2bs-nk,en,en-IN
UQIcjRMWGow,en,en-IN
BbeppvfJLwA,en,en-IN
bnjjiKWngI8,en,en-IN
aF1GB94LgNM,en,en-IN
iIC-Dpinu_c,en,en-IN
ay5Ho3QeZnw,en,en-IN
RmxFuqM4AGE,en,en-IN
JqD4QH9cWRA,en,en-IN
sDrRUnd2oPI,en,en-IN
eXMXsmONKic,en,en-IN
eMofN2FHUq0,en,en-IN
5ZMh1xa8q2c,en,en-IN
sWtIvCPgXck,en,en-IN
Qov-lixNYiM,en,en-IN
W8qhx6wZ9c4,en,en-IN
rLAegbX2VoI,en,en-IN
qhOm86s1hZI,en,en-IN
gfHJ_wMG6HE,en,en-IN
5fP89VZcc0w,en,en-IN
Ae8XigD10Lc,en,en-IN
KZh77xHgVgQ,en,en-IN
gnxOFXN_At0,en,en-IN
i71cLZEJSeA,en,en-IN
ZvwyMoZgMMg,en,en-IN
mnXUtQ4wyVo,en,en-IN
Inf9Thlm0GE,en,en-IN
5OPuNFL4RN0,en,en-IN
hGJ6BuXXALE,en,en-IN
BeRfU_yh98g,en,en-IN
0ezNACPFJS8,en,en-IN
6tkxo7DZEn4,en,en-IN
kSwgiA6OFlQ,en,en-IN
QDUYhWR9T7s,en,en-IN
rSHEr_l5nWk,en,en-IN
3GWWIzIV5BE,en,en-IN
GLkjGxc8cjA,en,en-IN
4uz_l0bMg-4,en,en-IN
SC62f9zwakE,en,en-IN
zy2Gc0zz74U,en,en-IN
fbDP7j-dneU,en,en-IN
5rPiVqdTVg8,en,en-IN
QVRBSoTNy_A,en,en-IN
qLTUKGpowIo,en,en-IN
aB1KP5VtIoE,en,en-IN
V2uC89-mvdo,en,en-IN
gUWWzbZiPuM,en,en-IN
qbSISmVr4Wo,en,en-IN
QZOAa9nE6WQ,en,en-IN
uFtRt5TG1SA,en,en-IN
IMxPKBtt_2Y,en,en-IN
i2HkFooCUUM,en,en-IN
UTXSFWE2eJc,en,en-IN
aLZy9Q5eLkk,en,en-IN
iqG3nHIK1C4,en,en-IN
pLiCkqOrQJs,en,en-IN
QtLtrWfczDo,en,en-IN
kdajV4VFwRM,en,en-IN
c7ABfq71yV8,en,en-IN
B1ywZxl1HJE,en,en-IN
LiipKdZYAXc,en,en-IN
22LaMw1VFuA,en,en-IN
MF2FPwvHgdg,en,en-IN
GfIw4mbYD1E,en,en-IN
lEKRmJ2vkyM,en,en-IN
Mf8pFF58J_E,en,en-IN
Eucnr0wOqrg,en,en-IN
IBCGlmm2qmA,en,en-IN
MZtjq3lze6M,en,en-IN
w5Lq8GdK0WQ,en,en-IN
MmfY3DAh0p4,en,en-IN
4l8pcGAqrMM,en,en-IN
Uj0CfCuhpxU,en,en-IN
nd5XOJGRk38,en,en-IN
YVEg_PLqUM4,en,en-IN
hhUoF7nTp9w,en,en-IN
V4ao0GhG9Do,en,en-IN
A2zuRl8xeVA,en,en-IN
-ZR2euEEcbA,en,en-IN
qPW1ka5hcog,en,en-IN
CSv3x-FIwWc,en,en-IN
c5TMqMrN5h8,en,en-IN
g_V9EHUm1wk,en,en-IN
RpuPwedts78,en,en-IN
AQhA-KDfsTI,en,en-IN
2yvzNPkLS1g,en,en-IN
fg8nX-1pJu0,en,en-IN
f3HDQ71xPCE,en,en-IN
Ir5qTVr8CBk,en,en-IN
d2uX6BN9Hmk,en,en-IN
-HQLhV_uyU0,en,en-IN
NTRwLLcUtNQ,en,en-IN
SlrBjkg7lVM,en,en-IN
NXEldHt4xS4,en,en-IN
D9BQElmbHY4,en,en-IN
tDXnMql1Fqg,en,en-IN
Pyj3kIOrq0c,en,en-IN
myEAeIqWrUg,en,en-IN
h02y-rYnOXg,en,en-IN
K1kygy-n9t8,en,en-IN
8wmAWgqq6fs,en,en-IN
3KpLmZ2OeSk,en,en-IN
y8rcB0533YY,en,en-IN
_C1UFlyb8b8,en,en-IN
Xk0lNlwKWXE,en,en-IN
DNmN8B78ga0,en,en-IN
1Q7e0G-S1lw,en,en-IN
m484gkDs9p8,en,en-IN
bqwGny6_XBw,en,en-IN
YquWkmQLFZs,en,en-IN
p_Hpey-7amQ,en,en-IN
OgfB5NftVPw,en,en-IN
lO7EhSLaKhk,en,en-IN
1lnmET6NweU,en,en-IN
FMg09tSGiNA,en,en-IN
K16HzCobReg,en,en-IN
zT5CCdDBsCg,en,en-IN
SQ9YMmEzKb8,en,en-IN
digLWWxX1nc,en,en-IN
VcaHSh1wARE,en,en-IN
mTtqS-py9ww,en,en-IN
QHNnRDD1TvU,en,en-IN
H8DwdRXlUNc,en,en-IN
lCX3A-oEwYw,en,en-IN
A1hTvM4p6AI,en,en-IN
yZM1E6WOxeU,en,en-IN
KyPG8oF5Vts,en,en-IN
SBc-w9Wp04Y,en,en-IN
V_5xzF0eJaA,en,en-IN
gDDF7_LORV0,en,en-IN
0GU0OoEkeLw,en,en-IN
ryiR4SgiQ6M,en,en-IN
dZe6UN1KMSs,en,en-IN
Ii2m7PQaafk,en,en-IN
Cg0W4RTT6so,en,en-IN
JtEnMpaP-yk,en-IN,en-IN
D5cWP66KCfo,en-IN,en-IN
pY9zU0uyRnA,en-IN,en-IN
e30dlf8syRM,en-IN,en-IN
r5gPVq1KEZE,en-IN,en-IN
1pCtQcIrjEg,en-IN,en-IN
7dtdkaBNncY,en-IN,en-IN
27_AbeE6kuY,en-IN,en-IN
T_eEZs8_UOg,en-IN,en-IN
PLtcPltOrtI,en-IN,en-IN
ZoXYpLfUuMU,en-IN,en-IN
b3lX6jR6moI,en-IN,en-IN
0lTlqE86RVY,en-IN,en-IN
HBZ53ziKGt0,en-IN,en-IN
_rncv5Yb69Y,en-IN,en-IN
LJpdm-qTqqM,en-IN,en-IN
dEqG7WMqO7Y,en-IN,en-IN
8M9gmN-Ve-4,en-IN,en-IN
JtbTA0yJODk,en-IN,en-IN
Vzm-rcwUsK4,en-IN,en-IN
0fc95Mq1bOc,en-IN,en-IN
ux_JEJe9_nU,en-IN,en-IN
tWkTO7RoBWg,en-IN,en-IN
IvsQNvu0BLg,en-IN,en-IN
I7zMNOYnYaQ,en-IN,en-IN
7B1p9rqw3oo,en-IN,en-IN
iyJGK1hQRhU,en-IN,en-IN
Iu1xildUNNg,en-IN,en-IN
r-7TeNrFHKU,en-IN,en-IN
GpKjCn5R7Y4,en-IN,en-IN
gUxrowaQUoo,en-IN,en-IN
Zzemu7ljXdI,en-IN,en-IN
Dv1Bp94hKZ0,en-IN,en-IN
AF26JYr0z10,en-IN,en-IN
jkRClCC0E24,en-IN,en-IN
NCcq7g_C3Fk,en-IN,en-IN
ROqeMzQNesI,en-IN,en-IN
gOLWfaI-OyI,en-IN,en-IN
4cssUUsX_Jc,en-IN,en-IN
5IY1ywzhKhE,en-IN,en-IN
GVl32H3-9tU,en-IN,en-IN
3eVNanYBAZc,en-IN,en-IN
E09EC2ifzIU,en-IN,en-IN
JzP6OyKVq40,en-IN,en-IN
fCWXtjdmkA4,en-IN,en-IN
nhwNQTRbIXA,en-IN,en-IN
mqu54GaxI3g,en-IN,en-IN
e4KaAjLbs0I,en-IN,en-IN
VGu7JWD0GKI,en-IN,en-IN
1VgAB_gKHaw,en-IN,en-IN
TOmChccKFzo,en-IN,en-IN
Wzw-7rz7JUQ,en-IN,en-IN
4B0xkKfrd_0,en-IN,en-IN
cbZGGowhenA,en-IN,en-IN
yY4Ol5LwYxs,en-IN,en-IN
hCnn-LxcTEo,en-IN,en-IN
KmCPiiANCck,en-IN,en-IN
IaosG3J1qbo,en-IN,en-IN
Ydn4Bz2yJWU,en-IN,en-IN
qFQeRWKXhoU,en-IN,en-IN
NuoBhn0AKAk,en-IN,en-IN
G0kFKe_hgx8,en-IN,en-IN
jry2bPNiVB0,en-IN,en-IN
UGyBmpcKUAs,en-IN,en-IN
VRsmy1iFZFw,en-IN,en-IN
ph4b31oSnKg,en-IN,en-IN
4xKHYR4nnlo,en-IN,en-IN
HZEd-nFB9VY,en-IN,en-IN
O3ug-nVMQN0,en-IN,en-IN
USQ8WRGV3Dg,en-IN,en-IN
XPgDrp06UA4,en-IN,en-IN
yjwGCqCq2js,en-IN,en-IN
7PsazRDJBm0,en-IN,en-IN
QrYK0_Ro4a4,en-IN,en-IN
Ac3ehviO-mE,en-IN,en-IN
Zr-CXwZRoVw,en-IN,en-IN
IxMp6S3N-yI,en-IN,en-IN
ZHuRKr7bFLw,en-IN,en-IN
t7eI82V9EVk,en-IN,en-IN
VnanqAaUteI,en-IN,en-IN
j6WyO5zihDo,en-IN,en-IN
m0bWxubjJMo,en-IN,en-IN
atlhLSNYRLg,en-IN,en-IN
EzGMPgTASQc,en-IN,en-IN
lVrW6RWcnGU,en-IN,en-IN
bLT8CtF5Zgk,en-IN,en-IN
LQ3pHwzWCvg,en-IN,en-IN
FD8FeY1ZcSY,en-IN,en-IN
JW2lcRnOfto,en-IN,en-IN
bvLXQ6d5m0Y,en-IN,en-IN
wbg8IKi2RsU,en-IN,en-IN
dHLLQo10PCo,en-IN,en-IN
wDvdMZSl5Uk,en-IN,en-IN
phB0qChnHt8,en-IN,en-IN
e_5igagXrW0,en-IN,en-IN
Aq2JjZlH_eg,en-IN,en-IN
Uf810Asl8a0,en-IN,en-IN
NZwKk5sHziU,en-IN,en-IN
KiH-gylrTpg,en-IN,en-IN
LU3yQHMS3iw,en-IN,en-IN
tZ0ZQd3j26k,en-IN,en-IN
EGwyxeOnldw,en-IN,en-IN
P93J9OWuLtg,en-IN,en-IN
LYU7lgD8k9o,en-IN,en-IN
uHWCwhORDTI,en-IN,en-IN
OXyVhCEyrz8,en-IN,en-IN
ZOfYD-aD8xo,en-IN,en-IN
rACSYSZkIF0,en-IN,en-IN
YqCT7GWSLqA,en-IN,en-IN
leFFkT1TLks,en-IN,en-IN
5B34GiqwAIw,en-IN,en-IN
K22X5hGOITk,en-IN,en-IN
OKrYCIHsCRw,en-IN,en-IN
uvE5qQKXe3Y,en-IN,en-IN
hdCrw-MySfA,en-IN,en-IN
BJ7SxIRxtfs,en-IN,en-IN
5nDwvP-4X28,en-IN,en-IN
5z4cjZEyXsY,en-IN,en-IN
s9v0hRebr5k,en-IN,en-IN
bMuOelRtPmU,en-IN,en-IN
r3FfNWVwEhw,en-IN,en-IN
_ig7dDQw63Q,en-IN,en-IN
Lum-p7Y5KH4,en-IN,en-IN
E_GFWrxqZx4,en-IN,en-IN
kFiCz8Hq_Uc,en-IN,en-IN
WcGkLmprD0I,en-IN,en-IN
SP7sxbo6X-8,en-IN,en-IN
T9176SCvA-c,en-IN,en-IN
HCQMMxBjSqA,en-IN,en-IN
dArctW6OdlU,en-IN,en-IN
e5tJirrkxrM,en-IN,en-IN
QgQCdXNkbcw,en-IN,en-IN
Ym_XQP_QQp0,en-IN,en-IN
TXorEDSe2D8,en-IN,en-IN
-8H72jOk1-M,en-IN,en-IN
abcGCMwCCQA,en-IN,en-IN
zT4ffXhjM9Q,en-IN,en-IN
SnJ4j63_AAU,en-IN,en-IN
Lu3ETdY3G2w,en-IN,en-IN
PSvcSoe7ykE,en-IN,en-IN
hwFyhc6H2SI,en-IN,en-IN
eTkvSJcKPHE,en-IN,en-IN
bcdQErn6m-o,en-IN,en-IN
YUvavz5YBc0,en-IN,en-IN
o4jw_NIdC-c,en-IN,en-IN
SounFruqy9k,en-IN,en-IN
7zXISJ50zK0,en-IN,en-IN
MRwojAxkKrY,en-IN,en-IN
qjIrVS2we2s,en-IN,en-IN
JVVwa148KTs,en-IN,en-IN
ABxRtKzy_B4,en,en
SuLE8_AnYEI,hi,en
gjQelXwpJ7M,en,en
wxPixemBbG0,hi,en
ussBG9uOxhQ,,en
i5Yq8-etlTo,,en
wUXAu32NJ4w,,en
LGMcAy3UdGM,,en
7yI5QAbYhec,,en
SOW325GbqF8,,en
YDvKvN57Tf8,,en
MLIP70nM_x0,,en
1qjjuR0kjEI,,en
EGhmL1EcQSQ,,en
HWUScrc9hIA,,en
6rHRqMuAo0k,,en
G-uRNdDZNdk,,en
GZomq1xZb8Y,,en
6fXNqqPL9TU,,en
UJjw7-E5mmQ,,en
46zib80uCkw,,en
jCUWjkGvlIo,,en
pZ1whD8iArw,,en
45KqnA3a7zc,,en
lYVF9DpVjvA,,en
yO2J0F97F3c,,en
bt6_DqjZHZE,,en
jfsnGVE7rsk,,en
9Yo8HHCCOws,,en
cg-jJ2-hnNU,,en
7nPYU3fSXFg,,en
nluuKEWPN10,,en
NWzWJdBv7ew,,en
9b_9pwULcl4,,en
oQr9-_73m9s,,en
IxHd-flEcoQ,,en
v92G0LspQ7k,,en
b9H5Pk_S2qc,,en
0Y80vsG5Xo0,,en
p9eaWa_h3Rc,,en
W9eTjriwwmY,,en
oAz2kN4v0fE,,en
gE_2nuQkH6M,,en
U0eNZQ8bqJ0,,en
JeVX34bxxwE,,en
h_m3nZv2r5I,,en
ucmMbu4vlBY,hi,en
y-gmqUYMDQM,,en
TRXnZaHiFdk,,en
_RWLZSGOF8E,,en
uEK1BMFLEcc,,en
pAW32cFGXQg,,en
3uUUOfyEgRE,,en
TYnPFdyzz5Q,hi,en
d9kQVmMr2GY,hi,en
ECrL6tJKKd4,,en
Fl_DAvuKKAI,hi,en
r_DOCDuoh2Y,,en
ii3ndZ_Hqlw,en,en
w0ghukWh5V4,hi,en
Uu0ICZVlCtU,,en
-ztHsx0LJmg,,en
3AnBeBWvU78,,en
YsPTJUWXjPs,en,en
INjRL_LYR0c,,en
zvsIZXowvxY,,en
pewf_FUNiLw,,en
_Mk1emmIfZc,,en
ILIYz3KMH-Y,,en
it_KkQf5Ydo,hi,en
0WEN5BpdIP4,hi,en
jMLyB_uNhwc,,en
Gq75M_C_IP4,hi,en
jCFnajymikQ,,en
8o3TNDtQYbY,hi,en
8Vq7GFc3BjE,,en
l90gOSR6JoE,hi,en
tNtyyHTz3wY,,en
MQVzLmp1oqA,hi,en
69XNdu49MFE,,en
EORvlx_QTXI,hi,en
uTMZJTgfpws,hi,en
wqioPxptMYg,hi,en
wHTreNexw7E,,en
OatRVQbCMXU,,en
RpJ_j96gpx4,hi,en
TFr-FLnJWaQ,,en
K0YFaOox4FQ,,en
5CThz9I-Q9k,,en
PODdle89rN8,,en
a-YnmC-yJJU,,en
9sXv99bHZeg,,en
u_9HpXAbxSM,hi,en
ZD-3MmPKyvo,,en
u3eBjjx51gM,hi,en
ThRwwYshwn4,,en
-SRfIm-dae8,,en
7dffa529a8U,,en
MK48hWZbpAQ,,en
dA5IxIk6-a0,,en
ktHwUTLRDRo,hi,en
WW3ZLX8tT48,hi,en
BbpTFMt_5S8,,en
lVubZFeuQ0w,,en
HcDkwQwsnQU,,en
EeipEPzJTtM,,en
x6jfRtsxL8s,,en
00usoAmPn04,,en
2CrQlZ1uvUM,,en
-ALvEU4L4Rs,,en
WlZWPgNgzwk,,en
KdHS74D-CWs,,en
ugl5a6VzEN4,,en
ey7YKNK-uR4,,en
1_KWUmZe8rc,hi,en
bVcmfDAgELY,,en
l6M50QnglmY,,en
UxVbYhMoAXU,,en
4IoieqzZUkQ,,en
e079Uf4KsNQ,,en
O191rMO2A_Q,,en
80pVc9plZWM,hi,en
lQ3N1AgMm2w,hi,en
iOBo0V8P4Ww,,en
xVrB3B0MPkU,,en
QlZ_35QdcT8,hi,en
cSDqZb7YeSQ,,en
YI_dIA-z3Pc,hi,en
Ga6usGj9KiA,,en
XyYcPmb-3Qg,,en
qvad7zAkHKY,,en
DWWR3IhTLFg,hi,en
f0gWTMtfYWI,,en
e1sjXr3gFIc,hi,en
EfTayMZWZJk,,en
K32XCgy7Ngc,,en
VWUPdPmM5N8,,en
imDk0dIaH5U,,en
JyFUQQU8bWU,,en
_ICmr8WGYOM,,en
QODf_6My16I,,en
GX2yPx3ygxA,,en
3nYo_pU3c8Q,,en
CVuMyPJCeFg,,en
T3pyx89utWo,,en
fGiADuiq77o,,en
Ydz0EQO0gdo,,en
nwfp8IUnZ_o,,en
Ijh-WUbG1Tg,,en
NrwMDPUayIo,,en
J8QAeM68kS8,en,en
VYZRj4KfOSo,en,en
Kf8lwaWTbc8,en,en
IMipk4t-K88,en,en
wP6Kn31IiVM,en,en
dfWzxLkUhAQ,en,en
9HsRCj9_DzE,,en
ur19gDzr4kQ,,en
JcAfOIvdvZY,,en
7B_3zUZKUQk,,en
Mh-mdM7UuDk,,en
j_nm7N1Rylg,,en
u3PVK0sTQII,,en
bTmFpKf27YQ,,en
Bu0_GHzWqaQ,,en
7GJDxR_psIc,,en
jhW4k2PUkmM,,en
G7DKerDiXfw,,en
ttTgFiV_OZ8,,en
6DXXb2wE3xc,,en
iUouWlFDZ4Q,,en
Ed6A-VpznI4,,en
eq9rFnv61Ps,,en
A3xIzagMAkM,,en
hONQ7xsSfeA,,en
s3kwx4It7Ww,,en
dtNvxC8s5pA,,en
vBEjulDYPEM,,en
UDTopWTchYk,,en
srF-qt-dbyY,,en
CZUovaj9Wx0,,en
q-P-g6VlvRM,,en
Gk4oCoKARsA,,en
-DPFwdluzSw,,en
bNlK7vxkQiQ,,en
RVfpTbGkVIk,,en
hCWa4TTHVRQ,,en
MPhdduOplnY,,en
vLBlwexbla8,,en
MSoikjEvIZg,,en
3ONjzLQL8xY,,en
p4qssE1fbnQ,,en
SeFNaaoLJNo,,en
foi_BSbt6KU,,en
FneBFxegtVI,,en
79W4AJcZ91o,,en
HmtkULjfEt0,,en
XLc_Br7hCMY,,en
p6BFlh_4Gkw,,en
7SVNH0O5Kmw,,en
Eiw2T2C0I-A,,en
0B92Qin3OAg,,en
3Ea1JjP4K6M,,en
6_HLujGSoHQ,,en
FGjh8yQw2xI,,en
EHN488kG8SQ,,en
fAKGSaFvx74,,en
7DfTv43IUHo,,en
HGvIcKK0m_0,,en
Y2osPBX656Y,,en
5ZBeqOOGAF8,,en
JgV1TZqUn5c,,en
pvdkJ5jJh8k,,en
jtnrCKOtS3U,,en
NteQ9XyJaPM,,en
OfwPdKLkt_Y,,en
fm6rUfXWz1U,,en
iCr7CxQGzJc,,en
1Jdhn6rVIxg,,en
S1siVmz9344,,en
ImUPlhOEeIw,,en
1Fc6gk6gHOA,,en
2Dmn5dJ-x9I,,en
BxsjtzcQYKk,,en
R6113U38H_4,,en
E-OEWBzEzu0,,en
GF7FVfANyPI,,en
ZCd8GF16o6g,en,en
5RzNeiuyKS8,,en
OhMrELfxHMw,,en
74F8A-fBBRc,,en
b1W-nrfdMyI,,en
C7vXc_Ctup4,,en
Kf4okzyYTG8,,en
6LSMmadPjXs,,en
IcdvZi9VTJI,,en
QNwiejzH_qM,,en
Ea1srNEPxGU,,en
BeMbAlD81Nc,,en
hL4pjQLq1Pg,,en
ENcUYee2dEs,en,en
WgMM8lv5AwM,,en
2Tfo6MJjSsI,,en
HNi6W-hOul0,,en
fZbCZIIcYnU,,en
On2-JrF6jzw,,en
rRLBZDUDVyw,en,en
X2vmNRcIbS8,,en
bzpdZDdGtrg,,en
J8IhpHptJL8,,en
HSUv_vW0jXM,,en
0P7HAe61-dA,,en
Wsh_YDcuPrY,,en
TETi3AVxn7I,,en
FwUcxvavHcI,,en
5YgYuzWNdMM,,en
zVp4N5ImREg,,en
EFdrav1iKd4,,en
OL75a5fwFAc,,en
kObVxReZWa8,,en
g-HIiN-1ZbM,,en
kf2vGREMHZw,,en
qLzKeBwxA8Q,,en
Voxe_UlNudo,,en
5N6otVJQmAM,,en
av8tOPiKcvw,,en
Nx-LKcl9wzU,,en
ueru2nYe8mU,,en
WVJZ68nUIv4,,en
f0QIN1fTt8A,,en
nLBqMtGZzVQ,,en
-MegGMTeldY,,en
j5hTyJO-G9A,,en
74dzFVd8Lz8,,en
ocmoYqHz984,en,en
4YzKEm_vVYM,en,en
3oDsQuzU9c0,,en
lgNXdCTkWDM,,en
et_Qm78tF4w,,en
nkCtD9PZeBs,,en
18BtGTfrUP0,,en
mqJ2El2Rw60,,en
276Dj2bqbw8,,en
1HeF-RI0Drw,en,en
RO3r45MPDsw,,en
okXlHE19jFE,,en
iOYQ1xu0VTQ,,en
lC3S8ybBY-U,,en
S8Uwapt-t-g,,en
d5WwDo_QP4o,,en
I5l5rAGi4J8,,en
nC4LFYnZarc,,en
bi6DuQnNVbs,,en
AK4l-U547y0,,en
-yQhRGrlZZw,,en
S3gBMBtO_2g,,en
RyevSf9L8og,,en
TatUpxcZRig,,en
lCgyntKU-LU,,en
00WPfMQxkns,,en
nJq_lDlL9as,en,en
lOPsSVMdRq0,en,en
O-ca5DFxnpo,en,en
SclW5jQbS7s,en,en
zcn9MCAqMZU,en,en
5tPl1jyoLGw,,en
t2jqgAE86og,,en
NN8mzQnGAcs,,en
YVP-UrLsm0c,,en
B3GmVdJjYgs,,en
5wTKQdeS0Ns,,en
Qo0OcZU4dFA,,en
ELNj642YEA8,,en
mdP6w2z3_gI,,en
GnlXo3gkbY0,,en
tuQ6YbaXFRI,,en
XgD9E1Z_WOw,,en
-MypANke5ac,en,en
Q4BP3OuVWos,,en
99nTkOtXDNI,en,en
C4cNARvUBG0,,en
y_PH_qtw5A4,en,en
aKBwPLcCfTA,,en
uYENwOS-nrg,,en
gJgnVmIkG_g,en,en
FZY7KXDbXfw,,en
AeUKQLCIsW4,,en
LokxVFIkmDo,,en
D1IVxYzc9iM,,en
qgw2OTYuqoA,,en
tEgG15mUx5E,,en
ub_ZM7UKaGk,,en
86LmZksp7O4,,en
fzsBNeafACg,,en
i5R2ambb30s,,en
vZ8yiKELoKU,,en
gkyBhG9PC1c,,en
h4uVQb1Yb7A,,en
Vkiw9sWZxQ0,,en
ilgaYKMxiAM,,en
00QyqXAW5lo,,en
HnUACSsurBE,,en
4FFa2TV53y8,,en
xftre7DAALk,,en
bgOELfzJM58,,en
MihxgJV28EY,,en
Y2WvVLrR_lY,,en
1KcI3DImlIE,,en
F6r_ymTF2kg,,en
zOZGU38r7Y0,,en
MYs_scMuQ6E,,en
xm_4BNFN9uo,,en
hlT2d9BVUTA,,en
tIsaFcg7mpg,,en
WtVwvIakfIU,en,en
qfGhhHpZQpE,,en
TJ3Nc_e1ymM,en,en
JYxL9i5AGLQ,,en
HrYIjlP7Fcs,,en
Nl5_GKuMFE8,,en
CiwvKmTcb9o,,en
dR8E2FyULwI,,en
6P1uCiTl_FQ,en,en
OYpqwVNFJSE,,en
h0YtkL31z-I,,en
aD_prnQVHsc,,en
4Mwm3xgi8SU,,en
Y3gfVoVW6Cc,,en
577IkbNyRmw,,en
3SwDE2lFCqw,,en
0glyHTAvX1Q,,en
P6mRwkf6Oz0,,en
ygZCNsBxMTI,,en
5UZlU40Hboo,,en
TwVO-frzfjs,,en
VKCR4D5uthQ,,en
Jej2IqqE42I,,en
og4QBykFVpc,,en
IUEwU8Q8mYA,en,en
v4r392Z-ZmI,,en
TZoWGofpB8g,,en
AzaqQMCqrdg,,en
OCG8YSDMOHo,,en
A_0tV3AaEqI,,en
5sapSr4qcv0,en,en
8fb0rOlTDOU,,en
CZt_jlAZBT4,,en
DwNXXqG0BFw,,en
y2H4s9bZrL0,,en
3SpcdbY_enQ,,en
Ceo72vCv6K0,,en
MqyFbvWDWOA,,en
dgz1brTNamY,,en
DtR9qiWzwAA,,en
SOiwqe30pnw,,en
wNCp_F-yfug,,en
65u3mtDCmbU,,en
jdwiZJO8D0I,,en
piamhh5vfVE,,en
Ctr3-nl1Mek,,en
ys2qwBcUokA,,en
elGEO0UqzN0,,en
h_H8GSrgXwM,,en
_j6gggZH_-U,,en
Vv27rL3otKA,,en
oPxS1EL4CZA,,en
RKxcthTBCFg,,en
1psAjDX_fK0,,en
FDYfRsnGElw,,en
R4ggRrb9_XU,,en
9B2j1WhQvX8,,en
BTaGSbNFLTI,,en
5zJD1R5fosc,en,en
8Y1_2kMxDM8,,en
MWoWdTYd7Xg,,en
rblp1uTchTs,,en
WevAULFYXtM,,en
rZHUZXRtGqQ,,en
UNP3rYb8oVI,,en
dsw_5a5aNKE,,en
HsfzRTXUMxo,,en
ME2qIsnjM5M,,en
jRZmnYVWLes,,en
qVI-tAdg4hQ,,en
Ykq_jd5eUSo,,en
zsfa8PAcx9A,,en
riWpqX8bTPo,,en
UnbFc4u6Jvo,,en
BjN94wZ7Dmc,,en
_f0cG_x09PM,,en
p-fpuJkP3jo,,en
1alYlHl8rcg,,en
o58IZMsDU00,,en
WiuFekDVKUE,,en
7D4JLLIn13w,,en
N5jqEAuFj9w,,en
6zWUhRbHLeA,,en
6GHM1Fw9li4,,en
2hsuBJzllQs,,en
vRVJwGSUXqE,,en
76gnl0sxuNo,,en
qc5eUozVqw4,,en
dgHJE56se8I,en,en
g2axTC7Bj9I,,en
si3DS1yemjE,,en
S-vbrsp5Lrc,,en
6_dQiLGxxzQ,,en
xZPS47rtKMc,,en
T348AS4Vd_w,,en
r1CThGPqNHY,,en
-r9zfF12gAY,zxx,en
quotHYcAJhA,zxx,en
eWIpnsp-iYk,zxx,en
GxiiFiIPbMI,zxx,en
i6ieswqqKT8,zxx,en
5VGl5QP7Iz4,zxx,en
3gGxaf3oEMk,zxx,en
LaMI_veBzi4,zxx,en
8SxfTl3ShIw,zxx,en
E83ichP0rpo,zxx,en
ieCKlSZehCg,zxx,en
SuVhejQeHrI,zxx,en
bZI91-_QDNg,zxx,en
arfteWDlEhI,zxx,en
IWyHCLNabe8,zxx,en
liSUv7RBZ_I,zxx,en
4PO92Ayx7BM,zxx,en
JAA3ZEO9lqo,zxx,en
oEYz7KsLa6U,zxx,en
pn6YouGzrXc,zxx,en
QVHstl71pLw,zxx,en
1lg28eZjpUc,zxx,en
Q-CLAv16XYs,zxx,en
9Zt5HvRoh_4,zxx,en
-YlGxbIc1lQ,zxx,en
HhO25Sed1D8,zxx,en
dbBZeNkrQ0M,zxx,en
sfd5vBpnYYQ,zxx,en
rUVmfReCa7M,zxx,en
Q2duq0mmM2I,zxx,en
dXDdt3BJGs0,en-US,en
gtmzEzRLFAU,zxx,en
Rjiqhq3ae_k,zxx,en
L7hTprbN4a8,zxx,en
ZHplv0D9rmI,zxx,en
-oMMjE_a7h8,zxx,en
zDpvWaKmboU,zxx,en
GTKm9C_fZCg,zxx,en
vmaddo3je-M,zxx,en
ePdvyRS8a4c,zxx,en
DExL8nj_z0A,zxx,en
NDBgS3pfsbY,zxx,en
yQxuCAqXbaM,zxx,en
j8935mpJxMk,zxx,en
UiYaYN61cFs,zxx,en
7di9iZANENU,zxx,en
ktYuYhohtQU,zxx,en
g6f_xQSG7OI,zxx,en
a4i3fY3LNOc,zxx,en
_a02pq6F0Zc,zxx,en
g-CTyzaK-bo,zxx,en
TTLA3pzaCvA,zxx,en
mqYbodrTpSc,en,en
KXw0PGZ-0gk,en,en
ZXlGDFdh1Bg,en,en
M9E5a6G0RMw,en,en
v_ulPghe-oA,zxx,en
JvtaN8usLxg,en,en
mMSxOCA5hsc,zxx,en
oACbze6TBR0,zxx,en
DyJggrylNG4,en,en
zEuoWbKaXdk,zxx,en
58BxlkR0RqM,zxx,en
GXLGtIOWaR8,zxx,en
RpdppU81bnc,en,en
MXIBU3D2qEY,zxx,en
uVcgqipRO10,en,en
DJSYLM8Px5Y,en,en
heELMVhYz5M,zxx,en
Je6NWcs4TGQ,en,en
EjVb0I8l1RI,en,en
97tlTmAM-1M,zxx,en
lAVEvn2UMHg,en,en
CnkGj0Yuv5U,zxx,en
cvPpyClMJk4,zxx,en
Gqy25xM8_Bw,en,en
FD1O_jtrUDY,zxx,en
QB0K4funufE,zxx,en
gQKkOZentk4,en,en
sqebuof-MPo,zxx,en
2fsqrzBw0kg,en,en
_ZK5EEU1XT8,en,en
otOhypsGl44,zxx,en
OrsK6F9P1V0,zxx,en
sdqItkEzM4g,en,en
3lsmINRsADI,en,en
rya6NDJgfb0,en,en
AnidcWA_xnc,zxx,en
uaZ_RtzrNX4,en,en
BkSrpdhJ4NI,en,en
8_pEXOdPHzw,zxx,en
BD_HmB490hQ,zxx,en
J8O6slNyYRI,en,en
Y34qqcJb9XE,zxx,en
obdVVhfTZU4,en,en
C8txnsoa4hI,zxx,en
oieRQ8cYOi0,zxx,en
-knvwWS8VK4,zxx,en
vNjqMXa2hsU,en,en
r-8jIFOexlE,zxx,en
wfnM3luAOIY,en,en
1qHEOjEiFhY,en,en
-Ky_iC_JXD0,zxx,en
o-zhS-LqCFc,zxx,en
_7QtXpYXs5k,en,en
b2cOpKTduDk,zxx,en
I4BBOw38fGM,zxx,en
yP78r48Up8I,en,en
afnG20w_yVc,zxx,en
ALDg7HqGTlQ,zxx,en
EoM8kUD3vuk,en,en
GfoehfMzcko,zxx,en
b8t5gcfG8V4,zxx,en
r-4xjGEW-iE,zxx,en
gXAXWcuHKx0,zxx,en
vbGbiq80iIg,en,en
Pq02kwqN4YY,zxx,en
dXYRMraH9Kk,zxx,en
0HZImJsJz4A,en,en
wv6-NryB59c,zxx,en
2kMya8cWMxM,zxx,en
7JHENPPGh4M,zxx,en
uRUgJljVd0o,zxx,en
nbgsDUq2Pv8,en,en
FMdHbjh6-e8,zxx,en
vA2ijo49oRU,zxx,en
TFXe8B1VULU,zxx,en
JJJ-WNiD76I,en,en
peNKMsibcek,zxx,en
wlssNdqc5r8,zxx,en
a8s5SfBlfw0,zxx,en
tBj43Ff4SwI,en,en
tkt_McZxTOM,zxx,en
c4SG0MTFXio,en,en
sJo3be_KRaU,en,en
_yrQmIFym2w,en,en
RDMcvLmaCqs,zxx,en
6Ljm__pwPgA,zxx,en
ykKMUO15SkU,zxx,en
A3HLgbNM9vg,en,en
6l2UVwlqIF8,zxx,en
mbnBZPuZunU,en,en
4oBkejTS4Ec,zxx,en
mQyCmwScDEY,zxx,en
sTQHF8X7-Mk,zxx,en
4xJ_RCS4w1s,zxx,en
LaD1S3OpiqM,zxx,en
9zNwTrX5VAM,en,en
Q0RStMidmkU,en,en
z-dh-3HQpw0,en,en
4hH6Ke1FnQc,en,en
e5CnaJN-R-U,en,en
zZ0388kfBo4,en,en
8Fvyw4b1bnQ,en,en
qLzmRoh5JcA,en,en
wgVJKw11c5A,,en
GNfRcldWGAA,,en
eCzZKpO4rqI,,en
UBLRL3naFWE,,en
82W4LbL7fu8,,en
REmY_MN4xzg,en,en
JvM7-C6TznU,en,en
SPqfIvg_Dx8,en,en
neZTYCPGd4s,en,en
eyLqzjSjBEE,en,en
GVx2Vt2epdE,en,en
11NfCKOAD8Y,en,en
OqTBHIH4eZg,en,en
bYPGK-y_Pyc,en,en
ftrXkV9iu_U,en,en
LxdyACC4j1U,en,en
gBw6w1RV5Lc,en,en
nSocrA2Ubpk,en,en
5Q1dVZhBkpA,en,en
LjLOQYmrDtQ,en,en
DMR7UveRiok,en,en
wiei74VpbTs,,en
MgPu1pj8amA,en,en
QrV855fVjkg,en,en
Mvvwsu_1_Pg,en,en
7FSrq2NnANc,en,en
VTdZBTLxAqg,en,en
u1pTexq53uU,en,en
dLltPNXD6ZI,en,en
dI0O844leSc,en,en
SuZnU6CY9Pk,en,en
wQTIpCDXi4w,en,en
Kf0FYXZN2nQ,en,en
RJSo5Y2YsaY,en,en
38qw74ZgNHM,en,en
j6WRd3J9-Es,en,en
QZ1bcrlvuKs,en,en
6nbzdlgNyV0,en,en
Fk3p-Ziz9Oc,,en
kVvA3JoOd2k,,en
2P1ewM2eBWk,en,en
6MFbOsZEHOA,en,en
K115QE2dxYg,en,en
vEb1boevBt4,en,en
bmzZYei19xE,en,en
OOwxEwqZ8IE,en,en
xdTmErmVEJg,en,en
8Xxwq7uGibY,en,en
mLv_v0LYLKw,en,en
BZ5w8z4_iT4,en,en
m0u9vSG2MdY,en,en
cYtZt33CnYw,en,en
GNPDXbpaXlE,en,en
ROSPux3mi4I,en,en
Be2MhfMXLuA,en,en
evcdpQNklNM,en,en
loyNRyfuQ3E,en,en
UD2HT79g13Q,en,en
C8xTWQvXOQM,en,en
AZhbGNNlWQw,en,en
Kt11UnYXzCw,en,en
lRYHRqQUHg8,en,en
6hjqS6h2VO8,en,en
8mjU3WXBU4U,en,en
crSRtvIOxtc,en,en
pFNb6pmmu14,,en
ePqdmbgQ4BI,en,en
0Lu8lIZAwTE,en,en
cq9yw3RYaic,en,en
m2oayHq63Sw,en,en
MZUErxWTMag,en,en
YHgq0g4gYnM,en,en
x5xWl_5aXJQ,en,en
-YFZ1mzG6Kw,en,en
qYfJ2PPogbU,en,en
DLnMuGjFD-M,en,en
PsMgQVqa-DA,en,en
Z6RllEd7Ukw,en,en
P7cZMUvDKaI,en,en
tvJ5ClQMcRo,en,en
NXGN85IzH3g,en,en
dMhb6Df9b4M,en,en
-TNJYjkSglE,en,en
-6GT1Ofz6Es,en,en
M9SAbtZD5Jw,en,en
2tpMkUCvqrs,en,en
TWTVUwg5eiA,en,en
XL2N1vTLQi8,en,en
iTDqIlQyoHc,en,en
u50vuOwtTSA,en,en
hPOZMLD6T3A,en,en
VA8VOpnRqDk,en,en
hM0PpniZIR0,en,en
1GHkZqSN0Ys,en,en
ndYSsk-P8bQ,en,en
oX5g6LHexD0,en,en
ZZ_R0nrF7sc,en,en
63yxWkYhYXM,en,en
dA2SGx9jr1Y,en,en
2i4mWmmijWA,en,en
v7sZhjvFlBM,,en
Pe5qNQbyvmw,en,en
_dzLP9X0P30,,en
YUW3kzsk-OU,en,en
0i-d1Q1NsD0,en,en
UYQH37oSFVs,en,en
EQXyQCL3D3U,en-US,en
aMXh_mQkpcc,en,en
9DlN7_JGxHE,en,en
t72gAD_WNFg,en-US,en
RMGT2FQwXZ0,en-US,en
P2nKzcKUGzk,en,en
UOoL4xRXzYQ,en,en
l0mQhKbVvE8,en,en
sOJ_uaffG5s,en,en
I-Kv0Y57Wbs,en,en
-sxng1dcIRA,en,en
j8pcWcCtBHA,,en
KN73bVbVfHQ,en,en
vk2gttjiivk,en,en
WWKyic2jjC4,en,en
Jjx8AEOtRo0,en,en
ev3G7OraW7g,en,en
K1XS9-8fL-A,en,en
lKsvvnlvwQQ,,en
Cy28B4ni4R0,,en
RKc6OvAakIc,,en
Qx7p3igU3i4,en,en
WT59wnsbrls,en,en
QoVnOuB4-oo,,en
5B7VK3YriIw,en,en
XsA4tmqTMUE,en,en
YzYxU4U6450,en,en
E1tKyj4hMYQ,,en
8sPR9Mzgy1M,en,en
iRhAEqPfqO4,en,en
SWTnHbs04gY,,en
oXsPnD2cr2k,en,en
IKLm3w341AM,,en
_NHiG5fn2GM,en,en
4wYDVKm8NxE,en,en
0DLZC7KCYW0,en,en
64jaDxk2J3E,en,en
AjSBAGL6xTU,en,en
4jKHO0-0mmE,,en
OFvi-pvHmbo,en-US,en
mitzci4FsOg,en-US,en
YK-qJwmwjVc,en-US,en
1ILapFgLf2E,en-US,en
Acw0NtkyNtM,en-US,en
LyeZ_eZbMSI,en-US,en
qfpD1FWdyTs,en-US,en
ud7wzdiM0gk,en-US,en
A10IZZDrpxs,en-US,en
gt8k4bA01Mo,en-US,en
w0fSAHOC6fo,en-US,en
kgjwosLMc0M,en-US,en
Ii5vlQMsgl8,en-US,en
2od7tPirPYE,en-US,en
PS2gGf_y5Yk,en-US,en
whIp1SOahOM,en-US,en
W2cLHN3bs8k,en-US,en
3FzOjv_iDCg,en-US,en
0-kbZa8Dagg,en-US,en
TnfcPbmP-U8,en-US,en
Nc6Q7TI1K2I,en-US,en
ki1XUCD23N4,en-US,en
77vgRVUrUag,en-US,en
vYnyXK7GNVU,en-US,en
kxs23pJ-CoQ,en-US,en
o0eksPNCJcc,en-US,en
dCKBxcYGkoE,en-US,en
MLDl8k9aL98,en-US,en
pOFVioeRG2I,en-US,en
qvmERsHqWgI,en-US,en
LmfIIpWgaFQ,en-US,en
z7WgBe2e_54,en-US,en
I-cvxBMue08,en-US,en
m-f56P_L660,en-US,en
ED6hH4u4Apc,en-US,en
u2x8EuYIVd8,en-US,en
b3OsNGWlx2w,en-US,en
UGHcdMejjXY,en-US,en
F4yMZ-ernxM,en-US,en
ABQBrD_7WMo,en-US,en
vWUwihkHEnY,en-US,en
-YwIzo_yzrM,en-US,en
T1OSf1NHjOY,en-US,en
A405bQkxqLw,en-US,en
W9LdkYeuYLw,en-US,en
_0XhsgS44Oc,en-US,en
y5n4RMbxm0Y,en-US,en
xHAZo1SmnhM,en-US,en
HriB8J6kADk,en-US,en
Ip1kyb9jEn4,en-US,en
1UmjkWlqKe0,en-US,en
QHsDIe1osQ8,en-US,en
89XCA9fnTGc,en-US,en
j7_WTxwQSqo,en-US,en
M6ZyekLCJ7o,en-US,en
xhjrwyzXL4U,en-US,en
smf7wCWyjvs,en-US,en
6JrwQWlJlgg,en-US,en
qRHmVMjalkw,en-US,en
XfRtwG5qP2M,en-US,en
Tbcpyl6g9mM,en-US,en
ieTcabjntEw,en-US,en
Wv6GE7OJWrA,en-US,en
DaAN8OS6KNM,en-US,en
tY4Jt6ctD-I,en-US,en
d2hXU7d2_fQ,en-US,en
SqiLTPk5WrA,en-US,en
UNTuzBeYrgo,en-US,en
DAkaVsXwtDU,en-US,en
3T7-4EbWTkw,en-US,en
Vc9I6q-yOiw,en-US,en
PizqSyLvl0k,en-US,en
Ar7QW5pZOD0,en-US,en
BmqMQ7sQmQk,en-US,en
HfEu7XPUnAU,en-US,en
JrFKQOuwKR8,en-US,en
TbKob_OlE8M,en-US,en
IXV9wln6j54,en-US,en
4jDGOG4BLQE,en-US,en
Kc10Z_t5DlU,en-US,en
Bnr1mcLmqiA,en-US,en
7EvZqe3xXh8,en-US,en
MEHPB_YuE_E,en-US,en
SlO-0bj27-w,en-US,en
46vC7-BwJ_o,en-US,en
UgB-1B5jfoY,en-US,en
cj9lWKLqgc0,en-US,en
KrArIeP9jkQ,en-US,en
JJQu8U_TgFo,en-US,en
JqXkPlX_4gQ,en-US,en
JpHZzllVEhc,en-US,en
wqH1hTkA6qg,en-US,en
eorc3jLBqIA,en-US,en
EiANMl-7m2A,en-US,en
Fnw1_YAYEAc,en-US,en
Uyf8ehWyLto,en-US,en
NniDh-fYyHs,en-US,en
qlIpNr6Qq4c,en-US,en
LTCWrnvmQUk,en-US,en
QTATHAy2Z5g,en-US,en
Te5YLf5ONNA,en-US,en
wjS2cxUgJAQ,en-US,en
YgkqoPXsv7w,en-US,en
zvlTntFoDxk,en-US,en
JfudgkIm9lE,en-US,en
LamCfksmXmY,en-US,en
tEjg56ZYKJo,en-US,en
evW3UNC_XG8,en-US,en
rm0bmqdSt1A,en-US,en
la5TJoN57Jc,en-US,en
7DL0yCdcL7A,en-US,en
iHo5ReNTWuo,en-US,en
xZxXtN55sqM,en-US,en
oU37kvlEhuE,en-US,en
gZmBfJxmJNo,en-US,en
Dk2yBQL5Ozg,en-US,en
lJ-J9A2L8Hw,en-US,en
_Q9EiswsTVM,en-US,en
bh1C6w6gSz0,en-US,en
bU5d40HwSUc,en-US,en
zLlc4xP7eEY,en-US,en
FssfXogzS1Y,en-US,en
8BLOBs7plrY,en-US,en
1DXugsKBEOQ,en-US,en
9brGUGvwQM0,en-US,en
XXsH8pWxeCI,en-US,en
DA8ij1suV5M,en-US,en
v-Sd2Y1islc,en-US,en
evW_jc1gKQ0,en-US,en
VTYUNZYMpyQ,en-US,en
02IUyk4nDC0,en-US,en
NPIPM6-TNLg,en-US,en
DRLJsiyQljQ,en-US,en
kpkglunrqC4,en-US,en
nFYwpj9fT_w,en-US,en
u8ojVBkKdEE,en-US,en
VGNRLZm3Nv4,en-US,en
sc5S-xQWifA,en-US,en
qbBFW1ZMPXM,en-US,en
W4p5uIRZRBI,en-US,en
CEX2Y1e1NsU,en-US,en
6Svjtp4LJKc,en-US,en
Z9A7fEsiXbo,en-US,en
aIhveXDEjH8,en-US,en
WcW6nSE1F_k,en-US,en
twbvltSyl0Q,en-US,en
P2_dHr3sRw4,en-US,en
sZuCvNOF4dg,en-US,en
0wOaOj1P-uw,en-US,en
98LtgaGEUM4,en-US,en
g40C4QYJ02o,en,en
IBlbN-Gj_CY,en,en
FBQ1BC3LJmg,en,en
7LhSFW09tzs,en,en
x4OMt5u_Tic,en,en
LmSgBI2AcLQ,en,en
zffF0p07aF4,en,en
XfPtvDc_esM,en,en
RvTxHwewXp4,en,en
g-p4_iuLo3Q,en,en
lsmE6SuQoNc,en,en
Bg4CJLSpfVY,en,en
jqfr4klm8QM,en,en
m1NpzaMEeps,en,en
UTaBkJGffnY,en,en
0ngRCjkOFjY,en,en
AjXfZQgtyHQ,en,en
PeO-3Z_dZqg,en,en
yeBjt-LLjXA,en,en
WIRf2RZ7Cyc,en,en
XWREYnqa1d4,en,en
UffX3HTkChg,en,en
99_La6fiekw,en,en
aP3_SK2gV_k,en,en
0ISUWP1qgcU,en,en
vZ3FdqOWSJo,en,en
9fQwFyEyE8w,en,en
_T89TecA3jE,en,en
dhi9K5G5-FE,en,en
9CZBe9KLP7E,en,en
UJUuUJ0BGXM,en,en
eBdOcMCc0ys,en,en
rT_4imJ2ToI,en,en
xmk9oqVncW8,en,en
Xt6a77bGbJI,en,en
ymbM0wS-ZBg,en,en
YeSTY7iV81s,en,en
0E4bx3b35fc,en,en
X5y3uN4llSk,en,en
sWJej4et41M,en,en
EJXitbiHRqs,en,en
b3qzPzuvtNs,en,en
r5-e49TEze4,en,en
_7Wxw2KU7II,en,en
tH9LUypU8Qk,en,en
-eFThRhJG_A,en,en
zUvW7Ggg-JI,en,en
9-XwPV0ZAz0,en,en
NhDfAWszLQM,en,en
UVDi69qAC6s,en,en
s4ncTZXKtBs,en,en
IeMQWfjGCU8,en,en
rqETK0XDSiw,en,en
YXy2sHoAQYk,en,en
0AOee35OA-I,en,en
pnJfbnjDNeI,en,en
fQVC9r6FaUI,en,en
ScUIKdYoqQE,en,en
qWtP-e-bzcM,en,en
jB79UZO8vik,en,en
QopVIlUhNhI,en,en
LPzwlYCGXUU,en,en
Xb4_2VEsWAY,en,en
ucR6rklFMvU,en,en
t_Nkf35Z2YY,en,en
vLpuhXnT_a4,en,en
CjFws6lwEHM,en,en
w6soAib_FNs,en,en
ms--MM73GYY,en,en
SKbGlCPZZMU,en,en
txzhjlDpTz4,en,en
Tr4NosjtN_A,en,en
u4gUETsBI3Y,en,en
wFf5zGriNSE,en,en
Fvh3OsvcjO8,en,en
hG4PyFlleD0,en,en
-e_nhsA23J8,en,en
h-4vWafCuQk,en,en
_QjFrMtF0kY,en,en
wsjDt48gmAs,en,en
GiBOvHCaK8Q,en,en
iur1PtWoJws,en,en
rK3HX-SEagY,en,en
domM8_ee6mY,en,en
TL-urxpgS34,en,en
BMgwMq2ByGw,en,en
VOglpNQz2qY,en,en
k23CsocwJZI,en,en
nQDv_clKv0w,en,en
_K1X7eXncJE,en,en
7rsw5SHMkBM,en,en
bL9TsW9JqBs,en,en
_16lZy3-0Tg,en,en
Pw2n3Xwg9l4,en,en
dDs645rPbEY,en,en
f66Mw_xQMvM,en,en
-FtemdRpF0E,en,en
l_YNh2UNOVk,en,en
2DxXXgP7vck,en,en
bQONBfVDrG8,en,en
a1oIvp87ZLM,en,en
wpUJ5x3DyP4,en,en
mzpERisSVos,en,en
Bzy_kvo6Ta0,en,en
1LN2uzmTRvE,en,en
HtQSXLMs-OU,en,en
smVp3YyZ2to,en,en
O4wMsOiWlaE,en,en
dMT__rZoHOw,en,en
BDIM92XvNOg,en,en
Xe4klYUxnYk,en,en
y_kAkNa4KMw,en,en
f4lyoyaiuv4,en,en
9LdwiFbA5NQ,en,en
TMCIm85if8I,en,en
b4jtf9usgOE,en,en
ymQjafZdfCY,en,en
J6RzSLSCH10,en,en
qgceT0bzSf4,en,en
4q0VMS9PdG0,en,en
CYK1suXbf8Q,en,en
_71BuujwFZE,en,en
PKuCZmyLEIE,en,en
Nqp9kEdQGXs,en,en
-SNIX3gnTKQ,en,en
9uQzlML-g3g,en,en
0V_9LfeImzM,en,en
NoWnCtq7C1g,en,en
WAScLYxxjpQ,en,en
mmljkomrLP4,en,en
gOTSV1uySO4,en,en
JDqd7Tm8UZM,en,en
EEIOTQSvY2w,en,en
39kI9H2hRm0,en,en
hRGJoCppiYQ,en,en
uC4w3wDu520,en,en
yRzJXdvnq7g,en,en
F_1S2UXRYnc,en,en
8F-F2_CjMIQ,en,en
DI0-bliFPxo,en,en
K5wTW_bccvg,en,en
dux6s1fpPQ8,en,en
154jCOzRGgE,en,en
HDeY3f340jM,en,en
R3FQoRR5egQ,en,en
BeIlOL299eI,en,en
3bKnssK7VUY,en,en
roW4ztCiDKc,en,en
kSmmnXKqGCU,en,en
5NyglWYIEjo,en,en
QA8xqfqVmKE,en,en
I_SgJLqp2xQ,en,en
eXQ9H8hbwIA,en,en
MMtsnR3m_Ls,en,en
oew77ZWPicw,en,en
OoEvRJJoxX8,en,en
1bI0u4Lp18Y,en,en
GJYLuWiyA2s,,en
nyX96CbRYck,en,en
SHvvm2cNyZ0,en,en
1o-nKyc3yXo,en,en
u_ZndzUEC7M,en,en
qHVzH95l1Ps,en,en
x7VY60fK76A,en,en
CsBWADJKmV8,en,en
VuzDmm3PfC8,,en
E5Qj_eqUlAo,,en
DLsJ2AMVK4g,,en
akkW0tuND1c,en,en
8S274EGCsRM,,en
cik7e8auuFc,,en
qnKTxGF3cLc,,en
z5zm9qFB8_I,,en
Ol0RbxsbJxo,,en
KDhydrOWjdg,,en
nOM46VU5Wj8,,en
mOUFlZETs0Q,,en
IHgCre0wHlU,,en
kDAuhU89aGI,,en
KZMoiSp9suk,,en
-sWgy1_R9q8,,en
LPX7l3KzFO8,,en
Pw0u6zGtrSk,,en
hFO41ThbaQM,,en
Xnq2SlnUlzU,,en
YlIZU6aPalw,,en
ITb54K5glVQ,,en
UNpfxp2RaAU,,en
4DrRsyBfjs8,,en
uhoGHWZpIoM,,en
HHdgy4PzRSo,,en
PVqjOwMIrMU,,en
TEiR_wdDEqw,,en
654fRcDe76U,,en
6OAKQLtlZf4,,en
fywNBI4d5g0,,en
W-iq-4kEyNc,,en
azBNaVVLVjQ,,en
l_k39Y8dtEg,,en
2FEhX63726U,,en
xh3xRSEDLvQ,,en
WNijC6BRu18,,en
746G9e_N7tE,,en
R60Za4YwHog,,en
7bx9iT4fOZk,,en
4G4julPL_Bo,,en
AWxKOorOyBc,,en
1YRqD_hMiqs,,en
CODy-WOB2E0,en,en
2OUrpA2y0p8,,en
YCFHRsXtDhk,,en
nSuZ-b3wOks,,en
uS1VmLzSVqo,,en
pb5iAoZsI-Q,,en
bd0gfUlsCwE,,en
WgpmOYprPlM,,en
KknjB8Zv12A,,en
USWMxbmJ-0U,,en
_ZC93qz_Ivo,,en
1chHRcGREJA,,en
xpmE1rnM7rc,,en
Pew323dqhJg,,en
C_24XcjKBqo,,en
u7SyuzI6sfY,,en
bOcK3e1Oim4,,en
Zt7zBDHbOPA,,en
n7kepCDyB3Q,,en
DHFaUdeh8CA,,en
JzaTw_2Jxdw,,en
UAwJRJH5cdg,,en
Syc_fIDtQDs,,en
ko5JhiERwXc,,en
5H29jDOYwXM,,en
uQlunomJJ50,,en
e_O3vDxx4OU,,en
4zP25nqevE0,,en
b142ZuB1W1M,,en
KISky71uPnQ,,en
ceIbN087k4M,,en
vDOrydFVnp4,,en
OeVtiXcjWNI,,en
DpUUNpqXsmg,,en
giIMpfvIzvE,,en
v6r-4M83LY8,,en
EMU9x3ZA3YE,,en
fr_1Y0ok67o,,en
J2Ve32yXfpE,,en
JRKea_4E1vk,,en
DDLbMXFdfVQ,,en
a13ZupX2Wrc,,en
IHV3yrgp2E8,,en
1BuoPhNhg8A,,en
aiBVEtKuQ0Y,,en
PZiypnzFqJc,,en
LZbX8-_yqAc,,en
hUNR0fRKEGw,,en
WY1vFKVvKKg,,en
iXIz75QspoI,,en
Hi-XZU86RIw,,en
en_cXKi4xeI,,en
eam-O5qrxxc,,en
LQWHV1HhGFc,,en
xmuh_24DjNE,,en
nj2Q12o9NGE,,en
7tVDZ0FtyyU,,en
dj2UAyXvj74,,en
CNB9sluu1mQ,,en
Ueqq0OofH4k,,en
h2iNSQ8anXw,,en
2swL9y_y0Hk,,en
g3Hs86gPGks,,en
0DGmdLYP5sE,,en
hnQQqb4o66s,,en
w7VXlFseg_w,,en
j7p_OljqICo,,en
YkexiesWPnw,,en
b7-wwHl8qZ4,,en
VzGZywYoQjk,,en
kNqPs8BVSq4,,en
TUmYY4NhAsY,,en
O4n7y-EbmtU,,en
Si4uPz_0Vgw,,en
g3TQ4aTifgM,,en
_U9o3RDTIjI,,en
ULl_-1FLPOI,,en
8AcQFF__PCY,,en
2_jodDWvrZ0,,en
tmgH5MhcxS8,,en
kmjYWO9jrb4,,en
R96qcp5aMjM,,en
fYkZMIMDaEI,,en
dMsMXFxY9ZQ,,en
gjUHT2iY-tg,,en
xdKSnZ3lYc0,,en
JYRbvUbMq0g,,en
zdU3UDUfOGM,,en
_jX0ZLvVeJ4,,en
PK9KlriX918,,en
PSb9yWhCYYc,,en
LRwrIqJ5reU,,en
znTy4hhGzMw,en,en
Q1UvgNtYM50,en,en
0IF0UKPfJnA,en,en
wlyuzLid5d8,en,en
W7Sw7o-eYso,en,en
9dvKRED8neQ,en,en
if9GgOrj770,,en
pbwOrfUhhFQ,en,en
Ytv2mR-F4To,en,en
GZaXSbLkIvw,,en
wABZFP-Lg0g,en,en
6OyJpR_GfBE,,en
LJRGHKmKEaM,,en
q_Ynr_VEBNI,,en
vQc87_NAMaQ,,en
OfElaO9NhZU,en,en
SNVm72_gDwY,,en
A163BG3zJQk,en,en
syfdtpHCvkQ,,en
0zSOC7sqlKs,en,en-US
15rSKe0IZY4,,en
xnPbHLn0VmY,,en
QJNBEKcM7a0,,en
7xXD-WwQSaA,,en
HLBefz4NMqw,,en
Do8lqaYupSE,,en
rUCgeJvDcC0,,en
rs2EbN8xGtI,,en
MeTikfOA7so,,en
CUflFaHPtBA,,en
UF05J8rdT7w,,en
y7RCzsqL21U,en,en
LvvPDi4Zu3s,,en
CLicv6PKeH4,,en
yBrFyXFgNHI,,en
coxMAyrEGlM,,en
I7p6pOSqSds,,en
9I3hZvPUL0w,en,en
wmMwwOWCayA,en,en
X-RSa6QJMnk,,en
SOwXiDf4cVM,,en
kFtE93kpkHA,,en
2SPtMRUSzzw,,en
4dyKW4iSlq8,en,en
9WKgP7dUXPg,,en
zsJG2fb4mJ4,en,en
7cETFCfGyBo,,en
d5LkCb4YUWw,,en
yQFWkr2LnxM,,en
HqcppUlWAD0,en,en
bu-hdWfP3u0,,en
9BWcsbMv_-U,,en
OzXyh_GbtDk,,en
AHbTl4kS-yU,,en
pVbb-iWFc2c,en,en
Wh5GFawO0CI,,en
R24edYZLDuU,,en
RgkDZ35RgUQ,,en
aGz7q2iog74,,en
CIRBSelRlA0,en,en
PNTle7I7Y_g,,en
meAjuNJy-QI,en,en
OiPHBiPP_AA,,en
ASqcFj7EnKU,,en
429f3Jvhjts,,en
r1u1zCvqaeI,,en
EeyDB8w3Y_Q,,en
gBINgXMxOm8,,en
0JHytDSapH0,en,en
-CEHA-9RItQ,,en
AtqGzVdOWrE,en,en
8AbIypSAUZY,,en
8GHJLVBXjD8,en,en
gqCzC9xAQXk,,en
QX0_fDvqepQ,,en
nlyk0vDueBY,,en
reoNuYJbwNo,,en
l0WFFJKascI,,en
gDFc3kpiBwY,,en
i7fkk9RUqGQ,en,en
C1IDgm4AEi4,,en
Y9OOzhmBJGA,en,en
SJgMoZFEP4Q,,en
AGw8GqQ8t_Y,,en
3JU7jgvzq3E,,en
_dAMOQ9bE98,,en
Va8FQpq0aKM,en,en
CTMR17ghV6E,,en
MCdkoTSsAeQ,,en
M7rpmt3JMFw,,en
6GkK_tLfQNw,,en
O_PEij7q0XY,,en
qDmSH4Hxu7Q,en,en
MNO-WCh-eY8,,en
ik3RbFcGOHg,,en
qDxlLlfzXos,,en
hYX48ED7BLY,,en
T4e7ivWeI3E,,en
Br8BptckI6s,,en
uJp6Pk4_ajk,en,en
Y0AJYmW4_Fo,,en
ub7NpS1SEQ8,,en
6QL4o-DWOBQ,,en
tJPMkad5SXU,en,en
F1ffYd-YZcs,,en
XqNcTIw_-0g,,en
SuIO0f7pBIQ,,en
rHsrWFJCiSU,en,en
de3nDKspz98,en,en
0gcWOnlxLqA,,en
PUhK1c0MSVQ,en,en
7vkjCEs2khc,,en
q06m8Wsq3HI,,en
aO8VMgTNIMM,,en
hCBinIA416w,,en
KQ4iAGJevCo,en,en
-b1FNCAVXKU,en,en
NYhsstyO8c8,en,en
dmeNpl2PVk0,en,en
CJvpPpiQF_M,en,en
MLVsc-XuuB8,en,en
pu6cMVMM5Ws,en,en
3F76cmQoBHU,,en
zZECZ90S1sY,,en
E5LLHHNdDNE,en,en
5MYpkUx6MLA,,en
fAmf9E68ViY,,en
p2ic0Azjsb8,,en
yiaef5Cy6H8,,en
wpNl9TxYm88,,en
a1-nngupdTw,en,en
khun5wlf188,,en
3zRhtXbuLCo,,en
xbzfsK_3u-I,,en
7o-CccOapzc,,en
C0_bTr8x17c,en,en
mzUoTi7kqnU,,en
KsE6MmZdvLo,en,en
TZyTBf3W9Gs,,en
PBx5_JQBOos,en,en
BYAREQkOjBM,,en
VbkssMsddB4,,en
MnfkBM2z_Ko,en,en
HRIaAJlxvlA,,en
ZzmgvdIdzZs,,en
Up9w3RGihUU,,en
iOymWD6u0Xo,,en
ki7uuWsgClE,,en
J-3DoGA3XWs,,en
eYgn3uYj-bk,en,en
kkPRt2-win0,en,en
n3fG4Y4bTLU,en,en
RduS2bVEX5s,en,en
arv7h4YtPBI,en,en
dZYSVzA1K3M,en,en
y7KYQWjzGNU,en,en
B0CH5J9OkYc,en,en
LjFxqjduHiE,en,en
E-5_JDJX1JM,en,en
NFh5_sFmFzU,en,en
is7oz4kLCyE,en,en
_Cgo2RzGlys,en,en
rJXNmnOGl1o,en,en
26RAHarGfJc,en,en
c_qv4rDmuAA,en,en
MgTkaY03nFo,en,en
-lfNdbd375U,en,en
hqNcMcAdZDo,en,en
xWNb9ohsh0k,en,en
T_7nSJRsaNs,en,en
OBeNsRnEJlk,en,en
KQzDFt1JIYQ,en,en
RVDxWgm3Llo,en,en
JSDCAmcyOQs,en,en
sCrYPgW76ws,en,en
XgJ7u5ZNZ8k,en,en
_kRV1KsBt0M,en,en
YRU_0OjmiUk,en,en
wJ66zPoPmRE,en,en
wtP_IhbhMf0,en,en
0qYAvl6HnKw,en,en
lYabEIKGau4,en,en
vqtqH3FKlZk,en,en
cUrawo-U1kY,en,en
4l81T2aSLzc,en,en
d0hPno0L3BU,en,en
XV59DMmQkYk,en,en
dOYshzBb7oU,en,en
_hxf64VKD18,en,en
D0XqatdMNY0,en,en
6AvVHnCbMLs,en,en
DShVqXoE8vg,en,en
-ufEfofRWlE,en,en
9GdZNKCNs00,en,en
v_6el2LSRp0,en,en
if29BglLB3w,en,en
owk4h_q_o4Q,en,en
jn53T9uhW0M,en,en
Gn0ybXjh4Dk,en,en
PBrfWOXr7oo,en,en
3-8DpUf7nyY,en,en
EvvI-AMRGZc,en,en
4qmf0OE26pQ,en,en
cLofYZxmecs,en,en
C0UFqTR1SFc,en,en
UnZtIdsSBEk,en,en
JCTCw3peAU4,en,en
2sh5qXFAyYs,en,en
EIBzV9rmNsA,en,en
bziS18lZ6DA,en,en
hlyHXCf4Yws,en,en
VNBfBocnk60,en,en
iv5sIz9MBb0,en,en
-fw-zmLCoqQ,en,en
ihdlKu_CNGs,en,en
VqrZmNkKn14,en,en
5d4mxpb0QTo,en,en
BVmJwi2RX4c,en,en
EB5ft76s7To,en,en
zrrHnf9EVkU,en,en
Oh2eP8qNhMY,en,en
73qlvHGILOc,en,en
xBHvNM0-MyQ,en,en
wPlxNi7ikSQ,en,en
sVqZmS_PksY,en,en
DBXflWdh4ss,en,en
_ZV3IvLClMM,en,en
Kcb8gn6vDsc,en,en
jjCopMfMneQ,en,es
w2kIx_dNhhg,en,en
jFVcqx-ayyo,en,es
QbIoYC9J4JY,en,en
v-NK1EOAkUY,en,en
1bTwPodFL9g,en,en
A7ePi7ZTWcY,en,en
4kDpQqu_-ro,en,en
qSB1Zy5D8vs,en,en
K3ERWIdcThQ,en,en
svZhEARXITM,en,en
LTo1KUH7tQI,en,en
9wz3bnBaJDk,en,en
Q2WK4vvPDAc,en,en
FCCI4FIfOCw,en,en
c6hlVD0GSIY,en,en
rNEU78-Nb5U,en,en
_JErC-SsFzw,en,en
BDli6wTJAt8,en,en
Wd_x4DcFBgk,en,en
wz18AxPXuII,en,en
n7ZL4XxYmHY,en,en
BT4pl5ZBQr8,en,en
-vHcqCW_HUs,en,en
CllQn4ktKXw,en,en
W6ezH79ha98,en,en
4A_jkCIdOa0,en,en
meve4QT-xwA,en,en
NSWNWoWtLsY,en,en
cWQjekQqBXA,en,en
GGKClEunQ0s,en,en
g2On9eiYOhw,en,en
oZFIu79kJHY,en,en
8Q1rwdh4UaM,en,en
VH2M9ZlaIcI,en,en
gRZLP6yfbvw,en,en
gE1zFClTR_Y,en,en
gPei-KRoCNE,en,en
t8vozFTuJFQ,en,en
OaNTfyE_rgg,en,en
hij9ESFj-KY,en,en
IDDZrsUleAE,en,en
Lv9avkJyVno,en,en
BR85gmxHHBQ,en,en
QMxZqm2wckY,en,en
8x0pAFNd7dE,en,en
dLaq1Jl6YLM,en,en
eO2DrBPFmQ0,en,en
zpmypRQNhZI,en,en
UsRy0m72aKU,en,en
IOxvPNvmMhw,en,en
oegfWFzRc1U,en,en
hUKlwtEYmE8,en,en
pVHD8oKXpXk,en,en
VAY03LwmmYk,en,en
8aQ-NhnJpTI,en,en
73FgaFLX2kk,en,en
K6TrIx5asRw,en,en
OU0M0Wnqg68,en,en
iBiHPHty1UY,en,en
bDCJUg5YLm4,en,en
Vl8mdrI-NWQ,en,en
464cI0UwlYc,en,en
tERKq6oUeJY,en,en
TfT3yz-f7P4,en,en
t9y_zcYF5Zs,en,en
MI2UHlDKZUw,en,en
hPUAyoKK8Mc,en,en
bh-xPC4R7HY,en,en
w5_3Wa9Ax-g,en,en
6zotuPtLRDI,en,en
auWAVwZ_1vQ,en,en
akB6_09aAEs,en,en
uRROffzZ8JE,,id
BwQdPV4Rdyg,,en
ACx2ILzLj3Y,,en
8q2_RVBg23Q,,en
1djsXRBD8w0,,en
7pjWm2zn098,,en
srAFLf5Lk0M,,en
Lhb6K8UWcv0,,en
YgFsXEvVDgw,,en
9-t5zSX1VTc,,en
SxwHx1y82M4,,en
utNTUq7J5yk,,en
CrZYC29QdW0,,en
yDTe1_Fj-3Q,en,en
GFqknjhc42s,,en
XJuD758DvrY,en,en
PNdJgHsVSOc,,en
imq2dlcHfrQ,,en
joKxh-On8CQ,,en
EfZj6-A6G0I,,en
di_XSFooh7o,,en
xvWUk__PDcU,,en
I0AYy5C4teU,,en
9kTOkRvm6Og,,en
VMer2rr_Z6o,,en
rmQSSO0zS7c,,en
nQxGjGXgy7k,,en
1yWPvy6COy0,,en
8Ov69lPOsgU,,en
JDU8MK9sv5Q,,en
d__0SYySpG4,,en
UD491qrWgNI,,en
il5d3L07c6I,,en
bjNBk8T_k0U,,en
MSOjyBUwHjs,,en
yI9m1vlhxmU,,en
rGf2QfCO-Ek,,en
Qgi1mSAtLTw,,en
BXV5ANq-ius,,en
-R8CnLMG0qk,,en
daXGUV4Fcx4,,en
1sGGEa9oTek,,en
O2ay3Lk6jPM,,en
BWf_qyISD0Y,,en
ENRbATYlJMc,,en
v_ltDSDk6d8,,en
3MO3ZNrZbWM,,en
xq_xbdQ5UiU,,en
GyX-SgpfBOc,,en
XvarWqxm0sU,,en
pnkqFxEpetg,,en
kFSezvPG8So,,en
yPU25U_vC_Q,,en
LcUaqFWyD6c,,en
Iy-X6lSIr7I,en,en
9kttArHHB2g,,en
Yc6dCIxAa0w,,en
xcQ1Fhp-lTg,,en
nxflthKaFwE,,en
kJUaUwZAng4,,en
N9DRe9HZu78,,en
HzR8YPzrGsQ,,en
Re6TpSzo6KU,,en
u3u5KypmUrQ,,en
7i5jFrreAhc,,en
tLmOlYbaWE0,,en
ys3DIiXIGT0,,en
Lb_hnLan-Vs,,en
HKhTO_m8m-8,,en
7_SFbr7ZMeQ,en,en
SfG1LVnW_tc,,en
tYtDzZ8gHgE,,en
g-QtUNEsk60,,en
JacNs9kFQ0c,,en
OTP-GLAx8z8,,en
f3e7IijQdDs,,en
pPUKusZsOLg,,en
c6VE1lA9m1I,,en
aCt26xsw5XU,,en
3c2b1d4IRuY,,en
st68r_f75GA,,en
C4HP8QMknu4,,en
vgS33H5m8hw,,en
MFHS5NwvXQA,,en
XUKCZmWNg7k,,en
9wZ-sL3N3M4,,en
lS6uBGTqzr8,,en
U77RbCqQGVo,,en
cu4M58E7Vfg,en,en
NxAeLgIfKdM,,en
It3BEPJYx8A,,en
aCnGuL5UpJY,,en
jQSjmChqaog,,en
K_UDggyI9rY,,en
qHH0TkzaO5E,,en
9D0WxFE7iB8,,en
EUU3v7kPt-k,,en
G3ylVjjTHWw,,en
bvtaknFNPD4,,en
-dBdkpEZ3w8,,en
_QEeRaMFpDM,,en
5y7TlPGb2Xs,,en
-m2GOiKEePc,,en
DFBSVxjL2ig,,en
mcykYaCJ1sY,,en
eXo8eIH_Hs4,,en
m-C4mwTrq3A,,en
b6To2cTl9Qg,en,en
jFb_WG45i-c,,en
owrIHHKdEZA,,en
Kl2Kb9WogZM,,en
qpSXLwMC7qU,,en
HezN5yZx_Gg,,en
6tQ9kLZ76tY,,en
-Bs5SRhVGjw,,en
L7ZUtw8L54I,,en
LMboQuT_gNQ,,en
MH-OZfQNqd0,,en
4O8r8ssrTEU,,en
pGGith-KZ-8,,en
mxs8G0S_eQM,,en
m_qDvk5gMXE,,en
vsloBdF0O68,,en
HtKvtKUD17c,,en
m2jstMyN4eY,,en
P5xQJA5u-Uc,,en
9YUnhndPYQ8,,en
isA1z_FWYLg,,en
_QvZ6kl7_m8,,en
T5OkhhDN4l4,,en
BY7GXbD0bug,,en
ThZffJxB_Js,,en
V_w_KUEEz7c,,en
j1WT1RA7cqc,,en
sfYN4pVanbE,,en
ZDxBOMIiw9M,,en
GNkIvFuNLHY,,en
RNAhVnrAJlc,,en
-3f-LNmlkvg,,en
X1hb7s3GrKw,,en
SspRDi6tVOA,,en
94F4dZoOf80,,en
sDLW74LU0Gc,,en
BL6Q6VrwiQM,,en
yfHKTSz3_cY,,en
fh5RmgykYo4,,en
PECgzP_ZVbo,,en
RPvNQbyL0ok,,en
qDMVou2fD9c,,en
mcGZOnTzWqs,en,en
vIUFuqJxXsY,en,en
KD-f3kcXH-E,en,en
MzzUcuD8Rik,en,en
S_McjB1_AkI,en,en
2aUZ-ScgX6s,en,en
J52qC7S-EHo,en,en
mdxqOSoUW-0,en,en
dSyGBRSfLik,en,en
2z_L5JI-oyg,en,en
k_PrD98ksjE,en,en
DsCIsim7T4s,en,en
1iGGUeyT46o,en,en
OwLj9HSfhkE,en,en
awIh-u8_T_g,en,en
099dwPsm0Co,en,en
1n2bldhXo_c,en,en
57wvV9F_cRY,en,en
p5dK_n1Fw3g,en,en
cw1S4Npxg6E,en,en
yAD559qDL2E,en,en
3bCsn5ZD3Do,en,en
EGOFaYDgMgU,en,en
MzZpzOqL6BY,en,en
SS1OPpN51kE,en,en
KZxxi0_aIV0,en,en
thIJLVQA-n8,en,en
yRpBDD4QbBk,en,en
W4slysf9lGg,en,en
KOiJkLeNnT8,en,en
NuXJTTHS_sw,en,en
2Yzq78C9FhU,en,en
zOHZs8AB63I,en,en
uonEJPY8Y2Y,en,en
QjbFy7tYXAA,en,en
mbl9TvytcPw,en,en
d_BYIs30GCo,en,en
q8b69nEm8p4,en,en
1TmqNg0oNTY,en,en
X6jnpjrx77Y,en,en
kaacWVNfJ1E,en,en
DmPIa6LjEyc,en,en
TAAMZbBe-QI,en,en
JGRWf5Y6B50,en,en
jZVZ1NDOUU8,en,en
ibwWSn0Nk40,en,en
iXgvgizGU2I,en,en
RFjCbgN96iI,en,en
VVzXaTR8Rks,en,en
_MvR2anIOck,en,en
YGeivlm5C78,en,en
0IU_6eCNlHg,en,en
1eqsBnSskCQ,en,en
6JuVqWVIgD0,en,en
h0sacKV0y_Y,en,en
VAF7nPlPVEw,en,en
qDi5AVjoS20,en,en
w5pDlvD8nuk,en,en
Jv6xm25phDM,en,en
ob9fOJaQFmw,en,en
2xpKsbGJACI,en,en
BZ0fi4Ax_OM,en,en
JqoCivQVTjc,en,en
dVPb4fOgj9o,en,en
WQRSG6Df91Q,en,en
5RTvJiBuceY,en,en
MrZXZRmL2tY,en,en
qlwUtH6NueM,en,en
69qaq7kk0Zs,en,en
qTZeV6TMS0g,en,en
9rOmftpUqxY,en,en
jAe9FEejZow,en,en
0ESXNiDzmOo,en,en
zEeDII_7aJU,en,en
XodbKEVIx4o,en,en
A2rOqsvq6dE,en,en
f0WDuUeEklY,en,en
O6plFHnbCB8,en,en
vxoyyfUGThQ,en,en
e1EBJiYGRDo,en,en
IFyCcT7MTCY,en,en
_MAdAnPTm_o,en,en
D8q9Cn20oXw,en,en
jhi3h96w8Qk,en,en
9idsf4j368g,en,en
pDHzWu5GGQY,en,en
mQoXu8O55v8,en,en
SRJvaE1JuV8,en,en
xipCSHFXcmc,en,en
47gtXhBiVh0,en,en
nrH2OpVTQTA,en,en
dbGeUJ7Om0Q,en,en
tgZ2rhbblBE,en-US,en
s0dYzdnFnUE,en,en
Pn3WLprpwCg,en,en
R6pdDYCTmSw,en,en
o8p7kxebOg8,en,en
Uhydkk9h1sA,en,en
4wqA0rju848,en,en
mNX1sxYMwts,en,en
GBHXHtA4AZ0,en,en
1UKqQWHLCzk,en,en
9xGO-hVtF-U,en,en
r1dptqzwK1c,en,en
HeT1gNoCeR0,en,en
_NmVVKMbE98,en,en
NC1OCbLTnY4,en,en
U7-fLQpVqRs,en,en
gYfih8hWwh0,en,en
vO8Mo1A0plA,en,en
xpMlBJwtyvk,en,en
38I5eoHxKw0,en,en
FMDqs5fgj6U,en,en
Ap-bdI_UklI,en,en
UV5eRK8wAKc,en,en
zBaWBhh05fE,en,en
1eRRIA4eNOA,en,en
xUGZiPVWG6s,en,en
qT-wBzxZGx4,en,en
NLmAGO0SjwI,en,en
aw0dglOTCH8,en,en
7Y0nmGxd730,en,en
w8fK-3Dy92k,en,en
zr98ZlCpVbs,en,en
oNo01gRN_10,en,en
LfB5oMDiUuw,en,en
6vxjsP1mQJA,en,en
O8c5zbkrVlI,en,en
w232hL8uPZg,en,en
FNYzrxmbsSY,en,en
_FURLMfzpNA,en,en
rNkoL4f2Lr8,en,en
LVSJv2SJF2Y,en,en
-NMfXWY0oG8,en,en
ogJD2Qw8DZw,en,en
PJJ3gZGK5G0,en,en
PEu8G1X12aA,en,en
vL37meORecw,en,en
ERwzrLWYfro,en,en
gX7zRuqC6KE,en,en
upNnEh5Td0k,en,en
KDTbRw1lJvs,en,en
T2-BWhn8m9c,en,en
nKeMnLU2la0,en,en
on-MYdjeD44,en,en
KlwrDDUb5mM,en,en
PA2uaxSJ4kc,en,en
7dz7KUxn4aI,en,en
bNxWQrlJwFM,en,en
pU529GYptCw,en,en
n_mfElV1Dtc,en,en
TxaNbor9PEo,en,en
Z_KosvYhFRE,en,en
BVrjySM9o_w,en,en
yG_qCL9UmbI,en,en
NQNcRrHYB7I,en,en
5aggRdHgD20,en,en
Cv2j62_oFiM,en,en
tiFHu_BLwAg,en,en
60joF56kQEE,en,en
Nhp9_MaF0yQ,en,en
RrRXsvj8BNQ,en,en
jHE_TdB86CA,en,en
xhD0TbK9BM4,en,en
kvFJS5lX298,en,en
h-7aOH8mbUg,en,en
bdOOvSz3Trc,en,en
RlQn6DIxo2g,en,en
5iodfW9Xsdc,en,en
F3UeBJg5aP4,en,en
5EZno9rJFVU,en,en
j_6zl5zy4V8,en,en
izjIftBGUhU,en,en
7lfVHyAVNK0,en,en
LHLqnDmxH1Y,en,en
4aCdKhuFopk,en,en
KQEPOhYCm5g,en,en
hXmBrFFZhsM,en,en
QdwgVvwoCw0,en,en
AufQLQs4nGg,en,en
ehuvFIgTFuY,en,en
-3TAA5OJS3c,en,en
taxcLrtBYug,en,en
04USRZoF9OE,en,en
TxF9IK9w8H0,en,en
vphOeTULl94,en,en
4rmnXE9ULQU,en,en
bXnCBTwvJXI,en,en
9T9PZFprBZY,en,en
GKylb69loWQ,en,en
S4j_VCaQAJo,en,en
UKymIT7R7zI,en,en
IKa3OFHUjl0,en,en
jHDu85o0k60,en,en
cQ5sxr-hUhQ,en,en
V1518UojZ6A,en,en
YLTLN-JBqMw,en,en
sIcoibWZMuU,en,en
iB_j8DW8bwU,en,en
WJIu73c5wdw,en,en
NEwRpwsnlqw,en,en
bHDhZmwz3ds,en,en
DOgNMutyrX8,en,en
95pjJ1YXUHc,en,en
hWNDElarVD8,en,en
3kiZcdZEyJk,en,en
3wylPtq7CpU,en,en
rD1sfGrRpqw,en,en
3BiE9tBjpJQ,en,en
zK06q2RierU,en,en
PRbLZdD3v2s,en,en
RG9NkWi7Rc8,en,en
2iyD0owKj8w,en,en
1L-eQrvxltA,en,en
BuFT1XaxAOg,en,en
kI8eGCrioLY,en,en
Z0OG2X_bphM,en,en
JDVPGAY1CRc,en,en
rDTUVwSjnnc,en,en
tupND3wIbb0,en,en
VQgDZw170LI,en,en
LgctryAh8OY,en,en
IG1FUqe50yM,en,en
d0e9msgyedE,en,en
E91gE3_uz-A,en,en
Q-nJE0Hc0h4,en,en
Cp1WUyMrQZ8,en,en
Jdq_nmWSl2s,en,en
gIKvBsZmbC0,en,en
B1TmrK-dM8s,en,en
LmOLk3MCEpc,en,en
O7pQ94MkGHM,en,en
JQw5spIqpmg,en,en
FEr7Au4E9sk,en,en
NGG9dqGE5u8,en,en
BMQ9ZfN4p50,en,en
fD_wwIyr8Nk,en,en
eJAGNXy6Sh8,en,en
wQbkUOg9rk0,en,en
QWyNCfn4B1g,en,en
fj-r9XSFhOo,en,en
kffHReQP15s,en,en
TW7Q_4kjJ00,en,en
xjup5sjzoA0,en,en
bp3mwuk56N4,en,en
zEw1f9a5Zuw,en,en
Au7EvErdq7M,en,en
AabN61A2-BA,en,en
Y1OppR4UVAk,en,en
UrzD5d8Gq8k,en,en
UMAVe5Xr-4Y,en,en
aBegGBe6qdk,en,en
FjaiZkRprEE,en,en
qNyk7F_gJ5w,en,en
BhXBTSQAP-4,en,en
vzDzSVa5XY8,en,en
2eyHGGtYc04,en,en
ioxuJbzC22s,en,en
celIqeQ2GD8,en,en
YZKzSINL2cU,en,en
P2rymc_4flE,en,en
7yEQ8dRp0oU,en,en
lZ26qakY7Q4,en,en
abiO7XTqoBw,en,en
KzidlktJ99w,en,en
oH9U8OqSUuc,en,en
o5SNiPpp5Jo,en,en
9T6qnf5zwlk,en,en
FIj39Q7C9a4,en,en
nphZAjUkfNQ,en,en
y_jBgTmKn5E,en,en
if2OJGX8BNg,en,en
EamtAPR4Mj0,en,en
OKNvsqqoMl8,en,en
Rhsl1uo1t60,en,en
-0_fXYqIUpU,en,en
FYeF3Rh_cLI,en,en
Sy7dB3K19xM,en,en
rFzUEiH7ZcE,en,en
InT_EFzCuhs,en,en
nbCzgEGM31c,en,en
T15vyn4WSQs,en,en
e7Qz6DQ4Ucc,en,en
ijR-A5ZpP5o,en,en
bEGKf0M_X3k,en,en
HzWiYzVJjRU,en,en
qV_ful7QH6c,en,en
mK8Wm31uigo,en,en
uaq7tVphpPk,en,en
FGDEjLwVYeE,en,en
ml4S9NJajcY,en,en
d-0eHCKEows,en,en
P3stNnBwzfI,en,en
OZx2qWM3pgs,en,en
usFjkzKPGWI,en,en
179Q2a0msno,en,en
gie9NZ9vufA,en,en
tUYDSec2lyY,en,en
aXz5GNMnsac,en,en
pqJV5orYf3w,en,en-US
nfwWdSNl2GQ,en,en
AQ3gHVgc5D0,en,en
VRzkhkRvY8k,en,en
WhVI8sQyCHc,en,de
IyKtftR0ZAE,en,en
xyWVBP2QIyg,en,en
0cuQVJxihiU,en,de
EOChoSGd5hw,en,de
Mjr3nMJh9OE,en,en
_OPwwOoOquA,en,en
lB-Uz9dkmoU,en,en
OUYmZt6oJ6w,en,en
8Q1Sxy8L_V4,en,en
V3VgY3vMP-8,en,en
83cYG-9fzgc,en,en
mdb_wRxl700,en,en
wXtPapMuQFc,en,en
XHojB1hQdUI,en,en
DejgHCOUIxo,en,en
jYlMHMtt5qI,en,en
79eNzUzz92A,en,en
8SwcbOJfpu4,en,en
RgARhJ3iAPE,en,en
DsxLMDwHOwM,en,en
yugZW06xrCs,en,en
lN6F4BNZeLo,en,en
j8cJWYIqGAo,en,en
m2W3_6n-DAM,en,en
5pF3t9UmrxE,en,en
nOhueKU9tZQ,en,en
yJApNiWySNI,en,en
Nt9zqKThzA8,en,en
22OyI_IFnXk,en,en
wlmLXyRDS_E,en,en
oo9ZP-qiAgg,en,en
B9MsDCVgngk,en,en
d6-h6mpWuzg,en,en
vjxi55M8XZY,en,en
t5CSrUhUJCE,en,en
wTU2amJXsXg,en,en
pyWLgtdg30Q,en,en
OKjrJkyrIts,en,en
QD9XVNw1hEo,en,en
T5RywTtWCkg,en,en
rx_NX480oHw,en,en
d4nF-SjAGQI,en,en
GsfZscX2FsI,en,en
k8War9gGUF4,en,en
EErQjsUICag,en,en
Bbp5VkUGwww,en,en
q4LGDC2Txsc,en,en
VGC2adWjRf0,en,en
a0eHYz93FBs,en,en
mbcaind15FQ,en,en
Px75KsriGdg,en,en
CKElncmn-oE,en,en
BE0H0M89qCA,en,en
rCRARKQz65g,en,en
1Jq55SaLfHk,en,en
oevc4WZPJnA,en,en
fZRRIt1NG8U,en,en
sVgQYa8QC9w,en,en
djg0GU6B9NM,en,en
-BKOXgflq08,en,en
vtypR04Zi38,en,en
vHEBhEmz7-E,en,en
IJhxImza-4w,en,en
1qMNKce1rrs,en,en
xj_5Ad4PA2E,en,en
1BgSIjSaarw,en,en
rknhmyxSiwA,en,en
7KsR-AR05_M,en,en
3QqVcUkQT0s,en,en
_Pp_ctpqxbI,en,de
al8Hf9MFwWw,en,en
8YbOvf6MaWg,en,en
yeMopmUEU6c,en,en
qygOjBb2diU,en,en
VLPz0HHx4eQ,en,en
mtS8i1XmNug,en,en
H6LGqQFqgvQ,en,en
XmzzIGtRiGY,en,en
aIHIX7Oref4,en,en
YBXb9y9A18s,en,en
PFpxuPj6C9U,en,en
ry_GzIBmfU4,en,en
JqHcoArHfcQ,en,en
qbaGYRmLfg8,en,en
ZipZKkDbgO8,en,en
h3UmqBm0GTs,en,en
yn-qnJziJpU,en,en
uSPurlvfDeg,en,en
LG0gIDYrAJA,en,en
cVUMNxr9zec,en,en
onncS2LrEs8,en,en
fGRQxBB9tZM,en,en
_8saNiccjf4,en,en
bLScfXJ06Qk,en,de
aqGbjqhPFrM,en,en
s-9ah2VHAeo,en,en
XH34CYCoTME,en,de
A7vEc1eOXsc,en,en
WPn1sTMEWbs,en,en
Tn9gFZR-oRk,en,en
Ny8ge8R2xpg,en,en
4soin2v5ra4,en,de
tZQ-Bjd4zhk,en,en
7nmmGs9X20E,en,en
cV9rZCOJYsQ,en,en
7eip9lOYj-o,en,en
0r3QuFppqt0,en,en
YcxIuoBjjgI,en,en
JhSMR5D0SlY,en,en
v0SWKhtwg0w,en,en
04o-kuVV7hI,en,en
djc2DgnDfAY,en,en
1JMq6GvBvp8,en,en
_w5XT_1nEjI,en,en
9_j_bb1N6fI,en,en
Pn6kFmuYNb8,en,de
BSlFl7dALP8,en,en
zoxpLTOsX3Q,en,en
dVtveFJlrWI,en,en
oFx0ZB52RWg,en,en
DAJVSTc69iw,en,de
dqJGEyKfqoM,en,en
h7IJQlpu7pQ,en,en
LQ5WBr1arKg,en,en
1LCh6XrzkMM,en,en
ZY5W3CTlY_4,en,en
37ec9UPdZ4U,en,en
i1yOmHz_hXg,en,de
slupVMbucxo,en,en
PBBZ-vyhu2s,en,en
wwmiGqTZDcw,en,de
pHpbZUCpkhI,en,en
n_3e2kg5gWQ,en,en
N7KfY1ZIswI,en,en
AnmT_rNeIzw,en,en
XwJFHzi2lTE,en,en
Qmgzpxt5wio,en,en
X6w-d7BclsI,en,en
6uIPhAKrAxc,en,en
UHuxsLaxO-4,en,en
wqm6OclVsY8,en,en
IJyCbRz3qDA,en,en
3E3TklHWK9Q,en,en
GCUI6ZS-Sew,en,en
01Ue1X3txOw,en,en
cRzcKaEzqHQ,en,en
UYXFKPduLYM,en,en
WiZ6AajiT30,en,en
Q3Dr2h_gPdo,en,en
cQJL4-nc3vU,en,en
pupk7UMStGo,en,en
-67OAz88a78,en,en
Z6Xgjy1QZR4,en,en
LoRWfF2DCmk,en,en
kn6VDTuTlRo,en,en
Gjne97oZAhQ,en,en
KrY_ftyM8cE,en,en
soMGpeBAqeg,en,en
2Tr5ASyKOjI,en,en
V1GQ85V4O1w,en,en
7s0Dll1ymTc,en,en
RW7qEloCjFA,en,en
moSWNbyTgD0,en,en
oA7uWnoHxc8,en,en
NB9Qq0LpFJg,en,en
-BRvwGURG4I,en,en
gIIfQhRvBUM,en,en
CQVv-re45po,en,en
coe_hs2g9T4,en,en
z--yO5Ko2q4,en,en
UXnt23eVTWQ,en,en
nfHPrPfpHhA,en,en
42LHHMhMeB4,en,en
oz6lyKAwAIg,en,en
uRxbL7KT5wo,en,en
7Sj0dER9oaM,en,en
UkKN66NeFAU,en,en
AjVMtNvVwMY,en,en
7-1cosw1UYU,en,en
FUHjyI4xIQk,en,en
DBZJjrgn_2Q,en,ar
uU8kqYP7azs,en,en
ANigH5f9v9Y,en,en
kOnjI3aRHl4,en,en
nYLTTYDNDoQ,en,en
5Y6GluNKbuI,en,en
UWl6S4yof4E,en,en
ztqkbuTk_dI,en,en
iN2g-bTtluQ,en,en
Am-nKoamoPA,en,en
q_78_ryWL8M,en,en
08PHNJsXrIc,en,en
K7Gi_LneolE,en,en
xg3nKA_sOno,en,en
FzdaxVC06bQ,en,en
th020WzjDWo,en,en
TtpeHcIN7zU,en,en
ikLTc7Bii9Y,en,en
3xk_JlZ0ndE,en,en
ANY4OBgMvUc,en,en
6XTlapAPjWw,en,en
8ztlslBG5xQ,en,en
k3JgVddS74I,en,en
j0kcq9SPJDA,en,en
tnYq-TEeths,en,en
abtcIMXSESM,en,en
HjTLFoNXOB0,en,en
yagCq7QWJWg,en,en
qmRZ_rfZVlM,en,en
QK7svP1gR-4,en,en
Yi6RY6VY1o0,en,en
MUYeJmSgVF4,en,en
nG2zmhXcYTU,en,en
VbPkGfHDn5o,en,en
L5oLX-kiUBM,en,en
zz2c8KjGFKc,en,en
pI4V0gBFcMw,en,en
BlQxB713wVg,en,en
tkdumd4ZSR0,en,en
R8VxyJjPOhE,en,en
pFSPEOv2rhk,en,en
sdGTLpcxlvw,en,en
pimV5bxwpNE,en,en
ZGC8XIg02Ro,en,en
DgXmkPfrFBM,en,en
jltRp043u9M,en,en
K0vx3knZuJE,en,en
xw2IQABO2rA,en,en
37Ur5F_Tr3E,en,en
Tnoor9ro09M,en,en
LgPZ62C9pR0,en,en
dcVYerClVxc,en,en
sR9L75iR99I,en,en
VQh7a6nadbo,en,en
PlHMjZf33xQ,en,en
xEL6L4eGt4k,en,en
Ng9dlAo8Clg,en,en
S8A2nRsD3oU,en,en
MY-IItxRPJg,en,en
UCsFAgRjygI,en,en
wbm7iuRaoBY,en,en
q4RL9iMmMTA,en,en
8C8bbPhbSoQ,en,en
AIwD7xWT91c,en,en
fzO_f7Yc-lA,en,en
Kjj7Mav8_00,en,en
JRNx6Bu6Ac8,en,en
hbU_QiKl_FE,en,en
BHIqh-kmSrs,en,en
RnU9EjGp8Ys,en,en
181IniYoMZo,en,en
dRsX8JI6XkM,en,en
y39txCLxqu8,en,en
e1sy_vCKSNc,en,en
-YGUhbSSEyQ,en,en
wqPAwJ_peE0,en,en
lBpuQYUZZJY,en,en
OwjK5qPiluI,en,en
0nr2MCX3sEU,en,en
bQ-Pz5ssVpE,en,en
aJDvBkOis3M,en,en
BrrRZjwY2Bc,en,en
5i5WhruiX4g,en,en
BgS3SHMjPsU,en,en
yLYTlAhiZAg,en,en
TUf6o7hDvEE,en,en
jUZ_XlENVM0,en,en
vE6W3XZ2fSQ,en,en
Al7X2StftM4,en,en
VuIhmzD_lDg,en,en
DMYjxr1gLzo,en,en
HqYmkn1Ebh0,en,en
CivTqp9jod0,en,en
B5xMsYE_efM,en,en
FQFvUMfYa-g,en,en
pk7zyvpZSLE,en,en
C_NROy-85xY,en,en
8XH6rLcB6N8,en,en
H6y5Z6wpxQ8,en,en
UJPZ7XoulzE,en,en
oXAWXf6f2ME,en,en
4bqKIBuDey8,en,en
_AyBb9agSk8,en,en
zFeCR1yE6Ms,en,en
X_xiPK572W4,en,en
Dsg7RRuVU28,en,en
U0r_ISeam8c,en,en
sN6Yh291blI,en,en
ieJ9F_1EgNs,en,en
94l9yYEOA8o,en,en
0XbVQ3xpv2Q,en,en
fMe0bxxm2gM,en,en
kpvo9-3UU_s,en,en
5vX4KsRZ4Xg,en,en
CuNXrWsoXx8,en,en
uVewtUQviTo,en,en
nsNhmUM4IFI,en,en
oNO1ACesNDA,en,en
xkSUgASHLP4,en,en
l-XOtqRQe-A,en,en
cJ85_c4N4Sw,en,en
MiHv2OsHTBA,en,en
ULBz2Raa4Vo,,en
OzU6OOUsRUo,,en
3qsqW5VLl2g,,en
8Lwv9RkqVys,,en
IZ8tkutE2uQ,,en
PXRk_AXZC5s,,en
cCeik0HmLHg,,en
7KLbQURguEg,,en
CjBuaZVg8v8,,en
_zjL1DI876o,,en
y7MN_0qci-I,,en
H0GMFEU1m3Q,,en
Gsn8O8iIV5g,,en
O07vdWfhqow,,en
ekZ-p_mc0Pw,,en
Appeg2Kj7ik,,en
vgwql8Mv1CE,,en
1O53gYM5_5o,,en
QPcQwrG3WfQ,,en
wVgpWLO_1nQ,,en
saiDfh2l5AM,,en
FOziV7us5co,,en
EK2liJLTM-A,,en
8bKWcDrvwt8,,en
xXuMfbr0V9o,,en
W2fK8EeLWaY,,en
WHh8Q-gNZAk,,en
Tka7PbjWKxk,,en
Z8U1lD3y8kY,,en
ZjU6oIVRdQs,,en
PUDBpU4BzBY,,en
lT0yLPYRMK8,,en
BlPPrgt5LWY,,en
roPmT6zaNtQ,,en
fsSzi-sSiMk,,en
T0Civ8-dNiY,,en
GursQUgyeLI,,en
QOKYM1Tdlr8,,en
C-rOfzrxbh4,,en
iWpjnr78n5w,,en
c0E_lZzIw0w,,en
1qBd3qaeurk,,en
gJHByeOcZsQ,,en
tZhVW6ZdXkY,en,en
mHOxQJofyBw,,en
rHrEPHYcRbE,,en
WItLZX4AReQ,,en
4tAAZNIi3s0,,en
h-NPV8Dw9JE,,en
ckFyNrd73ns,,en
riX5u-oZixI,,en
BX9siQ3ObG0,,en
t1Arcg-21dk,,en
bRlyiA0WpRg,,en
3MgDD2OvIR4,,en
79KhFMIxlZc,,en
Gy4-EKExqV8,,en
5C5T_xi7Ff8,,en
5nEjIEl5jE0,,en
nnVV2v5LQh8,,en
tiYAYH2xk44,,en
UhU0DcAxyWA,en,en
qXRsyQMtGm8,,en
JUM7IuSFmC0,,en
h7uzFXVq1z8,,en
9wplnLeHqwY,,en
HQPKpUkE53I,,en
ux496T0T6l0,,en
rnT9CEcTnnY,,en
i9uScZOhMfA,,en
Fwc6U7AKeCo,,en
VUwVRs7os-w,,en
8XgpNVGPXzU,,en
1fmD33Sa09c,,en
efYiwY4CDvA,,en
mrwQAHVCSHE,,en
OVVsubIppp4,,en
u0hGs11E_n0,,en
SdsSF-hSWSw,,en
hsXzj9ogOew,,en
EDjOLK3ctcE,,en
BAWBqBCAPAc,,en
KKrCRD5rwf0,,en
PSyRiQhvQUI,,en
RS8XR5VceX8,,en
1zydRJQfMQU,,en
9_hFEpUZR5I,,en
RgDvomDqrOo,,en
3CGN60XBs2g,,en
GpD5mTMPd58,,en
XKfcukvAn2g,,en
gYTOxNh8CMw,,en
fHglQ1uIT9Y,,en
uU_GD0v_Aas,,en
FuSXuvrX0ew,,en
Hc6Xgcpio_4,,en
k5lUmQc0iNI,,en
CcbpP-ni0qo,,en
bBoKwQjimvk,,en
az60XtalblQ,,en
tATCyZt_1U0,,en
zRmCdf971JE,,en
ITKeZet5qb4,,en
RLK2wFAD5G8,,en
MHtTH1J7wMQ,,en
ynm5ztETaCo,,en
FHeg2bUAylU,,en
ZoNb4GnigJY,,en
8_4WxzB-CTQ,,en
Br9hS_Df65Q,,en
_04sFV_85AI,,en
gmq4gqCytlY,,en
OBKp1dnDCKg,,en
GzVntcINcQY,,en
dU4ALu03pl0,,en
2gQAclEGl44,,en
t5whrOOGuGE,,en
HdNSeUqHICg,,en
GxQ2TnHwVxg,,en
MK2WlEibCL4,,en
n-0sYEJvw6Y,,en
Dr4bWy2U_rI,,en
xgbysCXdcdg,,en
uA5tL6x2dRs,,en
WTDBvWV42Rk,,en
jesbu38e9xU,,en
mt60uCPfwmg,,en
WipI_ZDzClQ,,en
EBxIxTa7KhY,,en
Zrkiv65tYx0,,en
1h3HvaRC8Ho,,en
NgJAG82aOao,,en
dLORdc_1wfk,,en
BR7Uj8JLEeY,,en
ULkly-1cNrE,,en
EmSifp5POcI,,en
phB-ctLen88,,en
MjdRbLrKdwc,,en
IiLaqNCcszU,,en
ZZL0bPSjpIk,,en
Syp5ctgz6Dw,,en
pXj1iaFjHlM,,en
8YnvbCvgBwo,,en
X5usQ2WLPqs,,en
L3AJDv-Heeg,en,en
YHXoVxCjl6E,en,en
5Cria92pZU8,en,en
MuJ-2MTadmI,en,en
Zk7iHu6cIm0,en,en
QnowQk3mPVk,en,en
kdcMbS4DGFQ,en,en
ICxxQgUlEUs,en,en
pW5UJw9GrUY,en,en
EW5fjYA4TYE,en,en
nolaHpGxSys,en,en
KCyKHGLzeWQ,en,en
59y99pA8SBg,en,en
XoQSY9z6pyo,en,en
3ORBX0l6UKI,en,en
l88n5_1P2Zk,en,en
4S1T6M7OhqU,en,en
JJLBpncH2wA,en,en
C7UoNZlUE2g,en,en
-5FIf94Bo9w,en,en
sDUsh6el2ds,en,en
z_jXZQgbsDM,en,en
r1atd2urOgQ,en,en
BPcHLZcDqhg,en,en
aQ3lxzt4zLw,en,en
U6myIolfW10,en,en
lmO4oMg8iZc,en,en
bZjVgv1c97k,en,en
gcdtkl83p3I,en,en
4yRSHz8BvOw,en,en
f0eUVCwsJUw,en,en
XVQdhpwO75g,en,en
tA_oH0QXjdE,en,en
HgVpsgTfdt8,en,en
Ses4kFW8t5k,en,en
yOk_dDbH6xg,en,en
gHUqdGAiqP4,en,en
lYvOCPa_-Y0,en,en
lH_F4XCTXhE,en,en
MphklY-A88o,en,en
nNAWCCL7Ut0,en,en
pVqQznRKpgU,en,en
tzblFGykBqA,en,en
BBLinvELv9g,en,en
bEToLK1n8zY,en,en
D2ScU0Yoclw,en,en
fGYvrvxa3ds,en,en
5VNSkgCVdHg,en,en
tUokzfFPIi4,en,en
D5qZ1W5MpVk,en,en
_CRV72WKfrg,en,en
1eeZzUHgZsg,en,en
JJAX5X-yRak,en,en
aQFz3iHH2lY,en,en
ETIW4YSx2w4,en,en
hR9HTOM116M,en,en
rd4FpadlFWk,en,en
uV87U4I2TB8,en,en
vOMB0FocWXs,en,en
i4dHWBJClVM,en,en
TYNMyW3h-UQ,en,en
Hz4K-iBlAT8,en,en
7Lvv36InH8U,en,en
NpAJh1Tb93o,en,en
owOvtx5SyHk,en,en
3lxNkNwOj5o,en,en
NBgJURKtn0U,en,en
nGJDrHYKf_0,en,en
-6ei9PJ_sOA,en,en
41wd5cEyc6o,en,en
ZFMwuXsQsSI,en,en
0MRcuN7v5_U,en,en
gW2sbbrNFQc,en,en
C_ETJ1fqSLo,en,en
gfgmmzWMNQI,en,en
zdx7Sn2B1cc,en,en
lJqe6Xoi7vY,en,en
efLSqRb-GqA,en,en
R2Bmg-uvbow,en,en
NMGRphkMZJM,en,en
66-tzcd5BT8,en,en
Q9RZ-_pqyzY,en,en
8UVU2NfUNbI,en,en
QQ_pay-ba2U,en,en
5bhxNbsDd4w,en,en
MTDusw8Pv5k,en,en
vMlDjrcaOdg,en,en
iMT1LIr0DtA,en,en
pKIqz-iDiUs,en,en
jsX_NNT4o3M,en,en
inltDeXAQ_Y,en,en
6edSAMxDeUg,en,en
KtmSZGy3LwU,en,en
nCyBtfUIozw,en,en
HeaCDyprOYQ,en,en
O1QFqrgpIjU,en,en
UHmbwDHAreQ,en,en
J8XIpRQumxA,en,en
t-A2184lMe4,en,en
F72lXarEaLM,en,en
XktxjwWv2Lo,en,en
R0_SyzllkUQ,en,en
6Tf33qgMhpA,en,en
oesJzxXwY54,en,en
vikiJyJtZCs,en,en
SgFNhwNQPjE,en,en
L82D8LwhJa4,en,en
U55HbQJMbAs,en,en
0mN395WNNqY,en,en
9WMzbaPVExo,en,en
aIfqmh56xlI,en,en
kSF1dH1otCk,en,en
J-SBL6lNf0o,en,en
3Wv6YRa9sws,en,en
OyVlfcO2AYg,en,en
szhYm0ZEfc4,en,en
rQ98WD_lBPA,en,en
s-TcRgLwuHA,en,en
i_kiNK_QDek,en,en
tekgHfIi1gY,en,en
lEZ7BgIAaLI,en,en
4O74gefj1tE,en,en
-cikNmJOV4I,en,en
bqUj4r-h7vU,en,en
B7aBY3tFN5E,en,en
ay1X3zsrW1c,en,en
wgPy1O7pBug,en,en
zi-Pg_LCzB8,en,en
VcLRadB46AE,en,en
WHw3rs40238,en,en
kCNIq5JyZ7U,en,en
-7YWJl_mh84,en,en
EYKJdoceUd4,en,en
Xq7UQikqkc0,en,en
GSKCL7YkPm0,en,en
EeMcCcFXcpU,en,en
BNxIZ-tidgs,en,en
miTwrESzc7k,en,en
XqM8bDmJ5hk,en,en
LqthczTKqf0,en,en
T9UMc-cFQjI,en,en
PMoSsSmNLt8,en,en
vTNYDBxTCSI,en,en
UXcZILHsBBo,en,en
zQUKYn1RlX8,en,en
6h6y7eiuEGY,en,en
PA4oFZ4uEPQ,en,en
ec-FxhEv_1U,en,en
K0mvlQuVTJY,en,en
-TUDztdPAHM,en,pt-PT
TbgxA5zAsYI,en,en
OBKvrgkBRWU,en,en
zTUlbLBdUjI,en,en
E__9HkVRETY,en,en
pLIABpN5tUY,en,en
P0eBOp6mvhk,en,en
7kPGtQsIj9E,en,en
rJV-D60zdi8,en,en
r-XL2W5Juwk,en,en
dxJ4Np9uQRg,en,en
TkEAlBDddrw,en,en
aUjRv7xHjkM,en,en
UrQ37_akZHE,en,en
0AV2saNoRas,en,en
w2JlOfyUEm0,en,en
WnFxB3lV5lw,en,en
_UCniQdKj9M,en,en
drDU0sGS6fY,en,en
EOVfyJV_MOE,en,en
dPtuKu8GDRk,en,en
QWGNaPSrNc0,en,en
bZbxw4c_J7w,en,en
mM8i2IKBnOU,en,en
palIQp0OqpA,en,en
kYRXSYr4Eyc,en,en
L4Z79PR8Gzw,en,en
KlMLSi1Pb5o,en,en
TUSDNzP76sU,en,en
7YUtyj2v0p8,en,en
yJw4DgJNSFY,en,en
VTOnm68osbo,en,en
0DqONqHzWBg,en,en
YCooFXK7Rrk,en,en
TGixv9xiG5c,en,en
KJmhUfcmiSU,en,en
BdJ5GkZ7ZM8,en,en
lmZSxg_UcQw,en,en
mwBWXMlLhMs,en,en
H1yKY1xVQbI,en,en
tRZCPr2M1Ao,en,en
6v-JHMNONyM,en,en
Xld1tE0Xps8,en,en
_3jP8EsqLKY,en,en
ZO9ZU4le7gw,en,en
ktFCxarIFBM,en,en
4LG8H27B_RI,en,en
cLT0c0fdmPU,en,en
J3Vm5L641xc,en,en
irVyVEIJ5XU,en,en
E2NC5PGx9GA,en,en
VqJF1HOGUh8,en,en
wKxrtkB-9Qw,en,en
jaBzwqra-Lo,en,en
06qB5v0bpgw,en,en
EnDQ3LtNaI0,en,en
ue7zzFcEKmM,en,en
xflLCTBpkTk,en,en
aL0-5Vzb5rc,en,en
9geeHQCJANk,en,en
ckjASULUesE,en,en
BmVrS9BPF5c,en,en
bziDkfzGfmE,en,en
d1bCcbaRHtU,en,en
fQpZIwI4FOg,en,en
tJCnFW-LRvI,en,en
YaaytUc6c1I,en,en
59zeKd2p6-E,en,en
kHomeCqyWKk,en,en
U6yksiQd2AM,en,en
iDWLCQ-3k5E,en,en
bArm4-M2kNU,en,en
oqkpwP3Pgvk,en,en
w5Dy8RhcC_A,en,en
f7RP_yWbxVU,en,en
Bv-DDDsEAFY,en,en
mGjAnORU9rE,en,en
MeXVFST6s8U,en,en
ryxo-r3PwRw,en,en
MnLX5YdHsG4,en,en
b3BXw_4BKu8,en,en
Lnuc9wBCIF0,en,en
XoigolgEqvQ,en,en
YdFpW3vzJyU,en,en
NSU1lqc1Yb4,en,en
nBj3HA8_0qA,en,en
QgCGuOHV8rI,en,en
bi3B5Galj5Y,en,en
qrPHEF5dHiA,en,en
05PxZdW0dsM,en,en
zalAANx3394,en,en
9JVvmj_4NO0,en,en
dQpqwC0JcM4,en,en
bOL-tWuMoDU,en,en
jh1BdHpLnjA,en,en
ZiW42BOM9YU,en,en
fzU43NkE8-k,en,en
ovEI7xiMpdM,en,en
LI_24TZA30g,en,en
KEwqsxmBil4,en,en
_xXOalLa9a0,en,en
dQ7ywTLVook,en,en
b0zYGYltWDA,en,en
gv1I_jcaWsU,en,en
G1cE1kNMUjo,en,en
7d7mtLBrlWw,en,en
dSGYHBJsABo,en,en
9f0XY6PiT8c,en,en
RhHHNq90gCc,en,en
P1f2-ulzN6M,en,en
gwQXioAan3E,en,en
XOsujAyz0mU,en,en
UDQcak6tzCc,en,en
1mW6xU5iLw8,en,en
VwfhFoxn_RU,en,en
sC_ePckvXjY,,en
xib7wqWygu8,,en
TqH8qYPk_E0,,en
Xyl7XvvbfhI,,en
gEodn0Y-Uro,,en
MoRtI6Vi63w,,en
p7dtwzzhHoo,,en
52I6PZ-p5uk,,en
p-PCT5fe4pM,,en
pVVU74czwdY,,en
YO1pkF46WUw,en,en
Z1PiWmO5ShQ,,en
RcPrA1t1Cr4,,en
SYk1nzGasW4,en,en
Cd8Dx8nYU7Q,en,en
R6i4pv0cThc,,en
ZpRYLPo6KJw,,en
mdTq9czIaZ4,,en
73mNHyMVOvE,,en
D5839YeKBPY,,en
c4m3IGd7V3s,,en
jKZJJPgYu3w,,en
En6ohImLXVk,,en
G0YM8NMVCQg,,en
AOfR8oEBVZk,,en
8-iX_PizWak,,en
YxxHfBUrlNs,en,en
yaVXwxNAwuw,,en
9xh_cbOB1t8,,en
JopIol49nA4,,en
sB5uCL5peE4,,en
90sQzhHSKd8,,en
7aWLPd7sGDI,,en
dw55Vs_zzvw,,en
XWPoGsoVEwo,,en
QULOb-IHT5Q,,en
2d3iONIXa7o,,en
UybbcKNbIN4,,en
EUkEdkU4Kd4,,en
IrS4U5lQDMU,,en
TmteV7YIfBA,,en
mKHJlnJcoSs,,en
J2TOgzqrBAw,,en
9GAnPRSQQzk,,en
rzsWRfIgSFo,,en
8QkrJkO78tA,,en
vopfWBiRyk4,,en
Wb1PqLqAecQ,,en
GACTZp0-vYk,,en
yoOMDWhugpE,,en
tTjp0Gs2P30,,en
LAAj3RuZu_Y,,en
_MbXeiPNcrA,en,en
3Jf5bHPI4-Q,en,en
r6tZM3DUp-s,,en
cLqj_F0Pk_4,,en
T4PCKMVOsp8,en,en
W50QcyHwcgo,,en
vbDW99tWmXU,,en
Hqwz6koSKpI,,en
2LkTDgmJ7-k,,en
hYUInxKz0Gg,,en
NDl0cJzV4xs,,en
vKiokuUL2t4,,en
-vxCEnrXbaY,,en
eKGqDcJldEI,,en
p99EJGQwlK0,,en
Oo8dEWB1unc,,en
3iK6VdXOT2I,,en
MUqksZFyw6c,,en
f7m38rN6vnA,,en
lpy3aJXklkM,,en
lJV9KLHHggE,,en
iC6r5AP5G1w,,en
C_-4MmWALvs,,en
uCeRtR4oKzc,,en
BO4_3c9HaEk,,en
VaEbx7SKC6A,,en
RMl9aqsGss8,,en
EWYexXyNFY8,,en
HTuI92t1tRE,,en
GO_brVB1lmM,en,en
E6963OcaiYc,,en
vfK2p61OuqU,,en
PLtZ0PlN2AE,,en
FcwH7Zfmb6k,,en
DHmbHpbWCSY,,en
5UXR1ufohSQ,,en
5ZynjnyR5K0,,en
uHy4SGFVUcE,,en
UKo3rjpI6os,,en
yc2t61_gD3Q,,en
FfykOBaF9dQ,,en
CoqxATYkOw4,,en
ShS7Wr1yBJk,,en
ceOZo03QU-E,,en
Qwowo3ik2Rg,,en
537AJ-5EI64,,en
g3BZ5Erbb1Q,,en
DTLhhjHmNyE,,en
EbrZaQLFAPQ,,en
I4ZqcXKPnWs,,en
6AiDBcNmvS0,,en
az3vJHhDmVs,,en
huizO55E3yM,,en
SjnrDPlr2UM,,en
C0Oyz5qmX2g,,en
sXd3Vw71VAA,,en
Q3u1eEQHDd4,en,en
Qmby_Onief0,,en
Zt8ftqpveXM,,en
67yPKAxMd1w,,en
5ny2FynbDPk,,en
qZrZ0i48-5c,,en
tuPBwxCtYAo,,en
fe9M8rz-HP0,,en
DZ5TbDiA22U,,en
Zi333_Lo_f4,,en
D5Ofw6TJRqA,,en
a5YLefwvT6w,,en
X7MGsE9ggCM,,en
xm9QDGhpB2c,,en
qQUMXthltNA,,en
m6qcU6P0_k8,,en
7SAc6FucL2w,,en
OS4xiGdOA6g,,en
oBi1lE9IuIw,,en
KzZ57fRKa7w,,en
2rg-Z9mHL6c,,en
myku6GQDRYw,,en
v5BDs83UTWQ,,en
o8FMe3B8KQI,,en
maVEX9Es-n4,,en
VmLURnEOG1Q,,en
8GUEwFmKj8s,ml,ml
SdtU5Dlr0CU,ml,ml
P1BVz9K87aY,ml,ml
oWgRlozo4ZU,ml,ml
1bD1iG3zhsM,ml,ml
-yvsoCIvodY,ml,ml
DY81pGujM-E,ml,ml
KUgdk1KCxPo,ml,ml
8CWqOHneoSI,ml,ml
b6Oo2k0VjMs,ml,ml
Vg-jsNHvIzE,ml,ml
IpysmeOO16A,ml,ml
Tn8wdJJGez0,ml,ml
NPgIQ3dQ-rY,ml,ml
8gmg8C5wSKc,ml,ml
Oh-yeDxkexM,ml,ml
Ea20bgAaGvw,ml,ml
FPY8Yz9kBPg,ml,ml
pUNWMm5MVqE,ml,ml
VKq1FokUiWk,ml,ml
0dOFHzalurQ,ml,ml
-8zxYpz9iH0,ml,ml
5mUPW8gokAM,ml,ml
xtNy93H5cRg,ml,ml
oB_cgZZP4vM,ml,ml
1wna3tVVX6Q,ml,ml
GqUw-BDc5i0,ml,ml
WVp9Tsb8rxM,ml,ml
8j-IwVfmYjc,ml,ml
JitZGhFwToI,ml,ml
T-WoxuHK6wo,ml,ml
DkfW6nioXsE,ml,ml
v01fRqw2zIc,ml,ml
nPzcykujbUQ,ml,ml
qX7VEUj5eUk,ml,ml
O2iSGrcKQVo,ml,ml
X71LoMoHgWc,ml,ml
wTj0bJZXId0,ml,ml
vM2xkqOw-HA,ml,ml
tYF3ZrFpLJA,ml,ml
jpSj7hnN9w4,ml,ml
NkhbPhgEc3U,ml,ml
DGY4SbHXclY,ml,ml
u5EvZ0qxY0c,ml,ml
c8qbOwd9Fns,ml,ml
L_SO1g8FTME,ml,ml
-P0O6gjS_CU,ml,ml
9oc_HjvIAFc,ml,ml
O2ITkCTM1Cw,ml,ml
SL4VoeMjr_E,ml,ml
hNYZloJVJIA,ml,ml
IRYpYBk2Rsw,ml,ml
Kl_x154Gt_k,ml,ml
KxftCFGl4l0,ml,ml
yN7vubwcUf8,ml,ml
oAdF7Kv2AkE,ml,ml
n7WYKw2M0jI,ml,ml
hU45FKbbsYM,ml,ml
fAjuzPo2K9Y,ml,ml
sNtZSClPuwo,ml,ml
ljg-7RlMZPc,ml,ml
wk5Gl5g57Nk,ml,ml
gVBeVe6CMTw,ml,ml
A4GWyvfEN-U,ml,ml
MCj62uSf7f8,ml,ml
bazDIxp77Pc,ml,ml
bpV7SWaO-Gg,ml,ml
upO0zrps_nk,ml,ml
f1P_sLKYMKg,ml,ml
nlTlhU8OqPE,ml,ml
_SduomtSEIw,ml,ml
bTV8abtMSBQ,ml,ml
i1GHleQ3tfk,ml,ml
xhbf54p0vP8,ml,ml
NN8K5c_N8WU,ml,ml
Har7a_Clv_U,ml,ml
I5kNKxttWII,ml,ml
B66Y3NExlHo,ml,ml
VMNJjULxAnI,ml,ml
i_njbdwiwGk,ml,ml
KUZ0hITxwqM,ml,ml
hmfbKimn8Qc,ml,ml
dZTEwftfqHQ,ml,ml
RWbCRZDkdCE,ml,ml
xr63vYCn9Zs,ml,ml
yzMT389ee70,ml,ml
6DXodSwJbeI,ml,ml
BsbpTtXVtxA,ml,ml
KzLBNhR8zMU,ml,ml
r2UDXilqsB8,ml,ml
pCOolJA6Aro,ml,ml
aNi0-kK90KI,ml,ml
4GxaxqEOZwI,ml,ml
MQY_t5MPMoA,ml,ml
t3YN1k5nXYE,ml,ml
36miqsm4uos,ml,ml
_z8XlFom7ZY,ml,ml
N8her_9jovU,ml,ml
Gq7Rw9rwDr8,ml,ml
hVlOtPAXatU,ml,ml
TrFNpfdRbCw,ml,ml
glbg0faTTqw,ml,ml
hbJZMyFIbyU,ml,ml
OTRzHXFlohM,ml,ml
W0Eu4gn_Ndo,ml,ml
hv5hh02LNpU,ml,ml
Ut-LOa82GFA,ml,ml
06dCor0QRXU,ml,ml
84SY4DOCdZw,ml,ml
7cuWTx1NlhY,ml,ml
wP0ZYOgT8ys,ml,ml
1kS1MTK2nKk,ml,ml
71R_kYyK_Bg,ml,ml
dbnHt2p1ndg,ml,ml
TjbzycdRGmY,ml,ml
zwu7Fm3FibQ,ml,ml
QfbDGYAx66s,ml,ml
7JrU_gxW5JA,ml,ml
_vzJdvZEljE,ml,ml
HAN1VZtFcUU,ml,ml
Ka8p6RDIQiQ,ml,ml
4293ztI6hd0,ml,ml
U-Ed4s9ZYS8,ml,ml
wSiPh0oNw1E,ml,ml
Pm6KL1kCA3A,ml,ml
fq6Q0zs4I6c,ml,ml
TeXxp4BEHt4,ml,ml
rmee3eIDbyo,ml,ml
rgzzz0YL_QQ,ml,ml
SSdtF-w39tA,ml,ml
9KtnFkqbg3U,ml,ml
NgpH7pepCKY,ml,ml
_O4aiMIzr9Q,ml,ml
v30XfF27slY,ml,ml
eSmyS6-oi9w,ml,ml
Ia1yJfjGV3o,ml,ml
TheYGnMn8hY,ml,ml
txr7iV8EY_M,ml,ml
nr8rIYDZNZw,ml,ml
R0nGahm5gu4,ml,ml
YRwJMoEJvko,ml,ml
dPZM5l6YzAI,ml,ml
Y3DZ-oVThTg,ml,ml
1aZURDPl-9Q,ml,ml
jrvVbgdXluI,ml,ml
2ThRm9x_beA,ml,ml
etCHHaPpKvc,ml,ml
kyJKlOKtjhk,ml,ml
nkQpF01W1AI,ml,ml
E3HmIR_RX9o,ml,ml
q4puaPrS_ew,en-GB,en
qivFzPMXP4I,en-GB,en
2K05T_GBVaw,en-GB,en
iQsSCfuQO1g,en-GB,en
d-HLxBw1f1s,en-GB,en
5aOV_-D5vN4,en-GB,en
6rxd-V1xsEQ,en-GB,en
RSiZ6Xfvu-g,en-GB,en
SlLl0a8dvcE,en-GB,en
XiUC_W4ELc0,en-GB,en
gaFmAIaOWZ0,en-GB,en
Po8ehT7tzU8,en-GB,en
RT5EH156R8g,en-GB,en
IIqiabTz8ZA,en-GB,en
3W-ObbM3cFU,en-GB,en
AvFelBC-_64,en-GB,en
9xVQdqPAh70,en-GB,en
f6T_9ISlhr4,en-GB,en
EJPdlKq_NBo,en-GB,en
E2jROP7cbcc,en-GB,en
t0gWRzh8NVY,en-GB,en
P0uboqe2100,en-GB,en
e8iYFj9Cb28,en-GB,en
FzSMhj1MIgg,en-GB,en
BLOEz_yC-ng,en-GB,en
rbqDj4VuyPc,en-GB,en
_h29c62CY8c,en-GB,en
haDbLMMJaZY,en-GB,en
zFpAGRTojOg,en-GB,en
s1qAuVVocc0,en-GB,en
yAAo0yGMXhk,en-GB,en
ZWPljcNGNtI,en-GB,en
J2DSLA72-AI,en-GB,en
kmKS32TyyB0,en-GB,en
aJ50o5r77hI,en-GB,en
Ttu7c1HKBZc,en-GB,en
GfoTqRrc3ok,en-GB,en
knAszcMWPBg,en-GB,en
IyHJZIn9JuQ,en-GB,en
o3FT45tmgDc,en-GB,en
m4cAy-pveKU,en-GB,en
5aptPpmD_JY,en-GB,en
v1QY7dlVhxw,en-GB,en
wjq3vu04WoE,en-GB,en
GJ7gsed9atg,en-GB,en
6q1hhKuwPzw,en-GB,en
2s8pmrQYzo8,en-GB,en
pgSGjyXw-PU,en-GB,en
rTZi9kFDSvU,en-GB,en
GxlsgNQwSXE,en-GB,en
YFKfRlHFWw4,en-GB,en
wbNvxpGTUXM,en-GB,en
VOHejrJfi8o,en-GB,en
nXNDw7yRawo,en-GB,en
ZK5D6iANkyA,en-GB,en
vxr6PK-ZXHE,en-GB,en
XW9oGyYQ9DI,en-GB,en
VQ5Ki8Yk3f0,en-GB,en
cFZwTKS5LrQ,en-GB,en
6-ocHsmjiDQ,en-GB,en
fX-KlCQRjqY,en-GB,en
KIOgalSfzac,en-GB,en
o8UWDYQ0W4A,en-GB,en
JSU_TLLjR-8,en-GB,en
i33CDBpZG9U,en-GB,en
tqUEriXGELI,en-GB,en
JlwkfoHliqA,en-GB,en
BjpkhibrvMU,en-GB,en
invmX-VBcLk,en-GB,en
HnBX2PpZwwc,en-GB,en
NsdEii7I0DU,en-GB,en
Gm6c8GMB6lo,en-GB,en
eseNTohsDpQ,en-GB,en
XIXikDWO-go,en-GB,en
GfyOLoTretE,en-GB,en
lHKjnSA_2Ro,en-GB,en
fHjMXmPJInU,en-GB,en
wYW2l4xSV2Q,en-GB,en
c8rdI6CkVww,en-GB,en
fECYJghwv6Q,en-GB,en
nXj3VS0iM-c,en-GB,en
o1ai6nymCNM,en-GB,en
0825hINyZAw,en-GB,en
CjTMrEZ8N5A,en-GB,en
KsAM2HuDHv4,en-GB,en
LF9mxXJRiek,en-GB,en
FS88-NN95kE,en-GB,en
iBjfRKYS7zc,en-GB,en
OPkOpSXlvPo,en-GB,en
Jp-FUibrmBY,en-GB,en
e6utUiU-dJQ,en-GB,en
OXmm-SUEKlI,en-GB,en
jEo0PLfiGYE,en-GB,en
iGnMXfN7yDc,en-GB,en
Mr6Sz4-5nbk,en-GB,en
IE8YsqwCaF0,en-GB,en
dlkhD9eA-cA,en-GB,en
Ni2pANPbMZE,en-GB,en
MA-JL6CySgc,en-GB,en
IgMTKMXNof0,en-GB,en
sb6sUVhUXjQ,en-GB,en
XQtLZHcP3F8,en-GB,en
QDwyGfIgvho,en-GB,en
LFIP9wqYgIM,en-GB,en
sxhBjx0wJfA,en-GB,en
i9iOZh4IJzM,en-GB,en
QP94QzKJTIU,en-GB,en
WNaVyJdQ1rg,en-GB,en
wBjjEB4snJE,en-GB,en
_12SraV_tsQ,en-GB,en
AFIvRyEOMtY,en-GB,en
Mt18APMb_TE,en-GB,en
fqURxN2qpfk,en-GB,en
Mr29iwFGUZs,en-GB,en
e7IxfxmXHzs,en-GB,en
ktK8sHPm2Qw,en-GB,en
LKl7ZWb7Kig,en-GB,en
Pd1iTqJcLao,en-GB,en
-l5tQ9lidDA,en-GB,en
5dY7XG1YYxE,en-GB,en
APQEbN4GO_Y,en-GB,en
AUFWpJMuRG0,en-GB,en
F409p5RL0pY,en-GB,en
2HwJHUnDb-s,en-GB,en
fna3FXi8swg,en-GB,en
zdB4FPXM5zs,en-GB,en
p3-rRXHGI1w,en-GB,en
eWeZYHRk61s,en-GB,en
wP7xt_6cgFg,en-GB,en
5s2I04WlV2I,en-GB,en
dM07EFjgAts,en-GB,en
Spr5j3BUvNw,en-GB,en
i9pfkLECkUw,en-GB,en
6-Nc2uTl1Gc,en-GB,en
b42YOUfTJ0Y,en-GB,en
Kkjho73Oxx0,en-GB,en
pwJW8Q9X67M,en-GB,en
2z1GCNnJCIo,en-GB,en
Ao0o8br_PfA,en-GB,en
Uzw7Cg50PUY,en-GB,en
Q_O6bEGpf64,en-GB,en
PRX_LXyCSWk,en-GB,en
JNZTA76NOrc,en-GB,en
q4qhPs2U5S4,en-GB,en
bp4T1Vqma3M,en-GB,en
pLXkvhTZIR4,en-GB,en
CpEdfQUAxZ4,en-GB,en
yFMOySAa7EM,en-GB,en
iTT0liNbj2M,en-GB,en
pKCwCS25ZuA,en-GB,en
p1ZOgG59r1E,en,en
QcUIn46CnDc,en,en
HfSMuESIflg,,en
DIOb8_eUqgM,,en
iUMekQaAeYA,,en
qr7fsT7bHLM,,en
PhtAyeRsqXM,,en
vlexk_3U0jk,,en
UPAs2htM5j0,,en
D2v0fb6neZI,,en
KwnamMU6WlY,,en
7DDyonBycdk,,en
09JRPYng5-Q,,en
PL3DRmYKAIs,,en
VoMheTWm_V0,,en
GHt0feTDlnU,,en
XKRVWzUnaDQ,en,en
XLJuv7O5fcE,,en
ep5PtXqZTAY,,en
nNkFf9OpdoY,,en
XVRPv44ZQtg,,en
MdOWUC2znWM,,en
7LIyts2_8ug,,en
N698s6taeo8,,en
nOJ_REXgsgE,,en
RCx3HmYwX7g,,en
txirE0LAN8M,,en
iVKm447JCgo,en,en
x6FMBnT89r8,,en
39Y3XIQD7Ko,,en
ru9k5xApoZ8,,en
M_sUolyE2CQ,,en
nF4ajyjRMQI,,en
Jia83I41n9I,,en
gb4aI-FXKeE,,en
uvTR5CYBWhI,,en
cimk-yV8ACA,,en
2pUiMow8pdI,,en
DI9g6bF4zX4,,en
nvX-XUV6sn8,,en
_167uXwu-BY,,en
GNbP1wGwS40,,en
oQKMKGEYskw,,en
WDggFSJCJ84,,en
kAHJASs_t64,en,en
YJmWK7kEXys,,en
e8jm3UkjMWc,en,en
VD9ilbg0pUs,,en
eGhsSp-J3O0,,en
IKL-06VlYYY,,en
4-3kLaU2SEw,,en
Dq5aQsSrFb4,,en
H4idTK2IBpE,,en
ZHQmPMWExos,,en
3lJCEmBHYw4,,en
XbNqFVRMLNk,,en
cx9JGayPS7U,,en
fndEZvoZjy4,,en
0lcUPGvhk3M,,en
BZG_66nY3AU,,en
dMa207U-nCU,,en
OVWyt-If8YE,,en
84U7lhwX-sg,,en
lseJGPssITY,,en
2Eil6MGNJ5E,,en
uE1k08-PPjE,,en
PyQJdbb58Lg,,en
jPejkFokYpg,,en
_KZ5kVuSJWY,,en
KcjfooX-wpE,,en
MCVmrJYKabk,,en
nSHVIIHXLfo,,en
Z5os893FJiI,,en
pRoy1df0yOE,,en
DRIgxiuUha4,,en
vAkljhT-2_0,,en
FNfcQazc03Q,,en
l_ADxBgvrvA,,en
MVxnTJo82ro,,en
XBxoh-exwV8,,en
36NCUaDJ63s,,en
enj3KwdZZd8,,en
GEpxM3bldJM,,en
Xwz-M05_MzI,,en
kf0gWrxm-G4,,en
H8sk7w8jvnQ,,en
Qzk2oJo7R1I,,en
7h6Yks8ztvU,,en
SuseKCwXRLg,,en
wRNcbx-f0-Q,,en
V_5HcmgZ2UE,,en
9Qy1Cxt07QA,,en
IpTGKkAe-gs,,en
JgMfEZALbvE,,en
G2f-E6vnspg,,en
ogrZWwbeAxU,,en
Sst6XlmEDSk,,en
qRY-YGT2baU,,en
3jUdtZ8Fuxk,,en
oeSy1bEUbUA,,en
F4axV1Hsw5I,,en
8JoYoJpC4ds,,en
E0FuC_-mB7U,,en
N0SlGNGSBjI,,en
ZAgNke1uRL4,,en
30YWCbagaPw,,en
4nZnlwBuTAw,,en
NhVUikRD0kc,,en
inGlnjHlDJk,,en
9EUcCmiyKi4,,en
Gi0EcHutbr4,,en
MyheqYBIyXQ,,en
JbrlIqBDvug,,en
Atl6YwN2uyg,en,en
5fsoL8bIPac,,en
LMhTBcPU2mc,,en
5KM4up3g7Ik,,en
oifUfSIjCEI,,en
d4m_Y8KgMYA,,en
CvDzexe30WA,,en
dvBbCNw35sU,,en
sqcLJYE6W3g,,en
1PUrIT5HKcQ,,en
CwQ07qNrlQA,,en
eGTqt1LQlWQ,,en
SmASqYtjNRo,,en
kV90e113UaI,,en
4uD0b1l3Odc,,en
Z0f2l7qrybE,,en
pVO3VgPbV8M,,en
f2t840MSHnU,,en
M3PNwNP5JXI,,en
1XlCHd_rLtY,,en
lIfmLX6FfIQ,,en
cA4HPIzLpF0,,en
5yhj9qvIjo4,,en
_PW6ZEp2cVU,,en
1KaQ6DhcAOU,,en
RpH5nrJlFV8,,en
CaR5_ZANUMU,,en
0UsC_-SHvTw,,en
4Xutm7-Tg4Q,,en
MwPLPDe8ZB4,,en
WPVjraBdZSQ,,en
meD9MsNi6Yc,,en
hL0HZ2sLRak,,en
1LHwjLiuFFA,,en
vG23l5Vq44M,,en
QFsznjPm-lc,,en
leobDqGSydw,,en
FS7ODvswibQ,en,en
rrjDj7zjuyA,en,en
kGcgCzLpXbY,en,en
VfBxm-RMX_Q,en,en
8sfiCwEuBlU,en,en
AYICjPIbj1I,en,en
6GeGIzUXdbE,en,en
VQJYqvOweIs,en,en
mRmMXzZgQxg,en,en
snzhL_qeKNo,en,en
DhHwKXoZKXY,en,en
L5yJ-yMtduM,en,en
OBzLOWwF_GY,en,en
p8KK_AX2nQs,en,en
_N1lWXi1C4E,en,en
y4aSXKDmM9Q,en,en
vr9E1yR_n7A,en,en
xxImTzz_6iY,en,en
4i2k0U9TxgE,en,en
1nh-J2TLQvM,en,en
CgIlN0LTQA8,en,en
_PnchMhdTPs,en,en
Qt_xqeGA2TE,en,en
JPJH616kcsY,en,en
blUVW2mIgVs,en,en
IJM9Vdax_Mw,en,en
tOYYDIN_PVo,en,en
kHiY_GaOU3k,en,en
Hr2CtHEnuGA,en,en
EHK6UmJoXjs,en,en
Jajv92ByuiE,en,en
oXIN9zHbPd8,en,en
xfVOV47kuaI,en,en
99gVGANE2CQ,en,en
dxNGMuub7PY,en,en
7zEfb2uo1p8,en,en
gSpIQqKDISM,en,en
b_k4dxeeImA,en,en
tYm672x2_BU,en,en
ZVxpoFDZBM8,en,en
Bv1cgdY17H8,en,en
4T6KBVKj6lA,en,en
lOzDWmZOaf8,en,en
SILtTrrPvlI,en,en
sDODcm8qdxU,en,en
XLAP6ujUdww,en,en
pOhXvnrTLbQ,en,en
yeVx6Avr0bk,en,en
496cDInISPI,en,en
fI8nPek4vp8,en,en
AsGf5oTe2fs,en,en
WfQIx1MlVBw,en,en
-ZbNct70wW4,en,en
5ksn2CNVCqo,en,en
5wvVX70JYbI,en,en
X5lDBLXESxM,en,en
wTTFRBkr7Pg,en,en
kiw-4ghQ8Vg,en,en
96QAePs7XQc,en,en
0ZFlTumjpaI,en,en
jaIdhiQAMBw,en,en
2_MTFeyDE5M,en,en
8TxcJMJIXXU,en,en
nFOMjQyKmaE,en,en
1cXBQlsl8Ws,en,en
x7bndT6dJKs,en,en
35wJfE6Pc9k,en,en
5G02c5fXhlc,en,en
Ws6IViXdPD4,en,en
xtP3fsxkXUQ,en,en
atYOpldCTUM,en,en
5wkeLiaaMTk,en,en
ztWMoBEKVPs,en,en
aeD5eYsm6dU,en,en
HY1Xd8ahbRU,en,en
zODx5bJqfZs,en,en
Zd0KMlF5wDw,en,en
-GZLzb8mhIE,en,en
dpCrAZmFEtk,en,en
is92IXunxBU,en,en
zv0OYdShBxU,en,en
k9m-fCAdwlQ,en,en
rdcydekY9qM,en,en
AVlAeWco-H8,en,en
TnQIroD39y8,en,en
vZEEEmkjtZ0,en,en
N6tryqyasgw,en,en
_layiCn4m5o,en,en
qhuzFI4LP_4,en,en
9M_Ua2A0HhA,en,en
hUG9Sx4hlNs,en,en
U5byTr9nm5E,en,en
V7zJ76eDjhc,en,en
pDxdU5YOG_Y,en,en
-rSbEfqUA7Y,en,en
WezcNDZwdgo,en,en
NH5PKoTpz8A,en,en
M8XufNmhk7U,en,en
G25lWDVoZBE,en,en
lNzRYa2AC78,en,en
xawMKsqP-Sw,en,en
i1fxSKbCk_M,en,en
AAI-sO5PYEY,en,en
0jPuqNsJXV0,en,en
Nm5FMwjGmjI,en,en
uXWSXRoVvG4,en,en
Fbvr-Cjo44E,en,en
lNK1QbrvAY8,en,en
YISbkkLvrZQ,en,en
-SZidVW-LZU,en,en
P-t1-Zz6K5o,en,en
rYwnuiKc2ac,en,en
nn4KOGbCCUc,en,en
k-iwSzGb_Fg,en,en
3U4gpks99nU,en,en
Sp9ag3yAQGQ,en,en
wonafn4Ti94,en,en
36NuW0DUumk,en,en
QoglB2G4AM8,en,en
99WROxMAzFM,en,en
HWOfDoCxxkw,en,en
_jEzUtwmaB0,en,en
247tTj0R7Vg,en,en
iY0Evr9Ssh4,en,en
sCP3BZSVaPw,en,en
ULyU4SvXMvg,en,en
nL_9U5mSJ80,en,en
C6suMieOPvE,en,en
bdgz1oIxKVw,en,en
RtvPcdFHysQ,en,en
hHI8OeO8kDM,en,en
dGVwCbjih2I,en,en
IB0adHPkNpI,en,en
j7-KVddHP0E,en,en
iDAfn0tacAc,en,en
fZwA2sqeq00,en,en
upiI8vGbqZs,en,en
IzTGLoYP5Us,en,en
Y3m700p1VkI,en,en
aAq9wXFstss,en,en
kvL-XzeV3sw,en,en
vmFz3B4m7i4,en,en
8t8yElx4aEY,en,en
8nPe6LZ9adQ,en,en
s3JhLcmWdWs,en,en
58nwiGdwo0o,en,en
4LhGICZ78zA,en,en
CKQsJEWoi2E,en,en
R7bN2lemSJY,en,en
8wJqEaKgOH0,en,en
r_yPJKsfnOE,en,en-US
K8XtdA3ihe8,en,en-US
rgf90FdrfeQ,en,en-US
rSRR1vrp_6o,en,en-US
DOXzoQ4ChD8,en,en-US
5-vxQGz3nm0,en,en-US
cMZmcPDnnUc,en,en-US
pj8Lt1l1UX0,en,en-US
8APYYD2f_fg,en,en-US
9EL8jWziXHE,en,en-US
TMoK9RgwXpo,en,en-US
iQji9Ig6ago,en,en-US
bo-_2yq5oJo,en,en-US
8CuCIsGi_wk,en,en-US
EMzA4J1Q0Jo,en,en-US
FeO_OS43PuM,en,en-US
dL0Ehz4wPso,en,en-US
ol71CPW7_Vg,en,en-US
2_qQRe3btq0,en,en-US
EIwcjOg8-6g,en,en-US
xkxnC81TJQs,en,en-US
5P5CZhE3pR4,en,en-US
kqqk_oiC6pM,en,en-US
OK10M7-DB_k,en,en-US
TglugbB1-6I,en,en-US
4cfhAhGUqwA,en,en-US
N9YkDKz3lT8,en,en-US
Lfmjuj5FRa8,en,en-US
M7C6_AZuwgg,en,en-US
2JZw7_37yDo,en,en-US
lv1GUUCx214,en,en-US
gRXYkRMeivE,en,en-US
-FtaDU0-2Ls,en,en-US
OBKyJ78V-FI,en,en-US
7Jf7oyx8ZII,en,en-US
_5crPiRWHoY,en,en-US
AFqO4BZ0R5c,en,en-US
sNlPMnOrFmw,en,en-US
Z5rO7NwLIMI,en,en-US
UIvns5RSBR0,en,en-US
QqKP37id6GM,en,en-US
CKjQuVm_N0M,en,en-US
2V20roRlmb8,en,en-US
WMYg9N-0egQ,en,en-US
odoh2nZ9g7g,en,en-US
HnUERljMO8o,en,en-US
uKUVPfBM18E,en,en-US
VOqLizvdt2o,en,en-US
vbzginEbzBg,en,en-US
5xRiyTJeAQg,en,en-US
BXmQ6C541dc,en,en-US
SfG0h2yu4m4,en,en-US
_Nw2jCTByB4,en,en-US
zGfU4vrUqLo,en,en-US
rbGO6BBAeiQ,en,en-US
Ao0Y0l_Bkg0,en,en-US
8n0Arsjxiw4,en,en-US
pxzlAFYd9QM,en,en-US
w-NUpZhSZto,en,en-US
9yLMlPda4TY,en,en-US
3yaX1JlAl2o,en,en-US
wr2dN5X2ilQ,en,en-US
Z8Px5HRe_1o,en,en-US
QHQlpRRdf5Y,en,en-US
L0Q2PHgtu8Q,en,en-US
rWfTAN0xMTY,en,en-US
wO42wc7t2EE,en,en-US
_sjYR98wpNc,en,en-US
blkmgP79t9k,en,en-US
PkFZ2THGBW0,en,en-US
Br_RPi218Cg,en,en-US
5YW_Qo01Zw0,en,en-US
XbBnbCJ-Bdw,en,en-US
oYf2B4zfULE,en,en-US
TM-DMGNsq5A,en,en-US
of7Ki7pRERI,en,en-US
ndCulG5VRZ4,en,en-US
-7yEsaXAzoU,en,en-US
ezws46JbeGU,en,en-US
ibNEvUPeCBw,en,en-US
coU3eqtU1nI,en,en-US
Mz0skNhmWLY,en,en-US
ID0b55JiF4s,en,en-US
h0hUXVsqItY,en,en-US
JvB0xjI4Qt0,en,en-US
9vVVctCRoHE,en,en-US
7ajjCQ7OL6I,en,en-US
BN3mOYOSD8A,en,en-US
SFvON7LQTLU,en,en-US
JcIt8SBAPyw,en,en-US
cCaxP9VXJ4E,en,en-US
RjBI4opknCI,en,en-US
Sl21LRBANL8,en,en-US
VjrpkGNKdYM,en,en-US
jP-2VVZOf2U,en,en-US
xmmknY3RfsE,en,en-US
UDy-ogmKwjQ,en,en-US
pEk7vZp580s,en,en-US
KKw65LNVkAk,en,en-US
L_YagV1u1YU,en,en-US
7qoVjJF2SJ8,en,en-US
MWJ_VB7mbMY,en,en-US
48AVYHzkThc,en,en-US
lzP8Wmo1t_k,en,en-US
Xf8QunvbRuQ,en,en-US
teFgtOCQc-w,en,en-US
ltL03mUJUGA,en,en-US
I639tUeuFDk,en,en-US
pRH69mGqAJc,en,en-US
OU7Zw5uSDL4,en,en-US
UEpS3J4WVU8,en,en-US
o5k-85Nt8lk,en,en-US
qxlnSkDFClI,en,en-US
UhGhpS6hRls,en,en-US
kRym0mRtilY,en,en-US
OHLh2jMzREg,en,en-US
WutqvpubaHQ,en,en-US
CaXqgh5Vq-o,en,en-US
CHoOG8t9-Xc,en,en-US
r4RX-8_f3a0,en,en-US
V4HcWrlg8NQ,en,en-US
Aoz774RXxXo,en,en-US
A9TrkuE2Uzg,en,en-US
5YB3Wyy1IiM,en,en-US
coJ7hqbAKsw,en,en-US
eZADx8Zl7u4,en,en-US
ASsOkY_mvV8,en,en-US
l4yfEdio8iY,en,en-US
dNr2zk-n4tU,en,en-US
qlUgHuKBBCQ,en,en-US
g5lv8TE-Zxw,en,en-US
dh7q3HfMOqU,en,en-US
5pKpljvNHSc,en,en-US
PUC4jgWoedo,en,en-US
Zs6WhFX2dTY,en,en-US
g60zKfRVcmI,en,en-US
dWEaZ9Tzbkc,en,en-US
eSwk6B4dNPE,en,en-US
xpucf1v61jg,en,en-US
59O3YVZD6pE,en,en-US
oC9d64Lj4l0,en,en-US
4RLSsUBciP0,en,en-US
n7X6S7E1O40,en,en-US
xFUYYawng8M,en,en-US
-hw9tSH32k4,en,en-US
11pOuUsCmGQ,en,en-US
M5mlEMW6i0k,en,en-US
gsGtKh6B6Nc,en,en-US
aUyVoW6ElbQ,en,en-US
IYotBCOWgpM,en,en-US
5BKOJAlz8p4,,en
hdo7RNa4lVY,,en
wlnYMIIyeVw,,en
C4R_H8KIUV0,,en
8rhKL2W4Z2s,,en
ab2r98nzmU8,,en
s7DKZc8TZKQ,,en
Be2y0Bya1Yc,,en
4E7OXy7GTQU,,en
zCNTMqiJXoQ,,en
fPn3NYh0Ugk,,en
wzQ5lWYy38Y,,en
XjKAjc88my0,,en
VphscXDrZb4,,en
5zAJGScylmE,,en
lIJBeOUDhAk,,en
ih-uCuuvVzE,,en
IVKNPE4dMWo,,en
BALjUY5fsLg,,en
HDZW7pG_NFU,,en
2c6iMzSAT9Y,,en
lOOtiRUnBCQ,,en
w72ltWIckBk,,en
K0rwHfywOxo,,en
49JjVGJ_xOk,,en
c-sNWGaSDVg,,en
MyuSUde8V78,,en
1Q5nR8DmnDk,,en
KV3q8vD80JM,,en
UKl8wo5FwJ4,,en
kMHh3kSg2xM,,en
N3uT53mzvI8,,en
P2w8xrGJWO8,,en
6UTYiC1CUEM,,en
Nm2qvf_qPWw,,en
Nqzg70mhHqQ,,en
K5M3RSLSWL4,,en
Pkx2D31WZIQ,,en
sQJ3PP5d3hk,,en
csltmF9ckKE,,en
bS54AM64KUA,,en
TKwOj-9XbOg,,en
ednkKRTs5zU,,en
KQC0iHFduEI,,en
rYlrF_n5oNI,,en
6_ozsi3zBF0,,en
e7DPymW7F9o,,en
bw_MqzejpAg,,en
F3hB0MRM-7I,,en
cKv75nmms8I,,en
SFdKZNnxkvo,,en
nLB6YSsGNLg,,en
JZuftMpJULg,,en
Ct3MOuSZ5UI,,en
HMdo9filFt4,,en
-2ZoSkZq0gs,,en
4v4d6XqPpaI,,en
y-vfzLuqMe0,,en
NbQbu-nS544,,en
JsMGhfCckJc,,en
JeGlFsNiBDI,,en
VFy1zr04O7E,,en
CLGppKoU0FQ,,en
0T3LYQPKQw8,,en
pbGdhkqVpZY,,en
C-qUyCOycvY,,en
cOoFiz4Y7C8,,en
Ub7mofASnP0,,en
S3dVtlqefEQ,,en
zpoYRJBYAgk,,en
rCiMwjGkF64,,en
5b94yLwsxhw,,en
79EeBhaQ3EA,,nl
k5PKFFOy4UA,,en
t7k5H7s9Vig,,en
LwZvodx7ESM,,en
e99da54wU6Q,,en
yAjU91hqljI,,en
lDp3V437ck8,,en
RB4W2-YlK5Y,,en
M5vMtKP15Tw,,en
L71B9E8D0KM,,en
knjwaQFYhhs,,en
YDFODJpTv8k,,en
so_BabAHhBc,,en
0pl4ULQrDjk,,en
cU6hmu6YDXo,,en
Q5L96GlZtzo,,en
68_DZl7lccI,,en
YjGwXALsyPM,,en
S0Sg8_2T_U0,,en
x_th7mA_tz4,,en
PSew2P7-8DI,,en
VDO_iUJhidE,,en
J9Ch5rogFVk,,en
yN5webyi604,,en
0LlXWD2bOTQ,,en
2_UlqEg6g-s,,en
nA_T20WDcg0,,en
1dIhu3TKZzA,,en
iuNttYFBGEA,,en
ZDOK0XrTP1k,,en
jDBBltJ9NMw,,en
Paf0JxiZ5Gc,,en
oxeMKV88Z2E,,en
ZNPZuC1cOHY,,en
HlLo8kdaGPU,,en
Hbq4P56nvjE,,en
jscLQMbjZVk,,en
Ij4tYtIyFDU,,en
I5dgJUruAx8,,en
CwPTNKTIgCI,,en
PSm4nxMDqKo,,en
i1psk1qwYgw,,en
AsnVEfWCagw,,en
pjKuN7ui_QA,,en
G1mBM_bN7wo,,en
g2Xf9IpFkCw,,en
4PiGl_okSfY,,en
qNaSa5bQXCI,,en
LaOK3yYF34M,,en
mb2bOeK7lvw,,en
GsJbVhMmo-k,,en
WNSR32_M3-4,,en
pijux3JRodM,,en
tOiq57R0Pdk,,en
qtKtqzJXUaw,,en
3Q8isNhRSAM,,en
7IVjBdX6A_4,,en
bsEXxdA8yTg,,en
mnT7qGb6-IA,,en
YSebfKrbpBs,,en
VFwgqXpIaL8,,en
5q1DdiixZjU,,en
H9iNBEZgSqY,,en
0amxG5sMDcc,,en
ZJPZCBVXQYk,,en
WQmOO5MObeQ,,en
vNjlT8oF3uk,,en
wkdBjO3VG9o,,en
k-p-c4395JY,,en
711Nzh-kfow,,en
62eaqp_YS2g,,en
D3oAbhjzz3Y,,en
ZNk_Ee1i69g,,en
wmYGtctm24w,,en
NwLErfDPTWI,,en
rB6kTS4h8wo,,en
THxcnji9IXs,en,en
RwR5CRD0e_8,,en
fsZxp6oH6O4,hi,en
F4TdfnMSqW8,hi,en
CP8tI-sscOo,hi,en
koTzvxqELw4,hi,en
Cob40sywfUQ,hi,en
7wrDSAs0Vqo,hi,en
sD5cLogRuTY,hi,en
saGFbvHHRrM,hi,en
u1XgfrZLYOs,hi,en
jiMAKBVrnE4,hi,en
UPflzTCH1Xw,hi,en
zEyd54Al19E,hi,en
HE2UQghrzJ4,hi,en
v7SEAeKc_ao,hi,en
B1_nHsvqEE0,hi,en
PEic5h31p4w,hi,en
GJzeg-Gn6BM,hi,en
W4nIJS-eF_s,hi,en
oRtxqJyuxlE,hi,en
t8xRFqJn5tM,hi,en
HgLf2-qxIPo,hi,en
0LtR197sN-M,hi,en
LwzPbD2tmXQ,hi,en
YoELTjjPEUY,hi,en
FNVnK_8qih8,hi,en
zieiuLWawiQ,hi,en
LQaZgQAn57w,hi,en
xAmmkJN5WSo,hi,en
2ydr2A5VNFs,hi,en
6Yzy_lchWqs,hi,en
V_uVYzX2mdM,hi,en
WDM7HXoOSZM,hi,en
VXERxeD3OxE,hi,en
cD3BxL1xszc,hi,en
aIZJiOTdfAQ,hi,en
GIpzUW6fEQg,hi,en
fjjJuRvcPGc,hi,en
BTi4FOwDFfA,hi,en
5l9m_HkSbqw,hi,en
bM85XRhngnI,hi,en
2OsumomvzQg,hi,en
9bdYnH3wnSU,hi,en
ZWuJfeG_udI,hi,en
-zC2W8DVrmk,hi,en
X6XaLTsvglw,hi,en
9StSjVD9rDA,hi,en
lfWeBLRMs8w,hi,en
rpRjx5_wxFE,hi,en
NYS2Jx7ljng,hi,en
awvNJBXuppQ,hi,en
rg5NSKjlhPM,hi,en
O707Uhtb9F8,hi,en
QrS6Zp4opB4,hi,en
NM4E0kmyFg0,hi,en
SdQDVAGzBAY,hi,en
8ZRYYrU-4zM,hi,en
DTIr4T1U7t8,hi,en
4fHzd6EgqwA,hi,en
AaUkCK7G2tg,hi,en
JRGAYG3Ives,hi,en
7r3hrUzTC2Y,hi,en
1dwUhFkVB-A,hi,en
T3E_lNK1JJo,hi,en
TF6x0dmbKh0,hi,en
sqskBJFNHKg,hi,en
dVJOZ312Nyw,hi,en
pxrAQEa4l88,hi,en
ziSd557gHs0,hi,en
_S_jMoCHgis,hi,en
057GeLY-iP0,hi,en
gtCXOBZixts,hi,en
mBrzhqiEc8k,hi,en
ceK1jgGdHgE,hi,en
lTHew5S2PI4,hi,en
xNUOR-EWtVQ,hi,en
WRsV8S4vqL4,hi,en
I2L-tuSXbFk,hi,en
wPLDHPOkD9g,hi,en
8L_c7DdYiwc,hi,en
a9o9h85vMBY,hi,en
Vg9livEAl2w,hi,en
l70rvsL12Lg,hi,en
JNgDWqI6s54,hi,en
I3XnpETw60A,hi,en
b9s3T8aF1Po,hi,en
bIxGo3C3HXo,hi,en
emEsA4YnbiI,hi,en
hjFGgNzoEWc,hi,en
AaTXU6Xf6XA,hi,en
HvA6jpSJC8M,hi,en
Ua7O8QBYiWQ,hi,en
3MENnjlLapM,hi,en
o2pQ9K4QBlI,hi,en
omk1GC5s6kw,hi,en
UYR3lPUdTzU,hi,en
hHZW7SGXr1s,hi,en
KF4bHXsNeqE,hi,en
cA-RtyHUNYo,hi,en
aafDHvEJMCg,hi,en
4LjgvcdFqkA,hi,en
5ClF1tMLJ6k,hi,en
GreyhZkGM9I,hi,en
YEU-f8sziqk,hi,en
MeKjrhDEIZk,hi,en
x-N5Zm0LW1w,hi,en
px7btZVB07I,hi,en
8NgnSSJ_di8,hi,en
PtPTkUD9MZk,hi,en
hkLwMd8LVnE,hi,en
dbyAQg2tosA,hi,en
xFkzaSlxOjA,hi,en
ZL8UpdJOVfE,hi,en
-KZ0ha8LKWs,hi,en
nw_D3gFCxB0,hi,en
rPRbqSt3ZNw,hi,en
NR0p4eUNkOs,hi,en
1vicFyxK4C0,hi,en
OuIeju56zYc,hi,en
jOKo0zukXxc,hi,en
GPtvGy92RSc,hi,en
lhMiGNrzmaU,hi,en
lRB8eY9F7w4,hi,en
BiyIDVLm1-4,hi,en
Nh3cAUuIsxI,hi,en
NhlQuAu1mu8,hi,en
u5WgoALq7KU,hi,en
Vdgl5cTeQHw,hi,en
56WykeER7f4,hi,en
Z2BzKa4hVvA,hi,en
NkADRtwCapg,hi,en
PscghERRneY,hi,en
oUWdiOs26k8,hi,en
llSR8zaIlNs,hi,en
uZ1HvxT7SZg,hi,en
t1U2Zqr_oJE,hi,en
AqR6qoJ4yRw,hi,en
sqgXM1sVNQs,hi,en
kXxDFcgNnrI,hi,en
adVF7TbVv-4,hi,en
IL8-BGiVwgk,hi,en
Ygh95O7H_3k,hi,en
__QgBlp8s3s,hi,en
t8yuFGgY3fk,hi,en
0gPvNNKAcds,hi,en
eroxv2M2Ku8,hi,en
Ixy0e5_pRbg,hi,en
o2ZsnoPqrLg,hi,en
MfNHVjK9mLA,hi,en
2PnCTSXpRuY,hi,en
8AwinptOEOc,hi,en
IUaT1Vckh-g,en-US,en
mn2gWlrFt5w,en-US,en
ImqE85fcxrI,en-US,en
aPW0XSFrHS4,en-US,en
uR1leFfQWFI,en-US,en
3c6wOECzleA,en-US,en
V2hyC4YsxFw,en-US,en
5pIGJCFj_jk,en-US,en
zDxgtyiWlgk,en-US,en
rLHFtIj27LU,en-US,en
sweuvBT8zDw,en-US,en
o5q5-b9Hb3s,en-US,en
oe7PutvMAEc,en-US,en
VupDp-4Dwq4,en-US,en
gMrvdXpilKE,en-US,en
mYHzBV8wqQs,en-US,en
2-tIbO2UucY,en-US,en
EzlNvmip2Wg,en-US,en
DMEJP_E26HY,en-US,en
TCQe0_sM8iY,en-US,en
6jOhpsCSS2Y,en-US,en
D1ecp1F7r1s,en-US,en
ZoZyp1USxkI,en-US,en
qsY382ML8F0,en-US,en
4zvUgJ3lMlc,en-US,en
IeyxDccSHNY,en-US,en
yxqGcmNIxYA,en-US,en
W-1eWJQiHa4,en-US,en
50hfAeq0Kuw,en-US,en
LP6DFDejmDs,en-US,en
annI9-UShas,en-US,en
0w-KkZsZvcI,en-US,en
XucUG80CMus,en-US,en
iM2sCvt9EN4,en-US,en
mkFhfU-9zFQ,en-US,en
R723Y4aQfpY,en-US,en
34VhNYT3Gnc,en-US,en
3oEqezcBBKE,en-US,en
mXgoa1iZ3TI,en-US,en
BGb6L4xRe2w,en-US,en
v0dwgI6IIQM,en-US,en
6d-3jm8iwlg,en-US,en
BKY9lxsLmUU,en-US,en
1KqSqehsn-A,en-US,en
Izw_zaCmnEU,en-US,en
27G7jZizg8M,en-US,en
yIkpBruaanU,en-US,en
90lYWtcoGKY,en-US,en
3_sK3F2SQ08,en-US,en
MlyLUAjwJew,en-US,en
onm1-0nrISs,en-US,en
NfZfOZDHYuQ,en-US,en
Jvk8ZLV_kdw,en-US,en
56-J1EMQDvc,en-US,en
-fWKotPeMw4,en-US,en
fWYsMInUZF8,en-US,en
h6RY2W-68Eo,en-US,en
hothRWzsvlE,en-US,en
2PQXBMnlCvc,en-US,en
F55w3DoOg4Y,en-US,en
-JuXKCNPSJA,en-US,en
MS8LUIebA6s,en-US,en
GM60etVQPtQ,en-US,en
DbgOJk6oIGg,en-US,en
hQcN86j9FVU,en-US,en
rW1_HrCUTXo,en-US,en
JRYo93UWLBw,en-US,en
zztWjMHHCz0,en-US,en
CUb3V_qik_s,en-US,en
Fd0QVdZVbg4,en-US,en
42UbmSMXyLo,en-US,en
z00BVtK2Q4s,en-US,en
AQxJv-oY9rk,en-US,en
eE-V099UIEc,en-US,en
ByWUr2oIGoY,en-US,en
4FJkgTp0yro,en-US,en
uY56MRdM4uA,en-US,en
NjoXZuAOM5A,en-US,en
RqKmtr9OCQo,en-US,en
cNlUtL1jbdY,en-US,en
55s1HXmncMY,en-US,en
MIuVo2Ni2-M,en-US,en
wggktigM9-Q,en-US,en
feFlLztAwj4,en-US,en
UNfjCUECuNk,en-US,en
nTt6_cukhvI,en-US,en
o7KxOxRgCeM,en-US,en
VstVHzC-DSo,en-US,en
CDnSubNSstg,en-US,en
ar7KG22_PF4,en-US,en
_tS2QQMn2TE,en-US,en
3vP8Y50Yv0w,en-US,en
WAWVO-fAkPI,,en
yqS7k5j7xyc,,en
jqr9XQEw9cU,,en
hvoP81vZOz0,,en
XzegYF-IA9M,,en
TnEyDoRADjk,,en
0E1cBBOeqsA,en,en
WdzkEmHGgeY,,en
xqN2-uhGj8I,,en
X39xzHro7iU,,en
Flk83WsoTgE,,en
PuRI0BeHcOk,,en
fUZSRf12BqE,,en
NpUpeGC7NW0,,en
ncP1iHJBJgQ,,en
8i4Z32N6MqE,,en
JO9I04xRCpw,,en
Z6CIC_PZaSU,,en
F1FARKrjMHM,,en
MeIczlLGV2E,,en
AQTWIrCC3qw,,en
xt3z20Hrc54,,en
0HDrbDRW3Bg,,en
fv_ySnMGwDU,,en
d4Myew876eo,,en
tFSB6tTXAAo,,en
1ufhSHPogF4,,en
ldrZ-LYpO8k,,en
EibYPyHrZYs,,en
4qZLAuOp1q8,,en
u6fXKoEhVZk,,en
W4vIbonXO_0,,en
ABADwRGy_A0,,en
y2B0r9omKp8,en,en
XyDtR2vsDSc,,en
BApvhNEmUy4,,en
QBztAD58KDc,,en
iihaAHzUAHU,,en
uhhaKRKtGIs,,en
VXE6nV55i18,,en
75YloP9eVqY,en,en
MCRnhDUE3ZU,,en
sXuWYzz0GOs,,en
V4JeW80QDaM,,en
TPlBn82TPpM,,en
caq6v_spxg0,,en
flbrrwIWRlw,,en
ChhTv5MXafY,,en
Fw-ah9WQSlo,,en
3403F4WsJak,,en
i8Fzmyw3SCU,,en
AJStPnGqOME,,en
r2usQ6d96Gk,,en
k5M75nWievk,,en
7PG2iuDrkSc,en,en
KnUhNzeIJ-8,,en
QS3HF7URmyw,,en
3Qyo9QLK5RQ,,en
4QfR36X_sDE,en-US,en
nGIUTCZH7tg,en-US,en
ibR__ZEH-X4,en-US,en
7rlvoIDvLvM,en-US,en
4fbMUQa3Tg0,en-US,en
rmlTzBw4qF4,en-US,en
o6D1oRsDNJI,en-US,en
sKE6bm9XWOY,en-US,en
wiRBZ74Qnzg,en-US,en
leqGqEYvqhI,en-US,en
KXfITKWCykI,en-US,en
dxI1MANKkac,en-US,en
G6WbsvI32Ds,en-US,en
XLZEO_CrHCw,en-US,en
7GUtdEgPPAo,en-US,en
FHpanDuSJhs,en-US,en
JpyWUnFy2No,en-US,en
Km7tiaUYzHY,en-US,en
mEbOaBePLtM,en-US,en
jDZ49bDUUCM,en-US,en
SgnC2fmnhmU,en-US,en
NmdHanfRPgg,en-US,en
dc3PGuop3bM,en-US,en
VFP_jzsyPZ4,en-US,en
N9i3lJ_M9ok,en-US,en
CLfKZsAZPIE,en-US,en
Vxr7vtZ5hok,en-US,en
_-jPTS6jf4U,en-US,en
zHSrksGE7pQ,en-US,en
kq5HQnavAyE,en-US,en
dsGZHzw-7QI,en-US,en
wJGOPd20NIs,en-US,en
jqPePLHAqlQ,en-US,en
ka1s8MTLjxw,en-US,en
CjuaGSK_3aU,en-US,en
srELlA8-sBE,en-US,en
FzKqgRwTLn4,en-US,en
8k3F8809wVA,en-US,en
dNSpF4zKuRg,en-US,en
vV69ZnxWvQ4,en-US,en
uwHfcgkHNFI,en-US,en
-fRhO3bV3To,en-US,en
IKiMpC-ldgM,en-US,en
hf14ljVPfls,en-US,en
BgfTQjEBmwk,en-US,en
Epk3FnNGUNU,en-US,en
b4zRU9rMUsI,en-US,en
0AVdDgCY8d4,en-US,en
vWPH1WzwVIQ,en-US,en
d6ol1yovy6M,en-US,en
e2zGn9Pnvvk,en-US,en
PvqFb7s2HpU,en-US,en
Vn_3rg6MyHk,en-US,en
VRFAh2ay0r8,en-US,en
Prwv_Vk21j8,en-US,en
wjROUFN7Q3w,en-US,en
2J0zs-xsr0Q,en-US,en
IrDQAFYWZZ0,en-US,en
O4x6zzyJEM8,en-US,en
uJPavzeM6q8,en-US,en
7-VxfKMGdUs,en-US,en
SLZIMAd8Vl4,en-US,en
NRIhp-qNonI,en-US,en
nsRSa2GI0Ds,en-US,en
Q7onuBtvVc4,en-US,en
LLf_-k4AjLg,en-US,en
YG842El8yic,en-US,en
7G0MjZSvrwo,en-US,en
bPiwyUXjZdg,en-US,en
WVVpczSj9LI,en-US,en
T0uLrM8uvKA,en-US,en
U2JsJMj7aAQ,en-US,en
3tZFCRGm9nQ,en-US,en
qo4ldpGTL3E,en-US,en
M7GGkN-ND8o,en-US,en
9fWKmBRn6GI,en-US,en
G9z8dTDHhUI,en-US,en
2z7prxE3grw,en-US,en
RX035ipszPg,en-US,en
olLbeEQbldY,en-US,en
NYdGtX5cuao,en-US,en
TO8mFghIrjo,en-US,en
1JwIBsjn1T8,en-US,en
H1xiJGIaQfY,en-US,en
MxUvw_8tfWs,en-US,en
As4wmLx42e4,en-US,en
rrked6zCKc0,en-US,en
joQDtk0vbt0,en-US,en
w0i-RTOvZ5E,en-US,en
EDu-EPF4tMA,en-US,en
vOtHDBGRTl4,en-US,en
0dM7RwIS6-o,en-US,en
1OsNCBXGXxc,en-US,en
L7dE4LKXByA,en-US,en
Lc-XC17iQsk,en-US,en
-XssqkDeEIE,en-US,en
QCT9bAyb75o,en-US,en
iQijc75f9rc,en-US,en
Z0PUh-0fQEM,en-US,en
a7p-ojvMK_8,en-US,en
rwZpWdVfz_4,en-US,en
HuRFRj352Rk,en-US,en
t0uK63Y3ufg,en-US,en
XINg7ca9xns,en-US,en
pW1NTUlq3O0,en-US,en
YbvzHvcCahU,en-US,en
5e6xOsSz17o,en-US,en
rrrirPOOZ9E,en-US,en
FrXeeMHTc1s,en-US,en
S4Hm6Q4dSh0,en-US,en
LJGpKRXHqYs,en-US,en
6PI7mHbos8o,en-US,en
6NHEuNnhJzc,en-US,en
8p-yRq8ubnU,en-US,en
LzSoXRzIlw0,en-US,en
kUmENjFkID8,en-US,en
8Qop8rya6ug,en-US,en
5Fxz1HwzTek,en-US,en
zTIKK5Mh4hw,en-US,en
H7EuJffwVUo,en-US,en
xzFrh5UeQYw,en-US,en
yIcoYxzY-2c,en-US,en
fR0MiJ5DcJc,en-US,en
Rjg3H5FO2_s,en-US,en
zXMBfkpEQdg,en-US,en
Lc6Tm87fTCM,en-US,en
khYLUqk8eQI,en-US,en
AUkoiu8jHBk,en-US,en
FO_0uav17JY,en-US,en
kFJe3_n9RgQ,en-US,en
KwjbyHsXdTY,en-US,en
dBat5rB25YU,en-US,en
Us0fCId3opY,en-US,en
cVROf307ijs,en-US,en
F5tTjfMZKA4,en-US,en
T85uw03OPw4,en-US,en
isyUt38Yy-o,en-US,en
BRvm-eTQmQ8,en-US,en
wcqFajDFA1c,en-US,en
9El0Y4Vbb_c,en-US,en
uTR7nrIaZpM,en-US,en
c7b0s4m-sNA,en-US,en
4yqriWjKraQ,en-US,en
X7WIKUacypA,en-US,en
glbAznLjkVc,en-US,en
9bAkARK5cvE,en-US,en
jKiycPjwlVc,en-US,en
x1eusB8_DXo,en-US,en
L1OWFGVGxhU,en-US,en
0xr9UkXgp2E,en-US,en
lmxwqPL1z7g,en,en
cE_q-iQGSyQ,en,en
XRmKvuLQj9M,en,en
KJnzjki3NuQ,en,en
HyT9fILJPPM,en,en
FQ3cbkLsvJc,en,en
aqrOyZuQ5Uk,en,en
4QMBOwAZmno,en,en
jtFhZ8xOolU,en,en
XuzrHs6_9KM,en,en
ZdrUMs-HvmE,en,en
12HDUWr_p0s,en,en
WcNYQZDWzzk,en,en
oOuPUCAYqVI,en,en
I9gYF_zrryw,en,en
S9GPD5caUn4,en,en
88KuRYpD46c,en,en
mo6VbzwmztU,en,en
AwXRTsviNZ8,en,en
AJ6jjihfEf8,en,en
u5zoh49goFw,en,en
ThB6CdNzBOI,en,en
7ieVFiyilqE,en,en
3cwvhtaKULU,en,en
jxc9NQ3jkZg,en,en
iQ_3eqdycw8,en,en
5aFu3SxLPmI,en,en
q_gSqoiQ0sY,en,en
f6F9zLI5rjg,en,en
hFb7swN_MV4,en,en
Q9-2gqNtzks,en,en
4jrk81foQx8,en,en
PkYN9vIlG48,en,en
LNoDnwAflzk,en,en
b1Xk9XllJ9Y,en,en
XlHKUF1hIeI,en,en
mFrrmh9euA4,en,en
8Y4e2qTkGvs,en,en
OXIOH3SNQSA,en,en
hFMWl6715S4,en,en
Y9r3CtetWA4,en,en
fGhcMSxgXuA,en,en
MsI7xM4HRt0,en,en
XIssn4zD4LQ,en,en
XjZay58j-mU,en,en
oULkAF9bkxw,en,en
NccCpY8yLnk,en,en
Vjf684g_rXM,en,en
NSow_gWABGI,en,en
GiDQy79nQR8,en,en
fzD1gUZnJXk,en,en
q3sRHz-sv-Q,en,en
04M-HPDMH4c,en,en
q0cfpP7q1-c,en,en
ZDGj5HJKCkQ,en,en
Ow19CEIgMwY,en,en
hlimDukoMn0,en,en
2dE9XYmt7Kw,en,en
oDZNMUBTIoE,en,en
PJGCXc-ViNQ,en,en
syKO6uEUJo4,en,en
5mXJ8sDatn8,en,en
0Pao0y_miIs,en,en
5Z5JFnyuHc0,en,en
G04XDND1lE0,en,en
fYkFVdCso9I,en,en
ikNWTzR_vXI,en,en
G08uWdWXx3E,en,en
911ijcUgIQY,en,en
g6LFKsNbbnw,en,en
dp_n2nsHTFw,en,en
ZILn0o7LY4A,en,en
Hdb_AVHECD0,en,en
Vzk3Yppp05U,en,en
Kr8saQBW6yY,en,en
aCnlaQD2-Tk,en,en
Ai_ecw64LPY,en,en
-mkVX1kMaqM,en,en
i7tYCo36vIU,en,en
d3EsoFMUP4U,en,en
3vAvRZELZDg,en,en
eeL6lwCRuI8,en,en
vP0p-6LpQLs,en,en
Cb-l31MH5DY,en,en
YJXS7YbeItA,en,en
DU3XC3Wo9Gs,en,en
KciyE5tB3Jc,en,en
yj-zyqogXj0,en,en
RM5UkA4Z614,en,en
tReHlrm1pVM,en,en
oGQtFsQN08M,en,en
u6dKGiGwH34,en,en
DVZsCR4Nl3w,en,en
a3hXqTwjZZU,en,en
tzq_qPtg7aI,en,en
vg9JVqcKfJc,en,en
lB7uLIszbKk,en,en
nKQ6enVjcz8,en,en
YnsbE0O9GQ0,en,en
xpl7vQObdzU,en,en
MPh5gGTOQV0,en,en
6q8sEyoTeB0,en,en
yAiCBiHqxqo,en,en
oxYElbMypIU,en,en
dQA50z7WnOA,en,en
50LtDHWurHE,en,en
AyiyMMYZGXY,en,en
hSzFJsUIE_w,en,en
nlc0GS3vstI,en,en
b71lbRNsJM8,en,en
93AVw5gHTJ4,en,en
kGbmwdgtI2E,en,en
YPcEvq6WgO4,en,en
NO7bZzbn4mg,en,en
0zLSpoyKV_A,en,en
xKuDLrt97C4,en,en
khFCXaVhlyw,en,en
2KVbTUWk-wE,en,en
o65jUD2WFVA,en,en
J6h4QSI_QPg,en,en
qd_IAl9MW4g,en,en
f0kYhuNhNhc,en,en
gvrUHaggNP0,en,en
nuzHlbmwNn8,en,en
_tSUP4goWmA,en,en
e4ROP06dsBs,en,en
IgQJD5hY3hI,en,en
qmsWI4c1l_Q,en,en
YdcTgw2L-c4,en,en
SzntNnHik2I,en,en
pNSbFdHPS7k,en,en
ppE7MB1CGLs,en,en
pFctn_e7g8U,en,en
mZgE-3gt9YU,en,en
dPHDUtlr7D0,en,en
ZUydYFJi3yI,en,en
K0IdgrGXeHY,en,en
umVyZQLCzH4,en,en
DAbIPwqLkCU,en,en
RknH32dK_IA,en,en
rcFRMSbQUpE,en,en
I2oLkFdrSIk,en,en
WgU95j0A8rQ,en,en
lp1-7dkNlCc,en,en
-txi-we3Tns,en,en
n3CCanBdSCg,en,en
cv2bDjFipkc,en,en
m_d6ug9mgSo,en,en
pRuWaYO9fig,en,en
FGLXHSpg6U8,en,en
WYY6uX6GuG4,en-US,en
l60f5XKQlp0,en-US,en
dJGP2TgX7mA,en-US,en
O7wtsBy9bZc,en-US,en
_eO8bOVqYv4,en-US,en
VBrn8cqY2RU,en-US,en
DzXS3cFFbTQ,en-US,en
hUNSint9uvc,en-US,en
tSujjApVbW4,en-US,en
_d6ht4czfYA,en-US,en
oBP0YCdVF6o,en-US,en
s_XskQ2PRKs,en-US,en
Knzn8qxPdgI,en-US,en
FPAOm3SUjN4,en-US,en
R71ojqzmro4,en-US,en
OeyunGSh8aU,en-US,en
ZSzZyER9rLk,en-US,en
zYmup50oZBo,en-US,en
t_BDDqRwXq8,en-US,en
lzCSkhORY-8,en-US,en
bkpLsmwEf8Q,en-US,en
sLp-buQTzIo,en-US,en
yIT51UmCjCk,en-US,en
zUEB1tID134,en-US,en
R38oJ3eh3wA,en-US,en
D7ffPTR9QzU,en-US,en
MLXztcIWFK4,en-US,en
Mndk7puBnGI,en-US,en
CAlhu2Zidqs,en-US,en
YLEjMHVfYos,en-US,en
MbEEtEhOuu8,en-US,en
jfKv-Ga1uQM,en-US,en
hHGOgYUE6Z8,en-US,en
m0vthD8Hiqc,en-US,en
xKsb1_zrJS4,en-US,en
DcFgTCUfMW4,en-US,en
mOQpNoCqSI0,en-US,en
WXQh9KMsXCE,en-US,en
Gvpk2lBvTbo,en-US,en
WpQm4dc5jsk,en-US,en
cEYTsVYh8bI,en-US,en
KLcxyur4rAU,en-US,en
DD-NLuiRiuU,en-US,en
MLhld_2QI4w,en-US,en
l05SUjXwSvQ,en-US,en
GmLuTPECR_s,en-US,en
ARLm6ZoYjBk,en-US,en
cLvysds8VPY,en-US,en
99wChCF4JGw,en-US,en
tpnA-9o-NuY,en-US,en
LFvecaoPD7Q,en-US,en
QkAMxJslCVE,en-US,en
0YwlukTzdkE,en-US,en
ulsjuj-q7J8,en-US,en
nPdza_tIWWU,en-US,en
1byYMhp8yJs,en-US,en
bM1vAP4dVNk,en-US,en
ZuErQHbkzYU,en-US,en
4Cb-uRBvP7A,en-US,en
OaZ5ByxnJ4Y,en-US,en
orcUOcMi3dE,en-US,en
Zn-t1JDn91Q,en-US,en
DF9SQyN5UyY,en-US,en
wM1nweTz1A0,en-US,en
0wsurXjCObQ,en-US,en
lo0g3e78E2k,en-US,en
Hs1uPGBqcmk,en-US,en
C5c5GfY2Lbk,en-US,en
O2uvKIoIpGo,en-US,en
jcqg-ALQT50,en-US,en
tce8x4zgdvU,en-US,en
6dt2vJOQqpQ,en-US,en
xm-d8G6rhK4,en-US,en
nNg6GFJ4lHU,en-US,en
PmuAL23AhGI,en-US,en
uYxSMKqRr9M,en-US,en
VknvyAaKyTs,en-US,en
0GRx5XHc58E,en-US,en
GlS-_ZOXKeM,en-US,en
8IBAJPef9v0,en-US,en
V7sHBic9qH0,en-US,en
ChaNZ_R06JE,en-US,en
a9JKXZMXcO0,en-US,en
6CS7FDlbNYc,en-US,en
x28wq_bR47s,en-US,en
Rm7d_ly_O-g,en-US,en
p7xwYR8htPA,en-US,en
amqbR2uq5f0,en-US,en
t8Nciz5L9JI,en-US,en
oXNJffaAOQM,en-US,en
AZigNhxlylo,en-US,en
ufhNkpjVjPA,en-US,en
Xn0MoS-dZQU,en-US,en
tPeF6ac1hcw,en-US,en
3w73tD9HMfQ,en-US,en
HPPf_EEUhOU,en-US,en
DyZByPwi074,en-US,en
rR2QNvVs-1k,en-US,en
Joh3duiGB5E,en-US,en
CEyMJFlMM-I,en-US,en
Ow3Ka4qzEwE,en-US,en
ufkt29bNFp0,en-US,en
Q4BGF0XfV3Q,en-US,en
aSYbcoqUNIo,en-US,en
CZxcdjT3vPI,en-US,en
bKqYbWvUIvo,en-US,en
syea7ksN-RA,en-US,en
QFtgiW0uMck,en-US,en
7va4qZCMc68,en-US,en
yvsQMrah_Mg,en-US,en
EW6XHxJv0To,en-US,en
dDAjBXnBTOM,en-US,en
K4YAHcjezoo,en-US,en
2dSRlVpmNJg,en-US,en
lkNhCOOEy7s,en-US,en
XRQpspHBqjk,en-US,en
dJQbonYAa5M,en-US,en
rvS1u1pkXPM,en-US,en
_Coku-ICgV0,en-US,en
QhyCnZTFWJo,en-US,en
FdFQ6Anr-1E,en-US,en
Wje-hdftTBg,en-US,en
eKXGP0wf_DY,en-US,en
3SivxI60FG0,en-US,en
EjCrbr0h-T8,en-US,en
qfQQWRAmDSI,en-US,en
OhOl7eL_iW8,en-US,en
-yfgKlXmfU0,en-US,en
OV1j2HX7USU,en-US,en
PDvgOGsaEGM,en-US,en
3WFejN1zMF8,en-US,en
f9Ul819ZP1w,en-US,en
JGl-Yannw1g,en-US,en
LnifblgeXXc,en-US,en
tH-Q6F-DZNg,en-US,en
zcSwiwy1rT4,en-US,en
FQME4Xz1o5U,en-US,en
zZT5NpQA9cI,en-US,en
T9khGymSBkM,en-US,en
t0AvJRSJTmM,en-US,en
9yCrx5dS--Y,en-US,en
foyDmEQuLsQ,en-US,en
_CXPx0UWH2g,en-US,en
z402K_Ysd4w,en-US,en
lz6L-TUMSPY,en-US,en
Iv7sKLPtS-o,en-US,en
US9_kmQdRFo,en-US,en
Fl58_eUoCKQ,en-US,en
_9J9Z8n3swY,en-US,en
3WFk3GJYfG8,en-US,en
uTYDmLapNXc,en,en
5ia0591ss7I,,en
mX2sPfUGh0Y,,en
-eD80mAPK0E,,en
x-9koI14UiM,en,en
O5cq3tKL_M8,en,en
WImz546PU30,,en
1mKSLcnEcwg,,en
vmd-uLhM-j8,,en
ys58IKSAfus,,en
W5qCboTvGdg,,en
6_77ki14gDI,en,en
7CzOI2Ihuw0,,en
ycoFmUmRbfE,,en
nPdkOiLRYKU,,en
dW9qDliy9bc,,en
koPcQrwbTGE,,en
eopZk3vJoM8,,en
jlCdXB7ML3M,,en
rVX-_YebP1k,,en
PxKH_PQMFnM,,en
J18fxkj7leQ,,en
_eqMRwNY0Ss,,en
gavzlmU3gxk,,en
-rcJG4jCXW8,,en
Cw2rzMWyKVY,,en
3WW1sF7XNm0,,en
NA-r9CUiW2U,,en
U5ih7_-jqu0,,en
Yu17xxeYQao,,en
iLgUScboMt4,,en
yoP-VlDRDMY,,en
c5-p78pcmmM,,en
3iolJ9zdEgA,,en
1hAVgdFOakE,,en
8R2pUkllODg,,en
_eQTZ0q4u6s,,en
fqGm2bgWJ88,,en
ViUWAUkYABE,,en
QjKR7RrdKGM,,en
HrrfitPKqbo,,en
e1scTKwDIao,,en
5HubsbIu1OA,,en
-8j8dLBphpQ,,en
Julh8PVIeN0,,en
z4TolCFc1_A,,en
aFsZvDluBSE,,en
ZqBEJehYWgE,,en
0wsgKD-II9Q,,en
hhMDkj6Xruk,,en
TNdjMxaeMzo,,en
3AKxkJ7R-6s,,en
dWw1A1hwrps,,en
7Vk2jJLw-fw,,en
iy9QhZbF0Mg,,en
m82Li01fDjU,,en
XYnl0E1mZJo,,en
AteGHotFlW8,,en
n4gNqb70prQ,,en
z0pOk7M7Gvk,,en
621kYCBYPVM,,en
sfRoM0Gorpc,en,en
XpiYHK9Yku8,,en
bfMUlfLxzFo,,en
Pgqhi9e8qO4,,en
E_7uvMKoijE,,en
kJ5jM3kRKIk,,en
okRc9bczTjs,,en
0DenA7V4ad4,,en
J0aCVkZiWMA,,en
90OK5kBjiJM,,en
4PfIWc_RPbw,,en
hNiYVm2YZdc,,en
c3yWRX0QW4I,,en
zF_eZ9FeJb0,,en
-pqGAZ_RjfA,,en
DvZWxqgpkCs,,en
Uw6i2OSwF4E,,en
N5bylD0itE0,,en
mHwfvHZZLkA,en,en
f5f_jAN9KuI,,en
-sDj3186nG4,,en
B1QaHHA_7pw,,en
Zei9lx6neWk,,en
AAnTeHeMYEo,,en
gV3Exp6QV5o,,en
-TheV-XIN8I,,en
h0nkEFdZCAs,,en
m4b9Aoqabk4,,en
qSGmI4nI3pU,,en
8G9s4ZxbaRM,,en
SXCiJLmLHN8,,en
I8yC0VLXFvQ,,en
t5cA7OWmtqc,,en
kGabbKq0xtY,,en
ahx8CAHDJOM,,en
BS6zudntfW0,,en
eadnJWpziHM,,en
Gf0jakK2Eqg,,en
YYC-64aENKE,,en
l8Rw1Ae0_-8,,en
zGHMtsopZ18,,en
CcE5hNeZ3zk,,en
SOHqCMr4DK8,,en
HPTXQy0bqBI,,en
OdaHlRFlCyE,,en
4eG1Cmzp0zU,,en
P1S3BB4-5pc,,en
hMhbqdU-Xlk,,en
1cZG8RXYWMM,,en
T_aMDnEAZdo,,en
WzMrg6_bktg,,en
KfkvJFKzA_8,,en
Bdh19WiDAgQ,en,en
vLJbh8H_pYs,en,en
0wMortx4ZDs,en,en
_BSuEBvmq3A,en,en
3-Us1U9ujOY,en,en
-H7DHtXFapg,en,en
cDm3NaNUBzA,en,en
86uOQSO_qR0,en,en
9rk4KgnLGCE,en,en
P8KBFTkavF0,en,en
44aSplyaIHo,en,en
L1PodqIr-8s,en,en
cKR50pTGa5s,en,en
8eJvjL1ckS0,en,en
JHKTJpIiSVw,en,en
E6ctVXrInBQ,en,en
xnmRU8WPi0o,en,en
ITvcjurTo0Q,en,en
zMws7MgQQk8,en,en
G9lH1Spuvs8,en,en
GJ_6FfMxQko,en,en
_ONOZc-DRzI,en,en
0QoQVGMvyhE,en,en
ezdqWmqFwDw,en,en
hIQn29kLd7g,en,en
yG64sKhC3uI,en,en
_Xiurri9Qy8,en,en
0XQ_QE-j7Cg,en,en
hm-UTvv-DD4,en,en
m_D1JvzcbJQ,en,en
YHjiGQT5I8k,en,en
aH6C3gXixvc,en,en
5w5uXP-7gPc,en,en
mzU1pUFzKJY,en,en
k7SNPfOmhS0,en,en
W1RfjwPYwQs,en,en
3QNwi5gLbek,en,en
W8C9iNnBnw0,en,en
AFFMIeWmPeI,en,en
Q2Y3kEh5dE0,en,en
MC3QJVxRcT0,en,en
OmixQw6pois,en,en
Q9PA5wGVDXs,en,en
xhCRC5EZ89E,en,en
ynGiChgZl-I,en,en
NvfDUuwVrDE,en,en
CY4n7WN2Zl4,en,en
AM8VH6rPnUw,en,en
0TOzyWMZ5f8,en,en
aSepFlizrHw,en,en
gRgS2QlXejc,en,en
zZndHXBlCDk,en,en
qjX8KIDIw_0,en,en
VqApVwfAE_o,en,en
uZAduk5sPig,en,en
1VBExTNLn6w,en,en
qzQLPku9adY,en,en
eFzDN53oXw8,en,en
33_5uHzEFrY,en,en
fzLkegllQo4,en,en
M8cjDKKs1cE,en,en
5NwmIlpg_6Y,en,en
eSeiBubREig,en,en
Qs2qZsMHIjY,en,en
cXyiSaI1O5M,en,en
bKTMy28VYW0,en,en
uU4t29jtFHo,en,en
ntHUAGOJGrw,en,en
s7ta2SUzftc,en,en
uom_AqVRd5M,en,en
rWhjeOFcy2k,en,en
j-WnvyYH6-s,en,en
LZkuMwNZT4Y,en,en
KXCuTvUC7IQ,en,en
TkOUMVLktXI,en,en
sJ_3ctIVsWY,en,en
SZ06BpC_Kw0,en,en
B_LoIGimWPY,en,en
Rb5z0ATNQ_U,en,en
Va0dYpEZ46o,en,en
lxFzZIjQunU,en,en
c7styVyhu24,en,en
uGawHpNKhls,en,en
xJn0sQ4yxWA,en,en
v-dXVFKCe7M,en,en
YZEZ-6Npcbk,en,en
0QQzF--RGhA,en,en
YQzU0gIerP0,en,en
suYaS3cRLUs,en,en
wc1rzGQznkM,en,en
y52UhZis1R8,en,en
IaiI0RUTRNY,en,en
v3WfoS-q_Yo,en,en
YQC0L4uTyEM,en,en
Q7RFiwvOCik,en,en
zIQHbNmIlpk,en,en
x5HWaCcs5nM,en,en
dTZY3mMwIRM,en,en
9OSLQ8GZGc4,en,en
6JG45Ue2N3U,en,en
WfvxhlILAFw,en,en
Ts83S3K6C54,en,en
lo5kuMIYmNs,en,en
ibQFeNvsAw0,en,en
No-651Wcmo0,en,en
KQr8D0N4IoM,en,en
k7hdk5CcmOw,en,en
ZSyzAFaEMso,en,en
5IKpRqoBbzQ,en,en
sc8vPvHcByM,en,en
bWbv87L3mMo,en,en
JOAbfLtMqPQ,en,en
MacrSV_frkw,en,en
lOAq8y61_hQ,en,en
EF6Wv9a0288,en,en
j0gOFbWKghw,en,en
VLqyMWG0XBQ,en,en
hJ5HIDPmDoQ,en,en
EWZ2QYKACTc,en,en
NTFw3WlBw5Y,en,en
AcZzerRR5lQ,en,en
PTXFb1Wklj8,en,en
TmI7pYvOKyI,en,en
edOMWqexgDA,en,en
KuZP6U7l_U0,en,en
MnlvTcgfW9E,en,en
pOaTJhvIkNM,en,en
qtYqg3UUdMs,en,en
1CKqi-iwE3A,en,en
QL4Hd7HH_2Y,en,en
P_FibQWmIoA,en,en
cWOVhox1C5s,en,en
VSKpRyq8T8g,en,en
dWYnK27dpfQ,en,en
o1fvHvP1Jqs,en,en
XFYuSx7E4s0,en,en
gu80po8MuHQ,en,en
lWbEJ5TRhAE,en,en
5IpFPywMZWA,en,en
sSLfcghiXHE,en,en
S721DrTNCfg,en,en
Zd0lKHpJPds,en,en
hFZqrt3f6XY,en,en
1KXqjcIsWsQ,en,en
TAb_QvAj1Cs,en,en
8t5w3HPXM5I,en,en
VYXEdoWhD4Y,en,en
KVWRQfvdD-4,en,en
6vNVbAU5-uU,en,en
-P7qmSbuF4Y,en,en
uJvowc6NoZE,en,en
BGnH4qwvHYU,en,en
D5runret39I,,en
Cl8VJcWEwxM,,en
8kN8IRpXcsU,,en
n_Ej45RYMDQ,,en
m-w3b_KXumw,en,en
4gHP_4bqRVg,,en
_mPlE5s7H4k,,en
52VHw6DUGS0,,en
Ed3BU2HK_Cg,,en
j--oslhRDy4,,en
ierosIYYnPk,,en
UrJwsi0UbCw,,en
Ow9L-TzyAJQ,,en
-ocMIIFbDF4,,en
8SRC3aMgdVE,,en
7OAP3G4jtIw,,en
WfWwyRGqTSw,,en
ldMNoY_lGSo,,en
t10CNScwhO8,,en
RdQH-6NJofs,,en
17zXOs8sM0k,,en
dYCRF8SYnlA,,en
2cqh-KLx1P8,,en
LhhUUz9RERs,,en
-G9zbqwl1Zw,,en
tVu98r9yVnM,,en
swzZD9i0mF8,,en
GjWSjQ-moQQ,,en
CuxKvp-S858,,en
Nwc4zeRnans,,en
7npJ9EvEqwc,,en
OKpGmNwiES0,,en
As_eBlWCDeU,,en
_ITsZ2qt21c,,en
gdMGzBH42zY,,en
mux5phXvpwQ,,en
aeT6DcL_w2k,,en
2hdPDf1JoMQ,,en
_eIV7_D4e20,,en
7pOIl7gyCdo,,en
y3b8ggLzoT8,,en
Pqzmnk3Pz84,,en
MU5Za4WS4NU,,en
21I8t7VSudE,,en
7XgELCnzTDI,,en
f0mz2OLqyUY,,en
onNFv2PLtAw,,en
cf1P1RekEFA,,en
ytMmq9CZ6cA,,en
_L_w57QA3jQ,,en
1-FMZXEm-xQ,,en
eVhOOPFkJHY,,en
RLTocs0IMrg,,en
hvFgwCTNQcQ,,en
6E1dDTKYOKg,,en
6C-TDu-xpZ0,,en
EtplwWx745U,,en
yN8fspQ1_8s,,en
nXGRSl7ry5M,,en
Sn0sr-2eMdU,,en
J5ZckmBmHSc,,en
ToK1hSKXEwE,,en
PtVkwcAHDOQ,,en
jqdC6gVEUQk,,en
qOec0er9XdA,,en
qu_8Z7lywmk,,en
HSFcGo2bXBw,,en
eyOe-l2GZfI,,en
U7qXxkKZuQQ,,en
ITFznoUmES8,,en
rdnoxR4mifE,,en
pQkvQpfvE50,,en
criDFPMify4,,en
wUsUOv-mHqI,,en
8auSv1hCX2I,,en
eORwvJI0CGs,,en
43uuz8ENEp4,,en
lXy0OPhFoDI,,en
ULuSYfBB-Xo,,en
FjUGnzc9kao,,en
3YOi5-sCtHc,,en
oKz0x-S3dEM,,en
r6ZKVwhN_2E,,en
mJsm2rH9FRk,,en
lTFlB-lMp1U,,en
RL6Wg4BV6hM,,en
Cu-2v467MOE,,en
YVSUukhpS0Y,,en
w-N1i4jI9ks,,en
ka_7wRDyzC4,,en
yqBxfXZHT8A,,en
N5x6taKP4qY,,en
KqcljBj_WUo,,en
qYOFs7rU1yI,,en
iIu4rjQQLCE,,en
VSAzXGqYcsA,,en
FPOGV-kkQ-8,,en
Mvryfqeb9_E,,en
2yDWWJ0TeD0,,en
gR5MlRTBYd0,,en
7XyaNCw_CYY,,en
_A0ZEjTVwLI,,en
8ZwIcwS0SBc,,en
