id,title,description,duration,views,likes,comments,publishDate,category,keywords,channelName,channelHandle,channelId,subscriberCount,channelVideoCount,madeForKids,niche,type,url,defaultAudioLanguage,collectedAt
uDRjAflUvvA,No Gatekeeping: Come With Me to a Campaign Photoshoot | Jackie Aina,"Thanks to Google for having #sponsored a portion of this video #shopwithgoogle. 

Let’s talk about putting the work in!! Sit down with me as I get ready for a campaign photoshoot. And, because we don’t gatekeep around here, you’re coming  to the shoot with me to get the real tea about what’s going on behind the scenes. So excited to share this part of my life with you all!

Shop the Google Holiday 100 and discover more of the top products that made our year : http://g.co/shopping/jackie 

https://www.sephora.com/product/holiday-must-haves-P518482?country_switch=us&lang=en&skuId=2907210&om_mmc=ppc-GG_17789371101___2907210__9030930_c&country_switch=us&lang=en&gclsrc=aw.ds&gad_source=1&gad_campaignid=17790677989&gbraid=0AAAAADnIXb2au7DooVuwvlmJ-myagSzXz

C O N N E C T  W I T H   M E:
instagram: @jackieaina
snapchat: jackieaina
facebook: Jackie Aina
twitter: @jackieaina


B U S I N E S S:
For business inquiries please contact *************************


*Some affiliate links are used, which means I may receive a commission should you decide to click that link and make a purchase. My content is 100% not influenced by brands, PR products received, usage of affiliate links, or brand partnerships.


Changing the standard of beauty, one tutorial at a time :)
Phil 4:13",2178,58424,3486,129,2025-11-25T18:00:06Z,Howto & Style,,Jackie Aina,@jackieaina,UCzJIliq68IHSn-Kwgjeg2AQ,3400000,1292,False,beauty,video,https://www.youtube.com/watch?v=uDRjAflUvvA,en,2026-09-11
9NZS2Nb3UO0,Paris Couture Week Is So….. | Jackie Aina,"C O N N E C T  W I T H   M E:
instagram: @jackieaina
snapchat: jackieaina
facebook: Jackie Aina
twitter: @jackieaina


B U S I N E S S:
For business inquiries please contact *************************


*Some affiliate links are used, which means I may receive a commission should you decide to click that link and make a purchase. My content is 100% not influenced by brands, PR products received, usage of affiliate links, or brand partnerships.


Changing the standard of beauty, one tutorial at a time :)
Phil 4:13",2854,83522,4420,152,2025-08-01T22:53:01Z,Howto & Style,,Jackie Aina,@jackieaina,UCzJIliq68IHSn-Kwgjeg2AQ,3400000,1292,False,beauty,video,https://www.youtube.com/watch?v=9NZS2Nb3UO0,en,2026-09-11
W1QlFrkhy8E,My new office | Jackie Aina,"Office reveal! So excited to finally be sharing my new office and sit down with you as I talk about being a business owner, the struggles no one talks about, and how Upwork is there to make life easier as a founder. #UpworkPartner @‌Upwork

Post a job for free on Upwork today! http://spr.ly/jackieaina

P R O D U C T S  M E N T I O N E D:
amazon links: https://amzlink.to/az0TL8tHLGug0 
boardroom links: https://liketk.it/5jA6e
fragrance bar links: https://liketk.it/5jA5Q
gym links: https://liketk.it/5jA7w
bathroom links: https://liketk.it/5jA6H

C O N N E C T  W I T H   M E:
instagram: @jackieaina
snapchat: jackieaina
facebook: Jackie Aina
twitter: @jackieaina


B U S I N E S S:
For business inquiries please contact *************************


*Some affiliate links are used, which means I may receive a commission should you decide to click that link and make a purchase. My content is 100% not influenced by brands, PR products received, usage of affiliate links, or brand partnerships.


Changing the standard of beauty, one tutorial at a time :)
Phil 4:13",2129,172743,10388,385,2025-07-22T20:11:59Z,Howto & Style,,Jackie Aina,@jackieaina,UCzJIliq68IHSn-Kwgjeg2AQ,3400000,1292,False,beauty,video,https://www.youtube.com/watch?v=W1QlFrkhy8E,en,2026-09-11
44jfLakMJyU,Sit down and do makeup with me | Jackie Aina,"If you’re looking for personalized, compassionate care, covered by insurance, then click my link below to book your first Midi visit.
https://www.joinmidi.com/agewell-visit?utm_source=influencer&utm_campaign=jackieaina 

Shop all of the products used in this video:
https://liketk.it/5eJO6 

C O N N E C T  W I T H   M E:
instagram: @jackieaina
snapchat: jackieaina
facebook: Jackie Aina
twitter: @jackieaina


B U S I N E S S:
For business inquiries please contact *************************


*Some affiliate links are used, which means I may receive a commission should you decide to click that link and make a purchase. My content is 100% not influenced by brands, PR products received, usage of affiliate links, or brand partnerships.


Changing the standard of beauty, one tutorial at a time :)
Phil 4:13",2026,159480,9554,445,2025-05-27T23:15:53Z,Howto & Style,,Jackie Aina,@jackieaina,UCzJIliq68IHSn-Kwgjeg2AQ,3400000,1292,False,beauty,video,https://www.youtube.com/watch?v=44jfLakMJyU,en,2026-09-11
AZ43wEiWhlQ,A Fashionably Late NYFW Vlog | Jackie Aina,"#metgalaathome2025

C O N N E C T  W I T H   M E:
instagram: @jackieaina
snapchat: jackieaina
facebook: Jackie Aina
twitter: @jackieaina


B U S I N E S S:
For business inquiries please contact *************************


*Some affiliate links are used, which means I may receive a commission should you decide to click that link and make a purchase. My content is 100% not influenced by brands, PR products received, usage of affiliate links, or brand partnerships.


Changing the standard of beauty, one tutorial at a time :)
Phil 4:13",2150,81025,4363,217,2025-05-08T18:20:32Z,Howto & Style,,Jackie Aina,@jackieaina,UCzJIliq68IHSn-Kwgjeg2AQ,3400000,1292,False,beauty,video,https://www.youtube.com/watch?v=AZ43wEiWhlQ,en,2026-09-11
2pIcsRI0bx0,FIRST GRWM IN 2 YEARS! Get glam and Catch up | Jackie Aina,"Hi everyone! Welcome back to another GRWM paired with the new PANDORA ESSENCE collection!

This video is done in partnership with Pandora @theofficialpandora
#PandoraPartner

P R O D U C T S  M E N T I O N E D:
Full collection: https://to.pandora.net/YCTirW 
Two toned Entwined Bands Ring: https://to.pandora.net/OWWjLu
Treated Freshwater Cultured Pearl Open Ring: https://to.pandora.net/YPVA5P Organically Shaped Infinity Ring: https://to.pandora.net/TYD7pm
Treated Freshwater Cultured Pearl & Organically Shaped Hoop Earrings: https://to.pandora.net/iSVHoB

Which piece from this collection is your favorite? Comment down below!

C O N N E C T  W I T H   M E:
instagram: @jackieaina
snapchat: jackieaina
facebook: Jackie Aina
twitter: @jackieaina


B U S I N E S S:
For business inquiries please contact *************************


*Some affiliate links are used, which means I may receive a commission should you decide to click that link and make a purchase. My content is 100% not influenced by brands, PR products received, usage of affiliate links, or brand partnerships.


Changing the standard of beauty, one tutorial at a time :)
Phil 4:13",1773,306197,19636,1240,2024-05-23T19:20:01Z,Howto & Style,,Jackie Aina,@jackieaina,UCzJIliq68IHSn-Kwgjeg2AQ,3400000,1292,False,beauty,video,https://www.youtube.com/watch?v=2pIcsRI0bx0,en,2026-09-11
86G4JOZ4i54,I Showed Up to Milan with NO Clothes | MFW Vlog,"Hi everyone! 

Are you ready for round 2 of fashion week content!? Last week I was in Milan for their fashion week and let me tell you, we had a time! So many ups, some downs (@TSA iykyk). But regardless Milan is gorgeous and I had an amazing time. Let me know what you think of today's video in the comment section below! Until next time my loves! 

C O N N E C T  W I T H   M E:
instagram: @jackieaina
tik tok: Jackie Aina
facebook: Jackie Aina

B U S I N E S S:
For business inquiries please contact *************************",2321,145595,7141,381,2024-03-06T22:21:08Z,Howto & Style,,Jackie Aina,@jackieaina,UCzJIliq68IHSn-Kwgjeg2AQ,3400000,1292,False,beauty,video,https://www.youtube.com/watch?v=86G4JOZ4i54,en,2026-09-11
0fp9AX7r9B0,In My Fashion Era?! NYFW Vlog,"Hi everyone! 

Welcome back to my channel, I hope you're doing fabulous! I vlogged my recap of New York Fashion Week 2024 and shared my thoughts about where I am in the beauty industry, stepping into the fashion industry, and giving you guys a look into a day in my life! What do you guys think about this transition? For all my fashion lovers what would you be interested to see from me? Let me know your thoughts and thank you so much for all the love and support. Until next time! 

C O N N E C T  W I T H   M E:
instagram: @jackieaina
tik tok: @jackieaina
facebook: Jackie Aina

B U S I N E S S:
For business inquiries please contact *************************",1469,94856,6511,260,2024-02-22T19:40:11Z,Howto & Style,,Jackie Aina,@jackieaina,UCzJIliq68IHSn-Kwgjeg2AQ,3400000,1292,False,beauty,video,https://www.youtube.com/watch?v=0fp9AX7r9B0,en,2026-09-11
TubPvxVmeLU,"Making ""Margaritas A La Black People""| Self Care with Jackie Aina ft Terrell Grice","Hi everyone! 

Welcome back to my series Self Care with Jackie Aina and today I have the fabulous Terrell Grice from The Terrell Show on my channel! We had such a fun time filming this episode and I loved getting to know Terrell more! What were some of your biggest takeaways from this episode, and who would you like to see next as a guest? 

Thanks for tuning in and make sure you like and subscribe for more!

C O N N E C T  W I T H   M E:
instagram: @jackieaina
tiktok: jackieaina
facebook: Jackie Aina

C O N N E C T  W I T H   T E R R E L L:
instagram: @terrellgrice
youtube: @terrellgrice 
facebook: The Terrell Show

Also check out my collab with Terrell from earlier this year and subscribe to his channel as well! 
https://www.youtube.com/watch?v=XYRGnPnlvEc&t=325s

Changing the standard of beauty, one tutorial at a time :)
Phil 4:13",2130,111804,7206,191,2023-12-12T18:08:31Z,Howto & Style,,Jackie Aina,@jackieaina,UCzJIliq68IHSn-Kwgjeg2AQ,3400000,1292,False,beauty,video,https://www.youtube.com/watch?v=TubPvxVmeLU,en,2026-09-11
7sZrGPGMMxY,A Time Was Had! NYFW RECAP 2023,"Hi my loves! 

Did you miss my vlogs? Well, I'm back and recapping my time at New York Fashion Week 2023. Get ready for some GRWMs, unwind with me, fashion shows, my fashion week looks, Denis, karaoke, and the list goes on and on. I'm so excited to share this special experience with you and I hope you enjoy watching! 

If you like this video give it a thumbs up, subscribe, share, and let me know your favorite parts below! 

C O N N E C T  W I T H   M E:
instagram: @jackieaina
tik tok: jackieaina
facebook: Jackie Aina


B U S I N E S S:
For business inquiries please contact *************************


*Some affiliate links are used, which means I may receive a commission should you decide to click that link and make a purchase. My content is 100% not influenced by brands, PR products received, usage of affiliate links, or brand partnerships.


Changing the standard of beauty, one tutorial at a time :)
Phil 4:13",1743,113114,6864,367,2023-10-31T22:11:36Z,Howto & Style,,Jackie Aina,@jackieaina,UCzJIliq68IHSn-Kwgjeg2AQ,3400000,1292,False,beauty,video,https://www.youtube.com/watch?v=7sZrGPGMMxY,en,2026-09-11
Hy8MpBFE2Dg,Self Care with Jackie Aina ft Tabitha Brown,"Hi everyone! 

Welcome to my new series Self Care with Jackie Aina. I created this series because I love all things self-care, and as a big advocate of self-care, I'm always curious to see different routines and try something new for myself! 

Today, we have Tabitha Brown as our special guest on today's episode! I love Tabitha and it was really amazing getting to learn more about her and her veganism journey. 

Please comment below your thoughts and who you'd like to see in this series! I'm so happy to release this and I hope you enjoy!

Cash App is a financial platform, not a bank. Banking services provided by Cash App’s bank partner(s). Debit cards issued by Sutton Bank, pursuant to a license from Visa USA Inc. Visa is a registered trademark of Visa U.S.A., Inc. All other trademarks and service marks belong to their respective owners.

C O N N E C T  W I T H   M E:
instagram: @jackieaina
tiktok: jackieaina
facebook: Jackie Aina

C O N N E C T  W I T H   T A B:
instagram: @iamtabithabrown
tiktok: @iamtabithabrown
facebook: Tabitha Brown

B U S I N E S S:
For business inquiries please contact *************************


*Some affiliate links are used, which means I may receive a commission should you decide to click that link and make a purchase. My content is 100% not influenced by brands, PR products received, usage of affiliate links, or brand partnerships.


Changing the standard of beauty, one tutorial at a time :)
Phil 4:13",1859,144344,9267,470,2023-10-25T15:32:04Z,Howto & Style,,Jackie Aina,@jackieaina,UCzJIliq68IHSn-Kwgjeg2AQ,3400000,1292,False,beauty,video,https://www.youtube.com/watch?v=Hy8MpBFE2Dg,en,2026-09-11
5VKBO4RRhRo,Come Live the Soft Life with Me! | My at Home Spa Day Routine,"Hi loves! Thanks so much for tuning into another video! I'm so excited to share with you all what I do when I treat myself to an at-home spa day. When life gets a little hectic sometimes it's hard to get away but that doesn't mean that you should neglect your self-care! I hope this video inspires you all to take the time you need to love on yourselves and live the soft life ❤️

And thank you to Cashapp for sponsoring today's video. Cash App is a financial platform, not a bank. Banking services provided by Cash App's bank partner(s). Prepaid debit cards issued by Sutton Bank.

C O N N E C T  W I T H   M E:
instagram: @jackieaina
snapchat: jackieaina
facebook: Jackie Aina
twitter: @jackieaina


B U S I N E S S:
For business inquiries please contact *************************


*Some affiliate links are used, which means I may receive a commission should you decide to click that link and make a purchase. My content is 100% not influenced by brands, PR products received, usage of affiliate links, or brand partnerships.


Changing the standard of beauty, one tutorial at a time :)
Phil 4:13",625,93152,6266,120,2023-09-19T17:00:32Z,Howto & Style,,Jackie Aina,@jackieaina,UCzJIliq68IHSn-Kwgjeg2AQ,3400000,1292,False,beauty,video,https://www.youtube.com/watch?v=5VKBO4RRhRo,en,2026-09-11
nS3F0NTTFdc,Self Care with Jackie Aina ft Gigi Gorgeous,"Hi everyone! 

Welcome to my new series Self Care with Jackie Aina. I created this series because I love all things self-care, and as a big advocate of self-care, I'm always curious to see different routines and try something new for myself! 

Today, we have Gigi Gorgeous as our special guest on today's episode! Gigi has captured the hearts of millions across the globe sharing her journey of self-discovery and transformation. Her advocacy for LGBTQ+ rights and her unapologetic authenticity have made her an inspiration to people from all walks of life and I'm so excited to have her as a guest on today's episode! 

Thank you to No Limits Gym for letting us use your space! Check out their website here: https://www.nolimitsupergym.com/

Please comment below your thoughts and who you'd like to see in the series! 

And quick fyi from today's sponsor. Cash App is a financial platform, not a bank. Banking services provided by Cash App’s bank partner(s). Debit cards issued by Sutton Bank, pursuant to a license from Visa USA Inc. Visa is a registered trademark of Visa U.S.A., Inc. All other trademarks and service marks belong to their respective owners.

C O N N E C T  W I T H   M E:
instagram: @jackieaina
facebook: Jackie Aina
tik tok @jackieaina

C O N N E C T  W I T H  G I G I:
instagram: @gigigorgeous
Youtube: Gigi Gorgeous
tik tok: @gigigorgeous 

B U S I N E S S:
For business inquiries please contact *************************

*Some affiliate links are used, which means I may receive a commission should you decide to click that link and make a purchase. My content is 100% not influenced by brands, PR products received, usage of affiliate links, or brand partnerships.",1102,46549,3111,134,2023-08-14T19:02:38Z,Howto & Style,,Jackie Aina,@jackieaina,UCzJIliq68IHSn-Kwgjeg2AQ,3400000,1292,False,beauty,video,https://www.youtube.com/watch?v=nS3F0NTTFdc,en,2026-09-11
KtnP_vmFsp0,Self Care with Jackie Aina ft. Winnie Harlow,"Hi everyone! 

Welcome to my new series Self Care with Jackie Aina. I created this series because I love all things self care, and as a big advocate of self care, I'm always curious to see different routines and try something new for myself! 

Today, we have Winnie Harlow as our special guest on today's episode! I love Winnie, and Winnie has shown me so much support over the years. She's a star and I really value the friendship we have. And I'm SO excited to have Winnie as the very first guest on Self Care with Jackie Aina. 

Please comment below your thoughts and who you'd like to see to the series! I'm so happy to release this and please enjoy the first episode of this series! 

Also, quick fyi, Cash App is a financial platform, not a bank. Banking services provided by Cash App’s bank partner(s). Debit cards issued by Sutton Bank, pursuant to a license from Visa USA Inc. Visa is a registered trademark of Visa U.S.A., Inc. All other trademarks and service marks belong to their respective owners.

C O N N E C T  W I T H   M E:
instagram: @jackieaina
facebook: Jackie Aina
tik tok @jackieaina

C O N N E C T  W I T H   W I N N I E:
instagram: @winnieharlow
facebook: Winnie Harolow
twitter: @winnieharlow

B U S I N E S S:
For business inquiries please contact *************************


*Some affiliate links are used, which means I may receive a commission should you decide to click that link and make a purchase. My content is 100% not influenced by brands, PR products received, usage of affiliate links, or brand partnerships.


Changing the standard of beauty, one tutorial at a time :)
Phil 4:13",1845,57089,3543,103,2023-08-02T17:21:11Z,Howto & Style,,Jackie Aina,@jackieaina,UCzJIliq68IHSn-Kwgjeg2AQ,3400000,1292,False,beauty,video,https://www.youtube.com/watch?v=KtnP_vmFsp0,en,2026-09-11
MQQzXSH5ycc,Let’s Get That Scalp Together! Hair Prep for Protective Styles,"Hi everyone! 

Welcome back to my channel! It's been a while since I did a hair care video so I decided to drop this for you guys. Today, I'm walking you through how I prep my hair for protective styles, and I want to know what you think or learned from my routine below!

Also, quick fyi, Cash App is a financial platform, not a bank. Banking services provided by Cash App’s bank partner(s). Debit cards issued by Sutton Bank, pursuant to a license from Visa USA Inc. Visa is a registered trademark of Visa U.S.A., Inc. All other trademarks and service marks belong to their respective owners.

C O N N E C T  W I T H   M E:
instagram: @jackieaina
facebook: Jackie Aina
tik tok: @jackieaina

B U S I N E S S:
For business inquiries please contact *************************

*Some affiliate links are used, which means I may receive a commission should you decide to click that link and make a purchase. My content is 100% not influenced by brands, PR products received, usage of affiliate links, or brand partnerships.

Changing the standard of beauty, one tutorial at a time :)
Phil 4:13",805,167915,9304,275,2023-07-12T20:00:36Z,Howto & Style,,Jackie Aina,@jackieaina,UCzJIliq68IHSn-Kwgjeg2AQ,3400000,1292,False,beauty,video,https://www.youtube.com/watch?v=MQQzXSH5ycc,en,2026-09-11
EOaVDa26bH8,Are THESE the Darkest Shades in 2023....Let's Discuss,"Hi Beautiful People! 

Today we FINALLY have Nyma Tang on the channel, and in this video, we're looking at all the darkest shades Sephora and Ulta had to offer. How far have shade ranges come in 2023? How far do we have to go? Stick around and find out in today's video because some brands deserve the BOMBASTIC side eye, criminal offensive SIDE EYE! 

Also, did you know my brand FORVR MOOD has a spring cleaning sale happening now! That's right, get 50% off ALL products are happening right now. And once products are sold out, it's not returning 👀  
Shop: https://forvrmood.com 

Thank you for watching my video, please show Nyma some love on her channel @NymaTang  and be sure to connect with her on her socials below! 

C O N N E C T  W I T H   M E:
instagram: @nymatang
tik tok: @nymatang
facebook: Nyma Tang 

C O N N E C T  W I T H   M E:
instagram: @jackieaina
tik tok: @jackieaina
facebook: Jackie Aina

B U S I N E S S:
For business inquiries please contact *************************

*Some affiliate links are used, which means I may receive a commission should you decide to click that link and make a purchase. My content is 100% not influenced by brands, PR products received, usage of affiliate links, or brand partnerships.",1813,388193,20115,806,2023-05-17T15:58:11Z,Howto & Style,,Jackie Aina,@jackieaina,UCzJIliq68IHSn-Kwgjeg2AQ,3400000,1292,False,beauty,video,https://www.youtube.com/watch?v=EOaVDa26bH8,en,2026-09-11
2PSI8y6um0U,Styling My Hair with a Product I Never Used Before,"Hey loves! Welcome back to the channel! GRWM to go to #shopwithgoogle today. Thanks to Google for sponsoring this video. Watch the special mission I have to complete with a product I’ve never used before & check out my giveaway down below!  
Shop your favorite brands on Google: https://g.co/shopping/jackieworkshop


*Spoiler Alert*
Stay tuned for my exciting giveaway happening on my Instagram tomorrow!",770,710626,4079,169,2023-04-20T17:52:07Z,Howto & Style,jackie aina|jackie|hair style|hairstyle|hair|get ready with me|grwm|google|workshop|googleworkshop|google shopping|shop with google|dyson|airwrap|air|wrap,Jackie Aina,@jackieaina,UCzJIliq68IHSn-Kwgjeg2AQ,3400000,1292,False,beauty,video,https://www.youtube.com/watch?v=2PSI8y6um0U,en,2026-09-11
yOizH9bGYWc,"Makeup by Mario, What Sorcery Is This?! | Unbox PR with me!","Hey guys! Today I unboxed some PR I've been wanting to try including SurrealSkin, the new foundation by Mario Dedivanovic. When I tell you guys this foundation is literally SKIN! I also reviewed some other products from Rare Beauty, Jaclyn Cosmetics, and more! Let me know in the comments what you want me to review next. Until next time 😘

C O N N E C T  W I T H   M E:
instagram: @jackieaina
tik tok: jackieaina
facebook: Jackie Aina
twitter: @jackieaina

B U S I N E S S:
For business inquiries please contact *************************

*Some affiliate links are used, which means I may receive a commission should you decide to click that link and make a purchase. My content is 100% not influenced by brands, PR products received, usage of affiliate links, or brand partnerships.

Changing the standard of beauty, one video at a time :)
Phil 4:13",1345,339552,17325,430,2023-03-27T19:49:33Z,Howto & Style,,Jackie Aina,@jackieaina,UCzJIliq68IHSn-Kwgjeg2AQ,3400000,1292,False,beauty,video,https://www.youtube.com/watch?v=yOizH9bGYWc,en,2026-09-11
cK-Woty2vmE,John Legend Put Me On To His Skin Care Routine!,"Hi loves! Welcome back to the channel! I know you guys saw the thumbnail and CAN YOU BELIEVE IT! We have the one, the only, John Legend on the channel today and we did our skincare routines together! John is so nice and doing this video was a lot of fun. Be sure to check out John’s skincare line Loved01 available at https://loved01.com/ or at your local CVS.

Who do you want to see next on channel? Let me know and hopefully we can make it happen!

C O N N E C T W I T H M E:
instagram: @jackieaina
tik tok: @jackieaina
facebook: Jackie Aina

C O N N E C T W I T H J O H N & L O V E D 0 1
instagram: @johnlegend, @loved01skin
tik tok: @johnlegend, @loved01skin
twitter: @johnlegend
facebook: John Legend

B U S I N E S S:
For business inquiries please contact *******************************************

*Some affiliate links are used, which means I may receive a commission should you decide to click that link and make a purchase. My content is 100% not influenced by brands, PR products received, usage of affiliate links, or brand partnerships.

Changing the standard of beauty, one tutorial at a time :)
Phil 4:13",934,270063,15373,609,2023-02-06T20:25:14Z,Howto & Style,,Jackie Aina,@jackieaina,UCzJIliq68IHSn-Kwgjeg2AQ,3400000,1292,False,beauty,video,https://www.youtube.com/watch?v=cK-Woty2vmE,en,2026-09-11
qY0Ve2VGuC4,A REAL Sibling Rivalry! | Decade Challenge with Bob The Drag Queen and Monét X Change,"Hi guys! Welcome back to my channel! You guys have been hounding me for this video, and I'm SO excited to have very special guests Bob the Drag Queen and Monét X Change on the channel! We did the decade challenge and things got pretty.....well, why don't you watch the full video and found out how things we're. Let me know what you think of the video in the comments below, and who you want to see on the channel next! All my love to you XOXO

C O N N E C T  W I T H   M E:
instagram: @jackieaina
tik tok: jackieaina
facebook: Jackie Aina
twitter: @jackieaina

C O N N E C T  W I T H   B O B: 
instagram: @bobthedragqueen
tik tok: @bobthedragqueen
facebook: Bob The Drag Queen
twitter: @bobthedragqueen
Youtube: Bob The Drag Queen 

C O N N E C T  W I T H   M O N E T: 
instagram: @monetxchange
tik tok: @monetxchange
facebook: Monet X Change
twitter: @monetxchange
Youtube: Monet X Change 

Support Bob and Monet and get there tour tickets and palette here!
https://www.siblingrivalrypodcast.com/

For more funny content from Bob and Monet subscribe to their podcast Sibling Rivalry (available on all streaming platforms)

B U S I N E S S:
For business inquiries please contact *************************

*Some affiliate links are used, which means I may receive a commission should you decide to click that link and make a purchase. My content is 100% not influenced by brands, PR products received, usage of affiliate links, or brand partnerships.

Changing t",2174,334300,20008,822,2023-01-23T20:04:22Z,Howto & Style,,Jackie Aina,@jackieaina,UCzJIliq68IHSn-Kwgjeg2AQ,3400000,1292,False,beauty,video,https://www.youtube.com/watch?v=qY0Ve2VGuC4,en,2026-09-11
5MesaMfU0WM,Individuality is DEAD,"Hi loves! Welcome back to the channel! Recently, there's been a lot of discourse about black individuality and it's a conversation I'm interested in and want to share some feedback on. This is just my thoughts and I'm curious to know yours! Do you think individualism is dead? Do you see dark skin black women as a monolith? There's a lot to discuss, so grab your popcorn or makeup brushes, and let's talk about it.

C O N N E C T  W I T H   M E:
instagram: @jackieaina
tik tok: @jackieaina
facebook: Jackie Aina

B U S I N E S S:
For business inquiries please contact *************************

*Some affiliate links are used, which means I may receive a commission should you decide to click that link and make a purchase. My content is 100% not influenced by brands, PR products received, usage of affiliate links, or brand partnerships.

Changing the standard of beauty, one tutorial at a time :)
Phil 4:13",1759,706916,39294,1552,2022-12-19T19:01:31Z,Howto & Style,,Jackie Aina,@jackieaina,UCzJIliq68IHSn-Kwgjeg2AQ,3400000,1292,False,beauty,video,https://www.youtube.com/watch?v=5MesaMfU0WM,en,2026-09-11
vyEF7RuLdzs,Lavish Florals from Your Favorite Lavishly Girl | Love On You Ep. 4,"Hi guys! Welcome back to my channel! I partnered up with CeraVe to create a special 4 part mini series called Love On You that not only normalizes romancing yourself, but celebrates it! If you know me, you know I'm a floral girl. And I've always wanted to know how to arrange my own bouquets. So I did just that and called Jelena Trifunovic from Viola Floral to teach me a thing or two. And let me just say, I did THAT. This video was so fun and I hope watching this video brings a smile to your face just like flowers do for me. Thanks so much to CeraVe for sponsoring this video. 

C O N N E C T  W I T H   M E:
instagram: @jackieaina
tik tok: @jackieaina
facebook: Jackie Aina
twitter: @jackieaina

C O N N E C T  W I T H   J E L E N A: 
instagram: @violafloral
https://violafloral.com/

B U S I N E S S:
For business inquiries please contact *************************

*Some affiliate links are used, which means I may receive a commission should you decide to click that link and make a purchase. My content is 100% not influenced by brands, PR products received, usage of affiliate links, or brand partnerships.

Changing the standard of beauty, one tutorial at a time :)
Phil 4:13",524,662741,2878,152,2022-12-16T17:15:24Z,Howto & Style,,Jackie Aina,@jackieaina,UCzJIliq68IHSn-Kwgjeg2AQ,3400000,1292,False,beauty,video,https://www.youtube.com/watch?v=vyEF7RuLdzs,en,2026-09-11
4CJx9orP8QI,YES I Still Do Makeup! Da Fuqqq,"Hey guys! Welcome back to my channel! And GUESS WHAT! Your girl is back and doing makeup?!?! That's right, today I'm showing you my soft glam look that has become my staple makeup look for 2022. I'm excited to show you guys my updated makeup techniques and hopefully you guys learn a little something something. If you like this video please give it a thumbs up and also subscribe! Thanks so much for watching and until next time!

C O N N E C T  W I T H   M E:
instagram: @jackieaina
tik tok: @jackieaina
facebook: Jackie Aina
twitter: @jackieaina

B U S I N E S S:
For business inquiries please contact *************************

*Some affiliate links are used, which means I may receive a commission should you decide to click that link and make a purchase. My content is 100% not influenced by brands, PR products received, usage of affiliate links, or brand partnerships.

Changing the standard of beauty, one tutorial at a time :)
Phil 4:13",2814,379470,21671,984,2022-12-12T18:29:27Z,Howto & Style,,Jackie Aina,@jackieaina,UCzJIliq68IHSn-Kwgjeg2AQ,3400000,1292,False,beauty,video,https://www.youtube.com/watch?v=4CJx9orP8QI,en,2026-09-11
SzH8IomLRIE,How To Keep My Body SNATCHED: Love on You Ep. 3,"Hi guys! Welcome back to my channel! I partnered up with CeraVe to create a special 4 part mini series called Love On You that not only normalizes romancing yourself, but celebrates it! In this episode I called up my girl Flavia Lanini to help get my body right and snatched! It's no secret how much I advocate for lymphatic drainage massages and Flavia does it the best. I've been seeing her for years and I'm excited to show you my favorite way of pampering my body. Thanks so much to CeraVe for sponsoring today's video! 

C O N N E C T  W I T H   M E:
instagram: @jackieaina
tik tok: @jackieaina
facebook: Jackie Aina
twitter: @jackieaina

C O N N E C T  W I T H   F L A V I A: 
instagram: @flavialanini
https://flavialanini.co/

B U S I N E S S:
For business inquiries please contact *************************

*Some affiliate links are used, which means I may receive a commission should you decide to click that link and make a purchase. My content is 100% not influenced by brands, PR products received, usage of affiliate links, or brand partnerships.

Changing the standard of beauty, one tutorial at a time :)
Phil 4:13",387,884002,4614,82,2022-12-09T16:19:17Z,Howto & Style,,Jackie Aina,@jackieaina,UCzJIliq68IHSn-Kwgjeg2AQ,3400000,1292,False,beauty,video,https://www.youtube.com/watch?v=SzH8IomLRIE,en,2026-09-11
ab8BfrtDXIo,Learning to Love My Hair and Why You Should Too! | Love on You Ep. 2,"Hi guys! Welcome back to my channel! I partnered up with CeraVe to create a special 4 part mini series called Love On You that not only normalizes romancing yourself, but celebrates it! In this episode my girls Tookie and Naya came through and did their thing by braiding my hair DOWN. We got real talking about black hair and why black women need to start celebrating our curls. If you want to hear about my experience in learning to love my hair and why you should start loving yours, then this is definitely the video for you! Let me know your thoughts and personal experiences in the comments! Thank you guys for watching this special video and thank you to CeraVe for sponsoring! 

C O N N E C T  W I T H   M E:
instagram: @jackieaina
tik tok: @jackieaina
facebook: Jackie Aina
twitter: @jackieaina

C O N N E C T  W I T H   T O O K I E & N A Y A: 
instagram: @tookiedidit
instagram: @braided.by.zhane
https://tookiedidmyhair.as.me/schedule.php

B U S I N E S S:
For business inquiries please contact *************************

*Some affiliate links are used, which means I may receive a commission should you decide to click that link and make a purchase. My content is 100% not influenced by brands, PR products received, usage of affiliate links, or brand partnerships.

Changing the standard of beauty, one tutorial at a time :)
Phil 4:13",502,711673,9366,335,2022-12-02T17:25:54Z,Howto & Style,,Jackie Aina,@jackieaina,UCzJIliq68IHSn-Kwgjeg2AQ,3400000,1292,False,beauty,video,https://www.youtube.com/watch?v=ab8BfrtDXIo,en,2026-09-11
prmZhvGqAQw,Experience My Custom Facial Routine | Love on You Ep. 1,"Hi guys! Welcome back to my channel! I partnered up with CeraVe to create a special 4 part mini series called Love On You that not only normalizes romancing yourself, but celebrates it! In this episode I visit my girl Fenya from Guidance to Glow where she hooks me up with my custom facial treatment. If you want to see what products and services I use to maintain my skin then you've come to the right place. I hope you enjoy the video and once again, thank you CeraVe for sponsoring!

C O N N E C T  W I T H   M E:
instagram: @jackieaina
tik tok: @jackieaina
facebook: Jackie Aina
twitter: @jackieaina

C O N N E C T  W I T H   F E N Y A: 
instagram: @guidance_to_glow
https://www.guidancetoglow.com/

B U S I N E S S:
For business inquiries please contact *************************

*Some affiliate links are used, which means I may receive a commission should you decide to click that link and make a purchase. My content is 100% not influenced by brands, PR products received, usage of affiliate links, or brand partnerships.

Changing the standard of beauty, one tutorial at a time :)
Phil 4:13",428,967850,6836,176,2022-11-25T16:46:00Z,Howto & Style,,Jackie Aina,@jackieaina,UCzJIliq68IHSn-Kwgjeg2AQ,3400000,1292,False,beauty,video,https://www.youtube.com/watch?v=prmZhvGqAQw,en,2026-09-11
pnLsC3Ip5wE,TRICK OR TREAT: Makeup Edition ft Patrick Starrr,"Today we have a special guest and old friend Patrick Starrr on the channel! We've been wanting to collab for YEARS and I'm so excited that this video finally happened. We hope you enjoy the tricks, treats, and spooks in this very special video. And once you're done watching this, please go to Patrick's channel to watch us do our makeup in the ~dark~. 

C O N N E C T  W I T H   M E:
instagram: @jackieaina
tik tok: jackieaina
facebook: Jackie Aina
twitter: @jackieaina

C O N N E C T  W I T H   P A T R I C K:
instagram: @patrickstarrr
tik tok: Patrick Starrr
facebook: Patrick Starrr
twitter: @patrickstarrr

B U S I N E S S:
For business inquiries please contact *************************


*Some affiliate links are used, which means I may receive a commission should you decide to click that link and make a purchase. My content is 100% not influenced by brands, PR products received, usage of affiliate links, or brand partnerships.


Changing the standard of beauty, one tutorial at a time :)
Phil 4:13",1198,135784,11162,455,2022-10-24T17:00:06Z,Howto & Style,,Jackie Aina,@jackieaina,UCzJIliq68IHSn-Kwgjeg2AQ,3400000,1292,False,beauty,video,https://www.youtube.com/watch?v=pnLsC3Ip5wE,en,2026-09-11
UFAkyMTlJW0,Recreating 90's Icons ft Cristian Dennis,"Watch Cristian Dennis and I recreate our favorite 90's icons Tyra Banks and Halle Berry. Make sure you watch till the end because Cristian and I did what needed to be done. Hope you guys enjoy watching this video as much as we enjoyed making it! 

C O N N E C T  W I T H   M E:
instagram: @jackieaina
snapchat: jackieaina
facebook: Jackie Aina
twitter: @jackieaina

C O N N E C T  W I T H   D E N N I S: 
youtube: @cristiandennis 
instagram: @cristiandennis
facebook: Cristian Dennis
twitter: @cristiandennis

B U S I N E S S:
For business inquiries please contact *************************

*Some affiliate links are used, which means I may receive a commission should you decide to click that link and make a purchase. My content is 100% not influenced by brands, PR products received, usage of affiliate links, or brand partnerships.


Changing the standard of beauty, one tutorial at a time :)
Phil 4:13",1344,107297,7703,315,2022-10-03T19:49:41Z,Howto & Style,,Jackie Aina,@jackieaina,UCzJIliq68IHSn-Kwgjeg2AQ,3400000,1292,False,beauty,video,https://www.youtube.com/watch?v=UFAkyMTlJW0,en,2026-09-11
x63ghCiqJxQ,GRWM: Spilling Tea with Chelsea Lazkani,"Today on the channel, we have a very special guest...the iconic Chelsea Lazkani! Come get ready with us and listening to us spilling TEA honey! 

C O N N E C T  W I T H   M E:
instagram: @jackieaina
snapchat: jackieaina
facebook: Jackie Aina
twitter: @jackieaina
tiktok: @jackieaina

C O N N E C T  W I T H C H E L S E A: 
instagram: @chelsealazkani
twitter: @chelsealazkani
tiktok: @chelsealazkani

B U S I N E S S:
For business inquiries please contact *************************


*Some affiliate links are used, which means I may receive a commission should you decide to click that link and make a purchase. My content is 100% not influenced by brands, PR products received, usage of affiliate links, or brand partnerships.


Changing the standard of beauty, one tutorial at a time :)
Phil 4:13",1944,172267,11674,565,2022-09-19T12:00:06Z,Howto & Style,,Jackie Aina,@jackieaina,UCzJIliq68IHSn-Kwgjeg2AQ,3400000,1292,False,beauty,video,https://www.youtube.com/watch?v=x63ghCiqJxQ,en,2026-09-11
kZW6YJ2nHug,Let’s Get Pampered with Black/Woman Owned Businesses,"Thanks to Google for sponsoring today's video! Please visit https://belonging.google for more information. 

And thank you to Relaxed and Restored and Elle Marie Spa for letting us film their businesses! Both are local to the LA area so please check them out.

I hope this video inspires you to take the time to pamper yourself.

C O N N E C T  W I T H   M E:
instagram: @jackieaina
snapchat: jackieaina
facebook: Jackie Aina
twitter: @jackieaina

B U S I N E S S:
For business inquiries please contact *************************

Changing the standard of beauty, one tutorial at a time :)
Phil 4:13",569,147481,19359,694,2022-09-14T21:00:16Z,Howto & Style,,Jackie Aina,@jackieaina,UCzJIliq68IHSn-Kwgjeg2AQ,3400000,1292,False,beauty,video,https://www.youtube.com/watch?v=kZW6YJ2nHug,en,2026-09-11
LSYk2h3tYAg,Why I Left Youtube,"I’m BACK! As you know, this was my first visible break in my entire Youtube career. Watch this video to understand why I left, what this break meant, and where the future of my channel lies?! 👀",1797,575661,46223,2972,2022-09-09T13:00:15Z,Howto & Style,,Jackie Aina,@jackieaina,UCzJIliq68IHSn-Kwgjeg2AQ,3400000,1292,False,beauty,video,https://www.youtube.com/watch?v=LSYk2h3tYAg,en,2026-09-11
Sd8aBTH_dDo,Belif Hydration Awards,"Welcome to The BELIF Hydration Awards!! This video is done in partnership with Belif and I'll be talking about some of their holiday gift sets as well as honoring some of YOU with awards and accolades!

Glowing Home For The Holidays Set - exclusively at Ulta - https://bit.ly/30owtcH
Best-selling Hydrators On-The-Go Kit - https://bit.ly/3lZUmP6
Explosive Hydration Holiday Set - Exclusively at Sephora - https://seph.me/3DUqHgx
GlowWithHydrationKit-ExclusiveatSephora-https://seph.me/31N83KI
AquaBomb-https://seph.me/3m3Q3lX
Moisturizing Bomb - https://seph.me/31YoGCT
MoisturizingEyeBomb-https://seph.me/3rZ5BLH",3168,80813,2292,93,2021-12-15T00:51:50Z,Entertainment,,Jackie Aina,@jackieaina,UCzJIliq68IHSn-Kwgjeg2AQ,3400000,1292,False,beauty,video,https://www.youtube.com/watch?v=Sd8aBTH_dDo,en,2026-09-11
XB45X9Sa0Uk,Get MOODy with Me,"Get MOODy with Me is all about enjoying a comfy vibe and setting the right moods, “Moods” being Jackie’s FORVR candles that she will be featuring and selling during her livestream. Jackie introduces herself and her brand FORVR Mood as she talks through the scent notes of the Mood candles and why she chose each candle's name. Each name discussion cues the transition into a quick game. A fan of Jackie’s will livestream in and play the game. There are four games total along with 4 fans. The name of the games are: Charades; Truth or Dare; This or That; and Two Truths and One Lie. Jackie will play each one of the four games with each fan and when the game is over she’ll announce that they’ll get sent a holiday collection.",2859,127433,4423,93,2021-11-19T23:57:51Z,Howto & Style,,Jackie Aina,@jackieaina,UCzJIliq68IHSn-Kwgjeg2AQ,3400000,1292,False,beauty,video,https://www.youtube.com/watch?v=XB45X9Sa0Uk,en,2026-09-11
_QFgzUhZETo,Let's Spend The Morning Together 😘 | Jackie Aina,"the first few hours of your day are the most important. make the most of them by having some alone time,  prayer, and recentering yourself to be the best version of you. even if it's only 30 minutes a dqy! hope you all enjoy this morning routine as much as I did creating it :)

thank you Belif for sponsoring todays video
Explosive Hydration Holiday Set: https://seph.me/3EMBb2l
Moisturizing Eye Bomb Set: https://seph.me/3qfZaTo
Glow with Hydration Holiday Set: https://seph.me/3CXtTbm
Aqua Bomb Overnight Lip Mask: https://seph.me/3bICpzc
True Cream Aqua Bomb: https://seph.me/3qbUwpM


C O N N E C T  W I T H   M E:
instagram: @jackieaina
snapchat: jackieaina
facebook: Jackie Aina
twitter: @jackieaina


B U S I N E S S:
For business inquiries please contact *************************


*Some affiliate links are used, which means I may receive a commission should you decide to click that link and make a purchase. My content is 100% not influenced by brands, PR products received, usage of affiliate links, or brand partnerships.


Changing the standard of beauty, one tutorial at a time :)
Phil 4:13",629,296449,19791,590,2021-11-05T22:03:37Z,Howto & Style,,Jackie Aina,@jackieaina,UCzJIliq68IHSn-Kwgjeg2AQ,3400000,1292,False,beauty,video,https://www.youtube.com/watch?v=_QFgzUhZETo,en,2026-09-11
qhaeG3PXhdg,Black Influencers Aren't Relatable and Don't Post Anymore | Jackie Aina,"a deep dive into why some of our faves aren't as active on social media anymore. basically a bit of a deep dive and a rant if you will


C O N N E C T  W I T H   M E:
instagram: @jackieaina
snapchat: jackieaina
facebook: Jackie Aina
twitter: @jackieaina


B U S I N E S S:
For business inquiries please contact *************************


*Some affiliate links are used, which means I may receive a commission should you decide to click that link and make a purchase. My content is 100% not influenced by brands, PR products received, usage of affiliate links, or brand partnerships.


Changing the standard of beauty, one tutorial at a time :)
Phil 4:13",2840,814486,43208,2422,2021-10-24T02:13:20Z,Howto & Style,,Jackie Aina,@jackieaina,UCzJIliq68IHSn-Kwgjeg2AQ,3400000,1292,False,beauty,video,https://www.youtube.com/watch?v=qhaeG3PXhdg,en,2026-09-11
-dGkogeK0DU,History of Popular 90s Makeup Brands | Jackie Aina,"A portion of this video is sponsored by Google Career Certificates! 
Google UX Design Professional Certificate: https://bit.ly/39JBEon
Google Data Analytics Professional Certificate: https://bit.ly/2Y7obVmc
Google Project Management: Professional Certificate: https://bit.ly/3iiwEMh

Today’s video was inspired by a fellow YouTube creator Laura Jane Atelier. Please check her out and subscribe!! https://bit.ly/2Y9ioyr
Today we will be chatting about popular beauty product that got their start in the 90s! A lot of beauty staples of today have built their legacies in the 90s. I was quite shocked to see which of these products have been around THAT long! Enjoy!

Thank you @xoxovirginhair for this gorgeous wig 🥰
my Forvrmood candles https://bit.ly/3CWfZGk

the websites I used to source info for today’s video!
estee lauder timeline https://bit.ly/3ARkmSm
Jerrod Blandino's youtube channel and personal phone interview 
https://youtu.be/Pl-EcRjXXY8
made in Chicago museum https://bit.ly/3oe2UDZ
maybelline timeline https://bit.ly/2WorqXG
lash lure scare https://bit.ly/2ZGUTxl
vintage maybelline adverts https://bit.ly/3zR6dDs
Serendipity Fragrance Consultants https://bit.ly/39Pf3qJ
maccosmetics.com



C O N N E C T  W I T H   M E:
instagram: @jackieaina
snapchat: jackieaina
facebook: Jackie Aina
twitter: @jackieaina


B U S I N E S S:
For business inquiries please contact *************************


*Some affiliate links are used, which means I may receive a commission should you decide to click that link and make a purchase. My content is 100% not influenced by brands, PR products received, usage of affiliate links, or brand partnerships.


Changing the standard of beauty, one tutorial at a time :)
Phil 4:13",2175,231510,11929,534,2021-09-29T00:51:30Z,Howto & Style,,Jackie Aina,@jackieaina,UCzJIliq68IHSn-Kwgjeg2AQ,3400000,1292,False,beauty,video,https://www.youtube.com/watch?v=-dGkogeK0DU,en,2026-09-11
Pmhee_Gj_GQ,Going to the Met Gala!! | Jackie Aina,"thank you so much to youtube, vogue, Derek Blasberg, and Anna Wintour for inviting me to this once in a lifetime opportunity. Cole, Manny, Payton, and Fe Noel, each of you were an incredible part of this experience. THANK YOU!!!!


C O N N E C T  W I T H   M E:
instagram: @jackieaina
snapchat: jackieaina
facebook: Jackie Aina
twitter: @jackieaina


B U S I N E S S:
For business inquiries please contact *************************


*Some affiliate links are used, which means I may receive a commission should you decide to click that link and make a purchase. My content is 100% not influenced by brands, PR products received, usage of affiliate links, or brand partnerships.


Changing the standard of beauty, one tutorial at a time :)
Phil 4:13",1904,396751,24324,1307,2021-09-19T02:16:36Z,Howto & Style,,Jackie Aina,@jackieaina,UCzJIliq68IHSn-Kwgjeg2AQ,3400000,1292,False,beauty,video,https://www.youtube.com/watch?v=Pmhee_Gj_GQ,en,2026-09-11
PFEdGDHwXkM,Makeup By Ariel Is a Makeup GENIUS. Here's Why... | Jackie Aina,"hey gworls! celebrity makeup artists recreates videos are FUN. today we are testing out the technique of Ariel Tejada. he recently joined PatrickStarrr by doing his makeup on his channel, today I will be recreating his look using his signature tips, tricks and techniques 

P R O D U C T S  M E N T I O N E D:
artist couture supreme nudes palette 
nars color corrector 
mented stick foundation 
pat mcgrath foundation 
danessa myricks cream bronzer
kevyn aucoin sensual skin enhancer
nuban beauty concealer
pat mcgrath concealer 
one size beauty setting powder
one size beauty pressed powder 
rare beauty ""love"" blush 
mented setting spray


C O N N E C T  W I T H   M E:
instagram: @jackieaina
snapchat: jackieaina
facebook: Jackie Aina
twitter: @jackieaina


B U S I N E S S:
For business inquiries please contact *************************


*Some affiliate links are used, which means I may receive a commission should you decide to click that link and make a purchase. My content is 100% not influenced by brands, PR products received, usage of affiliate links, or brand partnerships.


Changing the standard of beauty, one tutorial at a time :)
Phil 4:13",3648,928719,24715,637,2021-09-01T13:00:16Z,Howto & Style,,Jackie Aina,@jackieaina,UCzJIliq68IHSn-Kwgjeg2AQ,3400000,1292,False,beauty,video,https://www.youtube.com/watch?v=PFEdGDHwXkM,en,2026-09-11
PYx10mDxVrs,Things I've Learned Since Getting Engaged | Jackie Aina,"Sponsored by @iHerb #ad #iherb discount code: JACKIEAINA20
check out Youkeyy's iHerb haul! https://bit.ly/3D8GkBI

P R O D U C T S  M E N T I O N E D:


C O N N E C T  W I T H   M E:
instagram: @jackieaina
snapchat: jackieaina
facebook: Jackie Aina
twitter: @jackieaina


B U S I N E S S:
For business inquiries please contact *************************


*Some affiliate links are used, which means I may receive a commission should you decide to click that link and make a purchase. My content is 100% not influenced by brands, PR products received, usage of affiliate links, or brand partnerships.


Changing the standard of beauty, one tutorial at a time :)
Phil 4:13",1898,440796,24040,2588,2021-08-22T23:39:24Z,Howto & Style,ashwagandha|manuka honey|liquid chlorophyll|alpha lipoic acid|l tyrosine|magnesium glycinate|glutathione|COQ10|black seed|quercetin|collagen|probiotics,Jackie Aina,@jackieaina,UCzJIliq68IHSn-Kwgjeg2AQ,3400000,1292,False,beauty,video,https://www.youtube.com/watch?v=PYx10mDxVrs,en,2026-09-11
uf4zCdPsY-8,Get Ready with Me in Paris | PatrickStarrr,"Bonjour 🇫🇷✨

Getting ready in Paris feels surreal. This Europe tour has been such a full circle moment. From starting in my bedroom to debuting ONE/SIZE at Sephora Champs-Élysées. I truly cannot wrap my head (or my turban) around it.

In today’s GRWM, I’m taking you through my full glam routine before one of the biggest moments of this trip. From skin prep to final setting spray, this look is all about confidence, intention, and showing up as the founder I’ve worked so hard to become.

Paris energy is chic. It’s elevated. It’s powerful.
And today… we went vaa vaa voom. ❤️

Thank you for believing in me and in ONE/SIZE. This is only the beginning.

xoxo
PatrickStarrr

CHAPTERS 
0:00 Bonjour
2:18 PATRICK STARRR IRL
2:52 Skin Prep & Hydration
4:39 Eye Technique Tip
5:27 The Meaning Behind ONE/SIZE
8:18 Thin Base + Powder Routine
13:24 Pre-Event Nerves
16:16 Setting & Locking the Glam
17:03 Final Look + Red Outfit Reveal
20:17 Backstage at Sephora Champs-Élysées

--------------------------------------------------
Connect with me on Social Media!!!

https://patrickstarrr.komi.io/

I N S T A G R A M 
http://instagram.com/patrickstarrr/

T W I T T E R 
https://twitter.com/patrickstarrr

F A C E B O O K
https://www.facebook.com/THEEPATRICKSTARRR

T I K T O K
PATRICKSTARRR

S N A P C H A T 
PSTARRRsnaps

MAIL ME STUFF!
PatrickStarrr
2355 Westwood Blvd.
430 
Los Angeles, CA 90064-2109

------AMAZON FAVS-------
https://www.amazon.com/shop/patrickstarrr

------COUPON CODES-------

MORPHE BRUSHES | 10% OFF
Use Code: PSTARRR
*Make sure you use ALL CAPS*
http://bit.ly/2sIehJC 

LILLY LASHES | 10% OFF
Use Code: PSTARRR
http://bit.ly/2S3ssDT 


LISTEN TO MY MUSIC!
GOT THE GLAM
https://spoti.fi/2Z0zpH8

DON’T
https://spoti.fi/2MaR1Lr

GO OFF 
https://open.spotify.com/track/5n89VhKeZXO9Z0f24fzt0c?si=zXQ0psrQQMmn_kOO4q_T9A",1262,42273,1486,63,2026-03-01T17:00:00Z,Howto & Style,Patrick starrr|Patrick|starrr|makeup|patrickstarrr|Patrick star|mua|tutorials|theepatrickstarrr|one size beauty|o/s|visionary|go off|beauty|beautyyoutuber,PatrickStarrr,@patrickstarrr,UCDHQbU57NZilrhbuZNbQcRA,4770000,1741,False,beauty,video,https://www.youtube.com/watch?v=uf4zCdPsY-8,en,2026-09-11
Ov6hp7WFq6E,I Built My Dream Skin Studio (ONE/SIZE Reveal) | PatrickStarrr,"Designing My ONE/SIZE Skin Studio

Come behind the scenes as I design and bring the ONE/SIZE Skin Studio to life. From my original sketches and vision for the space to vlog-style moments during the renovation, this video captures the full creative process. We end with a room tour reveal of the finished Skin Studio and how every detail came together.

This transformation is all about intention, function, and creating a space that supports skin, creativity, and community. Thank you for coming along for the journey.

xoxo
PatrickStarrr

--------------------------------------------------
Connect with me on Social Media!!!

https://patrickstarrr.komi.io/

I N S T A G R A M 
http://instagram.com/patrickstarrr/

T W I T T E R 
https://twitter.com/patrickstarrr

F A C E B O O K
https://www.facebook.com/THEEPATRICKSTARRR

T I K T O K
PATRICKSTARRR

S N A P C H A T 
PSTARRRsnaps

MAIL ME STUFF!
PatrickStarrr
2355 Westwood Blvd.
430 
Los Angeles, CA 90064-2109

------AMAZON FAVS-------
https://www.amazon.com/shop/patrickstarrr

------COUPON CODES-------

MORPHE BRUSHES | 10% OFF
Use Code: PSTARRR
*Make sure you use ALL CAPS*
http://bit.ly/2sIehJC 

LILLY LASHES | 10% OFF
Use Code: PSTARRR
http://bit.ly/2S3ssDT 


LISTEN TO MY MUSIC!
GOT THE GLAM
https://spoti.fi/2Z0zpH8

DON’T
https://spoti.fi/2MaR1Lr

GO OFF 
https://open.spotify.com/track/5n89VhKeZXO9Z0f24fzt0c?si=zXQ0psrQQMmn_kOO4q_T9A",1897,566365,816,20,2026-02-06T17:00:00Z,Howto & Style,Patrick starrr|Patrick|starrr|makeup|patrickstarrr|Patrick star|mua|tutorials|theepatrickstarrr|one size beauty|o/s|visionary|go off|beauty|beautyyoutuber,PatrickStarrr,@patrickstarrr,UCDHQbU57NZilrhbuZNbQcRA,4770000,1741,False,beauty,video,https://www.youtube.com/watch?v=Ov6hp7WFq6E,en,2026-09-11
oXhhG_MO5y0,My New Hydrosculpt Moisturizer | ONE/SIZE Skin Studio | PatrickStarrr,"I spent a full year in esthetician school for THIS. Get the ONE/SIZE Hydrosculpt Moisturizer https://bit.ly/49MD3t9

Meet our NEW Hydrosculpt Moisturizer — the first launch from ONE/SIZE Skin Studio. ✨AVAILABLE NOW! $40 | 80mL (2.7 fl oz) 

I created Hydrosculpt as a licensed esthetician because I wanted skincare that actually delivers! Clinically tested hydration, visible sculpting, and skin that looks flawless under makeup.

Try it, tag me, and don’t forget to LIKE & SUBSCRIBE for more Skin Studio content. ❤️
Xoxo 
PatrickStarrr

--------------------------------------------------
Connect with me on Social Media!!!

https://patrickstarrr.komi.io/

I N S T A G R A M 
http://instagram.com/patrickstarrr/

T W I T T E R 
https://twitter.com/patrickstarrr

F A C E B O O K
https://www.facebook.com/THEEPATRICKSTARRR

T I K T O K
PATRICKSTARRR

S N A P C H A T 
PSTARRRsnaps

MAIL ME STUFF!
PatrickStarrr
2355 Westwood Blvd.
430 
Los Angeles, CA 90064-2109

------AMAZON FAVS-------
https://www.amazon.com/shop/patrickstarrr

------COUPON CODES-------

MORPHE BRUSHES | 10% OFF
Use Code: PSTARRR
*Make sure you use ALL CAPS*
http://bit.ly/2sIehJC 

LILLY LASHES | 10% OFF
Use Code: PSTARRR
http://bit.ly/2S3ssDT 


LISTEN TO MY MUSIC!
GOT THE GLAM
https://spoti.fi/2Z0zpH8

DON’T
https://spoti.fi/2MaR1Lr

GO OFF 
https://open.spotify.com/track/5n89VhKeZXO9Z0f24fzt0c?si=zXQ0psrQQMmn_kOO4q_T9A",556,63766,939,50,2026-01-18T17:00:00Z,Howto & Style,Patrick starrr|Patrick|starrr|makeup|patrickstarrr|Patrick star|mua|tutorials|theepatrickstarrr|one size beauty|o/s|visionary|go off|beauty|beautyyoutuber,PatrickStarrr,@patrickstarrr,UCDHQbU57NZilrhbuZNbQcRA,4770000,1741,False,beauty,video,https://www.youtube.com/watch?v=oXhhG_MO5y0,en,2026-09-11
QzB6Ly9pAyg,HOW TO DO YOUR OWN NATURAL WEDDING MAKEUP (BEGINNER FRIENDLY!) | PatrickStarrr,"Who’s getting married soon or just loves a soft, glowy look?
 In this natural wedding makeup tutorial, I’m showing you how to achieve a bronzy eye, radiant skin, and a flawless finish that lasts all day.

Perfect for any time of year — full of tips, tricks, and techniques for your big day.
 Grab your favorite drink and let’s get started!

xoxo
PatrickStarrr

PRODUCTS USED

RHODE BEAUTY Glazing Mist Hydrating Face Spray https://bit.ly/4aLCQZ6
ANASTASIA BEVERLY HILLS Microstroke Detailing Brow Pen with 24 Hour-Wear https://bit.ly/3XUrieD
LANEIGE Lip Sleeping Mask Intense Hydration with Vitamin C https://bit.ly/43ghZcY
FRESH Rose Hydration Pore-Minimizing Mist https://bit.ly/450QLqv
ONE/SIZE Powder Melt Glass Setting Spray https://bit.ly/4qihiIZ
ONE/SIZE Secure the Blur Makeup Magnet Primer https://bit.ly/3xDXclJ
ONE/SIZE Cheek Clapper 3D Blush Trio Palette https://bit.ly/4a9MMLS
ONE/SIZE Secure the Glow Tacky Hydrating Primer https://bit.ly/4kaOMpP
ONE/SIZE Bouclé Silk Airbrushed Talc-Free Finishing Powder https://bit.ly/47OqGge
ONE/SIZE Turn Up The Base Infinity Beauty Sponge https://bit.ly/4hoNZk5
ONE/SIZE Ultimate Blurring Setting Powder https://bit.ly/47CFKxp
ONE/SIZE Lip Snatcher Waterproof Precision Lip Liner https://bit.ly/40DnMES
ONE/SIZE Precision Setting & Baking Kit Powder Puff Set https://bit.ly/48Jhrz0
ONE/SIZE Point Made 24-Hour Gel Eyeliner Pencil https://bit.ly/4d7Qnt0
ONE/SIZE Turn Up The Base Versatile Powder Foundation https://bit.ly/4ozA11u
ONE/SIZE B12 Base Thinner Luminous Vitamin Pearl Boosting Serum https://bit.ly/3XnPJkH
ONE/SIZE Point Made Waterproof Liquid Eyeliner Pen https://bit.ly/3TWnjvx
CALIRAY Lipguard SPF 31 Hydrating Lip Gloss Balm https://bit.ly/4okwqnX
PATRICK TA Major Dimension Eye Illusion Eyeshadow Duo https://bit.ly/3KNEKOv
RHODE BEAUTY Mini Glazing Milk Ceramide Facial Essence https://bit.ly/4rUIC0O
POV BEAUTY Drench It Soothing Priming Milk https://bit.ly/44tQXyy
POV BEAUTY Amp It Amplifying Lip Ampoule https://bit.ly/4pAoek3
MAC COSMETICS Studio Fix Conceal and Correct Palette https://bit.ly/3MGKQ3D
MORPHE X ARIEL A14 Precision Setting Brush https://bit.ly/4a8CuM1
DIOR Dior Forever Skin Glow Foundation SPF 15 https://bit.ly/4aInNQ0
ARMANI BEAUTY Power Fabric+ Longwear High Cover Foundation SPF 25 https://bit.ly/4iTT1FK
ONE/SIZE Turn Up The Base Butter Silk Concealer https://bit.ly/4oQsI4I
NARS Radiant Creamy Concealer with Hydrating Medium Coverage https://bit.ly/3Luf9Kn
SAIE Sun Melt Natural Cream Bronzer https://bit.ly/3KIVCWE

--------------------------------------------------
Connect with me on Social Media!!!

https://patrickstarrr.komi.io/

I N S T A G R A M 
http://instagram.com/patrickstarrr/

T W I T T E R 
https://twitter.com/patrickstarrr

F A C E B O O K
https://www.facebook.com/THEEPATRICKSTARRR

T I K T O K
PATRICKSTARRR

S N A P C H A T 
PSTARRRsnaps

MAIL ME STUFF!
PatrickStarrr
2355 Westwood Blvd.
430 
Los Angeles, CA 90064-2109

------AMAZON FAVS-------
https://www.amazon.com/shop/patrickstarrr

------COUPON CODES-------

MORPHE BRUSHES | 10% OFF
Use Code: PSTARRR
*Make sure you use ALL CAPS*
http://bit.ly/2sIehJC 

LILLY LASHES | 10% OFF
Use Code: PSTARRR
http://bit.ly/2S3ssDT 


LISTEN TO MY MUSIC!
GOT THE GLAM
https://spoti.fi/2Z0zpH8

DON’T
https://spoti.fi/2MaR1Lr

GO OFF 
https://open.spotify.com/track/5n89VhKeZXO9Z0f24fzt0c?si=zXQ0psrQQMmn_kOO4q_T9A",1839,19960,848,55,2025-12-14T17:00:47Z,Howto & Style,Patrick starrr|Patrick|starrr|makeup|patrickstarrr|Patrick star|mua|tutorials|theepatrickstarrr|one size beauty|o/s|visionary|go off|beauty|beautyyoutuber|wedding|wedding tutorial,PatrickStarrr,@patrickstarrr,UCDHQbU57NZilrhbuZNbQcRA,4770000,1741,False,beauty,video,https://www.youtube.com/watch?v=QzB6Ly9pAyg,en,2026-09-11
1CtMFP6BEkk,MY NEW ON ‘TIL DAWN BROWN SUGAR GLITTER WATERPROOF SETTING SPRAY | PatrickStarrr,"SHOP OTD BROWN SUGAR HERE https://bit.ly/4pxtyo4

THE NEW! On ‘Til Dawn Brown Sugar Glitter Setting Spray ✨ | By ONE/SIZE Beauty

The viral waterproof setting spray is back — now in a warm bronze glow!

Key Benefits:
 • The only waterproof glitter setting spray — now in a warm bronze glow ✨
 • 16-hour hold that locks your look in place
 • Multi-use sparkle for face, hair, and body
 • Transfer-proof finish that lasts through it all

Get your glow on and shine ‘til dawn — literally.

xoxo
PatrickStarrr

--------------------------------------------------
Connect with me on Social Media!!!

https://patrickstarrr.komi.io/

I N S T A G R A M 
http://instagram.com/patrickstarrr/

T W I T T E R 
https://twitter.com/patrickstarrr

F A C E B O O K
https://www.facebook.com/THEEPATRICKSTARRR

T I K T O K
PATRICKSTARRR

S N A P C H A T 
PSTARRRsnaps

MAIL ME STUFF!
PatrickStarrr
2355 Westwood Blvd.
430 
Los Angeles, CA 90064-2109

------AMAZON FAVS-------
https://www.amazon.com/shop/patrickstarrr

------COUPON CODES-------

MORPHE BRUSHES | 10% OFF
Use Code: PSTARRR
*Make sure you use ALL CAPS*
http://bit.ly/2sIehJC 

LILLY LASHES | 10% OFF
Use Code: PSTARRR
http://bit.ly/2S3ssDT 


LISTEN TO MY MUSIC!
GOT THE GLAM
https://spoti.fi/2Z0zpH8

DON’T
https://spoti.fi/2MaR1Lr

GO OFF 
https://open.spotify.com/track/5n89VhKeZXO9Z0f24fzt0c?si=zXQ0psrQQMmn_kOO4q_T9A",316,11450,547,43,2025-12-07T17:00:03Z,Howto & Style,Patrick starrr|Patrick|starrr|makeup|patrickstarrr|Patrick star|mua|tutorials|theepatrickstarrr|one size beauty|o/s|visionary|go off|beauty|beautyyoutuber,PatrickStarrr,@patrickstarrr,UCDHQbU57NZilrhbuZNbQcRA,4770000,1741,False,beauty,video,https://www.youtube.com/watch?v=1CtMFP6BEkk,en,2026-09-11
YeJTpCKs-hk,The Power of Makeup 10 Years Later | PatrickStarrr,"The Power of Makeup
A decade ago, I sat down in front of a camera inspired by the one and only @nikkietutorials  — not knowing how much this message would shape my life.

Today, I’m recreating that moment — not just the look, but the feeling. The courage. The vulnerability. The love for makeup that helped me discover who I am.

This is more than a transformation… it’s a reflection of how far we’ve come, and how powerful self-expression can truly be.

xoxo
PatrickStarrr

PRODUCTS MENTIONED

LANEIGE Lip Sleeping Mask Intense Hydration with Vitamin C https://bit.ly/43ghZcY
ONE/SIZE Secure The Blur Makeup Magnet Primer https://bit.ly/3xDXclJ
ONE/SIZE Oil Sucker Extreme Mattifying Alkaline Primer https://bit.ly/4keoB1t
HUDA BEAUTY #FauxFilter Brightening Under Eye Color Corrector https://bit.ly/47pBykA
ARMANI Power Fabric + Longwear Matte Concealer https://bit.ly/4qHFTr6
NARS Radiant Creamy Concealer with Hydrating Medium Coverage https://bit.ly/3Luf9Kn
ONE/SIZE Turn Up The Base Butter Silk Concealer https://bit.ly/4oewLIB
ONE/SIZE Turn Up The Base Full Beat Foundation https://bit.ly/4nIAiOA 
ONE/SIZE Turn Up The Base Versatile Powder Foundation https://bit.ly/4ozA11u
M.PH Underpainting Face Highlighting and Contour Palette https://bit.ly/47kXDAV
ONE/SIZE Turn Up The Base Infinity Beauty Sponge https://bit.ly/4hoNZk5
ONE/SIZE Cheek Clapper 3D Blush Trio Palette https://bit.ly/43GDvGT
ONE/SIZE Bouclé Silk Airbrushed Talc-Free Finishing Powder https://bit.ly/47OqGge
ANASTASIA MicroStroke Detailing Brow Pen with 24-Hour Wear https://bit.ly/3JI3VBx
ARDELL Eyebrow Gel for Instant Lamination Lift with Styling Brush https://amzn.to/3Lmu9tJ
PATRICK TA Major Dimension Eye Illusion Eyeshadow Duo https://bit.ly/4nxI4KT
ROKAEL BEAUTY Aurora Lashes https://bit.ly/3WOAJM6
M.PH The Overliner Lip Pencil https://bit.ly/3X2m8N8
ONE/SIZE Lip Snatcher Waterproof Precision Lip Liner https://bit.ly/3XegE1U
CALIRAY Lipguard SPF 31 Hydrating Lip Gloss Balm https://bit.ly/4okwqnX
ONE/SIZE Powder Melt Glass Setting Spray https://bit.ly/4qihiIZ
ONE/SIZE On ’Til Dawn Mattifying Waterproof Setting Spray https://bit.ly/47OrbXE


--------------------------------------------------
Connect with me on Social Media!!!

https://patrickstarrr.komi.io/

I N S T A G R A M 
http://instagram.com/patrickstarrr/

T W I T T E R 
https://twitter.com/patrickstarrr

F A C E B O O K
https://www.facebook.com/THEEPATRICKSTARRR

T I K T O K
PATRICKSTARRR

S N A P C H A T 
PSTARRRsnaps

MAIL ME STUFF!
PatrickStarrr
2355 Westwood Blvd.
430 
Los Angeles, CA 90064-2109

------AMAZON FAVS-------
https://www.amazon.com/shop/patrickstarrr

------COUPON CODES-------

MORPHE BRUSHES | 10% OFF
Use Code: PSTARRR
*Make sure you use ALL CAPS*
http://bit.ly/2sIehJC 

LILLY LASHES | 10% OFF
Use Code: PSTARRR
http://bit.ly/2S3ssDT 


LISTEN TO MY MUSIC!
GOT THE GLAM
https://spoti.fi/2Z0zpH8

DON’T
https://spoti.fi/2MaR1Lr

GO OFF 
https://open.spotify.com/track/5n89VhKeZXO9Z0f24fzt0c?si=zXQ0psrQQMmn_kOO4q_T9A",1093,27111,1229,88,2025-11-09T17:01:02Z,Howto & Style,Patrick starrr|Patrick|starrr|makeup|patrickstarrr|Patrick star|mua|tutorials|theepatrickstarrr|one size beauty|o/s|visionary|go off|beauty|beautyyoutuber,PatrickStarrr,@patrickstarrr,UCDHQbU57NZilrhbuZNbQcRA,4770000,1741,False,beauty,video,https://www.youtube.com/watch?v=YeJTpCKs-hk,en,2026-09-11
8-KSg6PCdcI,Transforming Into My Feminine Self | PatrickStarrr,"Today I’m taking you through my feminine makeup transformation — a moment of creativity, confidence, and self-expression. Every brushstroke tells part of my story and reminds me how makeup has helped shape who I am as an individual. Thank you for being part of this journey.

PRODUCTS USED
LANEIGE Lip Sleeping Mask Intense Hydration with Vitamin C https://bit.ly/43ghZcY
ARDELL Brow Glue https://amzn.to/3Lmu9tJ
PATRICK TA Major Dimension Eye Illusion Eyeshadow Duo https://bit.ly/4nxI4KT 
HUDA BEAUTY #FauxFilter Brightening Under Eye Color Corrector https://bit.ly/47pBykA
ONE/SIZE Turn Up the Base Full Beat Waterproof Liquid Foundation https://bit.ly/4nIAiOA 
ONE/SIZE Powder Melt Glass Setting Spray https://bit.ly/4qihiIZ  
ONE/SIZE Turn up the Base Butter Silk Concealer https://bit.ly/4oewLIB
ARMANI Beauty Powder Fabric + Longwear Matte Concealer https://bit.ly/4qHFTr6
ONE/SIZE Turn Up the Base Infiniti Beauty Sponge https://bit.ly/4hoNZk5
ONE/SIZE Cheek Clapper 3D Blush Trio Palette https://bit.ly/43GDvGT
ONE/SIZE Bouclé Silk Finishing Powder https://bit.ly/47OqGge
m.ph by Mary Phillips Underpainting Face Highlight and Contour Palette https://bit.ly/47kXDAV
m.ph by Mary Phillips The Overliner Lip Liner Pencil https://bit.ly/3X2m8N8
CALIRAY Lipguard SPF 31 Hydrating Lip Gloss Balm https://bit.ly/4okwqnX
ONE/SIZE On Til Dawn Mattifying Waterproof Setting Spray https://bit.ly/47OrbXE

xoxo
PatrickStarrr

--------------------------------------------------
Connect with me on Social Media!!!

https://patrickstarrr.komi.io/

I N S T A G R A M 
http://instagram.com/patrickstarrr/

T W I T T E R 
https://twitter.com/patrickstarrr

F A C E B O O K
https://www.facebook.com/THEEPATRICKSTARRR

T I K T O K
PATRICKSTARRR

S N A P C H A T 
PSTARRRsnaps

MAIL ME STUFF!
PatrickStarrr
2355 Westwood Blvd.
430 
Los Angeles, CA 90064-2109

------AMAZON FAVS-------
https://www.amazon.com/shop/patrickstarrr

------COUPON CODES-------

MORPHE BRUSHES | 10% OFF
Use Code: PSTARRR
*Make sure you use ALL CAPS*
http://bit.ly/2sIehJC 

LILLY LASHES | 10% OFF
Use Code: PSTARRR
http://bit.ly/2S3ssDT 


LISTEN TO MY MUSIC!
GOT THE GLAM
https://spoti.fi/2Z0zpH8

DON’T
https://spoti.fi/2MaR1Lr

GO OFF 
https://open.spotify.com/track/5n89VhKeZXO9Z0f24fzt0c?si=zXQ0psrQQMmn_kOO4q_T9A",1032,17546,649,34,2025-11-05T17:00:29Z,Howto & Style,Patrick starrr|Patrick|starrr|makeup|patrickstarrr|Patrick star|mua|tutorials|theepatrickstarrr|one size beauty|o/s|visionary|go off|beauty|beautyyoutuber,PatrickStarrr,@patrickstarrr,UCDHQbU57NZilrhbuZNbQcRA,4770000,1741,False,beauty,video,https://www.youtube.com/watch?v=8-KSg6PCdcI,en,2026-09-11
8eiRQOPM4ME,I Planned a Surprise Proposal for My Brother! | PatrickStarrr,"Months of planning. Countless lies (the good kind). And one perfect moment. 💍

When our little brother Paul’s boyfriend Shane asked for our help to plan the ultimate surprise proposal, we knew it had to be unforgettable. From designing a secret-garden theme to orchestrating fake filming days just to throw him off — every detail led up to this one emotional reveal.

Join myself, Peter, and the entire Starrr family as we pull off the most beautiful, heartfelt proposal ever. This is more than just a love story — it’s a celebration of family, trust, and the power of saying yes.

xoxo
PatrickStarrr

--------------------------------------------------
Connect with me on Social Media!!!

https://patrickstarrr.komi.io/

I N S T A G R A M 
http://instagram.com/patrickstarrr/

T W I T T E R 
https://twitter.com/patrickstarrr

F A C E B O O K
https://www.facebook.com/THEEPATRICKSTARRR

T I K T O K
PATRICKSTARRR

S N A P C H A T 
PSTARRRsnaps

MAIL ME STUFF!
PatrickStarrr
2355 Westwood Blvd.
430 
Los Angeles, CA 90064-2109

------AMAZON FAVS-------
https://www.amazon.com/shop/patrickstarrr

------COUPON CODES-------

MORPHE BRUSHES | 10% OFF
Use Code: PSTARRR
*Make sure you use ALL CAPS*
http://bit.ly/2sIehJC 

LILLY LASHES | 10% OFF
Use Code: PSTARRR
http://bit.ly/2S3ssDT 


LISTEN TO MY MUSIC!
GOT THE GLAM
https://spoti.fi/2Z0zpH8

DON’T
https://spoti.fi/2MaR1Lr

GO OFF 
https://open.spotify.com/track/5n89VhKeZXO9Z0f24fzt0c?si=zXQ0psrQQMmn_kOO4q_T9A",1093,110343,5886,445,2025-10-26T16:00:14Z,Howto & Style,Patrick starrr|Patrick|starrr|makeup|patrickstarrr|Patrick star|mua|tutorials|theepatrickstarrr|one size beauty|o/s|visionary|go off|beauty|beautyyoutuber,PatrickStarrr,@patrickstarrr,UCDHQbU57NZilrhbuZNbQcRA,4770000,1741,False,beauty,video,https://www.youtube.com/watch?v=8eiRQOPM4ME,en,2026-09-11
-d69KqQYL_c,My Current Makeup Routine Tutorial | PatrickStarrr,"Back to basics with my current makeup routine ✨ We’re giving major 2016 vibes inspired by the one and only @Jaclynhill1! Who else misses these types of OG beauty YouTube videos? Grab your brushes, grab some food, and let’s glam together!

xoxo
PatrickStarrr

PRODUCTS MENTIONED

CANDLE
FOREVER MOOD Left on Read https://bit.ly/48ynpCv

SKINCARE
FRESH Rose & Hyaluronic Acid Lightweight Moisturizer https://bit.ly/3KGTjmo
RHODE Glazing Milk https://bit.ly/3VCM7dn
VOLUFILINE https://bit.ly/3VCM7dn
POV BEAUTY Amp It https://bit.ly/4pGsM8U
POV BEAUTY Whip It https://bit.ly/42ewsot

EYES
ARDELL Brow Glue https://amzn.to/42gUjDP
NYX Lift & Snatch Brow Tint Pen https://bit.ly/3IucDmn
ANASTASIA MicroStroke Brow Pen https://bit.ly/429byXO
ONE/SIZE Ultimate Blurring Setting Powder https://bit.ly/43VCvOh
ONE/SIZE Bouclé Silk Airbrushed Talc-Free Finishing Powder
https://bit.ly/4pGSEkT
MAKEUP BY MARIO Master Mattes Eyeshadow Palette https://bit.ly/4h39WoN
ONLYALL Half Eyelashes C05 https://amzn.to/3KH6mUU

PRIMER 
ONE/SIZE Oil Sucker Extreme Mattifying Alkaline Primer https://bit.ly/4keoB1t
ONE/SIZE B12 Base Thinner Luminous Vitamin Pearl Boosting Serum https://bit.ly/3XnPJk

FACE
E.L.F. COSMETICS Halo Glow Skin Tint SPF 50 https://bit.ly/4mybNCV
CIELE Conceal & Protect https://bit.ly/3VD96VS
PATRICK TA Major Headlines Blush https://bit.ly/3KoMZzZ
KYLIE COSMETICS Power Plush Longer Concealer https://bit.ly/3Klrznj
ONE/SIZE Turn Up The Base Versatile Powder Foundation https://bit.ly/3vVa6LF
ONE/SIZE Cheek Clapper 3D Blush Trio Palette https://bit.ly/3U0ZVNs
ONE/SIZE Made for Shade Bronze & Sculpt Trio Palette https://bit.ly/4gVdMyh
MAC COSMETICS Mineralize Skinfinish Highlighter https://bit.ly/4mFGHsZ

LIPS 
DAUS X GLAMLITE DSL LIP KIT https://bit.ly/4pHNx4b

SETTING SPRAY
One/SIZE On 'Til Dawn Mattifying Waterproof Setting Spray https://bit.ly/3JZw2cd
ONE/SIZE Powder Melt Glass Setting Spray https://bit.ly/46OBn0S

NAILS 
GLAMNETIC X GLAMZILLA https://bit.ly/3VD96VS
 
--------------------------------------------------
Connect with me on Social Media!!!

https://patrickstarrr.komi.io/

I N S T A G R A M 
http://instagram.com/patrickstarrr/

T W I T T E R 
https://twitter.com/patrickstarrr

F A C E B O O K
https://www.facebook.com/THEEPATRICKSTARRR

T I K T O K
PATRICKSTARRR

S N A P C H A T 
PSTARRRsnaps

MAIL ME STUFF!
PatrickStarrr
2355 Westwood Blvd.
430 
Los Angeles, CA 90064-2109

------AMAZON FAVS-------
https://www.amazon.com/shop/patrickstarrr

------COUPON CODES-------

MORPHE BRUSHES | 10% OFF
Use Code: PSTARRR
*Make sure you use ALL CAPS*
http://bit.ly/2sIehJC 

LILLY LASHES | 10% OFF
Use Code: PSTARRR
http://bit.ly/2S3ssDT 


LISTEN TO MY MUSIC!
GOT THE GLAM
https://spoti.fi/2Z0zpH8

DON’T
https://spoti.fi/2MaR1Lr

GO OFF 
https://open.spotify.com/track/5n89VhKeZXO9Z0f24fzt0c?si=zXQ0psrQQMmn_kOO4q_T9A",1709,53807,2214,97,2025-09-28T16:00:03Z,Howto & Style,Patrick starrr|Patrick|starrr|makeup|patrickstarrr|Patrick star|mua|tutorials|theepatrickstarrr|one size beauty|o/s|visionary|go off|beauty|beautyyoutuber,PatrickStarrr,@patrickstarrr,UCDHQbU57NZilrhbuZNbQcRA,4770000,1741,False,beauty,video,https://www.youtube.com/watch?v=-d69KqQYL_c,en,2026-09-11
o9p8sqHv5AU,I Can't Believe this is in Sephora | PatrickStarrr,"Back in May, we traveled to NYC to shoot this national campaign with Sephora — and now it’s finally live! You can find the images in all Sephora stores across North America.

It’s such an honor to be part of this campaign alongside so many incredible founders. This journey has been surreal, and I’m so excited to finally share the behind-the-scenes of shoot day with you.

If you visit Sephora and see the campaign, don’t forget to tag me — I’d love to see your photos!

xoxo
PatrickStarrr

--------------------------------------------------
Connect with me on Social Media!!!

https://patrickstarrr.komi.io/

I N S T A G R A M 
http://instagram.com/patrickstarrr/

T W I T T E R 
https://twitter.com/patrickstarrr

F A C E B O O K
https://www.facebook.com/THEEPATRICKSTARRR

T I K T O K
PATRICKSTARRR

S N A P C H A T 
PSTARRRsnaps

MAIL ME STUFF!
PatrickStarrr
2355 Westwood Blvd.
430 
Los Angeles, CA 90064-2109

------AMAZON FAVS-------
https://www.amazon.com/shop/patrickstarrr

------COUPON CODES-------

MORPHE BRUSHES | 10% OFF
Use Code: PSTARRR
*Make sure you use ALL CAPS*
http://bit.ly/2sIehJC 

LILLY LASHES | 10% OFF
Use Code: PSTARRR
http://bit.ly/2S3ssDT 


LISTEN TO MY MUSIC!
GOT THE GLAM
https://spoti.fi/2Z0zpH8

DON’T
https://spoti.fi/2MaR1Lr

GO OFF 
https://open.spotify.com/track/5n89VhKeZXO9Z0f24fzt0c?si=zXQ0psrQQMmn_kOO4q_T9A",553,7030,410,23,2025-09-14T16:01:18Z,Howto & Style,Patrick starrr|Patrick|starrr|makeup|patrickstarrr|Patrick star|mua|tutorials|theepatrickstarrr|one size beauty|o/s|visionary|go off|beauty|beautyyoutuber,PatrickStarrr,@patrickstarrr,UCDHQbU57NZilrhbuZNbQcRA,4770000,1741,False,beauty,video,https://www.youtube.com/watch?v=o9p8sqHv5AU,en,2026-09-11
g8boU8dnV7k,NEW Bouclé Silk Powder! | PatrickStarrr,"It’s giving FILTER IN REAL LIFE — meet the brand new ONE/SIZE Bouclé Silk Airbrush Finishing Powder, launching September 4th! 💖
This isn’t your regular setting powder — it’s a whole moment. With a luxe baked texture and weightless feel, it melts into the skin for that airbrushed, soft-focus blur we all love.

Get the Bouclé Silk Airbrush Talc-Free Finishing Powder https://bit.ly/41y3uiR

Available in 10 versatile, flexible shades, this powder is ready to slay ALL day — no touch-ups required.
✨ Get ready to BAKE, BLUR, and BE FLAWLESS ✨
#BoucléSilkPowder

xoxo
PatrickStarrr

--------------------------------------------------
Connect with me on Social Media!!!

https://patrickstarrr.komi.io/

I N S T A G R A M 
http://instagram.com/patrickstarrr/

T W I T T E R 
https://twitter.com/patrickstarrr

F A C E B O O K
https://www.facebook.com/THEEPATRICKSTARRR

T I K T O K
PATRICKSTARRR

S N A P C H A T 
PSTARRRsnaps

MAIL ME STUFF!
PatrickStarrr
2355 Westwood Blvd.
430 
Los Angeles, CA 90064-2109

------AMAZON FAVS-------
https://www.amazon.com/shop/patrickstarrr

------COUPON CODES-------

MORPHE BRUSHES | 10% OFF
Use Code: PSTARRR
*Make sure you use ALL CAPS*
http://bit.ly/2sIehJC 

LILLY LASHES | 10% OFF
Use Code: PSTARRR
http://bit.ly/2S3ssDT 


LISTEN TO MY MUSIC!
GOT THE GLAM
https://spoti.fi/2Z0zpH8

DON’T
https://spoti.fi/2MaR1Lr

GO OFF 
https://open.spotify.com/track/5n89VhKeZXO9Z0f24fzt0c?si=zXQ0psrQQMmn_kOO4q_T9A",606,28735,1432,100,2025-08-31T16:01:09Z,Howto & Style,Patrick starrr|Patrick|starrr|makeup|patrickstarrr|Patrick star|mua|tutorials|theepatrickstarrr|one size beauty|o/s|visionary|go off|beauty|beautyyoutuber,PatrickStarrr,@patrickstarrr,UCDHQbU57NZilrhbuZNbQcRA,4770000,1741,False,beauty,video,https://www.youtube.com/watch?v=g8boU8dnV7k,en,2026-09-11
Z_O2YtRGefw,Blonde for a Day | PatrickStarrr,"I went BLONDE… for just 24 hours.

Hope you all enjoy this vlog!! More coming soon 

xoxo 
PatrickStarrr

--------------------------------------------------
Connect with me on Social Media!!!

https://patrickstarrr.komi.io/

I N S T A G R A M 
http://instagram.com/patrickstarrr/

T W I T T E R 
https://twitter.com/patrickstarrr

F A C E B O O K
https://www.facebook.com/THEEPATRICKSTARRR

T I K T O K
PATRICKSTARRR

S N A P C H A T 
PSTARRRsnaps

MAIL ME STUFF!
PatrickStarrr
2355 Westwood Blvd.
430 
Los Angeles, CA 90064-2109

------AMAZON FAVS-------
https://www.amazon.com/shop/patrickstarrr

------COUPON CODES-------

MORPHE BRUSHES | 10% OFF
Use Code: PSTARRR
*Make sure you use ALL CAPS*
http://bit.ly/2sIehJC 

LILLY LASHES | 10% OFF
Use Code: PSTARRR
http://bit.ly/2S3ssDT 


LISTEN TO MY MUSIC!
GOT THE GLAM
https://spoti.fi/2Z0zpH8

DON’T
https://spoti.fi/2MaR1Lr

GO OFF 
https://open.spotify.com/track/5n89VhKeZXO9Z0f24fzt0c?si=zXQ0psrQQMmn_kOO4q_T9A",1084,11989,526,47,2025-08-17T16:01:00Z,Howto & Style,Patrick starrr|Patrick|starrr|makeup|patrickstarrr|Patrick star|mua|tutorials|theepatrickstarrr|one size beauty|o/s|visionary|go off|beauty|beautyyoutuber,PatrickStarrr,@patrickstarrr,UCDHQbU57NZilrhbuZNbQcRA,4770000,1741,False,beauty,video,https://www.youtube.com/watch?v=Z_O2YtRGefw,en,2026-09-11
HRSD24uIDnY,DJI OSMO Pocket 3 Vlog Test – Is It Worth It?  | PatrickStarrr,"SO excited to step into my vlog era! I’ve been so inspired by so many creators lately, and I can’t wait to share more of my life with you all here!

In today’s video, I’m filming with the DJI OSMO Pocket 3 for the very first time — and taking you along for the ride. I’ll be sharing my thoughts, testing out the camera in different settings, and of course, bringing you along for all the fun.

Next up? I’ll be vlogging with the Canon PowerShot V1 — a recommendation straight from the one and only @AlishaMarie tune in to see how it compares!

Let me know your thoughts on the footage and which camera you’re most excited to see me use next.

Gear in this vlog: DJI OSMO Pocket 3 – https://amzn.to/4lj1vGk

xoxo
PatrickStarrr

--------------------------------------------------
Connect with me on Social Media!!!

https://patrickstarrr.komi.io/

I N S T A G R A M 
http://instagram.com/patrickstarrr/

T W I T T E R 
https://twitter.com/patrickstarrr

F A C E B O O K
https://www.facebook.com/THEEPATRICKSTARRR

T I K T O K
PATRICKSTARRR

S N A P C H A T 
PSTARRRsnaps

MAIL ME STUFF!
PatrickStarrr
2355 Westwood Blvd.
430 
Los Angeles, CA 90064-2109

------AMAZON FAVS-------
https://www.amazon.com/shop/patrickstarrr

------COUPON CODES-------

MORPHE BRUSHES | 10% OFF
Use Code: PSTARRR
*Make sure you use ALL CAPS*
http://bit.ly/2sIehJC 

LILLY LASHES | 10% OFF
Use Code: PSTARRR
http://bit.ly/2S3ssDT 


LISTEN TO MY MUSIC!
GOT THE GLAM
https://spoti.fi/2Z0zpH8

DON’T
https://spoti.fi/2MaR1Lr

GO OFF 
https://open.spotify.com/track/5n89VhKeZXO9Z0f24fzt0c?si=zXQ0psrQQMmn_kOO4q_T9A",1935,8321,358,23,2025-08-10T16:00:29Z,Howto & Style,Patrick starrr|Patrick|starrr|makeup|patrickstarrr|Patrick star|mua|tutorials|theepatrickstarrr|one size beauty|o/s|visionary|go off|beauty|beautyyoutuber,PatrickStarrr,@patrickstarrr,UCDHQbU57NZilrhbuZNbQcRA,4770000,1741,False,beauty,video,https://www.youtube.com/watch?v=HRSD24uIDnY,en,2026-09-11
x4g748qo6bk,Seeing My Face at Sephora Was Surreal | BTS of the ONE/SIZE Launch | PatrickStarrr,"Seeing my face at Sephora was truly surreal. 
In this video, I’m taking you behind the scenes of the ONE/SIZE SPF campaign that’s now live in the front window and front-of-store table at every Sephora nationwide.

We shot these images back in March — and now, to see them up in stores across the country is a full-circle moment I’ll never forget. Come with me for a little BTS of how it all came to life.

There have been days where I wanted to give up — but moments like this remind me why I kept going.

To everyone who’s supported me, believed in the vision, and shown love through it all… I’m truly thankful. This is as much yours as it is mine. Thank you.

xoxo
PatrickStarrr
--------------------------------------------------
Connect with me on Social Media!!!

https://patrickstarrr.komi.io/

I N S T A G R A M 
http://instagram.com/patrickstarrr/

T W I T T E R 
https://twitter.com/patrickstarrr

F A C E B O O K
https://www.facebook.com/THEEPATRICKSTARRR

T I K T O K
PATRICKSTARRR

S N A P C H A T 
PSTARRRsnaps

MAIL ME STUFF!
PatrickStarrr
2355 Westwood Blvd.
430 
Los Angeles, CA 90064-2109

------AMAZON FAVS-------
https://www.amazon.com/shop/patrickstarrr

------COUPON CODES-------

MORPHE BRUSHES | 10% OFF
Use Code: PSTARRR
*Make sure you use ALL CAPS*
http://bit.ly/2sIehJC 

LILLY LASHES | 10% OFF
Use Code: PSTARRR
http://bit.ly/2S3ssDT 


LISTEN TO MY MUSIC!
GOT THE GLAM
https://spoti.fi/2Z0zpH8

DON’T
https://spoti.fi/2MaR1Lr

GO OFF 
https://open.spotify.com/track/5n89VhKeZXO9Z0f24fzt0c?si=zXQ0psrQQMmn_kOO4q_T9A",831,7267,378,36,2025-07-20T16:01:34Z,Howto & Style,Patrick starrr|Patrick|starrr|makeup|patrickstarrr|Patrick star|mua|tutorials|theepatrickstarrr|one size beauty|o/s|visionary|go off|beauty|beautyyoutuber|on til dawn|sephora|spf|on til dawn spf|display,PatrickStarrr,@patrickstarrr,UCDHQbU57NZilrhbuZNbQcRA,4770000,1741,False,beauty,video,https://www.youtube.com/watch?v=x4g748qo6bk,en,2026-09-11
qlDcyxDboDQ,Our Biggest ONE/SIZE Shoot Yet — And It Meant Everything | PatrickStarrr,"This was more than just a shoot — it was a moment.

Come behind the scenes with us for a special day filled with creativity, emotion, and community. From the first Zoom casting call to final shots on set, this video captures the heart of what it means to show up, take up space, and celebrate who we are.

There were tears, laughs, TikToks, glam moments, and conversations we’ll never forget.
Together, we’re making history — and we want you to be a part of it.

xoxo
PatrickStarrr

--------------------------------------------------
Connect with me on Social Media!!!

https://patrickstarrr.komi.io/

I N S T A G R A M 
http://instagram.com/patrickstarrr/

T W I T T E R 
https://twitter.com/patrickstarrr

F A C E B O O K
https://www.facebook.com/THEEPATRICKSTARRR

T I K T O K
PATRICKSTARRR

S N A P C H A T 
PSTARRRsnaps

MAIL ME STUFF!
PatrickStarrr
2355 Westwood Blvd.
430 
Los Angeles, CA 90064-2109

------AMAZON FAVS-------
https://www.amazon.com/shop/patrickstarrr

------COUPON CODES-------

MORPHE BRUSHES | 10% OFF
Use Code: PSTARRR
*Make sure you use ALL CAPS*
http://bit.ly/2sIehJC 

LILLY LASHES | 10% OFF
Use Code: PSTARRR
http://bit.ly/2S3ssDT 


LISTEN TO MY MUSIC!
GOT THE GLAM
https://spoti.fi/2Z0zpH8

DON’T
https://spoti.fi/2MaR1Lr

GO OFF 
https://open.spotify.com/track/5n89VhKeZXO9Z0f24fzt0c?si=zXQ0psrQQMmn_kOO4q_T9A",1079,606121,6383,20,2025-06-22T16:01:20Z,Howto & Style,Patrick starrr|Patrick|starrr|makeup|patrickstarrr|Patrick star|mua|tutorials|theepatrickstarrr|one size beauty|o/s|visionary|go off|beauty|beautyyoutuber,PatrickStarrr,@patrickstarrr,UCDHQbU57NZilrhbuZNbQcRA,4770000,1741,False,beauty,video,https://www.youtube.com/watch?v=qlDcyxDboDQ,en,2026-09-11
E9o8QsVZ04I,I’m Launching On ‘Til Dawn with SPF | PatrickStarrr,"Meet the NEW On Til Dawn with SPF 28 Setting Spray!

Our iconic setting spray just got a glow-up 🙌 — now it sets your makeup for up to 16 hours, protects your skin with SPF 28, and locks it all in without disturbing your beat.

Sun protection? We got you.
Longevity? All day, all night.
Finish? Smooth. Radiant. Flawless. 

Whether you’re spritzing it after your makeup, touching up on-the-go, or just adding that protective finishing touch — On Til Dawn with SPF 28 has you covered (in more ways than one)!

-Sweat resistant (up to 80 minutes)
-Dermatologist tested & non-comedogenic
-Layers effortlessly over your glam — no white cast, no stickiness — just pure perfection

✨ Get ready to SPRAY, SET, PROTECT, CHECK! ✨
Available June 16th at Sephora in-store + online, TikTok Shop, and onesizebeauty.com 

#OnTilDawnSPF

xoxo
PatrickStarrr

--------------------------------------------------
Connect with me on Social Media!!!

https://patrickstarrr.komi.io/

I N S T A G R A M 
http://instagram.com/patrickstarrr/

T W I T T E R 
https://twitter.com/patrickstarrr

F A C E B O O K
https://www.facebook.com/THEEPATRICKSTARRR

T I K T O K
PATRICKSTARRR

S N A P C H A T 
PSTARRRsnaps

MAIL ME STUFF!
PatrickStarrr
2355 Westwood Blvd.
430 
Los Angeles, CA 90064-2109

------AMAZON FAVS-------
https://www.amazon.com/shop/patrickstarrr

------COUPON CODES-------

MORPHE BRUSHES | 10% OFF
Use Code: PSTARRR
*Make sure you use ALL CAPS*
http://bit.ly/2sIehJC 

LILLY LASHES | 10% OFF
Use Code: PSTARRR
http://bit.ly/2S3ssDT 


LISTEN TO MY MUSIC!
GOT THE GLAM
https://spoti.fi/2Z0zpH8

DON’T
https://spoti.fi/2MaR1Lr

GO OFF 
https://open.spotify.com/track/5n89VhKeZXO9Z0f24fzt0c?si=zXQ0psrQQMmn_kOO4q_T9A",426,454071,11225,31,2025-06-15T16:00:31Z,Howto & Style,Patrick starrr|Patrick|starrr|makeup|patrickstarrr|Patrick star|mua|tutorials|theepatrickstarrr|one size beauty|o/s|visionary|go off|beauty|beautyyoutuber|on til dawn|setting spray|spf,PatrickStarrr,@patrickstarrr,UCDHQbU57NZilrhbuZNbQcRA,4770000,1741,False,beauty,video,https://www.youtube.com/watch?v=E9o8QsVZ04I,en,2026-09-11
-GGPek4Fdvc,My Founder Promise | The Powder Melt Launch Party | PatrickStarrr,"Tonight was a dream. And I’m so honored to have these moments. Every night before I sleep, I pray. I give thanks. I’m overwhelmed by the dreams I once dreamt that have come true.

Because of you — ONE/SIZE exists. 
Because of you — I can learn from my mistakes. 
Because of you — I’m living my dream career.

This video is a little different from our usual launch vlogs. It’s not just about celebrating the Powder Melt Glass Setting Spray — it’s about the promise I made to myself, to my community, and to the brand.

Thank you for being here. For watching. For believing.

xoxo
PatrickStarrr

--------------------------------------------------
Connect with me on Social Media!!!

https://patrickstarrr.komi.io/

I N S T A G R A M 
http://instagram.com/patrickstarrr/

T W I T T E R 
https://twitter.com/patrickstarrr

F A C E B O O K
https://www.facebook.com/THEEPATRICKSTARRR

T I K T O K
PATRICKSTARRR

S N A P C H A T 
PSTARRRsnaps

MAIL ME STUFF!
PatrickStarrr
2355 Westwood Blvd.
430 
Los Angeles, CA 90064-2109

------AMAZON FAVS-------
https://www.amazon.com/shop/patrickstarrr

------COUPON CODES-------

MORPHE BRUSHES | 10% OFF
Use Code: PSTARRR
*Make sure you use ALL CAPS*
http://bit.ly/2sIehJC 

LILLY LASHES | 10% OFF
Use Code: PSTARRR
http://bit.ly/2S3ssDT 


LISTEN TO MY MUSIC!
GOT THE GLAM
https://spoti.fi/2Z0zpH8

DON’T
https://spoti.fi/2MaR1Lr

GO OFF 
https://open.spotify.com/track/5n89VhKeZXO9Z0f24fzt0c?si=zXQ0psrQQMmn_kOO4q_T9A",607,411551,3328,34,2025-06-13T16:00:00Z,Howto & Style,Patrick starrr|Patrick|starrr|makeup|patrickstarrr|Patrick star|mua|tutorials|theepatrickstarrr|one size beauty|o/s|visionary|go off|beauty|beautyyoutuber,PatrickStarrr,@patrickstarrr,UCDHQbU57NZilrhbuZNbQcRA,4770000,1741,False,beauty,video,https://www.youtube.com/watch?v=-GGPek4Fdvc,en,2026-09-11
lijmb-Jywuw,Doing My Makeup While I Catch You Up on Everything | PatrickStarrr,"My life update. Grab your makeup, pull up a chair, and let’s get ready together while I fill you in on everything that’s been going on!

xoxo
PatrickStarrr

--------------------------------------------------
Connect with me on Social Media!!!

https://patrickstarrr.komi.io/

I N S T A G R A M 
http://instagram.com/patrickstarrr/

T W I T T E R 
https://twitter.com/patrickstarrr

F A C E B O O K
https://www.facebook.com/THEEPATRICKSTARRR

T I K T O K
PATRICKSTARRR

S N A P C H A T 
PSTARRRsnaps

MAIL ME STUFF!
PatrickStarrr
2355 Westwood Blvd.
430 
Los Angeles, CA 90064-2109

------AMAZON FAVS-------
https://www.amazon.com/shop/patrickstarrr

------COUPON CODES-------

MORPHE BRUSHES | 10% OFF
Use Code: PSTARRR
*Make sure you use ALL CAPS*
http://bit.ly/2sIehJC 

LILLY LASHES | 10% OFF
Use Code: PSTARRR
http://bit.ly/2S3ssDT 


LISTEN TO MY MUSIC!
GOT THE GLAM
https://spoti.fi/2Z0zpH8

DON’T
https://spoti.fi/2MaR1Lr

GO OFF 
https://open.spotify.com/track/5n89VhKeZXO9Z0f24fzt0c?si=zXQ0psrQQMmn_kOO4q_T9A",1370,349860,3945,68,2025-06-08T16:00:59Z,Howto & Style,Patrick starrr|Patrick|starrr|makeup|patrickstarrr|Patrick star|mua|tutorials|theepatrickstarrr|one size beauty|o/s|visionary|go off|beauty|beautyyoutuber|grwm|get ready with me,PatrickStarrr,@patrickstarrr,UCDHQbU57NZilrhbuZNbQcRA,4770000,1741,False,beauty,video,https://www.youtube.com/watch?v=lijmb-Jywuw,en,2026-09-11
VRQRNe4r1v4,This NYC Trip Changed Everything for Me | PatrickStarrr,"Taking my team to NYC was a dream come true. We celebrated being the #1 Setting Spray at Sephora, launched our NEW Powder Melt (which you all have been loving), did some major press in the big city, and ended the trip with the iconic Boop on Broadway! Thank you all for believing in me—this is only the beginning 

xoxo
PatrickStarrr

--------------------------------------------------
Connect with me on Social Media!!!

https://patrickstarrr.komi.io/

I N S T A G R A M 
http://instagram.com/patrickstarrr/

T W I T T E R 
https://twitter.com/patrickstarrr

F A C E B O O K
https://www.facebook.com/THEEPATRICKSTARRR

T I K T O K
PATRICKSTARRR

S N A P C H A T 
PSTARRRsnaps

MAIL ME STUFF!
PatrickStarrr
2355 Westwood Blvd.
430 
Los Angeles, CA 90064-2109

------AMAZON FAVS-------
https://www.amazon.com/shop/patrickstarrr

------COUPON CODES-------

MORPHE BRUSHES | 10% OFF
Use Code: PSTARRR
*Make sure you use ALL CAPS*
http://bit.ly/2sIehJC 

LILLY LASHES | 10% OFF
Use Code: PSTARRR
http://bit.ly/2S3ssDT 


LISTEN TO MY MUSIC!
GOT THE GLAM
https://spoti.fi/2Z0zpH8

DON’T
https://spoti.fi/2MaR1Lr

GO OFF 
https://open.spotify.com/track/5n89VhKeZXO9Z0f24fzt0c?si=zXQ0psrQQMmn_kOO4q_T9A",1777,10835,584,35,2025-06-01T16:00:48Z,Howto & Style,Patrick starrr|Patrick|starrr|makeup|patrickstarrr|Patrick star|mua|tutorials|theepatrickstarrr|one size beauty|o/s|visionary|go off|beauty|beautyyoutuber,PatrickStarrr,@patrickstarrr,UCDHQbU57NZilrhbuZNbQcRA,4770000,1741,False,beauty,video,https://www.youtube.com/watch?v=VRQRNe4r1v4,en,2026-09-11
RI6zPPKslKI,"I Spent $15,000 on Self-Care | PatrickStarrr","What does $15,000 on self-care actually look like? Come with me and find out…

Before heading to NYC, I took a little detour through LA — complete with a sculpting facial from Shani Darden, a B12 boost from Dr. Sarah Yovino, and a full fashion moment to prep for a major trip. From glam to grounded, it’s self-care like you’ve never seen it before.

But this isn’t just about skincare and styling…
There’s a surprise at the end that made it all worth it.
Let’s just say — the cherry on top wears a cowboy hat. 

Watch ‘til the end for the full glow-up — and the moment that left me speechless.

xoxo
PatrickStarrr

--------------------------------------------------
Connect with me on Social Media!!!

https://patrickstarrr.komi.io/

I N S T A G R A M 
http://instagram.com/patrickstarrr/

T W I T T E R 
https://twitter.com/patrickstarrr

F A C E B O O K
https://www.facebook.com/THEEPATRICKSTARRR

T I K T O K
PATRICKSTARRR

S N A P C H A T 
PSTARRRsnaps

MAIL ME STUFF!
PatrickStarrr
2355 Westwood Blvd.
430 
Los Angeles, CA 90064-2109

------AMAZON FAVS-------
https://www.amazon.com/shop/patrickstarrr

------COUPON CODES-------

MORPHE BRUSHES | 10% OFF
Use Code: PSTARRR
*Make sure you use ALL CAPS*
http://bit.ly/2sIehJC 

LILLY LASHES | 10% OFF
Use Code: PSTARRR
http://bit.ly/2S3ssDT 


LISTEN TO MY MUSIC!
GOT THE GLAM
https://spoti.fi/2Z0zpH8

DON’T
https://spoti.fi/2MaR1Lr

GO OFF 
https://open.spotify.com/track/5n89VhKeZXO9Z0f24fzt0c?si=zXQ0psrQQMmn_kOO4q_T9A",1610,231632,2042,32,2025-05-25T18:00:34Z,Howto & Style,Patrick starrr|Patrick|starrr|makeup|patrickstarrr|Patrick star|mua|tutorials|theepatrickstarrr|one size beauty|o/s|visionary|go off|beauty|beautyyoutuber,PatrickStarrr,@patrickstarrr,UCDHQbU57NZilrhbuZNbQcRA,4770000,1741,False,beauty,video,https://www.youtube.com/watch?v=RI6zPPKslKI,en,2026-09-11
nXYE-kZCsGk,5 Habits That Keep Me Thriving as a CEO (Powder Melt Campaign BTS) | PatrickStarrr,"In this video, I’m sharing the 5 habits that help me thrive as a CEO—from waking up at 5AM to leading a team with purpose and launching our newest editorial shoot for Powder Melt.

You'll get an inside look at what really goes into building a brand—from personal growth to business strategy to creative execution.

Whether you’re a creative, an entrepreneur, or someone chasing your own goals, I hope this inspires you to lead with intention.

What’s your #1 daily habit that keeps you going? Let me know in the comments.

Shop Powder Melt: https://bit.ly/42S7U5m

xoxo
PatrickStarrr

--------------------------------------------------
Connect with me on Social Media!!!

https://patrickstarrr.komi.io/

I N S T A G R A M 
http://instagram.com/patrickstarrr/

T W I T T E R 
https://twitter.com/patrickstarrr

F A C E B O O K
https://www.facebook.com/THEEPATRICKSTARRR

T I K T O K
PATRICKSTARRR

S N A P C H A T 
PSTARRRsnaps

MAIL ME STUFF!
PatrickStarrr
2355 Westwood Blvd.
430 
Los Angeles, CA 90064-2109

------AMAZON FAVS-------
https://www.amazon.com/shop/patrickstarrr

------COUPON CODES-------

MORPHE BRUSHES | 10% OFF
Use Code: PSTARRR
*Make sure you use ALL CAPS*
http://bit.ly/2sIehJC 

LILLY LASHES | 10% OFF
Use Code: PSTARRR
http://bit.ly/2S3ssDT 


LISTEN TO MY MUSIC!
GOT THE GLAM
https://spoti.fi/2Z0zpH8

DON’T
https://spoti.fi/2MaR1Lr

GO OFF 
https://open.spotify.com/track/5n89VhKeZXO9Z0f24fzt0c?si=zXQ0psrQQMmn_kOO4q_T9A",659,211678,2258,36,2025-05-18T16:01:13Z,Howto & Style,Patrick starrr|Patrick|starrr|makeup|patrickstarrr|Patrick star|mua|tutorials|theepatrickstarrr|one size beauty|o/s|visionary|go off|beauty|beautyyoutuber,PatrickStarrr,@patrickstarrr,UCDHQbU57NZilrhbuZNbQcRA,4770000,1741,False,beauty,video,https://www.youtube.com/watch?v=nXYE-kZCsGk,en,2026-09-11
wT8f0vD4SOQ,NEW! My Powder MELT Glass Setting Spray is HERE! | PatrickStarrr,"SHE’S HERE! 💦✨ Introducing the NEW Powder Melt Glass Setting Spray!

Y’ALL. I am SO excited to finally share our newest product with you—the Powder Melt Glass Setting Spray from ONE/SIZE! 😍 This isn’t your average setting spray… she MELTS your powder, sets your glam, and leaves you with that glass-skin fantasy that lasts up to 12 HOURS!

Skincare? She’s infused, baby.
Hydration? Locked and loaded.
Finish? SMOOTH. RADIANT. ICONIC.

Packed with a Ceramide Complex to keep you moisturized and Ginger Flower Water to keep you looking snatched, plump, and healthy AF. Use it before makeup, after, or even mid-day when your glam needs a little pick-me-up!

✨ Get ready to MELT. ✨
Available MAY 19th https://bit.ly/42S7U5m

xoxo
PatrickStarrr

--------------------------------------------------
Connect with me on Social Media!!!

https://patrickstarrr.komi.io/

I N S T A G R A M 
http://instagram.com/patrickstarrr/

T W I T T E R 
https://twitter.com/patrickstarrr

F A C E B O O K
https://www.facebook.com/THEEPATRICKSTARRR

T I K T O K
PATRICKSTARRR

S N A P C H A T 
PSTARRRsnaps

MAIL ME STUFF!
PatrickStarrr
2355 Westwood Blvd.
430 
Los Angeles, CA 90064-2109

------AMAZON FAVS-------
https://www.amazon.com/shop/patrickstarrr

------COUPON CODES-------

MORPHE BRUSHES | 10% OFF
Use Code: PSTARRR
*Make sure you use ALL CAPS*
http://bit.ly/2sIehJC 

LILLY LASHES | 10% OFF
Use Code: PSTARRR
http://bit.ly/2S3ssDT 


LISTEN TO MY MUSIC!
GOT THE GLAM
https://spoti.fi/2Z0zpH8

DON’T
https://spoti.fi/2MaR1Lr

GO OFF 
https://open.spotify.com/track/5n89VhKeZXO9Z0f24fzt0c?si=zXQ0psrQQMmn_kOO4q_T9A",360,654122,8994,85,2025-05-11T16:01:19Z,Howto & Style,Patrick starrr|Patrick|starrr|makeup|patrickstarrr|Patrick star|mua|tutorials|theepatrickstarrr|one size beauty|o/s|visionary|go off|beauty|beautyyoutuber,PatrickStarrr,@patrickstarrr,UCDHQbU57NZilrhbuZNbQcRA,4770000,1741,False,beauty,video,https://www.youtube.com/watch?v=wT8f0vD4SOQ,en,2026-09-11
XstmZAljvAw,"Come With Me: CEO Morning Routine, Yearbook Surprise & Fashion LA Awards | PatrickStarrr","From glamming up in the morning, to surprising my incredible ONE/SIZE team with custom yearbooks, to strutting the red carpet at The Daily’s 9th Annual Fashion Los Angeles Awards — this vlog gives you a behind-the-scenes look into my world as a founder, CEO, and influencer.

Watch how I balance the glam, the gratitude, and the grind. More vlogs coming soon, so make sure to subscribe and turn on notifications! 

xoxo
PatrickStarrr

--------------------------------------------------
Connect with me on Social Media!!!

https://patrickstarrr.komi.io/

I N S T A G R A M 
http://instagram.com/patrickstarrr/

T W I T T E R 
https://twitter.com/patrickstarrr

F A C E B O O K
https://www.facebook.com/THEEPATRICKSTARRR

T I K T O K
PATRICKSTARRR

S N A P C H A T 
PSTARRRsnaps

MAIL ME STUFF!
PatrickStarrr
2355 Westwood Blvd.
430 
Los Angeles, CA 90064-2109

------AMAZON FAVS-------
https://www.amazon.com/shop/patrickstarrr

------COUPON CODES-------

MORPHE BRUSHES | 10% OFF
Use Code: PSTARRR
*Make sure you use ALL CAPS*
http://bit.ly/2sIehJC 

LILLY LASHES | 10% OFF
Use Code: PSTARRR
http://bit.ly/2S3ssDT 


LISTEN TO MY MUSIC!
GOT THE GLAM
https://spoti.fi/2Z0zpH8

DON’T
https://spoti.fi/2MaR1Lr

GO OFF 
https://open.spotify.com/track/5n89VhKeZXO9Z0f24fzt0c?si=zXQ0psrQQMmn_kOO4q_T9A",1023,267764,3874,74,2025-05-04T16:00:52Z,Howto & Style,Patrick starrr|Patrick|starrr|makeup|patrickstarrr|Patrick star|mua|tutorials|theepatrickstarrr|one size beauty|o/s|visionary|go off|beauty|beautyyoutuber,PatrickStarrr,@patrickstarrr,UCDHQbU57NZilrhbuZNbQcRA,4770000,1741,False,beauty,video,https://www.youtube.com/watch?v=XstmZAljvAw,en,2026-09-11
AztuGOQCPEw,Coachella Vlog | PatrickStarrr,"Still on a high from one of the most magical weekends in the desert. I’ve been coming to Coachella for years, but this one hit different. To see ONE/SIZE have its own moment at the 818 Outpost was truly surreal.

What started as a dream has grown into something so much bigger—and sharing that with my friends, chosen family, and all of you means the world to me. Thank you to everyone who stopped by, showed love, and reminded me why we do this.

Coachella wasn’t just about the music or the glam (though there was plenty of that!)—it was about celebrating how far we’ve come. Hope you feel the joy through the screen.

Xoxo
PatrickStarrr

--------------------------------------------------
Connect with me on Social Media!!!

https://patrickstarrr.komi.io/

I N S T A G R A M 
http://instagram.com/patrickstarrr/

T W I T T E R 
https://twitter.com/patrickstarrr

F A C E B O O K
https://www.facebook.com/THEEPATRICKSTARRR

T I K T O K
PATRICKSTARRR

S N A P C H A T 
PSTARRRsnaps

MAIL ME STUFF!
PatrickStarrr
2355 Westwood Blvd.
430 
Los Angeles, CA 90064-2109

------AMAZON FAVS-------
https://www.amazon.com/shop/patrickstarrr

------COUPON CODES-------

MORPHE BRUSHES | 10% OFF
Use Code: PSTARRR
*Make sure you use ALL CAPS*
http://bit.ly/2sIehJC 

LILLY LASHES | 10% OFF
Use Code: PSTARRR
http://bit.ly/2S3ssDT 


LISTEN TO MY MUSIC!
GOT THE GLAM
https://spoti.fi/2Z0zpH8

DON’T
https://spoti.fi/2MaR1Lr

GO OFF 
https://open.spotify.com/track/5n89VhKeZXO9Z0f24fzt0c?si=zXQ0psrQQMmn_kOO4q_T9A",1780,57331,1297,79,2025-04-20T16:00:15Z,Howto & Style,Patrick starrr|Patrick|starrr|makeup|patrickstarrr|Patrick star|mua|tutorials|theepatrickstarrr|one size beauty|o/s|visionary|go off|beauty|beautyyoutuber,PatrickStarrr,@patrickstarrr,UCDHQbU57NZilrhbuZNbQcRA,4770000,1741,False,beauty,video,https://www.youtube.com/watch?v=AztuGOQCPEw,en,2026-09-11
aglCGifRFPs,"Waterproof Makeup Tutorial | Sweat-Proof, Pool-Proof, All Day Long! | PatrickStarrr","Who’s ready for summer?! Festival season is upon us—and you already know we need makeup that can go all day (and night). So I had to put my glam to the test… and jumped straight into a pool. Yes. Full beat. No regrets. 💦

In this video, I’m sharing my ultimate waterproof makeup routine featuring some of my go-to longwear essentials—including the setting spray that keeps me On ‘Til Dawn 😉. Whether you’re heading to a festival, beach day, or just want your makeup to survive the heat, this look is locked and loaded.

Let’s stay glam all summer long.

xoxo
PatrickStarrr

PRODUCTS USED:
SPF
Neutrogena Beach Defense Water-Resistant SPF 50+ Sunscreen Stick https://amzn.to/4lhEy7l

PRIMER
ONE/SIZE Secure the Blur Makeup Magnet Primer https://bit.ly/3xDXclJ
ONE/SIZE Secure The Sweat Waterproof Mattifying Primer https://bit.ly/41jcV4D
ONE/SIZE Oil Sucker Extreme Mattifying Alkaline Primer https://bit.ly/4keoB1t

FACE
ONE/SIZE Turn Up The Base Versatile Powder Foundation https://bit.ly/3vVa6LF
Laura Mercier Long-Wear Tinted Moisturizer Natural Dewy SPF 30 with Hyaluronic Acid https://bit.ly/4jkhqDC
R.E.M. Beauty Sweetener Concealer https://bit.ly/4i2HYbi
MAC Cosmetics Pro Longwear Liquid Correcting Concealer https://bit.ly/3RzTEHJ
ONE/SIZE Ultimate Blurring Setting Powder https://bit.ly/43VCvOh 
ONE/SIZE Ultimate Setting & Baking Puff https://bit.ly/3SFw8aQ 
Sigma Beauty Matte Bronzer https://amzn.to/3E6g2FK
ONE/SIZE Turn Up The Base Versatile Powder Foundation https://bit.ly/3vVa6LF

EYES
Ardell Active Lashes https://amzn.to/44fqvJw
Makeup By Mario Master Mattes® Eyeshadow Palette https://bit.ly/4i7fOMq
ONE/SIZE On Point Pencil Sharpener https://bit.ly/4iPZwsu

LIPS
MAKEUP FOR EVER Artist Color Pencil Longwear Lip Liner https://bit.ly/3YjQRGm
Kylie Cosmetics Precision Pout Lip Liner https://bit.ly/3YimwrO
MAC Costmetics Lustreglass Sheer-Shine Lipstick https://bit.ly/3E4FXxB
ONE/SIZE On 'Til Dawn Mattifying Waterproof Setting Spray https://bit.ly/3JZw2cd

--------------------------------------------------
Connect with me on Social Media!!!

https://patrickstarrr.komi.io/

I N S T A G R A M 
http://instagram.com/patrickstarrr/

T W I T T E R 
https://twitter.com/patrickstarrr

F A C E B O O K
https://www.facebook.com/THEEPATRICKSTARRR

T I K T O K
PATRICKSTARRR

S N A P C H A T 
PSTARRRsnaps

MAIL ME STUFF!
PatrickStarrr
2355 Westwood Blvd.
430 
Los Angeles, CA 90064-2109

------AMAZON FAVS-------
https://www.amazon.com/shop/patrickstarrr

------COUPON CODES-------

MORPHE BRUSHES | 10% OFF
Use Code: PSTARRR
*Make sure you use ALL CAPS*
http://bit.ly/2sIehJC 

LILLY LASHES | 10% OFF
Use Code: PSTARRR
http://bit.ly/2S3ssDT 


LISTEN TO MY MUSIC!
GOT THE GLAM
https://spoti.fi/2Z0zpH8

DON’T
https://spoti.fi/2MaR1Lr

GO OFF 
https://open.spotify.com/track/5n89VhKeZXO9Z0f24fzt0c?si=zXQ0psrQQMmn_kOO4q_T9A",856,415015,13296,65,2025-04-06T16:00:02Z,Howto & Style,Patrick starrr|Patrick|starrr|makeup|patrickstarrr|Patrick star|mua|tutorials|theepatrickstarrr|one size beauty|o/s|visionary|go off|beauty|beautyyoutuber,PatrickStarrr,@patrickstarrr,UCDHQbU57NZilrhbuZNbQcRA,4770000,1741,False,beauty,video,https://www.youtube.com/watch?v=aglCGifRFPs,en,2026-09-11
iXVorTtyJ50,Why I Had to Say Goodbye to the Go Off Makeup Dissolving Mist | PatrickStarrr,"Why I Had to Say Goodbye to the Go Off Makeup Dissolving Mist...
Go Off was the very first product we launched at ONE/SIZE five years ago, and saying goodbye wasn’t easy. But guess what? It’s BACK! After so much anticipation, I’m beyond excited to announce the limited relaunch of the Go Off Makeup & Wig Adhesive Dissolving Mist—returning April 4th!

If you’ve missed that effortless, melt-away magic, this is your chance to stock up. Set your reminders and get ready to GO OFF! Join the waitlist HERE https://bit.ly/43qaCj3

xoxo
PatrickStarrr

--------------------------------------------------
Connect with me on Social Media!!!

https://patrickstarrr.komi.io/

I N S T A G R A M 
http://instagram.com/patrickstarrr/

T W I T T E R 
https://twitter.com/patrickstarrr

F A C E B O O K
https://www.facebook.com/THEEPATRICKSTARRR

T I K T O K
PATRICKSTARRR

S N A P C H A T 
PSTARRRsnaps

MAIL ME STUFF!
PatrickStarrr
2355 Westwood Blvd.
430 
Los Angeles, CA 90064-2109

------AMAZON FAVS-------
https://www.amazon.com/shop/patrickstarrr

------COUPON CODES-------

MORPHE BRUSHES | 10% OFF
Use Code: PSTARRR
*Make sure you use ALL CAPS*
http://bit.ly/2sIehJC 

LILLY LASHES | 10% OFF
Use Code: PSTARRR
http://bit.ly/2S3ssDT 


LISTEN TO MY MUSIC!
GOT THE GLAM
https://spoti.fi/2Z0zpH8

DON’T
https://spoti.fi/2MaR1Lr

GO OFF 
https://open.spotify.com/track/5n89VhKeZXO9Z0f24fzt0c?si=zXQ0psrQQMmn_kOO4q_T9A",438,409455,7575,139,2025-03-23T16:00:47Z,Howto & Style,Patrick starrr|Patrick|starrr|makeup|patrickstarrr|Patrick star|mua|tutorials|theepatrickstarrr|one size beauty|o/s|visionary|go off|beauty|beautyyoutuber|one size go off makeup dissolving mist|makeup remover,PatrickStarrr,@patrickstarrr,UCDHQbU57NZilrhbuZNbQcRA,4770000,1741,False,beauty,video,https://www.youtube.com/watch?v=iXVorTtyJ50,en,2026-09-11
xZsc8GJIs8s,Natural Makeup vs Glamorous Makeup in the Office | PatrickStarrr,"When it comes to office makeup, should you keep it fresh and natural or go all in with a full glam beat? Today, we’re putting both looks to the test and breaking down what works best for the workplace. 

Which team are you? Drop a comment below—are you #TeamNatural or #TeamFullBeat? And let us know what you do for work!

xoxo
PatrickStarrr

PRODUCTS MENTIONED:
SPF
Shiseido Clear Sunscreen Stick SPF 50 https://bit.ly/3EXmPSh
Abib Airy Sunstick Smoothing Bar SPF50 https://amzn.to/3D71yVE

LIP CARE
LANEIGE Lip Sleeping Mask Intense Hydration with Vitamin C https://bit.ly/43ghZcY
Bioderma Atoderm Lip Stick https://amzn.to/4ifYSE1

PRIMER
ONE/SIZE Secure the Glow Tacky Hydrating Primer https://bit.ly/4kaOMpP
ONE/SIZE B12 Base Thinner Luminous Vitamin Pearl Boosting Serum https://bit.ly/3XnPJkH
One/SIze Secure the Blur Makeup Magnet Primer https://bit.ly/3xDXclJ
ONE/SIZE Secure The Sweat Waterproof Mattifying Primer https://bit.ly/41jcV4D
ONE/SIZE Oil Sucker Extreme Mattifying Alkaline Primer https://bit.ly/4keoB1t

BROWS
ONE/SIZE BrowKiki Nourishing Tinted Brow Gel https://bit.ly/41eLRnb
ONE/SIZE BrowKiki Micro Brow Defining Pencil https://bit.ly/3zVIrvB

EYES
ONE/SIZE Made for Shade Bronze & Sculpt Trio Palette https://bit.ly/4gVdMyh
MAC Mineralize Skinfinish Natural – Powder https://bit.ly/4bl9L57
ONE/SIZE Point Made Waterproof Liquid Eyeliner Pen https://bit.ly/3TWnjvx
ONE/SIZE Point Made 24-Hour Gel Eyeliner Pencil https://bit.ly/4d7Qnt0
ONE/SIZE Hey, Curl Eyelash Curler https://bit.ly/4gXKsY3
ONE/SIZE Fantasize Lifting & Lengthening Mascara https://bit.ly/4klIbsL

FACE
ONE/SIZE Turn Up the Base Full Beat Waterproof Liquid Foundation https://bit.ly/47H6RpB
ONE/SIZE Turn Up The Base Versatile Powder Foundation https://bit.ly/3vVa6LF
ONE/SIZE Turn Up the Base Butter Silk Concealer https://bit.ly/4aR0Y9G
ONE/SIZE Cheek Clapper 3D Blush Trio Palette https://bit.ly/3U0ZVNs 

LIPS
ONE/SIZE Lip Snatcher Waterproof Precision Lip Liner https://bit.ly/40DnMES
ONE/SIZE Lip Snatcher Hydrating Liquid Lipstick and Lip Gloss Duo https://bit.ly/3G9CUlh
PAT McGRATH LABS MatteTrance™ Lipstick https://bit.ly/3XjmsrA

SETTING SPRAY
One/SIZE On 'Til Dawn Mattifying Waterproof Setting Spray https://bit.ly/3JZw2cd
ONE/SIZE On ’Til Dawn Glitter Waterproof Setting Spray https://bit.ly/43gqqEW

--------------------------------------------------
Connect with me on Social Media!!!

https://patrickstarrr.komi.io/

I N S T A G R A M 
http://instagram.com/patrickstarrr/

T W I T T E R 
https://twitter.com/patrickstarrr

F A C E B O O K
https://www.facebook.com/THEEPATRICKSTARRR

T I K T O K
PATRICKSTARRR

S N A P C H A T 
PSTARRRsnaps

MAIL ME STUFF!
PatrickStarrr
2355 Westwood Blvd.
430 
Los Angeles, CA 90064-2109

------AMAZON FAVS-------
https://www.amazon.com/shop/patrickstarrr

------COUPON CODES-------

MORPHE BRUSHES | 10% OFF
Use Code: PSTARRR
*Make sure you use ALL CAPS*
http://bit.ly/2sIehJC 

LILLY LASHES | 10% OFF
Use Code: PSTARRR
http://bit.ly/2S3ssDT 


LISTEN TO MY MUSIC!
GOT THE GLAM
https://spoti.fi/2Z0zpH8

DON’T
https://spoti.fi/2MaR1Lr

GO OFF 
https://open.spotify.com/track/5n89VhKeZXO9Z0f24fzt0c?si=zXQ0psrQQMmn_kOO4q_T9A",1168,277570,3519,71,2025-02-28T17:01:17Z,Howto & Style,Patrick starrr|Patrick|starrr|makeup|patrickstarrr|Patrick star|mua|tutorials|theepatrickstarrr|one size beauty|o/s|visionary|go off|beauty|beautyyoutuber,PatrickStarrr,@patrickstarrr,UCDHQbU57NZilrhbuZNbQcRA,4770000,1741,False,beauty,video,https://www.youtube.com/watch?v=xZsc8GJIs8s,en,2026-09-11
59rLVthXzwo,How I Made My First $1 Million by Age 25 as a Beauty Influencer | PatrickStarrr,"How I Made My First Million Dollars by Age 25

After over a decade in the beauty industry and on social media, I’m sharing the lessons, risks, and mindset shifts that helped me achieve my first million. My journey wasn’t always easy, but every challenge led to growth—and I hope this video inspires you to chase your dreams fearlessly. If I can do it, so can you! 

Don't forget to like, comment, and subscribe if you'd like to see more videos like this!

xoxo
PatrickStarrr

--------------------------------------------------
Connect with me on Social Media!!!

https://patrickstarrr.komi.io/

I N S T A G R A M 
http://instagram.com/patrickstarrr/

T W I T T E R 
https://twitter.com/patrickstarrr

F A C E B O O K
https://www.facebook.com/THEEPATRICKSTARRR

T I K T O K
PATRICKSTARRR

S N A P C H A T 
PSTARRRsnaps

MAIL ME STUFF!
PatrickStarrr
2355 Westwood Blvd.
430 
Los Angeles, CA 90064-2109

------AMAZON FAVS-------
https://www.amazon.com/shop/patrickstarrr

------COUPON CODES-------

MORPHE BRUSHES | 10% OFF
Use Code: PSTARRR
*Make sure you use ALL CAPS*
http://bit.ly/2sIehJC 

LILLY LASHES | 10% OFF
Use Code: PSTARRR
http://bit.ly/2S3ssDT 


LISTEN TO MY MUSIC!
GOT THE GLAM
https://spoti.fi/2Z0zpH8

DON’T
https://spoti.fi/2MaR1Lr

GO OFF 
https://open.spotify.com/track/5n89VhKeZXO9Z0f24fzt0c?si=zXQ0psrQQMmn_kOO4q_T9A",1236,374362,7849,241,2025-02-16T17:00:11Z,Howto & Style,Patrick starrr|Patrick|starrr|makeup|patrickstarrr|Patrick star|mua|tutorials|theepatrickstarrr|one size beauty|o/s|visionary|go off|beauty|beautyyoutuber|how to|Million|1 Million Dollars,PatrickStarrr,@patrickstarrr,UCDHQbU57NZilrhbuZNbQcRA,4770000,1741,False,beauty,video,https://www.youtube.com/watch?v=59rLVthXzwo,en,2026-09-11
3tSN_Py0Xs0,"Meet B12 Base Thinner: The Secret to a Customizable, Glowy Foundation! | PatrickStarrr","I’m beyond excited to finally share B12 Base Thinner, a product I developed alongside our Full Beat Liquid Foundation! This innovative formula is packed with Vitamins B12, C, and E to nourish your skin while delivering a flawless, customizable finish. And let’s talk about the vegan crushed pearls – they add the most stunning glow to your foundation! 

Whether you want to sheer out your foundation, boost hydration, or add a radiant finish, B12 Base Thinner is your new go-to. I can't wait for you to try it!

Get it HERE https://bit.ly/4aBa4IA

xoxo
PatrickStarrr

--------------------------------------------------
Connect with me on Social Media!!!

https://patrickstarrr.komi.io/

I N S T A G R A M 
http://instagram.com/patrickstarrr/

T W I T T E R 
https://twitter.com/patrickstarrr

F A C E B O O K
https://www.facebook.com/THEEPATRICKSTARRR

T I K T O K
PATRICKSTARRR

S N A P C H A T 
PSTARRRsnaps

MAIL ME STUFF!
PatrickStarrr
2355 Westwood Blvd.
430 
Los Angeles, CA 90064-2109

------AMAZON FAVS-------
https://www.amazon.com/shop/patrickstarrr

------COUPON CODES-------

MORPHE BRUSHES | 10% OFF
Use Code: PSTARRR
*Make sure you use ALL CAPS*
http://bit.ly/2sIehJC 

LILLY LASHES | 10% OFF
Use Code: PSTARRR
http://bit.ly/2S3ssDT 


LISTEN TO MY MUSIC!
GOT THE GLAM
https://spoti.fi/2Z0zpH8

DON’T
https://spoti.fi/2MaR1Lr

GO OFF 
https://open.spotify.com/track/5n89VhKeZXO9Z0f24fzt0c?si=zXQ0psrQQMmn_kOO4q_T9A",491,112605,5606,74,2025-02-02T17:00:05Z,Howto & Style,Patrick starrr|Patrick|starrr|makeup|patrickstarrr|Patrick star|mua|tutorials|theepatrickstarrr|one size beauty|o/s|visionary|go off|beauty|beautyyoutuber,PatrickStarrr,@patrickstarrr,UCDHQbU57NZilrhbuZNbQcRA,4770000,1741,False,beauty,video,https://www.youtube.com/watch?v=3tSN_Py0Xs0,en,2026-09-11
bH7kl4mwBW0,What REALLY Happens at a Beauty Brand Photoshoot… (Raw & Unfiltered!) | PatrickStarrr,"What REALLY goes down behind the scenes of a beauty brand photoshoot? Come with me on set as we shoot our latest ONE/SIZE Beauty campaign for the B12 Base Thinner! From getting my nails done to having my hair installed on set, I’m bringing you along for every raw and unfiltered moment.

Expect glam, chaos, and all the behind-the-scenes tea as we bring this campaign to life! 

Grab B12 Base Thinner here https://bit.ly/4aBa4IA

xoxo
PatrickStarrr

--------------------------------------------------
Connect with me on Social Media!!!

https://patrickstarrr.komi.io/

I N S T A G R A M 
http://instagram.com/patrickstarrr/

T W I T T E R 
https://twitter.com/patrickstarrr

F A C E B O O K
https://www.facebook.com/THEEPATRICKSTARRR

T I K T O K
PATRICKSTARRR

S N A P C H A T 
PSTARRRsnaps

MAIL ME STUFF!
PatrickStarrr
2355 Westwood Blvd.
430 
Los Angeles, CA 90064-2109

------AMAZON FAVS-------
https://www.amazon.com/shop/patrickstarrr

------COUPON CODES-------

MORPHE BRUSHES | 10% OFF
Use Code: PSTARRR
*Make sure you use ALL CAPS*
http://bit.ly/2sIehJC 

LILLY LASHES | 10% OFF
Use Code: PSTARRR
http://bit.ly/2S3ssDT 


LISTEN TO MY MUSIC!
GOT THE GLAM
https://spoti.fi/2Z0zpH8

DON’T
https://spoti.fi/2MaR1Lr

GO OFF 
https://open.spotify.com/track/5n89VhKeZXO9Z0f24fzt0c?si=zXQ0psrQQMmn_kOO4q_T9A",670,10193,562,18,2025-01-31T17:00:44Z,Howto & Style,Patrick starrr|Patrick|starrr|makeup|patrickstarrr|Patrick star|mua|tutorials|theepatrickstarrr|one size beauty|o/s|visionary|go off|beauty|beautyyoutuber,PatrickStarrr,@patrickstarrr,UCDHQbU57NZilrhbuZNbQcRA,4770000,1741,False,beauty,video,https://www.youtube.com/watch?v=bH7kl4mwBW0,en,2026-09-11
6QAi7bcyr14,It’s Back! WHITE POWDER FOUNDATION?! Stage White Is Here! | PatrickStarrr,"We heard you loud and clear—Stage White is officially back and better than ever! Elevate your complexion game with our iconic Turn Up the Base Powder Foundation, now available in the most requested shade, Stage White. Perfect for achieving a bright, smooth, and flawless finish that’s photo-ready and lightweight.

GRAB Turn Up the Base Versatile Powder Foundation Stage White https://bit.ly/3PMEbDl

xoxo
PatrickStarrr

--------------------------------------------------
Connect with me on Social Media!!!

https://patrickstarrr.komi.io/

I N S T A G R A M 
http://instagram.com/patrickstarrr/

T W I T T E R 
https://twitter.com/patrickstarrr

F A C E B O O K
https://www.facebook.com/THEEPATRICKSTARRR

T I K T O K
PATRICKSTARRR

S N A P C H A T 
PSTARRRsnaps

MAIL ME STUFF!
PatrickStarrr
2355 Westwood Blvd.
430 
Los Angeles, CA 90064-2109

------AMAZON FAVS-------
https://www.amazon.com/shop/patrickstarrr

------COUPON CODES-------

MORPHE BRUSHES | 10% OFF
Use Code: PSTARRR
*Make sure you use ALL CAPS*
http://bit.ly/2sIehJC 

LILLY LASHES | 10% OFF
Use Code: PSTARRR
http://bit.ly/2S3ssDT 


LISTEN TO MY MUSIC!
GOT THE GLAM
https://spoti.fi/2Z0zpH8

DON’T
https://spoti.fi/2MaR1Lr

GO OFF 
https://open.spotify.com/track/5n89VhKeZXO9Z0f24fzt0c?si=zXQ0psrQQMmn_kOO4q_T9A",298,114199,779,27,2025-01-26T17:00:08Z,Howto & Style,Patrick starrr|Patrick|starrr|makeup|patrickstarrr|Patrick star|mua|tutorials|theepatrickstarrr|one size beauty|o/s|visionary|go off|beauty|beautyyoutuber,PatrickStarrr,@patrickstarrr,UCDHQbU57NZilrhbuZNbQcRA,4770000,1741,False,beauty,video,https://www.youtube.com/watch?v=6QAi7bcyr14,en,2026-09-11
0aNtj1C2ZWk,Shooting with the Iconic Amanda Lepore for ONE/SIZE's Stage White | PatrickStarrr,"I had the absolute honor of shooting with the legendary Amanda Lepore for our ONE/SIZE Turn Up the Base Stage White campaign! 🌟 Her timeless beauty and iconic presence brought this project to life in the most stunning way. I'm beyond excited to share this with all of you—thank you for your continued support!

Let me know your favorite part was in the comments!

GRAB Turn Up the Base Versatile Powder Foundation Stage White https://bit.ly/3PMEbDl

xoxo
PatrickStarrr

--------------------------------------------------
Connect with me on Social Media!!!

https://patrickstarrr.komi.io/

I N S T A G R A M 
http://instagram.com/patrickstarrr/

T W I T T E R 
https://twitter.com/patrickstarrr

F A C E B O O K
https://www.facebook.com/THEEPATRICKSTARRR

T I K T O K
PATRICKSTARRR

S N A P C H A T 
PSTARRRsnaps

MAIL ME STUFF!
PatrickStarrr
2355 Westwood Blvd.
430 
Los Angeles, CA 90064-2109

------AMAZON FAVS-------
https://www.amazon.com/shop/patrickstarrr

------COUPON CODES-------

MORPHE BRUSHES | 10% OFF
Use Code: PSTARRR
*Make sure you use ALL CAPS*
http://bit.ly/2sIehJC 

LILLY LASHES | 10% OFF
Use Code: PSTARRR
http://bit.ly/2S3ssDT 


LISTEN TO MY MUSIC!
GOT THE GLAM
https://spoti.fi/2Z0zpH8

DON’T
https://spoti.fi/2MaR1Lr

GO OFF 
https://open.spotify.com/track/5n89VhKeZXO9Z0f24fzt0c?si=zXQ0psrQQMmn_kOO4q_T9A",1083,26021,1015,75,2025-01-24T17:00:04Z,Howto & Style,Patrick starrr|Patrick|starrr|makeup|patrickstarrr|Patrick star|mua|tutorials|theepatrickstarrr|one size beauty|o/s|visionary|go off|beauty|beautyyoutuber|stage white|ONE/SIZE,PatrickStarrr,@patrickstarrr,UCDHQbU57NZilrhbuZNbQcRA,4770000,1741,False,beauty,video,https://www.youtube.com/watch?v=0aNtj1C2ZWk,en,2026-09-11
IKNg2qvV42Q,"Unforgettable Birthday Surprise: $6,000 Disney VIP Adventure! | PatrickStarrr","What do you give your close friend for their birthday? A day they’ll never forget. I flew Joela to LA, surprised her with the ultimate Disney VIP experience, and made memories we’ll cherish forever. From her emotional reaction to skipping lines and living the Disney dream, this was pure magic.

Would you spend $6,000 for a day like this? Let me know in the comments! 

xoxo 
PatrickStarrr

--------------------------------------------------
Connect with me on Social Media!!!

https://patrickstarrr.komi.io/

I N S T A G R A M 
http://instagram.com/patrickstarrr/

T W I T T E R 
https://twitter.com/patrickstarrr

F A C E B O O K
https://www.facebook.com/THEEPATRICKSTARRR

T I K T O K
PATRICKSTARRR

S N A P C H A T 
PSTARRRsnaps

MAIL ME STUFF!
PatrickStarrr
2355 Westwood Blvd.
430 
Los Angeles, CA 90064-2109

------AMAZON FAVS-------
https://www.amazon.com/shop/patrickstarrr

------COUPON CODES-------

MORPHE BRUSHES | 10% OFF
Use Code: PSTARRR
*Make sure you use ALL CAPS*
http://bit.ly/2sIehJC 

LILLY LASHES | 10% OFF
Use Code: PSTARRR
http://bit.ly/2S3ssDT 


LISTEN TO MY MUSIC!
GOT THE GLAM
https://spoti.fi/2Z0zpH8

DON’T
https://spoti.fi/2MaR1Lr

GO OFF 
https://open.spotify.com/track/5n89VhKeZXO9Z0f24fzt0c?si=zXQ0psrQQMmn_kOO4q_T9A",2712,33514,1304,102,2025-01-22T17:00:21Z,Travel & Events,Patrick starrr|Patrick|starrr|makeup|patrickstarrr|Patrick star|mua|tutorials|theepatrickstarrr|one size beauty|o/s|visionary|go off|beauty|beautyyoutuber|Disney|disneyland|disney VIP tour,PatrickStarrr,@patrickstarrr,UCDHQbU57NZilrhbuZNbQcRA,4770000,1741,False,beauty,video,https://www.youtube.com/watch?v=IKNg2qvV42Q,en,2026-09-11
Tn-XvYG9x7w,Get Abs In 60 Days (Using Science),"Try my science-based nutrition coaching app 2 weeks free: http://bit.ly/jeffmacrofactor

In this video I'm showing you the most effective science-based way to get six-pack abs. We will cover the best ab exercises, how many calories you should eat on your six-pack diet, how much protein you should eat and what supplements I take. We'll also take a look at some of the most common mistakes people make when trying to get their abs to show.

-------------------------------

** My Fundamentals Training Program: https://shop.jeffnippard.com/product/fundamentals-hypertrophy-program/

** MacroFactor Diet App: http://bit.ly/jeffmacrofactor [FREE 2 week trial]

** My Ultimate Guide To Body Recomposition:
https://shop.jeffnippard.com/product/the-ultimate-guide-to-body-recomposition/

** Rise Gym Apparel: https://rise.ca/jeff

** PEScience Supplements: https://www.PEScience.com/discount/jeff

** Instagram: https://instagram.com/jeffnippard

-------------------------------

Categories:

0:00 - How lean do you need to get?
1:21 - Training (the best ab exercises)
4:04 - Cardio
4:33 - Diet (calories, macros and foods)
5:54 - Nutrition mistakes
7:16 - Supplements

-------------------------------

References:

https://onlinelibrary.wiley.com/doi/full/10.1111/obr.13218
https://pubmed.ncbi.nlm.nih.gov/30702982/
https://jissn.biomedcentral.com/articles/10.1186/s12************-z
https://www.ncbi.nlm.nih.gov/pmc/articles/PMC1555605/

-------------------------------

Filmed by Matt Dziadecki https://www.instagram.com/dziadecki/
Edited by Jeff Nippard & Rickie Ho

Music by Epidemic Sound
Xavy Rusan - Updates
Xavy Rusan - No Photos
Xavy Rusan - Fact Checkers
Xavy Rusan - See Thru

-------------------------------

About me: I'm a Canadian natural pro bodybuilder and internationally-qualified powerlifter with a BSc in biochemistry/chemistry and a passion for science. I've been training for 15 years drug-free. I'm 5'5 and fluctuate between 160 lbs (lean) and 180 lbs (bulked).

-------------------------------

Disclaimers: Jeff Nippard is not a doctor or a medical professional.  Always consult a physician before starting any exercise program. Use of this information is strictly at your own risk. Jeff Nippard will not assume any liability for direct or indirect losses or damages that may result from the use of information contained in this video including but not limited to economic loss, injury, illness or death.",570,11914831,336693,5390,2024-01-15T16:30:16Z,Entertainment,belly fat|lose belly fat|belly fat loss|belly fat diet plan|what to eat to lose belly fat|burn belly fat|how to lose belly fat in 1 week|how to lose stomach fat|how to get rid of belly fat|fat loss diet|belly fat transformation|how to reduce belly fat|reduce belly fat|how to burn belly fat|how to lose belly fat|how to lose fat|lose fat fast|lose fat faster|jeremyethier|builtwithscience|stubborn fat|belly fat diet|fat loss meal plan|how to get abs,Jeff Nippard,@JeffNippard,UC68TLK0mAEzUyHx5x5k-S1Q,8630000,624,False,fitness,video,https://www.youtube.com/watch?v=Tn-XvYG9x7w,en,2026-09-11
EEOjsbQ5wYE,OVERRATED: The Worst Fitness Advice Ever,"In this video, I’m ranking 19 fitness topics as either overrated or underrated. The topics are split up into three categories: training, nutrition, and hot fitness topics. This time, I’ve brought in Dr. Mike Israetel to join me. Subscribe to his channel here: https://www.youtube.com/@RenaissancePeriodization

Download my nutrition app for free: http://bit.ly/jeffmacrofactor (2 week free trial)

-------------------------------

** My Fundamentals Training Program: https://shop.jeffnippard.com/product/fundamentals-hypertrophy-program/

** MacroFactor Diet App: http://bit.ly/jeffmacrofactor [FREE 2 week trial]

** My Ultimate Guide To Body Recomposition:
https://shop.jeffnippard.com/product/the-ultimate-guide-to-body-recomposition/

** MASS (Monthly Research Review): https://bit.ly/jeffMASS

** Rise Gym Apparel: https://rise.ca/jeff

** PEScience Supplements: https://www.PEScience.com/discount/jeff

** Instagram: https://instagram.com/jeffnippard

-------------------------------

Categories:

0:00 - Overrated or underrated
0:26 - Cheat reps / ego lifting
1:03 - Muscle soreness
1:58 - Bro splits
2:39 - Training to failure
4:22 - Mind-muscle connection
4:57 - Pumps
5:26 - Dirty bulking
5:49 - Natural testosterone boosters
6:30 - 1 g of protein per lb of bodyweight
7:06 - Body recomposition
7:43 - Diet soda
8:12 - Diet breaks
8:49 - Clean eating
9:50 - Natty or not videos
10:48 - Natty vs enhanced training
11:31 - Cold showers
11:57 - No fap
12:35 - Locking out the knees is dangerous
13:02 - Filming in gyms

-------------------------------

References:

Training Frequency Meta-Analysis
https://pubmed.ncbi.nlm.nih.gov/30558493/

Training to Failure
https://sportrxiv.org/index.php/server/preprint/view/295

Diet Soda
https://pubmed.ncbi.nlm.nih.gov/35285920/

Cold Showers
https://pubmed.ncbi.nlm.nih.gov/31513450/

-------------------------------

Featuring:
Sam Sulek
Lean Beef Patty
Andrew Huberman
Derek More Plates More Dates
Kenny KO
Mike O'Hearn
Cbum
Branch Warren
Calum Von Moger
Lee Priest
Greg Doucette
David Laid
No Jumper Podcast
Jay Cutler
Jeremy Ethier
Will Tennyson
Jesse James West
VShred

-------------------------------

Filmed by Matt Dziadecki https://www.instagram.com/dziadecki/
Edited by Jeff Nippard

Music by Bankrupt Beats: https://www.youtube.com/watch?v=xUCZTjMJr2k

More music from Epidemic Sound:
Etienne Roussel - The Cheese Is Mine
Xavy Rusan - Fact Checkers

-------------------------------

About me: I'm a Canadian natural pro bodybuilder and internationally-qualified powerlifter with a BSc in biochemistry/chemistry and a passion for science. I've been training for 15 years drug-free. I'm 5'5 and fluctuate between 160 lbs (lean) and 180 lbs (bulked).

-------------------------------

Disclaimers: Jeff Nippard is not a doctor or a medical professional.  Always consult a physician before starting any exercise program. Use of this information is strictly at your own risk. Jeff Nippard will not assume any liability for direct or indirect losses or damages that may result from the use of information contained in this video including but not limited to economic loss, injury, illness or death.",854,6045165,188959,6464,2023-12-16T15:00:19Z,Entertainment,jeff nipard|overrated or underrated|training to failure|liver king|eating clean|turkesterone|bcaas|creatine|test boosters|myth bust|overrated|underrated|cbum|athlean x|greg doucette|mike israetel|sam sulek|ego lifting|cheat reps|body recomposition|recomp|recomping|clean eating|lean beef patty|andrew huberman|cold showers|tongkat ali|tongkat ali andrew huberman|natty or not|jeff nippard overrated|dr mike|dr mike israetel|sam sulek ego lifting,Jeff Nippard,@JeffNippard,UC68TLK0mAEzUyHx5x5k-S1Q,8630000,624,False,fitness,video,https://www.youtube.com/watch?v=EEOjsbQ5wYE,en,2026-09-11
21lYP86dHW4,Top 3 Shoulder Exercises For 3D Delts,"What are the top three shoulder exercises for developing round, 3D delts? In this video I'll cover one exercise each for the front, side, and rear heads of the deltoids. I'm also bringing in exercise scientist, Dr. Mike Israetel, to share his top three as well. 

Subscribe to Mike's channel here: https://www.youtube.com/RenaissancePeriodization

Mike's Instagram: https://www.instagram.com/drmikeisraetel

-------------------------------

** My Fundamentals Training Program: https://shop.jeffnippard.com/product/fundamentals-hypertrophy-program/

** MacroFactor Diet App: http://bit.ly/jeffmacrofactor [FREE 2 week trial]

** My Ultimate Guide To Body Recomposition:
https://shop.jeffnippard.com/product/the-ultimate-guide-to-body-recomposition/

** MASS (Monthly Research Review): https://bit.ly/jeffMASS

** Rise Gym Apparel: https://rise.ca/jeff

** PEScience Supplements: https://www.PEScience.com/discount/jeff

** Instagram: https://instagram.com/jeffnippard

-------------------------------

Timestamps:

Shoulder Fundamentals - 0:00
Front Delt Exercise 1 - 1:15
Front Delt Exercise 2 - 2:30
Side Delt Exercise 1 - 4:42
Side Delt Exercise 2 - 5:38
Rear Delt Exercise 1 - 6:44
Rear Delt Exercise 2 - 8:06
Dr Mike Being Dr Mike - 9:36

-------------------------------

References:

Front Delt Study:
https://www.bisp-surf.de/Record/PU199012042393

Side Delt Study:
https://pubmed.ncbi.nlm.nih.gov/16458022/

-------------------------------

Filmed by Matt Dziadecki: https://www.instagram.com/dziadecki/
Other shots filmed by Dal Shoots: https://www.instagram.com/dalshoots/
Edited by Jeff Nippard

Music via Epidemic Sound:
Xavy Rusan - Curve Ball
Xavy Rusan - Pep Talk
Xavy Rusan - No Photos

-------------------------------

About me: I'm a Canadian natural pro bodybuilder and internationally-qualified powerlifter with a BSc in biochemistry/chemistry and a passion for science. I've been training for 15 years drug-free. I'm 5'5 and fluctuate between 160 lbs (lean) and 180 lbs (bulked).

-------------------------------

Disclaimers: Jeff Nippard is not a doctor or a medical professional.  Always consult a physician before starting any exercise program. Use of this information is strictly at your own risk. Jeff Nippard will not assume any liability for direct or indirect losses or damages that may result from the use of information contained in this video including but not limited to economic loss, injury, illness or death.",672,8225056,236408,3906,2023-11-30T17:00:03Z,Entertainment,shoulder workout|how to grow shoulders|lateral raises|shoulder exercises|shoulders workout|bigger shoulder workout|how to train shoulders|broad shoulders workout for men|best shoulder workout|how to get broad shoulders|how to get bigger shoulders|how to get wider shoulders|builtwithscience|jeremyethier|grow big delts|delt workout|delt exercises|shoulder workout for mass|rear delts|side delts|jeff nipard|mike israetel|dr mike|dr mike israetel|delts,Jeff Nippard,@JeffNippard,UC68TLK0mAEzUyHx5x5k-S1Q,8630000,624,False,fitness,video,https://www.youtube.com/watch?v=21lYP86dHW4,en,2026-09-11
ftpH4-xFGQI,The World's Smartest Muscle Building Technique,"In this video, I cover the most evidence-based hypertrophy technique to date: long-length partials. We’ll look into the science behind them, how to perform them effectively, and three common mistakes people make.

Get my new Pure Bodybuilding Program 20% off here:
https://jeffnippard.com/products/the-pure-bodybuilding-program

Try my nutrition app for 2 weeks free:
http://bit.ly/jeffmacrofactor [FREE 2 week trial]

Watch my full podcast with Dr. Milo Wolf here:
https://www.youtube.com/watch?v=xn2o4pEG8qI

Subscribe to Milo here:
https://www.youtube.com/@WolfCoaching

-------------------------------

Timestamps:

0:00 - Intro
0:09 - What are long length partials?
1:37 - Research on long-length partials
3:54 - Technique 1: As an intensity technique
5:52 - Technique 2: Used throughout the set
7:52 - Technique 3: Integrated partials
8:24 - Common mistakes

-------------------------------

References:

Long-Length vs Short-Length Partials
https://pubmed.ncbi.nlm.nih.gov/37015016/
https://pubmed.ncbi.nlm.nih.gov/34616309/
https://pubmed.ncbi.nlm.nih.gov/23625461/
https://pubmed.ncbi.nlm.nih.gov/35819335/
https://www.researchgate.net/publication/325298118
https://pubmed.ncbi.nlm.nih.gov/33009197/
https://pubmed.ncbi.nlm.nih.gov/36828324/
https://pubmed.ncbi.nlm.nih.gov/33977835/

Long-Length Partials vs Full ROM
https://pubmed.ncbi.nlm.nih.gov/37015016/
https://pubmed.ncbi.nlm.nih.gov/33465838/
https://pubmed.ncbi.nlm.nih.gov/33977835/
https://pubmed.ncbi.nlm.nih.gov/31034463/
https://www.ecss2006.com/ASP/CONGRESS/TOOLS/SCIENTIFIC_PROGRAMME/Session_Data.asp?myTitleShort=OP-BM25

Long-Length-Partials Meta-Analysis
https://www.researchgate.net/publication/368925927

Quail Study
https://pubmed.ncbi.nlm.nih.gov/8226539/

-------------------------------

Filmed by Brandon Wells Photo: https://www.instagram.com/brandonblurts/
Edited by Jeff Nippard

Music via Epidemic Sound:
Xavy Rusan - Updates
Xavy Rusan - Fact Checkers
Xavy Rusan - See Thru
SINY - Straight Out The Basement

-------------------------------

About me: I'm a Canadian natural pro bodybuilder and internationally-qualified powerlifter with a BSc in biochemistry/chemistry and a passion for science. I've been training for 15 years drug-free. I'm 5'5 and fluctuate between 160 lbs (lean) and 180 lbs (bulked).

-------------------------------

Disclaimers: Jeff Nippard is not a doctor or a medical professional.  Always consult a physician before starting any exercise program. Use of this information is strictly at your own risk. Jeff Nippard will not assume any liability for direct or indirect losses or damages that may result from the use of information contained in this video including but not limited to economic loss, injury, illness or death.",686,2922440,67448,2051,2023-11-16T16:00:08Z,Entertainment,long-length partials|full range of motion vs partial range|jeff nipard|jeff nippard|milo wolf|science explained|light weight|heavy weight|best way to lift weights|how to lift weights|how to perform reps|how to build muscle|best workout|best way to gain muscle|best way to build muscle|how to lift weight|heavy workouts|light workouts|heavy vs light weight|fast or slow reps|how to grow muscle|how to get bigger muscles|athleanx|athlean x|jeff cavaliere,Jeff Nippard,@JeffNippard,UC68TLK0mAEzUyHx5x5k-S1Q,8630000,624,False,fitness,video,https://www.youtube.com/watch?v=ftpH4-xFGQI,en,2026-09-11
71op1DQ2gyo,How To Train For Pure Muscle Growth,"Get my new Pure Bodybuilding Program: https://jeffnippard.com/products/the-pure-bodybuilding-program-preorder

When you pre-order you will get 30% off AND get all 3 versions of the program (push/pull/legs, full body and upper/lower splits!). Each version of the program is 10 weeks, which adds up to just over 6 months of training in total!

Learn more about the program here: 
https://jeffnippard.com/products/the-pure-bodybuilding-program-preorder

-------------------------------

** If you're still in your first year of lifting, I recommend running my Fundamentals Program: https://shop.jeffnippard.com/product/fundamentals-hypertrophy-program/

** MacroFactor Diet App: http://bit.ly/jeffmacrofactor [FREE 2 week trial]

** My Ultimate Guide To Body Recomposition:
https://shop.jeffnippard.com/product/the-ultimate-guide-to-body-recomposition/

** Rise Gym Apparel: https://rise.ca/jeff

** PEScience Supplements: https://www.PEScience.com/discount/jeff

** Instagram: https://instagram.com/jeffnippard

-------------------------------

In this video, I cover the 5 crucial bodybuilding principles that must be followed in order to maximize muscle growth. We’ll touch on training technique for hypertrophy, effort (how important is training to failure?), progressive overload, and exercise selection, while highlighting the most up-to-date research along the way.

-------------------------------

Chapters:

0:00 - Intro
0:17 - Chapter 1 - Tension Is King
0:53 - Chapter 2 - Bodybuilding Technique
4:01 - Chapter 3 - Effort
8:00 - Chapter 4 - Give Your Muscles A Reason To Grow
9:40 - Chapter 5 - High-Tension Exercises

-------------------------------

References:

Mechanical Tension
https://pubmed.ncbi.nlm.nih.gov/30335577/

Eccentric vs Concentric
https://pubmed.ncbi.nlm.nih.gov/28486337/

Tempo
https://www.ncbi.nlm.nih.gov/pmc/articles/PMC8310485/

Partial vs Full Range of Motion
https://journal.iusca.org/index.php/Journal/article/view/182

Effort
https://pubmed.ncbi.nlm.nih.gov/35790622/
https://sportrxiv.org/index.php/server/preprint/view/295
https://link.springer.com/article/10.1007/s40279-022-01784-y

Training Volume
https://weightology.net/the-members-area/evidence-based-guides/set-volume-for-muscle-size-the-ultimate-evidence-based-bible/

Mind-Muscle Connection
https://www.researchgate.net/publication/323740477

Machines vs Free-Weights
https://journals.lww.com/acsm-msse/Abstract/9900/Free_Weight_and_Machine_Based_Training_Are_Equally.336.aspx
https://pubmed.ncbi.nlm.nih.gov/36998986/
https://pubmed.ncbi.nlm.nih.gov/37582807/

Rest Time
https://pubmed.ncbi.nlm.nih.gov/28641044/

-------------------------------

Filmed by Brandon Wells: https://www.instagram.com/brandonblurts/
Edited by Jeff Nippard

Music by:
Bankrupt Beats: https://www.youtube.com/BankruptBeats
Ryan Little: https://www.youtube.com/shorts/TaW4ypOOfH0
https://www.youtube.com/watch?v=izBb2EUxwjk

-------------------------------

About me: I'm a Canadian natural pro bodybuilder and internationally-qualified powerlifter with a BSc in biochemistry/chemistry and a passion for science. I've been training for 15 years drug-free. I'm 5'5 and fluctuate between 160 lbs (lean) and 180 lbs (bulked).

-------------------------------

Disclaimers: Jeff Nippard is not a doctor or a medical professional.  Always consult a physician before starting any exercise program. Use of this information is strictly at your own risk. Jeff Nippard will not assume any liability for direct or indirect losses or damages that may result from the use of information contained in this video including but not limited to economic loss, injury, illness or death.",872,3242611,99405,1933,2023-10-29T16:30:03Z,Entertainment,build muscle faster|build muscle fast naturally|gain muscle fast|how to maximise gains|grow muscles faster|build muscle fast for skinny guys|how to build muscle|how to build muscle fast|muscle building tips|how to get muscle fast|build muscle naturally|jeremyethier|builtwithscience|build muscle fast|build muscle|build muscle mass|weight training|jeff nippard pure bodybuilding|jeff nippard pure bodybuilding program|pure bodybuilding program|jeff nipard,Jeff Nippard,@JeffNippard,UC68TLK0mAEzUyHx5x5k-S1Q,8630000,624,False,fitness,video,https://www.youtube.com/watch?v=71op1DQ2gyo,en,2026-09-11
8zWDuWKdBZU,The Perfect Leg Day (According To Science),"Big new leg day let's go!!!

Get the full 12-week Push Pull Legs System here:
https://jeffnippard.com/products/the-ultimate-push-pull-legs-system

-------------------------------

** My Fundamentals Training Program: https://shop.jeffnippard.com/product/fundamentals-hypertrophy-program/

** MacroFactor Diet App: http://bit.ly/jeffmacrofactor [FREE 2 week trial]

** My Ultimate Guide To Body Recomposition:
https://shop.jeffnippard.com/product/the-ultimate-guide-to-body-recomposition/

** MASS (Monthly Research Review): https://bit.ly/jeffMASS

** Rise Gym Apparel: https://rise.ca/jeff

** PEScience Supplements: https://www.PEScience.com/discount/jeff

** Instagram: https://instagram.com/jeffnippard

-------------------------------

Timestamps:

Warm-Up: 0:00
Exercise 1: 0:20
Exercise 2: 1:43
Exercise 3: 2:25
Exercise 4: 3:26
Exercise 5: 4:10
Exercise 6: 5:04
Exercise 7: 6:35

-------------------------------

In this video I cover the second Leg Day of my new Ultimate PPL System. This is the sixth video in a series where we will be going through each workout within the first week of the program, breaking down each exercise as we go.

Watch the full Ultimate PPL series here: https://www.youtube.com/watch?v=c3pbe3qzatQ&list=PLp4G6oBUcv8w-v9tpZeF8GSlGcyl_J_gx

Calf Stuff:
https://pubmed.ncbi.nlm.nih.gov/32342648/
https://www.massmember.com/products/mass-subscription/categories/3057398/posts/10357805
https://www.nutritiontactics.com/do-calves-respond-poorly-to-training/

Mike Israetel video on locking the knees on leg press:
https://www.youtube.com/watch?v=_YyrJAnoXwc

-------------------------------

Filmed by Matt Dziadecki https://www.instagram.com/dziadecki/
Edited by Jeff Nippard

Music from Epidemic Sound:
Damma Beatz - Love Me More

More music from:
Bankrupt Beats - Swamp Head
https://www.youtube.com/watch?v=fKAmwrtUxI8

-------------------------------

About me: I'm a Canadian natural pro bodybuilder and internationally-qualified powerlifter with a BSc in biochemistry/chemistry and a passion for science. I've been training for 15 years drug-free. I'm 5'5 and fluctuate between 160 lbs (lean) and 180 lbs (bulked).

-------------------------------

Disclaimers: Jeff Nippard is not a doctor or a medical professional.  Always consult a physician before starting any exercise program. Use of this information is strictly at your own risk. Jeff Nippard will not assume any liability for direct or indirect losses or damages that may result from the use of information contained in this video including but not limited to economic loss, injury, illness or death.",471,2927372,65288,1055,2023-08-07T17:00:16Z,Entertainment,leg workout|legs workout|workout for legs|workouts for legs|workout for bigger legs|how to get bigger legs|big legs workout|quads|hamstrings|quad workout|quad exercises|exercises for quads|exercises for hamstrings|glute exercises|glute workout|workout for glutes|how to build big legs|how to build bigger legs|home leg workout|home legs workout|perfect leg workout|squats|lunges|squat workout|athleanx|athlean x|jeff cavaliere|jeff nipard,Jeff Nippard,@JeffNippard,UC68TLK0mAEzUyHx5x5k-S1Q,8630000,624,False,fitness,video,https://www.youtube.com/watch?v=8zWDuWKdBZU,en,2026-09-11
VD9p9tEP9RE,How Much Muscle Can You Build With & Without Steroids?,"In this video, I cover how much muscle most people can build naturally versus how much muscle can be built by using steroids.

** My Fundamentals Training Program: https://shop.jeffnippard.com/product/fundamentals-hypertrophy-program/

** MacroFactor Diet App: http://bit.ly/jeffmacrofactor [FREE 2 week trial]

** My Ultimate Guide To Body Recomposition:
https://shop.jeffnippard.com/product/the-ultimate-guide-to-body-recomposition/

** MASS (Monthly Research Review): https://bit.ly/jeffMASS

** Rise Gym Apparel: https://rise.ca/jeff

** PEScience Supplements: https://www.PEScience.com/discount/jeff

** Instagram: https://instagram.com/jeffnippard

-------------------------------

Topics:

0:00 - How much muscle can you build naturally?
4:02 - How much muscle do steroids add?
11:25 - Downsides of steroids
11:57 - Natty vs enhanced discussion

In this video we will look at scientific studies and real world examples to determine how much muscle can be built naturally versus enhanced. The natural examples we'll consider are Alex Leonidas (AlphaDestiny), Geoffrey Verity Schofield as well as pre-steroid era lifters from the early 1900's. On the enhanced side, we'll look at 212 Mr. Olympia Champion Shaun Clarida and IFBB Classic Physique Mr. Olympia Chris Bumstead. We'll then look at some downsides of enhancing and some practical takeaways when it comes to the decision of whether to use anabolics or not. 

-------------------------------

References:

Fat-Free Mass Index in Steroid and Non-Steroid Users:
https://pubmed.ncbi.nlm.nih.gov/7496846/

History of Anabolic Steroid Usage:
https://alanaragon.com/researchreview/ (Aug 2014)

How Effective are Steroids?
https://pubmed.ncbi.nlm.nih.gov/8637535/
https://pubmed.ncbi.nlm.nih.gov/11701431/
https://pubmed.ncbi.nlm.nih.gov/12517741/

Variability in Muscle Growth
https://pubmed.ncbi.nlm.nih.gov/15947721/

Steroid Side Effects:
https://nida.nih.gov/research-topics/anabolic-steroids#side_effects

-------------------------------

Filmed, edited and produced by Jeff Nippard

Music:

Geeko - Roots of Legend
Chrome Sparks - Give It Up
Bankrupt Beats - Anguish
Bankrupt Beats - Destination
mtbrd - When I Tell You
Bankrupt Beats - Braaains

-------------------------------

About me: I'm a Canadian natural pro bodybuilder and internationally-qualified powerlifter with a BSc in biochemistry/chemistry and a passion for science. I've been training for 15 years drug-free. I'm 5'5 and fluctuate between 160 lbs (lean) and 180 lbs (bulked).

-------------------------------

Disclaimers: Jeff Nippard is not a doctor or a medical professional.  Always consult a physician before starting any exercise program. Use of this information is strictly at your own risk. Jeff Nippard will not assume any liability for direct or indirect losses or damages that may result from the use of information contained in this video including but not limited to economic loss, injury, illness or death.",827,5412286,162545,9027,2023-07-31T15:00:03Z,Entertainment,steroids vs natural|trt|more plates more dates|greg doucette|fake natty|build muscle|jesse james west|steroids|natural bodybuilding|natty or not|teen bodybuilding|how much muscle can you build naturally|how much muscle can you gain in a year|how much muscle do steroids add|jeff nippard natty or not|jeff nippard natty|jeff nippard steroids|chris bumstead|alex leonidas|natural hypertrophy|will tennyson|mpmd|enhanced|cbum|cbum natural vs enhanced|cbum cycle,Jeff Nippard,@JeffNippard,UC68TLK0mAEzUyHx5x5k-S1Q,8630000,624,False,fitness,video,https://www.youtube.com/watch?v=VD9p9tEP9RE,,2026-09-11
DXL18E7QRbk,The Perfect Pull Workout (According To Science),"Big new back and biceps workout let's go!!!

Get the full 12-week Push Pull Legs System here:
https://jeffnippard.com/products/the-ultimate-push-pull-legs-system

-------------------------------

** My Fundamentals Training Program: https://shop.jeffnippard.com/product/fundamentals-hypertrophy-program/

** MacroFactor Diet App: http://bit.ly/jeffmacrofactor [FREE 2 week trial]

** My Ultimate Guide To Body Recomposition:
https://shop.jeffnippard.com/product/the-ultimate-guide-to-body-recomposition/

** MASS (Monthly Research Review): https://bit.ly/jeffMASS

** Rise Gym Apparel: https://rise.ca/jeff

** PEScience Supplements: https://www.PEScience.com/discount/jeff

** Instagram: https://instagram.com/jeffnippard

-------------------------------

Timestamps:

Intro: 0:00
Exercise 1: 0:19
Exercise 2: 1:45
Exercise 3: 3:02
Exercise 4: 4:38
Exercise 5: 5:07
Exercise 6: 6:32

-------------------------------

References:

Reverse Pec Deck Study
https://pubmed.ncbi.nlm.nih.gov/23302754/

Alberto & Brian Case Study with N1:
https://www.youtube.com/watch?v=pBZqTnRME9c

EMG Limitations:
https://www.researchgate.net/publication/357720922

A Disclaimer About EMG Research:

There are various reasons to be skeptical about EMG research. Just because an EMG study shows higher EMG amplitude does not necessarily guarantee that there is greater muscle activation  (although this is most likely assuming the procedure was carried out correctly). In my videos, I typically use the phrase ""muscle activation"" as an approximation to shortcut this bit of nuance.

However, greater muscle activation still doesn't guarantee greater hypertrophy over time, as there are situations when muscles can hypertrophy in the absence of activation (such as when being stretched). Still, in my opinion, if all else is equal, there is good reason to think that more activation should lead to better muscle growth than less activation. At this point, there is a big question mark in the literature as to just how much EMG evidence lends credence to long-term muscle hypertrophy. Based on some correlations in the data, I suspect that it is actually more useful than some of the online fitness community seems to think at this moment in time, but skepticism should still be exercised.

In this video, I am not using EMG evidence to say ""Exercise X is better than Exercise Y"" but rather to illustrate individual differences in muscle recruitment with varying techniques. 

-------------------------------

Filmed by Matt Dziadecki https://www.instagram.com/dziadecki/
Edited by Jeff Nippard

Music from Epidemic Sound:
Damma Beatz - Love Me More

More music from:
Bankrupt Beats - Swamp Head
https://www.youtube.com/watch?v=fKAmwrtUxI8

-------------------------------

About me: I'm a Canadian natural pro bodybuilder and internationally-qualified powerlifter with a BSc in biochemistry/chemistry and a passion for science. I've been training for 15 years drug-free. I'm 5'5 and fluctuate between 160 lbs (lean) and 180 lbs (bulked).

-------------------------------

Disclaimers: Jeff Nippard is not a doctor or a medical professional.  Always consult a physician before starting any exercise program. Use of this information is strictly at your own risk. Jeff Nippard will not assume any liability for direct or indirect losses or damages that may result from the use of information contained in this video including but not limited to economic loss, injury, illness or death.",498,4217316,80840,1107,2023-07-10T15:00:04Z,Entertainment,push pull legs|push pull legs workout|push pull legs split|push pull legs workout split|ppl workout|ppl|ppl workouts|ppl workout split|ppl workout for size|ppl workout for muscle|workout for size|perfect push workout|ppl split|athlean-x|athlean x|jeff nippard push pull legs|pull workout|pull workouts|bicep workout|back and biceps workout|jeff nippard pull day|back workout for muscle|jeff nippard back|jeff nipard|back and biceps,Jeff Nippard,@JeffNippard,UC68TLK0mAEzUyHx5x5k-S1Q,8630000,624,False,fitness,video,https://www.youtube.com/watch?v=DXL18E7QRbk,,2026-09-11
b6ouj88iBZs,The Perfect Push Workout (According To Science),"Get the full 12-week Push Pull Legs System here:
https://jeffnippard.com/products/the-ultimate-push-pull-legs-system

** My Fundamentals Training Program: https://shop.jeffnippard.com/product/fundamentals-hypertrophy-program/

** MacroFactor Diet App: http://bit.ly/jeffmacrofactor [FREE 2 week trial]

** My Ultimate Guide To Body Recomposition:
https://shop.jeffnippard.com/product/the-ultimate-guide-to-body-recomposition/

** MASS (Monthly Research Review): https://bit.ly/jeffMASS

** Rise Gym Apparel: https://rise.ca/jeff

** PEScience Supplements: https://www.PEScience.com/discount/jeff

** Instagram: https://instagram.com/jeffnippard

-------------------------------

0:00 - Warm Up
0:20 - Exercise 1
3:03 - Exercise 2
4:17 - Exercise 3
5:39 - Exercise 4
6:33 - Exercise 5
7:18 - Exercise 6
8:25 - Exercise 7

-------------------------------

References:

Incline vs Flat Bench Press
https://www.ncbi.nlm.nih.gov/pmc/articles/PMC7449336/

Note: This study has been criticized as having rates of muscle growth that are much larger than other similar studies. As per a MASS Research Review write-up by Greg Nuckols: ""I think these findings deserve at least some degree of skepticism for one simple reason: the sheer amount of hypertrophy that occurred in this study was outrageous."" However, because there isn't any single obvious explanation as to why this study showed more pec growth than comparable studies, and there doesn't seem to be any signs of foul play or poor statistics, I think this study should stand as reasonably strong evidence in favor of using an incline press for upper pec growth. 

-------------------------------

Written by Jeff Nippard
Edited by Jeff Nippard
Filmed by Matt Dziadecki (https://www.instagram.com/dziadecki/)

Music from Epidemic Sound:
Damma Beatz - Love Me More

More music from:
Bankrupt Beats - Swamp Head
https://www.youtube.com/watch?v=fKAmwrtUxI8

-------------------------------

In this video I cover the second Push Day of my new Ultimate Push Pull Legs System. This is the fourth video of a 6-part series where we will be going through each workout of the first week of the program, breaking down each exercise as we go.

Watch the first push day video here: https://www.youtube.com/watch?v=c3pbe3qzatQ

Watch the other Ultimate PPL videos here: https://www.youtube.com/watch?v=H6mRkx1x77k&list=PLp4G6oBUcv8w-v9tpZeF8GSlGcyl_J_gx

-------------------------------

About me: I'm a Canadian natural pro bodybuilder and internationally-qualified powerlifter with a BSc in biochemistry/chemistry and a passion for science. I've been training for 15 years drug-free. I'm 5'5 and fluctuate between 160 lbs (lean) and 180 lbs (bulked).

-------------------------------

Disclaimers: Jeff Nippard is not a doctor or a medical professional.  Always consult a physician before starting any exercise program. Use of this information is strictly at your own risk. Jeff Nippard will not assume any liability for direct or indirect losses or damages that may result from the use of information contained in this video including but not limited to economic loss, injury, illness or death.",625,3891447,87508,1060,2023-07-03T15:00:34Z,Entertainment,push workout|push workouts|push pull legs|push pull legs workout|push pull legs split|push pull legs workout split|ppl workout|ppl|ppl workouts|ppl workout split|push workout for muscle|push workout for mass|push workout for size|ppl workout for size|ppl workout for muscle|push workout for bigger muscle|workout for size|perfect push workout|ppl split|athleanx|athlean-x|jeff cavaliere|jeff nippard push pull legs|jeff nippard push day|jeff nipard,Jeff Nippard,@JeffNippard,UC68TLK0mAEzUyHx5x5k-S1Q,8630000,624,False,fitness,video,https://www.youtube.com/watch?v=b6ouj88iBZs,,2026-09-11
g9QGQJ1ypp0,"How To Increase Your Metabolism (Eat More, Lose More)","Get a free 2 week trial of MacroFactor here: http://bit.ly/jeffmacrofactor

In this video I'm breaking down several potential strategies for ""boosting metabolism"". We'll discuss drinking more water, green tea, spicy foods, sauna, ice baths, reverse dieting, meal frequency, weighted vests, gaining muscle mass, and cardio. Along the way, we will categorize these based on if they “work”, “might work”, or “probably don't work”. 

-------------------------------

** My Fundamentals Training Program: https://shop.jeffnippard.com/product/fundamentals-hypertrophy-program/

** MacroFactor Diet App: http://bit.ly/jeffmacrofactor [FREE 2 week trial]

** My Ultimate Guide To Body Recomposition:
https://shop.jeffnippard.com/product/the-ultimate-guide-to-body-recomposition/

** MASS (Monthly Research Review): https://bit.ly/jeffMASS

** Rise Gym Apparel: https://rise.ca/jeff

** PEScience Supplements: https://www.PEScience.com/discount/jeff

** Instagram: https://instagram.com/jeffnippard

-------------------------------

Categories:

0:00 - Intro
0:42 - What is metabolism?
2:47 - Drinking more water
3:58 - Green tea
4:39 - Spicy food (capsaicin)
5:47 - Sauna
6:18 - Ice baths
6:50 - Building muscle
7:43 - Reverse dieting
8:41 - Meal frequency
9:33 - Cardio
10:49 - Weighted vests
11:53 - Slow dieting
12:15 - NEAT smuggling
12:35 - Weight loss success

-------------------------------

References:

Variability in Daily Energy Expenditure:
https://pubmed.ncbi.nlm.nih.gov/34385400/

Green Tea:
https://pubmed.ncbi.nlm.nih.gov/33671139/
https://pubmed.ncbi.nlm.nih.gov/17906192/
https://pubmed.ncbi.nlm.nih.gov/10584049/
https://pubmed.ncbi.nlm.nih.gov/19445822/
https://pubmed.ncbi.nlm.nih.gov/20372175/
https://pubmed.ncbi.nlm.nih.gov/25740906/
https://pubmed.ncbi.nlm.nih.gov/24299662/

Spicy Foods:
https://pubmed.ncbi.nlm.nih.gov/28001433/

Sauna:
https://pubmed.ncbi.nlm.nih.gov/7743620/

Ice Baths:
https://pubmed.ncbi.nlm.nih.gov/10751106/

Reverse Dieting:
https://macrofactorapp.com/reverse-dieting/

Meal Frequency:
https://pubmed.ncbi.nlm.nih.gov/22719910/
https://pubmed.ncbi.nlm.nih.gov/26024494/

Weighted Vest:
https://pubmed.ncbi.nlm.nih.gov/29279372/
https://weightology.net/the-use-of-weighted-apparel-during-contest-prep/

Energy Expenditure and Weight Loss Success:
https://pubmed.ncbi.nlm.nih.gov/35013190/

-------------------------------

Filmed by Matt Dziadecki https://www.instagram.com/dziadecki/
Edited by Jeff Nippard

Music by Bankrupt Beats: https://www.youtube.com/watch?v=xUCZTjMJr2k

-------------------------------

About me: I'm a Canadian natural pro bodybuilder and internationally-qualified powerlifter with a BSc in biochemistry/chemistry and a passion for science. I've been training for 15 years drug-free. I'm 5'5 and fluctuate between 160 lbs (lean) and 180 lbs (bulked).

-------------------------------

Disclaimers: Jeff Nippard is not a doctor or a medical professional.  Always consult a physician before starting any exercise program. Use of this information is strictly at your own risk. Jeff Nippard will not assume any liability for direct or indirect losses or damages that may result from the use of information contained in this video including but not limited to economic loss, injury, illness or death.",868,5894350,156101,3067,2023-06-11T17:00:04Z,Entertainment,jeff nippard metabolism|jeff nippard reverse dieting|jeff nipard|weight loss|increase your metabolism|how to boost your metabolism|boost your metabolism|boost metabolism for fat loss|metabolism boosting tips|metabolism and weight loss|speed up your metabolism|how to increase your metabolism permanently|can you increase your metabolism|ways to increase your metabolism|how to speed up metabolism|how to speed up metabolism for weight loss,Jeff Nippard,@JeffNippard,UC68TLK0mAEzUyHx5x5k-S1Q,8630000,624,False,fitness,video,https://www.youtube.com/watch?v=g9QGQJ1ypp0,en-US,2026-09-11
s0ucinlkWQ0,OVERRATED: Explaining Controversial Fitness Topics,"In this video I'm ranking 21 fitness topics as either overrated or underrated. The topics are split up into 4 categories: training, nutrition, supplements and hot fitness topics.

I'm also having my friend and past coach Dr. Layne Norton join me. Subscribe to Layne's channel here: https://www.youtube.com/biolayne1

Layne's Instagram: https://www.instagram.com/biolayne/

-------------------------------

** My Fundamentals Training Program: https://shop.jeffnippard.com/product/fundamentals-hypertrophy-program/

** MacroFactor Diet App: http://bit.ly/jeffmacrofactor [FREE 2 week trial]

** My Ultimate Guide To Body Recomposition:
https://shop.jeffnippard.com/product/the-ultimate-guide-to-body-recomposition/

** MASS (Monthly Research Review): https://bit.ly/jeffMASS

** Rise Gym Apparel: https://rise.ca/jeff

** PEScience Supplements: https://www.PEScience.com/discount/jeff

** Instagram: https://instagram.com/jeffnippard

-------------------------------

Categories:

0:00 - Intro
0:26 - Training Topics
3:16 - Nutrition Topics
6:03 - Supplementation Topics
9:55 - Hot Fitness Topics

Topics:

Training to failure
Sumo deadlifts
Full range of motion
Powerlifting for bodybuilding
Lifting straps
Post-workout anabolic window 
Liver/Organ meats
Detoxing
Kiwi fruit
Eating clean
Turkesterone
BCAAs
EAAs (Essential Amino Acids)
Creatine monohydrate
Testosterone boosters 
Ashwagandha
Ice baths
Sauna
Fasted cardio
Bodyfat spot reduction
“Toning”

-------------------------------

References:

Kiwifruit
https://pubmed.ncbi.nlm.nih.gov/30979048/
https://pubmed.ncbi.nlm.nih.gov/23746068/

Creatine Monohydrate
https://jissn.biomedcentral.com/articles/10.1186/s12************-z

-------------------------------

Filmed by Matt Dziadecki https://www.instagram.com/dziadecki/
Edited by Jeff Nippard

Music by Bankrupt Beats: https://www.youtube.com/watch?v=xUCZTjMJr2k

-------------------------------

About me: I'm a Canadian natural pro bodybuilder and internationally-qualified powerlifter with a BSc in biochemistry/chemistry and a passion for science. I've been training for 15 years drug-free. I'm 5'5 and fluctuate between 160 lbs (lean) and 180 lbs (bulked).

-------------------------------

Disclaimers: Jeff Nippard is not a doctor or a medical professional.  Always consult a physician before starting any exercise program. Use of this information is strictly at your own risk. Jeff Nippard will not assume any liability for direct or indirect losses or damages that may result from the use of information contained in this video including but not limited to economic loss, injury, illness or death.",798,2269618,85659,2523,2023-04-20T15:00:35Z,Entertainment,jeff nipard|overrated or underrated|layne norton|training to failure|Sumo deadlifts|Full range of motion|powerbuilding|lifting straps|anabolic window|post-workout meal|liver king|liver|organ meats|detoxing your body|detoxing|kiwi|jeff nippard kiwi|eating clean|turkesterone|BCAAs|EAAs|creatine|test boosters|ashwagandha|cold plunge|ice bath|fasted cardio|sauna|spot reduction|toning|myth bust|overrated|underrated|cbum|athlean x|greg doucette,Jeff Nippard,@JeffNippard,UC68TLK0mAEzUyHx5x5k-S1Q,8630000,624,False,fitness,video,https://www.youtube.com/watch?v=s0ucinlkWQ0,,2026-09-11
1pB-lkdoEnI,Training Legs with Dr. Layne Norton,"Subscribe to Layne: https://www.youtube.com/biolayne1
Follow Layne on Instagram: https://www.instagram.com/biolayne/
About Layne Norton: https://biolayne.com/about/

-------------------------------

** My Training Programs (Beginner to Advanced): https://shop.jeffnippard.com/

** MacroFactor Diet App: http://bit.ly/jeffmacrofactor [FREE 2 week trial]

** My Ultimate Guide To Body Recomposition:
https://shop.jeffnippard.com/product/the-ultimate-guide-to-body-recomposition/

** MASS (Monthly Research Review): https://bit.ly/jeffMASS

** Rise Gym Apparel: https://rise.ca/jeff

** PEScience Supplements: https://www.PEScience.com/discount/jeff

** Instagram: https://instagram.com/jeffnippard

-------------------------------

The Killer Leg Day with Dr. Layne Norton

Exercise 1: Deadlift
3-5 Warm-Up sets: Perform a full warm-up pyramid
* For your first warm-up set, use approximately 45% of the weight you plan to use for the working sets for 4-5 reps. For your second warm-up set, use around 65% of the weight you plan to use for the working sets for 3-4 reps.  For your third warm-up set, use about 85% of the weight you plan to use for the working sets for 1-2 reps. 
1 Working Set x 2 reps @ RPE 7-8

Exercise 2: Pendulum Squat (or Hack Squat)
2-4 Warm-Up sets x 2-5 reps (gradually add weight)
1 Working Set x 8-10 reps @ RPE 9-10

Exercise 3: Glute-Ham Raise
3 sets x 8-10 reps

Exercise 4: Leg Extension
3 sets x 10-12 reps

Exercise 5: Leg Press Toe Press
3 sets x 12-15 reps

-------------------------------

0:00 Intro
1:07 Warm-Up Drills
1:46 Exercise 1
9:53 Exercise 2
12:51 Exercise 3
14:57 Exercise 4
16:38 Exercise 5

-------------------------------

Filmed by Matt Dziadecki: https://www.instagram.com/dziadecki/
Editing by Jeff Nippard

Music by Bankrupt Beats:
https://www.youtube.com/shorts/u1MbP5CEavc
https://www.youtube.com/watch?v=8L3la3pPdTQ
https://www.youtube.com/watch?v=lfl6xzUIlg0
https://www.youtube.com/shorts/KFiXRTEuHXg
https://www.youtube.com/watch?v=eAJxbN1bHXk
https://www.youtube.com/watch?v=4lfygJu9ML0

-------------------------------

In this video I’m training legs with Dr. Layne Norton. Layne was actually my first ever science-based coach! He coached me to a Canadian national gold medal in natural bodybuilding and he’s the person who convinced me that you don’t actually need to “eat clean” to get shredded as long as you hit your macros, that cutting water before a bodybuilding competition is dangerous and ineffective, and that you can combine powerlifting and bodybuilding successfully. I don’t think it’s a stretch to say that everything I know about training and nutrition can be traced back to Layne Norton.  

Layne is himself, an absolute monster. He’s both a professional natural bodybuilder AND a world-class powerlifter. He won US nationals twice and even took home a gold medal at Worlds for his 668 lb squat, at 205 lbs bodyweight. He also does a lot of myth busting about nutrition and training on popular podcasts and in the media. This is the leg day workout we did together while he was visiting Ontario, Canada!

-------------------------------

About me: I'm a Canadian natural pro bodybuilder and internationally-qualified powerlifter with a BSc in biochemistry/chemistry and a passion for science. I've been training for 12 years drug-free. I'm 5'5 and fluctuate between 160 lbs (lean) and 180 lbs (bulked).

-------------------------------

Disclaimers: Jeff Nippard is not a doctor or a medical professional.  Always consult a physician before starting any exercise program. Use of this information is strictly at your own risk. Jeff Nippard will not assume any liability for direct or indirect losses or damages that may result from the use of information contained in this video including but not limited to economic loss, injury, illness or death.",1107,753037,20080,631,2023-04-11T15:00:03Z,Entertainment,leg day workout|leg day motivation|jeff nippard legs|jeff nippard leg day|layne norton|layne norton jeff nippard|leg workout|science-based leg workout|lower body workout|deadlift|legs workout|workout for legs|how to get bigger legs|hamstrings|quad workout|quad exercises|exercises for quads|exercises for hamstrings|glute exercises|how to build big legs|how to build bigger legs|perfect leg workout|squats|squat workout|athleanx|athlean x|jeff cavaliere,Jeff Nippard,@JeffNippard,UC68TLK0mAEzUyHx5x5k-S1Q,8630000,624,False,fitness,video,https://www.youtube.com/watch?v=1pB-lkdoEnI,,2026-09-11
cAgsmgXWZr4,I Ate Street Food From Every Country,"If you want your food to taste this good, go try my new Osmo seasoning collection!

https://www.osmokitchen.com/new

Subscribe before everyone else :)

╔═╦╗╔╦╗╔═╦═╦╦╦╦╗╔═╗
║╚╣║║║╚╣╚╣╔╣╔╣║╚╣═╣
╠╗║╚╝║║╠╗║╚╣║║║║║═╣
╚═╩══╩═╩═╩═╩╝╚╩═╩═╝

Follow for more:
https://www.youtube.com/@NicksKitchen
https://www.youtube.com/@chefnick
https://www.instagram.com/nick.digiovanni
https://www.facebook.com/nick.digiovanni
https://www.tiktok.com/@nick.digiovanni",1522,53369687,549107,23399,2025-06-07T16:00:54Z,People & Blogs,Nick DiGiovanni|Cooking|Food|Chef|Recipe|Gordon Ramsay|Kitchen|ASMR|MasterChef|Osmo Salt|Salt Bae|Learn To Cook|Knife Drop|Cookbook|Kid-Friendly|Kid’s Recipes|Kid’s Cooking|steak|meat|expensive|YouTubers|MrBeast|Feastables|Jimmy|Mark Rober|Ratatouille|Logan|Ryan Trahan|Ryan|Challenge,Nick DiGiovanni,@NickDiGiovanni,UCMyOj6fhvKFMjxUCp3b_3gA,45900000,572,False,food,video,https://www.youtube.com/watch?v=cAgsmgXWZr4,en,2026-09-11
d5PpnElKWUU,Can I Turn Mark Rober Into A Chef?,"Watch to the end and comment below with a rating of Mark’s dish!

Subscribe before everyone else :)

╔═╦╗╔╦╗╔═╦═╦╦╦╦╗╔═╗
║╚╣║║║╚╣╚╣╔╣╔╣║╚╣═╣
╠╗║╚╝║║╠╗║╚╣║║║║║═╣
╚═╩══╩═╩═╩═╩╝╚╩═╩═╝

Follow for more:
https://www.youtube.com/@NicksKitchen
https://www.youtube.com/@chefnick
https://www.instagram.com/nick.digiovanni
https://www.facebook.com/nick.digiovanni
https://www.tiktok.com/@nick.digiovanni",1745,29203315,297654,17157,2025-05-17T16:00:51Z,People & Blogs,Nick DiGiovanni|Cooking|Food|Chef|Recipe|Gordon Ramsay|Kitchen|ASMR|MasterChef|Osmo Salt|Salt Bae|Learn To Cook|Knife Drop|Cookbook|Kid-Friendly|Kid’s Recipes|Kid’s Cooking|steak|meat|expensive|YouTubers|MrBeast|Feastables|Jimmy|Mark Rober|Ratatouille|Logan|Ryan Trahan|Ryan|Challenge,Nick DiGiovanni,@NickDiGiovanni,UCMyOj6fhvKFMjxUCp3b_3gA,45900000,572,False,food,video,https://www.youtube.com/watch?v=d5PpnElKWUU,en,2026-09-11
JY4eqp6skC0,I Ate Every Knock Off Snack,"Watch to the end to see the craziest knock off snack in the world

Subscribe before everyone else :)

╔═╦╗╔╦╗╔═╦═╦╦╦╦╗╔═╗
║╚╣║║║╚╣╚╣╔╣╔╣║╚╣═╣
╠╗║╚╝║║╠╗║╚╣║║║║║═╣
╚═╩══╩═╩═╩═╩╝╚╩═╩═╝

Follow for more:
https://www.youtube.com/@NicksKitchen
https://www.youtube.com/@chefnick
https://www.instagram.com/nick.digiovanni
https://www.facebook.com/nick.digiovanni
https://www.tiktok.com/@nick.digiovanni",1987,46127542,320593,23286,2025-04-26T16:00:21Z,People & Blogs,Chef|Cook|Learn To Cook|Cooking|Food|MasterChef|Gordon Ramsay|MrBeast|Recipes|Healthy|Kitchen|Restaurant|Grill|Grilling|Seafood|Meat|Steak|United States|India|Spanish|International|Global|Cuisine,Nick DiGiovanni,@NickDiGiovanni,UCMyOj6fhvKFMjxUCp3b_3gA,45900000,572,False,food,video,https://www.youtube.com/watch?v=JY4eqp6skC0,en,2026-09-11
vgPJZ1ktT50,I Cooked Against Dude Perfect,"Comment below to vote for the Dude you think won!

Subscribe before everyone else :)

╔═╦╗╔╦╗╔═╦═╦╦╦╦╗╔═╗
║╚╣║║║╚╣╚╣╔╣╔╣║╚╣═╣
╠╗║╚╝║║╠╗║╚╣║║║║║═╣
╚═╩══╩═╩═╩═╩╝╚╩═╩═╝

Follow for more:
https://www.youtube.com/@NicksKitchen
https://www.youtube.com/@chefnick
https://www.instagram.com/nick.digiovanni
https://www.facebook.com/nick.digiovanni
https://www.tiktok.com/@nick.digiovanni",1233,37073392,192224,14022,2025-04-05T16:01:12Z,People & Blogs,Chef|Cook|Learn To Cook|Cooking|Food|MasterChef|Gordon Ramsay|MrBeast|Recipes|Healthy|Kitchen|Restaurant|Grill|Grilling|Seafood|Meat|Steak|United States|India|Spanish|International|Global|Cuisine,Nick DiGiovanni,@NickDiGiovanni,UCMyOj6fhvKFMjxUCp3b_3gA,45900000,572,False,food,video,https://www.youtube.com/watch?v=vgPJZ1ktT50,en,2026-09-11
2Vuexl8rCNs,I Ate 100 Years Of McDonald's,"You won’t believe how much McDonald’s has changed in a century… Watch to the end to see some of the craziest menu items of them all

Subscribe before everyone else :)

╔═╦╗╔╦╗╔═╦═╦╦╦╦╗╔═╗
║╚╣║║║╚╣╚╣╔╣╔╣║╚╣═╣
╠╗║╚╝║║╠╗║╚╣║║║║║═╣
╚═╩══╩═╩═╩═╩╝╚╩═╩═╝

Follow for more:
https://www.youtube.com/@NicksKitchen
https://www.youtube.com/@chefnick
https://www.instagram.com/nick.digiovanni
https://www.facebook.com/nick.digiovanni
https://www.tiktok.com/@nick.digiovanni",1977,51648930,452170,19419,2025-03-22T16:00:03Z,People & Blogs,Chef|Cook|Learn To Cook|Cooking|Food|MasterChef|Gordon Ramsay|MrBeast|Recipes|Healthy|Kitchen|Restaurant|Grill|Grilling|Seafood|Meat|Steak|United States|India|Spanish|International|Global|Cuisine,Nick DiGiovanni,@NickDiGiovanni,UCMyOj6fhvKFMjxUCp3b_3gA,45900000,572,False,food,video,https://www.youtube.com/watch?v=2Vuexl8rCNs,en,2026-09-11
0-Gyuj2UomI,I Asked Strangers To Cook In THEIR Home,"And I'm already planning my next trip to do it again! Go subscribe, and I might come to your house and cook for you :)

Subscribe before everyone else :)

╔═╦╗╔╦╗╔═╦═╦╦╦╦╗╔═╗
║╚╣║║║╚╣╚╣╔╣╔╣║╚╣═╣
╠╗║╚╝║║╠╗║╚╣║║║║║═╣
╚═╩══╩═╩═╩═╩╝╚╩═╩═╝

Follow for more:
https://www.youtube.com/@NicksKitchen
https://www.youtube.com/@chefnick
https://www.instagram.com/nick.digiovanni
https://www.facebook.com/nick.digiovanni
https://www.tiktok.com/@nick.digiovanni",2632,21608685,262018,19149,2025-03-01T17:00:00Z,People & Blogs,Chef|Cook|Learn To Cook|Cooking|Food|MasterChef|Gordon Ramsay|MrBeast|Recipes|Healthy|Kitchen|Restaurant|Grill|Grilling|Seafood|Meat|Steak|United States|India|Spanish|International|Global|Cuisine,Nick DiGiovanni,@NickDiGiovanni,UCMyOj6fhvKFMjxUCp3b_3gA,45900000,572,False,food,video,https://www.youtube.com/watch?v=0-Gyuj2UomI,en,2026-09-11
VLMWq5nfvlk,I Made The World's Largest Chocolate Bar,"Watch to the end to see the world's largest chocolate bar!

Subscribe before everyone else :)

╔═╦╗╔╦╗╔═╦═╦╦╦╦╗╔═╗
║╚╣║║║╚╣╚╣╔╣╔╣║╚╣═╣
╠╗║╚╝║║╠╗║╚╣║║║║║═╣
╚═╩══╩═╩═╩═╩╝╚╩═╩═╝

Follow for more:
https://www.youtube.com/@NicksKitchen
https://www.youtube.com/@chefnick
https://www.instagram.com/nick.digiovanni
https://www.facebook.com/nick.digiovanni
https://www.tiktok.com/@nick.digiovanni

Check out my favorite meals for a limited time only at Home Chef! https://bit.ly/4q8kB66",1075,51797943,253271,7700,2025-02-08T17:00:36Z,People & Blogs,Chef|Cook|Learn To Cook|Cooking|Food|MasterChef|Gordon Ramsay|MrBeast|Recipes|Healthy|Kitchen|Restaurant|Grill|Grilling|Seafood|Meat|Steak|United States|India|Spanish|International|Global|Cuisine,Nick DiGiovanni,@NickDiGiovanni,UCMyOj6fhvKFMjxUCp3b_3gA,45900000,572,False,food,video,https://www.youtube.com/watch?v=VLMWq5nfvlk,en,2026-09-11
e1b8aFeQ6CM,Eating At The World's Craziest Restaurants,"I can’t believe I ate a butterfly at the last restaurant!

Subscribe before everyone else :)

╔═╦╗╔╦╗╔═╦═╦╦╦╦╗╔═╗
║╚╣║║║╚╣╚╣╔╣╔╣║╚╣═╣
╠╗║╚╝║║╠╗║╚╣║║║║║═╣
╚═╩══╩═╩═╩═╩╝╚╩═╩═╝

Thank you to all of the amazing restaurants we visited:
• Masque in India
• Ossiano in Dubai
• Joël Robuchon in Hong Kong
• Sugalabo in Japan
• Solo Per Due in Italy
• Alchemist in Denmark

Follow for more:
https://www.youtube.com/@NicksKitchen
https://www.youtube.com/@chefnick
https://www.instagram.com/nick.digiovanni
https://www.facebook.com/nick.digiovanni
https://www.tiktok.com/@nick.digiovanni",2272,34745554,321466,10176,2025-01-18T17:00:43Z,People & Blogs,Nick DiGiovanni|Cooking|Food|Chef|Recipe|Gordon Ramsay|Kitchen|ASMR|MasterChef|Osmo Salt|Salt Bae|Learn To Cook|Knife Drop|Cookbook|Kid-Friendly|Kid’s Recipes|Kid’s Cooking|steak|meat|expensive|YouTubers|MrBeast|Feastables|Jimmy|Mark Rober|Ratatouille|Ryan Trahan|Ryan|Challenge|Exclusive|Restaurants|Secret|Top Secret|Top Secret Restaurants,Nick DiGiovanni,@NickDiGiovanni,UCMyOj6fhvKFMjxUCp3b_3gA,45900000,572,False,food,video,https://www.youtube.com/watch?v=e1b8aFeQ6CM,en,2026-09-11
pi6QU4kgRXA,Can I Turn Ryan Trahan Into A Chef?,"Compliments to the chef @ryan

0:00 - Introduction
0:34 - Baseline Test
2:51 - Knife Badge
10:54 - Seasoning Badge
16:52 - Searing Badge
24:19 - Sauce Badge
30:29 - Baking Badge
33:49 - Plating Badge
36:00 - Beef Wellington Cook-Off
48:16 - Final Results

Subscribe before everyone else :)

╔═╦╗╔╦╗╔═╦═╦╦╦╦╗╔═╗
║╚╣║║║╚╣╚╣╔╣╔╣║╚╣═╣
╠╗║╚╝║║╠╗║╚╣║║║║║═╣
╚═╩══╩═╩═╩═╩╝╚╩═╩═╝

Follow for more:
https://www.youtube.com/@NicksKitchen
https://www.youtube.com/@chefnick
https://www.instagram.com/nick.digiovanni
https://www.facebook.com/nick.digiovanni
https://www.tiktok.com/@nick.digiovanni",3044,39572685,412786,44014,2024-12-21T17:01:00Z,People & Blogs,Nick DiGiovanni|Cooking|Food|Chef|Recipe|Gordon Ramsay|Kitchen|ASMR|MasterChef|Osmo Salt|Salt Bae|Learn To Cook|Knife Drop|Cookbook|Kid-Friendly|Kid’s Recipes|Kid’s Cooking|steak|meat|expensive|YouTubers|MrBeast|Feastables|Jimmy|Mark Rober|Ratatouille|Logan|Ryan Trahan|Ryan|Challenge,Nick DiGiovanni,@NickDiGiovanni,UCMyOj6fhvKFMjxUCp3b_3gA,45900000,572,False,food,video,https://www.youtube.com/watch?v=pi6QU4kgRXA,en,2026-09-11
nPdl928XmFM,I Cooked Against Logan Paul,"Comment below who you think won!

Subscribe before everyone else :)

╔═╦╗╔╦╗╔═╦═╦╦╦╦╗╔═╗
║╚╣║║║╚╣╚╣╔╣╔╣║╚╣═╣
╠╗║╚╝║║╠╗║╚╣║║║║║═╣
╚═╩══╩═╩═╩═╩╝╚╩═╩═╝

Follow for more:
https://www.youtube.com/@NicksKitchen
https://www.youtube.com/@chefnick
https://www.instagram.com/nick.digiovanni
https://www.facebook.com/nick.digiovanni
https://www.tiktok.com/@nick.digiovanni",1181,14605874,226621,16811,2024-12-07T17:00:47Z,People & Blogs,Nick DiGiovanni|Cooking|Food|Chef|Recipe|Gordon Ramsay|Kitchen|ASMR|MasterChef|Osmo Salt|Salt Bae|Learn To Cook|Knife Drop|Cookbook|Kid-Friendly|Kid’s Recipes|Kid’s Cooking|steak|meat|expensive|YouTubers|MrBeast|Feastables|Jimmy|Mark Rober|Ratatouille|Logan Paul|Logan|Vlog|Jake Paul|Cooking Challenge|Challenge|Prime,Nick DiGiovanni,@NickDiGiovanni,UCMyOj6fhvKFMjxUCp3b_3gA,45900000,572,False,food,video,https://www.youtube.com/watch?v=nPdl928XmFM,en,2026-09-11
zpTOtt9gOE8,I Trained A Rat To Cook Ratatouille,"Anyone can cook :) 

This is one of my favorite videos we've ever made

Subscribe before everyone else :)

╔═╦╗╔╦╗╔═╦═╦╦╦╦╗╔═╗
║╚╣║║║╚╣╚╣╔╣╔╣║╚╣═╣
╠╗║╚╝║║╠╗║╚╣║║║║║═╣
╚═╩══╩═╩═╩═╩╝╚╩═╩═╝

Follow for more:
https://www.youtube.com/@NicksKitchen
https://www.youtube.com/@chefnick
https://www.instagram.com/nick.digiovanni
https://www.facebook.com/nick.digiovanni
https://www.tiktok.com/@nick.digiovanni

Check out my favorite meals for a limited time only at Home Chef! https://bit.ly/4q8kB66",764,34891562,442142,14707,2024-11-23T17:00:54Z,People & Blogs,Nick DiGiovanni|Cooking|Food|Chef|Recipe|Gordon Ramsay|Kitchen|ASMR|MasterChef|Osmo Salt|Salt Bae|Learn To Cook|Knife Drop|Cookbook|Kid-Friendly|Kid’s Recipes|Kid’s Cooking|steak|meat|expensive|YouTubers|MrBeast|Feastables|Jimmy|Mark Rober|Robot|Ratatouille|Rat|Disney|Pixar,Nick DiGiovanni,@NickDiGiovanni,UCMyOj6fhvKFMjxUCp3b_3gA,45900000,572,False,food,video,https://www.youtube.com/watch?v=zpTOtt9gOE8,en,2026-09-11
SlXIk08_yTs,MasterChef Season 10 | ALL EPISODES,"All of MasterChef Season 10, for free! No commercials, either. 

00:00 - Intro
00:00:27 - Episode 1
00:41:22 - Episode 2
01:20:37 - Episode 3
01:59:51 - Episode 4
02:38:46 - Episode 5
03:18:21 - Episode 6
03:58:10 - Episode 7
04:37:30 - Episode 8
05:17:04 - Episode 9
05:56:48 - Episode 10
06:35:51 - Episode 11
07:15:32 - Episode 12
07:54:45 - Episode 13
08:34:13 - Episode 14
09:13:28 - Episode 15
09:52:39 - Episode 16
10:32:15 - Episode 17
11:11:29 - Episode 18
11:49:26 - Episode 19
12:29:00 - Episode 20
13:07:54 - Episode 21
13:48:07 - Episode 22
14:27:35 - Episode 23
15:07:37 - Episode 24
15:47:31 - Episode 25

Subscribe before everyone else :)

╔═╦╗╔╦╗╔═╦═╦╦╦╦╗╔═╗
║╚╣║║║╚╣╚╣╔╣╔╣║╚╣═╣
╠╗║╚╝║║╠╗║╚╣║║║║║═╣
╚═╩══╩═╩═╩═╩╝╚╩═╩═╝

Follow for more:
https://www.youtube.com/@NickDiGiovanni
https://www.youtube.com/@NicksKitchen
https://www.instagram.com/nick.digiovanni
https://www.facebook.com/nick.digiovanni
https://www.tiktok.com/@nick.digiovanni
https://www.nickdigiovanni.com",59251,9993216,116070,12534,2024-11-16T17:00:24Z,People & Blogs,Chef|Cook|Learn To Cook|Cooking|Food|MasterChef|Gordon Ramsay|MrBeast|Recipes|Healthy|Kitchen|Restaurant|Grill|Grilling|Seafood|Meat|Steak|United States|India|Spanish|International|Global|Cuisine,Nick DiGiovanni,@NickDiGiovanni,UCMyOj6fhvKFMjxUCp3b_3gA,45900000,572,False,food,video,https://www.youtube.com/watch?v=SlXIk08_yTs,en,2026-09-11
5bevi_0v6wU,I Cooked Against Robots,"The last robot was CRAZY...

Subscribe before everyone else :)

╔═╦╗╔╦╗╔═╦═╦╦╦╦╗╔═╗
║╚╣║║║╚╣╚╣╔╣╔╣║╚╣═╣
╠╗║╚╝║║╠╗║╚╣║║║║║═╣
╚═╩══╩═╩═╩═╩╝╚╩═╩═╝

Follow for more:
https://www.youtube.com/@NicksKitchen
https://www.youtube.com/@chefnick
https://www.instagram.com/nick.digiovanni
https://www.facebook.com/nick.digiovanni
https://www.tiktok.com/@nick.digiovanni",1000,76893707,466870,23894,2024-11-09T17:00:06Z,People & Blogs,Nick DiGiovanni|Cooking|Food|Chef|Recipe|Gordon Ramsay|Kitchen|ASMR|MasterChef|Osmo Salt|Salt Bae|Learn To Cook|Knife Drop|Cookbook|Kid-Friendly|Kid’s Recipes|Kid’s Cooking|steak|meat|expensive|YouTubers|MrBeast|Feastables|Jimmy|Viral|Hot Ones|100 Days|Mark Rober|Robot|Cooking Challenge,Nick DiGiovanni,@NickDiGiovanni,UCMyOj6fhvKFMjxUCp3b_3gA,45900000,572,False,food,video,https://www.youtube.com/watch?v=5bevi_0v6wU,en,2026-09-11
r6XzukkFMpU,I Raised A Chicken And Cooked It,"You were delicious, Bob. 

Subscribe before everyone else :)

╔═╦╗╔╦╗╔═╦═╦╦╦╦╗╔═╗
║╚╣║║║╚╣╚╣╔╣╔╣║╚╣═╣
╠╗║╚╝║║╠╗║╚╣║║║║║═╣
╚═╩══╩═╩═╩═╩╝╚╩═╩═╝

Follow for more:
https://www.youtube.com/@NickDiGiovanni
https://www.youtube.com/@NicksKitchen
https://www.instagram.com/nick.digiovanni
https://www.facebook.com/nick.digiovanni
https://www.tiktok.com/@nick.digiovanni
https://www.nickdigiovanni.com",924,13682560,223035,22836,2024-10-26T16:00:49Z,People & Blogs,Nick DiGiovanni|Cooking|Food|Chef|Recipe|Gordon Ramsay|Kitchen|ASMR|MasterChef|Osmo Salt|Salt Bae|Learn To Cook|Knife Drop|Cookbook|Kid-Friendly|Kid’s Recipes|Kid’s Cooking|steak|meat|expensive|YouTubers|MrBeast|Feastables|Jimmy|Jimmy Donaldson|Viral|Chicken|Chick|Hot Ones|Chicken Wing|100 Days,Nick DiGiovanni,@NickDiGiovanni,UCMyOj6fhvKFMjxUCp3b_3gA,45900000,572,False,food,video,https://www.youtube.com/watch?v=r6XzukkFMpU,en,2026-09-11
oFFdtWnZ5Jk,I Cooked The World's Spiciest Meal,"Loser has to eat the world's spiciest pepper. Watch to the end to see who it is!

Subscribe before everyone else :)

╔═╦╗╔╦╗╔═╦═╦╦╦╦╗╔═╗
║╚╣║║║╚╣╚╣╔╣╔╣║╚╣═╣
╠╗║╚╝║║╠╗║╚╣║║║║║═╣
╚═╩══╩═╩═╩═╩╝╚╩═╩═╝

Follow for more:
https://www.youtube.com/@NicksKitchen
https://www.youtube.com/@chefnick
https://www.instagram.com/nick.digiovanni
https://www.facebook.com/nick.digiovanni
https://www.tiktok.com/@nick.digiovanni",1538,41047171,389117,7114,2024-10-12T16:00:45Z,People & Blogs,Nick DiGiovanni|Cooking|Food|Chef|Recipe|Gordon Ramsay|Kitchen|ASMR|MasterChef|Osmo Salt|Salt Bae|Learn To Cook|Knife Drop|Cookbook|Kid-Friendly|Kid’s Recipes|Kid’s Cooking|steak|meat|expensive|YouTubers|MrBeast|Feastables|Jimmy|Jimmy Donaldson|Viral|Hot Ones|Sean Evans|Spicy|Spice|Spicy Food|Spiciest Food|World's Spiciest Cooking Challenge|First We Feast|Sean|Hot Wings|Wings,Nick DiGiovanni,@NickDiGiovanni,UCMyOj6fhvKFMjxUCp3b_3gA,45900000,572,False,food,video,https://www.youtube.com/watch?v=oFFdtWnZ5Jk,en,2026-09-11
aw0_klOuTDg,I Ate The World’s Rarest Foods,"You won't believe what we ate at the end :)

SUBSCRIBE FOR $10,000!

Subscribe before everyone else :)

╔═╦╗╔╦╗╔═╦═╦╦╦╦╗╔═╗
║╚╣║║║╚╣╚╣╔╣╔╣║╚╣═╣
╠╗║╚╝║║╠╗║╚╣║║║║║═╣
╚═╩══╩═╩═╩═╩╝╚╩═╩═╝

Follow for more:
https://www.youtube.com/@NicksKitchen
https://www.youtube.com/@chefnick
https://www.instagram.com/nick.digiovanni
https://www.facebook.com/nick.digiovanni
https://www.tiktok.com/@nick.digiovanni",1440,65995089,378628,12508,2024-09-28T16:00:04Z,People & Blogs,Nick DiGiovanni|Cooking|Food|Chef|Recipe|Gordon Ramsay|Kitchen|ASMR|MasterChef|Osmo Salt|Salt Bae|Learn To Cook|Knife Drop|Cookbook|Kid-Friendly|Kid’s Recipes|Kid’s Cooking|steak|meat|expensive|YouTubers|MrBeast|Feastables|Jimmy|Jimmy Donaldson|Chocolate|KSI|Rare|Rare Food|Expensive|$10|$10000|Viral,Nick DiGiovanni,@NickDiGiovanni,UCMyOj6fhvKFMjxUCp3b_3gA,45900000,572,False,food,video,https://www.youtube.com/watch?v=aw0_klOuTDg,en,2026-09-11
8ewFBbyNtgk,I Cooked YouTubers Their Favorite Foods,"You won't believe what the last creator wanted to eat...

SUBSCRIBE FOR A PAIR OF APPLE VISION PROS!

Subscribe before everyone else :)

╔═╦╗╔╦╗╔═╦═╦╦╦╦╗╔═╗
║╚╣║║║╚╣╚╣╔╣╔╣║╚╣═╣
╠╗║╚╝║║╠╗║╚╣║║║║║═╣
╚═╩══╩═╩═╩═╩╝╚╩═╩═╝

Follow for more:
https://www.youtube.com/@NicksKitchen
https://www.youtube.com/@chefnick
https://www.instagram.com/nick.digiovanni
https://www.facebook.com/nick.digiovanni
https://www.tiktok.com/@nick.digiovanni

Check out my favorite meals for a limited time only at Home Chef! https://bit.ly/4q8kB66",978,61942611,391257,12305,2024-09-14T16:00:16Z,People & Blogs,Nick DiGiovanni|Cooking|Food|Chef|Recipe|Gordon Ramsay|Kitchen|ASMR|MasterChef|Osmo Salt|Salt Bae|Learn To Cook|Knife Drop|Cookbook|Kid-Friendly|Kid’s Recipes|Kid’s Cooking|steak|meat|expensive|YouTubers|MrBeast|Feastables|Jimmy|Jimmy Donaldson|Chocolate|Cooking Challenge|Challenge|Beast|Ryan Trahan|Faze Rug|MatPat|KSI|Logan Paul|Logan|Kai Cenat|Kai|Jesser|MKBHD,Nick DiGiovanni,@NickDiGiovanni,UCMyOj6fhvKFMjxUCp3b_3gA,45900000,572,False,food,video,https://www.youtube.com/watch?v=8ewFBbyNtgk,en,2026-09-11
BmicBpOXPlc,I Tested 1-Star Restaurants,"You won't believe what happened at the last place...

Subscribe before everyone else :)

╔═╦╗╔╦╗╔═╦═╦╦╦╦╗╔═╗
║╚╣║║║╚╣╚╣╔╣╔╣║╚╣═╣
╠╗║╚╝║║╠╗║╚╣║║║║║═╣
╚═╩══╩═╩═╩═╩╝╚╩═╩═╝

Follow for more:
https://www.youtube.com/@NicksKitchen
https://www.youtube.com/@chefnick
https://www.instagram.com/nick.digiovanni
https://www.facebook.com/nick.digiovanni
https://www.tiktok.com/@nick.digiovanni",993,45989250,301536,6327,2024-08-24T16:00:16Z,People & Blogs,Nick DiGiovanni|Cooking|Food|Chef|Recipe|Gordon Ramsay|Kitchen|ASMR|MasterChef|Osmo Salt|Salt Bae|Learn To Cook|Knife Drop|Cookbook|Kid-Friendly|Kid’s Recipes|Kid’s Cooking|steak|meat|expensive|YouTubers|MrBeast|Feastables|Jimmy Donaldson|Cooking Challenge|1 Star|Restaurant|Yelp|Review|Bad Food,Nick DiGiovanni,@NickDiGiovanni,UCMyOj6fhvKFMjxUCp3b_3gA,45900000,572,False,food,video,https://www.youtube.com/watch?v=BmicBpOXPlc,en,2026-09-11
XnQ7Py8D6v0,I Ate Every Japanese Fast Food,"You won't believe the last item we tried...

Thanks to @BayashiTV_ for trying all of these foods with me!

Subscribe before everyone else :)

╔═╦╗╔╦╗╔═╦═╦╦╦╦╗╔═╗
║╚╣║║║╚╣╚╣╔╣╔╣║╚╣═╣
╠╗║╚╝║║╠╗║╚╣║║║║║═╣
╚═╩══╩═╩═╩═╩╝╚╩═╩═╝

Follow for more:
https://www.youtube.com/@NicksKitchen
https://www.youtube.com/@chefnick
https://www.instagram.com/nick.digiovanni
https://www.facebook.com/nick.digiovanni
https://www.tiktok.com/@nick.digiovanni",826,22319477,293435,6643,2024-08-10T16:00:21Z,People & Blogs,Nick DiGiovanni|Cooking|Food|Chef|Recipe|Gordon Ramsay|Kitchen|ASMR|MasterChef|Osmo Salt|Salt Bae|Learn To Cook|Knife Drop|Cookbook|Kid-Friendly|Kid’s Recipes|Kid’s Cooking|steak|meat|expensive|YouTubers|MrBeast|Feastables|Jimmy Donaldson|Cooking Challenge|Bayashi|Fast Food|McDonald's|Burger|Japan|Japanese,Nick DiGiovanni,@NickDiGiovanni,UCMyOj6fhvKFMjxUCp3b_3gA,45900000,572,False,food,video,https://www.youtube.com/watch?v=XnQ7Py8D6v0,en,2026-09-11
Oa_oEcz7up0,I Cooked Every Food From SpongeBob,"I can't believe what happened at the end haha 

Subscribe before everyone else :)

╔═╦╗╔╦╗╔═╦═╦╦╦╦╗╔═╗
║╚╣║║║╚╣╚╣╔╣╔╣║╚╣═╣
╠╗║╚╝║║╠╗║╚╣║║║║║═╣
╚═╩══╩═╩═╩═╩╝╚╩═╩═╝

Follow for more:
https://www.youtube.com/@NicksKitchen
https://www.youtube.com/@chefnick
https://www.instagram.com/nick.digiovanni
https://www.facebook.com/nick.digiovanni
https://www.tiktok.com/@nick.digiovanni",1479,31989552,391285,9819,2024-07-27T16:00:31Z,People & Blogs,Nick DiGiovanni|Cooking|Food|Chef|Recipe|Gordon Ramsay|Kitchen|ASMR|MasterChef|Osmo Salt|Salt Bae|Learn To Cook|Knife Drop|Cookbook|Kid-Friendly|Kid’s Recipes|Kid’s Cooking|steak|meat|expensive|YouTubers|MrBeast|Feastables|Jimmy Donaldson|Cooking Challenge|SpongeBob|Krusty Krab|Mr Krabs|Krabby Patty,Nick DiGiovanni,@NickDiGiovanni,UCMyOj6fhvKFMjxUCp3b_3gA,45900000,572,False,food,video,https://www.youtube.com/watch?v=Oa_oEcz7up0,en,2026-09-11
H0X4PZSFtak,I Cooked Against MrBeast,"Giving away $10,000 to THREE random subscribers!

 Subscribe before everyone else :)

╔═╦╗╔╦╗╔═╦═╦╦╦╦╗╔═╗
║╚╣║║║╚╣╚╣╔╣╔╣║╚╣═╣
╠╗║╚╝║║╠╗║╚╣║║║║║═╣
╚═╩══╩═╩═╩═╩╝╚╩═╩═╝

Follow for more:
https://www.youtube.com/@NicksKitchen
https://www.youtube.com/@chefnick
https://www.instagram.com/nick.digiovanni
https://www.facebook.com/nick.digiovanni
https://www.tiktok.com/@nick.digiovanni

Check out my favorite meals for a limited time only at Home Chef! https://bit.ly/4q8kB66",824,32597897,494214,63984,2024-07-13T16:00:13Z,People & Blogs,Nick DiGiovanni|Cooking|Food|Chef|Recipe|Gordon Ramsay|Kitchen|ASMR|MasterChef|Osmo Salt|Salt Bae|Learn To Cook|Knife Drop|Cookbook|Kid-Friendly|Kid’s Recipes|Kid’s Cooking|steak|meat|expensive|YouTubers|MrBeast|Feastables|Jimmy|Jimmy Donaldson|Chocolate|Cooking Challenge|Challenge|Beast,Nick DiGiovanni,@NickDiGiovanni,UCMyOj6fhvKFMjxUCp3b_3gA,45900000,572,False,food,video,https://www.youtube.com/watch?v=H0X4PZSFtak,en,2026-09-11
eUQZcXrciRA,50 Ways To Use A Watermelon,"You won't believe what we did with watermelon #50 ...

Subscribe before everyone else :)

╔═╦╗╔╦╗╔═╦═╦╦╦╦╗╔═╗
║╚╣║║║╚╣╚╣╔╣╔╣║╚╣═╣
╠╗║╚╝║║╠╗║╚╣║║║║║═╣
╚═╩══╩═╩═╩═╩╝╚╩═╩═╝

Follow for more:
https://www.youtube.com/@NicksKitchen
https://www.youtube.com/@chefnick
https://www.instagram.com/nick.digiovanni
https://www.facebook.com/nick.digiovanni
https://www.tiktok.com/@nick.digiovanni",2524,81824141,515677,19934,2024-06-22T16:00:35Z,People & Blogs,Nick DiGiovanni|Cooking|Food|Chef|Recipe|Gordon Ramsay|Kitchen|ASMR|MasterChef|Osmo Salt|Salt Bae|Learn To Cook|Knife Drop|Cookbook|Kid-Friendly|Kid’s Recipes|Kid’s Cooking|steak|meat|expensive|YouTubers|Watermelon|50|50 Ways|50 Ways To Use A Watermelon|Melon,Nick DiGiovanni,@NickDiGiovanni,UCMyOj6fhvKFMjxUCp3b_3gA,45900000,572,False,food,video,https://www.youtube.com/watch?v=eUQZcXrciRA,en,2026-09-11
ancIoAHp17A,I Reacted To My Entire MasterChef Season,"I can't believe the show ended like this...

Subscribe before everyone else :)

╔═╦╗╔╦╗╔═╦═╦╦╦╦╗╔═╗
║╚╣║║║╚╣╚╣╔╣╔╣║╚╣═╣
╠╗║╚╝║║╠╗║╚╣║║║║║═╣
╚═╩══╩═╩═╩═╩╝╚╩═╩═╝

Follow for more:
https://www.youtube.com/@NicksKitchen
https://www.youtube.com/@chefnick
https://www.instagram.com/nick.digiovanni
https://www.facebook.com/nick.digiovanni
https://www.tiktok.com/@nick.digiovanni",15871,25347824,424972,25381,2024-06-08T16:00:03Z,People & Blogs,Nick DiGiovanni|Cooking|Food|Chef|Recipe|Gordon Ramsay|Kitchen|ASMR|MasterChef|Osmo Salt|Salt Bae|Learn To Cook|Knife Drop|Cookbook|Kid-Friendly|Kid’s Recipes|Kid’s Cooking|steak|meat|expensive|YouTubers|Gordon|React|Reaction,Nick DiGiovanni,@NickDiGiovanni,UCMyOj6fhvKFMjxUCp3b_3gA,45900000,572,False,food,video,https://www.youtube.com/watch?v=ancIoAHp17A,en,2026-09-11
pP2_joPd23E,WTF Just Happened To The Housing Market?!,"To try out Rocket Money today and unlock more features with premium, head to: https://rocketmoney.com/graham  - Enjoy! Let's talk about the 2026 housing market, which areas are falling the most, and how mortgage rates affect affordability - Enjoy! Add me on Instagram: GPStephan

START BUILDING WEALTH WITH MY FREE NEWSLETTER: https://grahamstephan.substack.com

PROMOTIONAL OFFER: Get Up To 12 FREE STOCKS when you sign up and make a deposit using my paid affiliate link for WeBull: https://a.webull.com/i/GrahamStephan

HOUSING MARKET IS WEAKENING
The housing market is showing signs of slowdown, with 47 of the top 50 cities weakening and listing prices now below 2024 levels. Sellers outnumber buyers by over 600,000, homes are taking the longest time to sell in more than a decade, and searches like “can’t sell house” are hitting record highs. Rising mortgage rates are further reducing demand, creating a growing imbalance across the market.

LOCAL MARKETS ARE SPLITTING APART
Not all areas are declining equally. Cities like Miami, Austin, and Nashville have far more sellers than buyers, pushing prices down. Meanwhile, more affordable regions like Milwaukee and Newark still have strong demand and rising prices. Affordability relative to income is now the key driver of price performance.

OIL PRICES ARE DRIVING HOUSING COSTS
Oil prices are indirectly impacting housing by raising inflation expectations. Higher inflation pushes bond yields up, which increases mortgage rates. As rates rise, affordability drops significantly, reducing buyer demand and forcing price adjustments.

CONSTRUCTION COSTS ARE SURGING
Rising oil prices also increase construction costs, since materials and transportation rely heavily on energy. Materials like aluminum and steel have surged in price, and builders pass these costs onto buyers. This creates upward pressure on home prices even as demand weakens.

THE MARKET IS FREEZING, NOT CRASHING
Instead of prices immediately falling, housing markets tend to freeze. Sellers hold onto properties, transaction volume declines, and the slowdown becomes visible only over time. This creates a delayed effect where the market appears stable before cracks fully emerge.

REAL PRICES ARE ALREADY FALLING
Although nominal home prices may appear slightly higher, inflation-adjusted values are declining. With inflation outpacing home price growth, real housing values are dropping, marking a “real-terms correction” where affordability improves without a sharp crash.

WINNERS AND LOSERS ARE CLEAR
Affordable Midwest and Northeast markets are seeing the strongest growth due to limited supply and steady demand. Meanwhile, previously overheated markets like Florida, Texas, and parts of California are declining due to overbuilding, rising costs, and slowing migration.

CONDOS ARE HIT THE HARDEST
Condominiums are under the most pressure, with far more listings than buyers. Rising HOA fees and insurance costs, especially in states like Florida, are making them less attractive. Historically weaker appreciation also makes condos more vulnerable during downturns.

PRICE GROWTH IS STALLING
Recent data shows minimal home price growth, with some periods already turning negative. Forecasts for 2026 range from slight gains to zero appreciation, which, when adjusted for inflation, implies continued real declines in value.

POLICY SOLUTIONS HAVE LIMITED IMPACT
Proposed solutions like mortgage buybacks, banning institutional investors, portable mortgages, and building on federal land are unlikely to significantly improve affordability in the short term. Most either have minimal scale or long timelines before any real impact is felt.

THE ERA OF EASY MONEY IS OVER
The housing market is shifting from easy gains to a more disciplined environment. Investors and buyers must now focus on fundamentals like location, affordability, and long-term holding periods rather than relying on rapid appreciation.

OPPORTUNITIES WILL COME FROM PATIENCE
While the market is slowing, this creates opportunities for buyers who are prepared. Negotiation power is increasing, incentives from builders are rising, and renting while investing the difference may outperform buying in many areas. The market is normalizing, not collapsing, rewarding those who stay patient and strategic.

For business inquiries, you can reach me at *******************************

*Some of the links and other products that appear on this video are from companies which Graham Stephan will earn an affiliate commission or referral bonus. Graham Stephan is part of an affiliate network and receives compensation for sending traffic to partner sites. The content in this video is accurate as of the posting date. Some of the offers mentioned may no longer be available. This is not investment advice.",966,757285,17111,2118,2026-03-25T20:00:39Z,Education,investing|investing for beginners|investing in your 20s|how to invest|how to invest in real estate|how to invest in stocks|stock market investing|stock market investing for beginners|stock options|robinhood|robinhood app|best stock trading app|how to be a millionaire|how to be a millionaire in 3 years|credit score|credit score explained|credit card|credit cards for beginners|passive income|how to build wealth|how to build wealth in your 20s|real estate 101,Graham Stephan,@GrahamStephan,UCV6KDgJskWaEckne5aPA0aQ,5180000,1680,False,finance,video,https://www.youtube.com/watch?v=pP2_joPd23E,en,2026-09-11
wTFpxk0baZI,"BREAKING: Federal Reserve CANCELS Rate Cuts - Gas Prices Skyrocket, Stock Market Plummets!","Sign up for the Gemini Credit Card: https://Gemini.com/graham - Enjoy! Let's talk about The Federal Reserve Rate Meeting, The Economy, and what this means for housing and stock market prices - Thanks for watching! Add me on Instagram: GPStephan

START BUILDING WEALTH WITH MY FREE NEWSLETTER: https://grahamstephan.substack.com

OIL IS DRIVING EVERYTHING
Rising oil prices are the root cause of the current market stress. Since oil impacts transportation, manufacturing, food production, and logistics, a spike increases costs across the entire economy. A 10% rise in oil can quickly push inflation higher, which then gets passed directly to consumers through higher prices.

THE FED IS STUCK
The Federal Reserve faces a difficult situation. The economy is slowing and would benefit from lower rates, but rising inflation from oil prevents that. This creates a potential stagflation scenario, where growth weakens while prices rise, limiting the Fed’s ability to respond.

WHY THE MARKET IS FALLING
The selloff is being driven by a mix of rising oil, inflation fears, geopolitical tension, and uncertainty. However, markets are already slightly off highs, and historically, pullbacks like this are common and happen multiple times per year.

HISTORICALLY, PANIC DOESN’T LAST
Data shows that geopolitical shocks tend to cause short-term declines, but markets usually recover within months. On average, losses are modest initially, followed by gains over the next six months as uncertainty fades.

BITCOIN SHOWING STRENGTH
Despite prior declines, Bitcoin has recently outperformed stocks and gold. Long-term holders are selling less, and negative sentiment indicators suggest a potential bottom, signaling increasing stability and renewed demand.

HOUSING IS BALANCING OUT
Housing affordability remains poor, but rising inventory and slowing demand are stabilizing prices. Growth is expected to be flat, with some areas seeing price cuts and longer listing times. Buyers now have more negotiating power, though high mortgage rates still limit affordability.

RATE CUTS ARE ON HOLD
The Fed has paused rate cuts due to inflation risks. Political pressure and leadership uncertainty add complexity, but the likely outcome is higher rates for longer unless the economy sharply deteriorates.

UNCERTAINTY IS THE REAL ISSUE
Markets are reacting more to uncertainty than fundamentals. Key questions remain around oil prices, economic spillover, and global stability. Once clarity returns, markets historically rebound.

LONG-TERM STRATEGY STILL WINS
Despite short-term volatility, the broader takeaway is unchanged: staying invested and consistent has historically outperformed panic selling. The biggest risk is missing the recovery, which often happens when sentiment is at its worst.
 
My ENTIRE Camera and Recording Equipment: 
https://www.amazon.com/shop/grahamstephan?listId=2TNWZ7RP1P1EB

For business inquiries, you can reach me at *******************************

*Some of the links and other products that appear on this video are from companies which Graham Stephan will earn an affiliate commission or referral bonus. Graham Stephan is part of an affiliate network and receives compensation for sending traffic to partner sites. The content in this video is accurate as of the posting date. Some of the offers mentioned may no longer be available. This is not investment advice.

This video is sponsored by Gemini. All opinions expressed are my own and not influenced or endorsed by Gemini. Gemini-branded credit products are issued by WebBank. For more information regarding fees, interest, and other cost information, see Rates & Fees: gemini.com/legal/cardholder-agreement

Some exclusions apply to instant rewards; these are deposited when the transaction posts. 4% back is available on up to $300 in spend per month for a year (then 1% on all other Gas, EV charging, and transit purchases that month). Spend cycle will refresh on the 1st of each calendar month. See Rewards Program Terms for details: gemini.com/legal/credit-card-rewards-agreement

Checking if you’re eligible will not impact your credit score. If you’re eligible and choose to proceed, a hard credit inquiry will be conducted that can impact your credit score. Eligibility does not guarantee approval.
Analysis reflects Gemini Credit Card holders who earned bitcoin rewards between 10/08/2021 and 10/05/2024 and held all such rewards in their Gemini account through 10/05/2025. Calculation is based on bitcoin market value changes during the holding period.

Individual results will vary depending on spend behavior, chosen rewards currency, holding duration, and market performance. Past performance is not indicative of future results. This information is for general informational purposes only and does not constitute investment advice.",959,340458,10285,909,2026-03-18T20:01:02Z,Education,investing|investing for beginners|investing in your 20s|how to invest|how to invest in real estate|how to invest in stocks|stock market investing|stock market investing for beginners|stock options|robinhood|robinhood app|best stock trading app|how to be a millionaire|how to be a millionaire in 3 years|credit score|credit score explained|credit card|credit cards for beginners|passive income|how to build wealth|how to build wealth in your 20s|real estate 101,Graham Stephan,@GrahamStephan,UCV6KDgJskWaEckne5aPA0aQ,5180000,1680,False,finance,video,https://www.youtube.com/watch?v=wTFpxk0baZI,en,2026-09-11
DLiJDkQciRs,The Stock Market Crash Has Begun - Do THIS ASAP!,"Go to https://surfshark.com/graham or use code GRAHAM at checkout to get 4 extra months of Surfshark VPN! | Let's talk about the market selloff and what this means for your money - Enjoy! Add me on Instagram: GPStephan

PROMOTIONAL OFFER: Sign up for Public.com and enjoy FREE research, stock trading, and a special bonus: https://secure.moneymatchup.com/public-graham

START BUILDING WEALTH WITH MY FREE NEWSLETTER: https://grahamstephan.substack.com

PREVIOUS MARKET DROPS: 

Year 1907: -50% Drop
This was a time when the stock market dropped 50% after the 1906 San Fransisco Earthquake, when heavy insurance payouts caused people to withdraw their gold from the banks. Afterwards, the market surged 193% in the next 4 years. 

Year 1929: -83% Drop
Back then, the issue was that banks were lending out money so loosely, that nearly anyone could go and borrow money to invest with, with the expectation that - everything just keeps going up. However, once the stock market showed even the slightest glimpse of vulnerability, people began selling and pulling their money out from banks for fear that they would go out of business. That led to the stock market dropping 83% over 2.8 years, with a nearly 25% unemployment rate. In fact, the market didn’t fully recover for nearly 20 years - at which point, the economy enjoyed almost 14 years of consistent economic growth, averaging a gain of over 815% during that timeframe.

Year 1945: -22% Drop In 6 Months
This occurred as Veterans re-entered the work force and began competing for a limited supply of jobs - afterwards, we saw a 15 year long increase in the stock market, with prices rising over 935%.

Year 1974: -42% Drop
This occurred when President Nixon removed us from The Gold Standard, which linked the value of our dollar to the value of gold. However, this led to runaway inflation, the Federal Reserve raised rates to prevent prices from skyrocketing out of control, and that inadvertently caused prices of nearly everything to drop. But like clockwork - the markets continued climbing over the following 13 years, with an average gain of 845%.

Year 1987: 22% Drop In One Day
This is known as Black Monday of 1987 - although that was short lived, and not too much later, the markets rebounded and continued a climb of over 800% over the next 13 years. 

Year 2001: -40-80% Decline During 'The Dotcom Bubble'
This was caused by a frenzy of speculation for internet related companies that eventually popped. Yet, despite this - the market still rebounded, and we saw over 5 years of almost 110% growth.

Year 2009: The Great Recession - 50% Drop
This resulted in a 50% market drop across several years, although prices later surged during 'The Greatest Bull Market In History.' 

Year 2020: The Illness Crash - 30% Drop
This resulted in a 30% market drop, although the Federal Reserve stepped in, printed a LOT of money, and prices rose another 125% over the next few years. 

Year 2025: The Trump Tariff - 20%?

Even though it’s easy to think that “Events like this are completely unique and unexpected” - the reality is, they happen more often than you'd expect. Throughout the last 80 years, there is SOMETHING that consistently happens which causes a stock market sell off. But, overtime - eventually - it recovers, and we continue moving on as normal. 

So far, tried and true method, throughout the entire history of the stock market, that has proven successful - is just to BUY AND HOLD for a period of 20-30 years. 

If you own stocks, and you intend to hold them for the next few decades - then, why would it matter if the prices drop 30%? RICHES ARE MADE IN RECESSIONS. We shouldn’t try to time these recessions by any means - but, if prices do happen to drop, it’s an opportunity. We shouldn’t panic, we shouldn’t be concerned, we should continue buying as normal and just see this as “I’m getting this on sale, I’m saving money."" 

My ENTIRE Camera and Recording Equipment: 
https://www.amazon.com/shop/grahamstephan?listId=2TNWZ7RP1P1EB

For business inquiries, you can reach me at *******************************

*Some of the links and other products that appear on this video are from companies which Graham Stephan will earn an affiliate commission or referral bonus. Graham Stephan is part of an affiliate network and receives compensation for sending traffic to partner sites. The content in this video is accurate as of the posting date. Some of the offers mentioned may no longer be available. This is not investment advice.",782,371178,12637,890,2026-03-12T18:32:38Z,Education,investing|investing for beginners|investing in your 20s|how to invest|how to invest in real estate|how to invest in stocks|stock market investing|stock market investing for beginners|stock options|robinhood|robinhood app|best stock trading app|how to be a millionaire|how to be a millionaire in 3 years|credit score|credit score explained|credit card|credit cards for beginners|passive income|how to build wealth|how to build wealth in your 20s|real estate 101,Graham Stephan,@GrahamStephan,UCV6KDgJskWaEckne5aPA0aQ,5180000,1680,False,finance,video,https://www.youtube.com/watch?v=DLiJDkQciRs,en,2026-09-11
uRqgfJkbAao,BREAKING: OIL PRODUCTION JUST SHUT DOWN - What It Means For Your Money!,"Take your personal data back with Incogni! Use code GRAHAM at the link below and get 60% off an annual plan: https://incogni.com/graham | Let's discuss the ongoing conflict, and what this means for oil prices, the stock market, and mortgage prices - Add me on Instagram: GPStephan

START BUILDING WEALTH WITH MY FREE NEWSLETTER: https://grahamstephan.substack.com

CHECK OUT PATREON FOR MORE INVESTING VIDEOS: https://www.patreon.com/c/grahamstephan

MY RECOMMENDATION FOR STOCK TRADING: https://secure.moneymatchup.com/public-graham

U.S.–Iran Tensions Escalate
Over the past 48 hours, coordinated strikes by the United States and Israel targeted Iranian nuclear infrastructure, command facilities, and naval assets. Iran responded with retaliatory actions affecting regional military positions and nearby alliances. With tensions expected to continue for weeks, the next few days will determine whether the situation stabilizes or intensifies, with major implications for the global economy.

Why Markets Are Reacting
Investors are growing nervous because escalating tensions in a major energy region can ripple through oil, shipping, and trade. When supply routes are threatened, energy costs rise, transportation becomes more expensive, and inflation pressures increase. These cascading effects can influence everything from grocery prices to manufacturing costs, making this more than a regional issue.

The Strait of Hormuz: A Critical Chokepoint
At the center of concern is the Strait of Hormuz, a narrow waterway linking the Persian Gulf to global markets. Roughly one-fifth of the world’s oil and one-third of liquefied natural gas pass through this route daily. Iran has the geographic ability to disrupt traffic through the strait, and recent threats have raised fears of restricted passage. Even partial disruption could significantly impact global energy supply and pricing.

Why Energy Flow Matters Worldwide
Although much of the oil passing through the strait heads to Asia, keeping it moving helps stabilize global supply and pricing. If shipments slow or stop, the reduced availability pushes prices higher everywhere. The legal framework allowing ships to pass, known as “transit passage,” depends on cooperation, and uncertainty around compliance adds to market anxiety.

Oil Prices and Inflation Risks
The United States consumes about 20 million barrels of oil per day and still relies on imports to meet demand. Any disruption could raise crude prices, increase shipping costs, and make transportation and raw materials more expensive. Analysts estimate that every $10 increase per barrel can add roughly 0.2 percentage points to inflation. Even the risk of disruption has already caused sharp price swings.

Three Possible Paths Forward
Containment: Tensions ease within days or weeks. Oil rises modestly, inflation impact is limited, and markets stabilize.
Extended Esc alation: Disruptions persist, insurance and shipping costs climb, inflation pressures return, and economic growth slows. Central banks may face a difficult balance between inflation control and economic support.
Shipping Shutdown: A full blockage would remove millions of barrels per day from global supply. Prices for fuel, food, shipping, and consumer goods could rise quickly due to higher transport and fertilizer costs.

How This Could Affect Everyday Costs
Energy costs influence nearly every product delivered to consumers. Higher fuel prices increase transportation expenses, which can raise prices for groceries, household goods, and building materials. Fertilizer shipments passing through the region also affect food production costs. Even moderate price increases could add hundreds of dollars per year to household budgets.

Currency, Rates, and Housing Effects
During geopolitical stress, the U.S. dollar often strengthens as investors seek stability. Treasury yields may fall in the short term, which can ease mortgage rates. However, sustained inflation pressures could keep rates elevated later. 

What History Suggests About Markets
Historically, markets often recover from geopolitical shocks. Data shows equities are frequently higher six months after major global events. Midterm election years can see larger pullbacks, but the year following those lows has historically produced strong rebounds. This perspective suggests that long-term investors often benefit from staying disciplined rather than reacting emotionally.

For business inquiries, you can reach me at *******************************

*Some of the links and other products that appear on this video are from companies which Graham Stephan will earn an affiliate commission or referral bonus. Graham Stephan is part of an affiliate network and receives compensation for sending traffic to partner sites. The content in this video is accurate as of the posting date. Some of the offers mentioned may no longer be available. This is not investment advice.",865,208992,6533,663,2026-03-02T17:45:03Z,Education,investing|investing for beginners|investing in your 20s|how to invest|how to invest in real estate|how to invest in stocks|stock market investing|stock market investing for beginners|stock options|robinhood|robinhood app|best stock trading app|how to be a millionaire|how to be a millionaire in 3 years|credit score|credit score explained|credit card|credit cards for beginners|passive income|how to build wealth|how to build wealth in your 20s|real estate 101,Graham Stephan,@GrahamStephan,UCV6KDgJskWaEckne5aPA0aQ,5180000,1680,False,finance,video,https://www.youtube.com/watch?v=uRqgfJkbAao,en,2026-09-11
jhDfq9sj-u8,The AI Collapse Is MUCH Worse Than You Think,"Sign up for the Gemini Credit Card: https://Gemini.com/graham | Let's talk about the AI crisis, the 2026 economy, and how you could use this information to build wealth - Enojy! Add me on Instagram: GPStephan

CHECK OUT PATREON FOR MORE INVESTING VIDEOS: https://www.patreon.com/c/grahamstephan

START BUILDING WEALTH WITH MY FREE NEWSLETTER: https://grahamstephan.substack.com

AI Masterclass - https://x.com/thetripathi58/status/2022700224448459155

AI Crash Warning: The 2028 Intelligence Crisis
A controversial research scenario warns that AI could trigger a major economic downturn. The theory predicts markets peaking around 2026 before a severe decline, rising unemployment, collapsing consumer spending, and mortgage stress. 

The Intelligence Displacement Spiral
As AI replaces white-collar roles, displaced workers lose income and cut spending. Businesses then invest more in automation to reduce costs, causing further layoffs and weaker demand. Unlike past recessions, this cycle could reinforce itself because the technology driving it keeps improving and getting cheaper.

Phase 1: Software Collapse
AI coding tools may allow companies to build internal software instead of paying large SaaS fees. Pricing pressure and cancellations could hurt platforms and trigger layoffs as firms cut costs and automate operations.

Phase 2: Zero-Friction Economy
AI agents could handle shopping, insurance, taxes, travel, and financial decisions. Fees and commissions shrink, payment rails shift to low-cost settlement, and traditional intermediaries face revenue pressure.

Phase 3: Wage Compression & Service Flood
High-income professionals forced into lower-pay work increase labor supply in service sectors, pushing wages down. Since top earners drive a large share of spending, income losses ripple through the economy.

Phase 4: Private Credit Stress
Software and tech debt funded during growth years could deteriorate as AI disrupts business models. Some financing structures involve retirement and insurance assets, potentially exposing everyday savers.

Phase 5: Mortgage & Housing Pressure
Income loss and forced selling could weaken housing markets, even among prime borrowers. The concern is not bad loans, but changing economic conditions after loans were issued.

Evidence Supporting the Risk
Executives and researchers warn AI may eliminate significant white-collar work. Hiring declines, tech layoffs, and private credit vulnerabilities suggest early signs of disruption, though outcomes remain uncertain.

The Counter Scenario: Intelligence Boom
Critics argue technological change historically creates new work and unfolds slowly. Automation fears in the 1960s, the internet era, and crypto disruption were overstated. Lower costs from AI could boost consumer spending and enable entrepreneurship.

Why the Timeline May Be Overstated
Businesses adapt, workers retrain, and new industries emerge. Current data shows limited macro job impact so far, and some layoffs attributed to AI may reflect broader economic pressures.

What This Means for You
Diversify income sources, learn AI tools, keep investing with a long-term mindset, maintain a strong emergency fund, and avoid panic decisions. Technological change brings disruption, but adaptation and preparation reduce risk.

For business inquiries, you can reach me at *******************************

This video is sponsored by Gemini. All opinions expressed are my own and not influenced or endorsed by Gemini. Gemini-branded credit products are issued by WebBank. For more information regarding fees, interest, and other cost information, see Rates & Fees: gemini.com/legal/cardholder-agreement

Some exclusions apply to instant rewards; these are deposited when the transaction posts. 4% back is available on up to $300 in spend per month for a year (then 1% on all other Gas, EV charging, and transit purchases that month). Spend cycle will refresh on the 1st of each calendar month. See Rewards Program Terms for details: gemini.com/legal/credit-card-rewards-agreement

Checking if you’re eligible will not impact your credit score. If you’re eligible and choose to proceed, a hard credit inquiry will be conducted that can impact your credit score. Eligibility does not guarantee approval.
Analysis reflects Gemini Credit Card holders who earned bitcoin rewards between 10/08/2021 and 10/05/2024 and held all such rewards in their Gemini account through 10/05/2025. Calculation is based on bitcoin market value changes during the holding period.

Individual results will vary depending on spend behavior, chosen rewards currency, holding duration, and market performance. Past performance is not indicative of future results. This information is for general informational purposes only and does not constitute investment advice.

* The content in this video is accurate as of the posting date. Some of the offers mentioned may no longer be available. This is not investment advice.",925,341544,12502,1156,2026-02-27T21:01:00Z,Education,investing|investing for beginners|investing in your 20s|how to invest|how to invest in real estate|how to invest in stocks|stock market investing|stock market investing for beginners|stock options|robinhood|robinhood app|best stock trading app|how to be a millionaire|how to be a millionaire in 3 years|credit score|credit score explained|credit card|credit cards for beginners|passive income|how to build wealth|how to build wealth in your 20s|real estate 101,Graham Stephan,@GrahamStephan,UCV6KDgJskWaEckne5aPA0aQ,5180000,1680,False,finance,video,https://www.youtube.com/watch?v=jhDfq9sj-u8,en,2026-09-11
AMAQHn555fM,"""I Just Turned $12 Into $200,000!"" – WTF Is Happening To Investing?!","Go to https://surfshark.com/graham or use code GRAHAM at checkout to get 4 extra months of Surfshark VPN! Let's discuss the Polymarket and Kalshi Prediction Markets, and why so many investors lose money - Enjoy! Add me on Instagram: GPStephan

START BUILDING WEALTH WITH MY FREE NEWSLETTER: https://grahamstephan.substack.com

-EXTRA INVESTING CONTENT ON PATREON: https://www.patreon.com/c/grahamstephan

WHY RISKY BETS FEEL RATIONAL
Younger generations are increasingly abandoning traditional saving and investing because the math feels hopeless. Wages trail inflation, housing feels unattainable, and compounding looks too slow to change their trajectory. When the future appears out of reach, high-upside bets stop looking reckless and start feeling like the only path forward.

FROM INVESTING TO “BETTING” CULTURE
Instead of building portfolios, more people are chasing moonshots. Stories of traders turning tiny amounts into life-changing sums and claims of hidden strategies fuel the belief that a small edge can beat the system. The result is a shift from long-term investing to outcome-based speculation.

THE PREDICTION MARKET LOOPHOLE
Prediction markets operate legally as event-based futures contracts rather than gambling. Participants trade on outcomes such as elections, entertainment results, or economic events. Because there’s no house edge and prices move with sentiment, they are framed as hedging tools rather than bets.

HEDGING VS SPECULATION
In theory, these markets allow individuals or businesses to offset risk. In practice, most users aren’t hedging income or portfolios. They’re speculating on outcomes, attracted by leverage and the ability to cash out early.

WHY THEY FEEL FAIRER THAN STOCKS
Retail traders often feel disadvantaged in traditional markets dominated by institutions and algorithms. Prediction markets seem simpler and more transparent. People can bet on outcomes they understand rather than analyze financial statements they were never taught to read.

MONEY IS SHIFTING FROM SAVINGS TO BETTING
As savings rates decline, betting dollars increasingly come from funds that once went into long-term investments. 

MOST PEOPLE LOSE, FEW WIN BIG
Data suggests the majority of traders lose money while a tiny minority capture most profits. Loss rates can exceed those seen in traditional gambling. Platforms earn from trading volume, ensuring activity continues regardless of user outcomes.

THE GAMIFICATION EFFECT
Modern platforms borrow behavioral design tactics that encourage frequent trading and engagement. Increased activity benefits platforms financially, while frequent speculation tends to worsen investor outcomes.

ZERO-SUM VS WEALTH-BUILDING
Traditional investing builds wealth through ownership of productive assets that generate cash flow and grow over time. Prediction markets are zero-sum. One participant’s gain requires another’s loss, with no expanding economic pie.

INSIDER EDGE AND INFORMATION ASYMMETRY
Markets often reward better information. While insider trading laws are murkier for event contracts, well-informed traders and sophisticated participants hold structural advantages over casual users.

ACCURACY AND TRUTH-SEEKING
Prediction markets can be remarkably accurate indicators of probability because financial stakes incentivize truthful pricing. However, accuracy does not translate into profitability for the average participant.

THE BROADER SOCIAL IMPACT
Where betting expands, some households reduce savings, increase debt, and weaken financial stability. When speculation replaces investing, long-term wealth building suffers.

WHY MOONSHOTS FEEL TEMPTING
For those who feel financially behind, a low-probability, high-reward bet can feel more appealing than slow, incremental progress. This emotional calculus drives participation even when the odds are unfavorable.

REALISTIC GUIDELINES FOR PARTICIPATION
Treat speculative trading as entertainment with strict limits. Never confuse luck with skill. Durable wealth is far more likely to come from emergency savings, avoiding high-interest debt, consistent investing, and income growth.

THE CORE DIFFERENCE THAT MATTERS
Speculation requires someone else to lose for you to win. Long-term investing allows wealth to grow collectively. Those who quietly invest over time often achieve the financial freedom others try to gamble into.

My ENTIRE Camera and Recording Equipment: 
https://www.amazon.com/shop/grahamstephan?listId=2TNWZ7RP1P1EB

For business inquiries, you can reach me at *******************************

*Some of the links and other products that appear on this video are from companies which Graham Stephan will earn an affiliate commission or referral bonus. Graham Stephan is part of an affiliate network and receives compensation for sending traffic to partner sites. The content in this video is accurate as of the posting date. Some of the offers mentioned may no longer be available. This is not investment advice.",1031,243462,7047,525,2026-02-23T21:01:14Z,Education,investing|investing for beginners|investing in your 20s|how to invest|how to invest in real estate|how to invest in stocks|stock market investing|stock market investing for beginners|stock options|robinhood|robinhood app|best stock trading app|how to be a millionaire|how to be a millionaire in 3 years|credit score|credit score explained|credit card|credit cards for beginners|passive income|how to build wealth|how to build wealth in your 20s|real estate 101,Graham Stephan,@GrahamStephan,UCV6KDgJskWaEckne5aPA0aQ,5180000,1680,False,finance,video,https://www.youtube.com/watch?v=AMAQHn555fM,en,2026-09-11
6M0j314e4gY,“America’s $38 Trillion Financial Reset Has Begun - Do This Now!” Ray Dalio’s Final Warning,"Sign up for the Gemini Credit Card: https://Gemini.com/graham | Let's discuss the Broken World Order, The Ray Dalio Warning, and what this means for your personal finances - Enjoy! Add me on Instagram: GPStephan

Ray Dalio's Full Article Here: https://x.com/RayDalio/status/2022788750388998543

START BUILDING WEALTH WITH MY FREE NEWSLETTER: https://grahamstephan.substack.com

THE WORLD ORDER WARNING
Ray Dalio argues the global system isn’t approaching change, it’s already undergoing it. His long-standing thesis is that major empires follow predictable cycles. Since his 2022 warning, inflation surged, asset prices spiked, precious metals climbed, and geopolitical tensions intensified. Dalio now says the world order has “broken down,” signaling entry into the final debt cycle where consequences become harder to reverse. The key idea: massive economic shifts rarely hurt those who anticipate them. They hurt those who assume nothing is changing.

THE SIX-STAGE ECONOMIC CYCLE
Dalio outlines a repeatable sequence. A new order begins after crisis resets the system. Growth follows with rising prosperity and innovation. Peak power arrives as wealth and global influence expand, but debt and inequality build beneath the surface. Financial imbalances emerge as debt outpaces income and speculation replaces productivity. Conflict and disorder then rise internally and externally. Finally, a new world order forms through debt restructuring, currency devaluation, or power shifts. The cycle then repeats. Dalio believes the U.S. and global system are late in this progression.

THE FIVE TYPES OF GLOBAL CONFLICT
Before military intervention, competition escalates in subtler ways. Trade conflict use tariffs and supply chain restrictions. Technology conflict center on AI, semiconductors, and energy dominance. Capital conflict use sanctions and financial systems. 

THE DEBT CRISIS RISK
Historically, governments facing unsustainable debt inflate it away by printing money, weakening currency value and eroding purchasing power. Dalio warns debt crises unfold gradually, then suddenly. He favors hard assets such as gold in late-cycle environments, noting traditional bonds often fail to offset inflation losses.

THREE POSSIBLE FUTURES
A disorderly decline could involve currency devaluation, market losses, and global power shifts. A managed decline would require bipartisan fiscal reform and international cooperation, preserving stability with slower growth. Renewal, the least likely scenario, would require unity, investment, and productivity breakthroughs. Some suggest AI could boost productivity enough to ease debt pressure, but only if gains are widely shared.

WHAT THIS MEANS FOR INVESTORS
Dalio’s framework suggests preparation rather than panic. Cycles unfold over decades, not months. The broader message is not inevitability of collapse, but adaptation: those who stay flexible and prepared tend to benefit most during periods of global transition.

This video is sponsored by Gemini. All opinions expressed are my own and not influenced or endorsed by Gemini.

Gemini-branded credit products are issued by WebBank. For more information regarding fees, interest, and other cost information, see Rates & Fees: gemini.com/legal/cardholder-agreement

Some exclusions apply to instant rewards; these are deposited when the transaction posts. 4% back is available on up to $300 in spend per month for a year (then 1% on all other Gas, EV charging, and transit purchases that month). Spend cycle will refresh on the 1st of each calendar month. See Rewards Program Terms for details: gemini.com/legal/credit-card-rewards-agreement

Checking if you’re eligible will not impact your credit score. If you’re eligible and choose to proceed, a hard credit inquiry will be conducted that can impact your credit score. Eligibility does not guarantee approval.
Analysis reflects Gemini Credit Card holders who earned bitcoin rewards between 10/08/2021 and 10/05/2024 and held all such rewards in their Gemini account through 10/05/2025. Calculation is based on bitcoin market value changes during the holding period.

Individual results will vary depending on spend behavior, chosen rewards currency, holding duration, and market performance. Past performance is not indicative of future results. This information is for general informational purposes only and does not constitute investment advice.

For business inquiries, you can reach me at *******************************

*Some of the links and other products that appear on this video are from companies which Graham Stephan will earn an affiliate commission or referral bonus. Graham Stephan is part of an affiliate network and receives compensation for sending traffic to partner sites. The content in this video is accurate as of the posting date. Some of the offers mentioned may no longer be available. This is not investment advice.",969,446067,12663,1064,2026-02-18T17:00:09Z,Education,investing|investing for beginners|investing in your 20s|how to invest|how to invest in real estate|how to invest in stocks|stock market investing|stock market investing for beginners|stock options|robinhood|robinhood app|best stock trading app|how to be a millionaire|how to be a millionaire in 3 years|credit score|credit score explained|credit card|credit cards for beginners|passive income|how to build wealth|how to build wealth in your 20s|real estate 101,Graham Stephan,@GrahamStephan,UCV6KDgJskWaEckne5aPA0aQ,5180000,1680,False,finance,video,https://www.youtube.com/watch?v=6M0j314e4gY,en,2026-09-11
zZmcCQFu98k,It’s Begun: You Have 5 Years Left To Get Rich,"Sign up for the Gemini Credit Card: https://Gemini.com/graham | Let's discuss The AI Reset, how to invest / build wealth in 2026, and why this might be your 'last chance' to get rich - Enjoy! Add me on Instagram: GPStephan

START BUILDING WEALTH WITH MY FREE NEWSLETTER: https://grahamstephan.substack.com

THE FIVE-YEAR WEALTH WINDOW
Most people think they’re running out of money but the bigger issue is that the window to build wealth is narrowing. Artificial intelligence is accelerating faster than any prior technology shift, and as it does, it’s concentrating economic upside into fewer hands

THE AI RESET
We’re entering an economy where human labor is losing relative value faster than expected. As AI systems approach the ability to perform most cognitive tasks cheaper, faster, and continuously, ownership rather than effort becomes the primary source of wealth. If you own productive assets, AI acts as leverage. 

WINNER-TAKES-MORE ECONOMICS
AI enables a small number of individuals or firms to produce the output of entire teams. That shifts returns toward top performers and capital owners, creating a more extreme K-shaped economy. 

WEALTH IS MOVING PRIVATE
By the time assets are widely accessible, much of the upside has already been captured. That makes broad participation harder and raises the cost of entry for everyday investors trying to build long-term wealth.

HOUSING AS A BARRIER, NOT A LADDER
Homeownership, once the backbone of middle-class wealth, is now at record-low affordability. High prices, higher rates, and constrained supply make it far harder to use housing as a stepping stone. 

THE AI EXPANSION GAP
The gap between people who use AI and those who don’t is widening rapidly. Even modest productivity gains compound into faster promotions, higher income, and greater investing capacity. Early adoption matters because once AI becomes standard, the advantage disappears.

THE GREAT DECOUPLING
Employers need fewer people to generate the same output, reducing bargaining power for labor while lowering barriers for individuals who know how to leverage technology independently.

THE OPPORTUNITY PARADOX
AI lowers the cost of building businesses, products, and income streams. But this window may be temporary.

THE AI GOLDEN AGE POSSIBILITY
Every major technology so far has created more opportunity than it destroyed. AI could massively increase abundance, reduce costs, and raise baseline living standards. 

WHAT ACTUALLY WORKS NOW
The practical response isn’t fear. It’s positioning. That means learning skills AI can’t fully replace, using AI to multiply output, diversifying income streams, and systematically converting income into ownership. Lowering fixed expenses increases flexibility, and deep, uninterrupted focus becomes a rare competitive edge.

THE BIG PICTURE
Five years from now, the economy may stabilize into a new normal, but early movers will already be positioned. The real question isn’t whether AI changes everything. It’s whether you act before the advantage disappears. 

This video is sponsored by Gemini. All opinions expressed are my own and not influenced or endorsed by Gemini.
Gemini-branded credit products are issued by WebBank. For more information regarding fees, interest, and other cost information, see Rates & Fees: gemini.com/legal/cardholder-agreement

Some exclusions apply to instant rewards; these are deposited when the transaction posts. 4% back is available on up to $300 in spend per month for a year (then 1% on all other Gas, EV charging, and transit purchases that month). Spend cycle will refresh on the 1st of each calendar month. See Rewards Program Terms for details: gemini.com/legal/credit-card-rewards-agreement

Checking if you’re eligible will not impact your credit score. If you’re eligible and choose to proceed, a hard credit inquiry will be conducted that can impact your credit score. Eligibility does not guarantee approval.

Analysis reflects Gemini Credit Card holders who earned bitcoin rewards between 10/08/2021 and 10/05/2024 and held all such rewards in their Gemini account through 10/05/2025. Calculation is based on bitcoin market value changes during the holding period.

Individual results will vary depending on spend behavior, chosen rewards currency, holding duration, and market performance. Past performance is not indicative of future results. This information is for general informational purposes only and does not constitute investment advice.

For business inquiries, you can reach me at *******************************

*Some of the links and other products that appear on this video are from companies which Graham Stephan will earn an affiliate commission or referral bonus. Graham Stephan is part of an affiliate network and receives compensation for sending traffic to partner sites. The content in this video is accurate as of the posting date. Some of the offers mentioned may no longer be available. This is not investment advice.",899,443663,17154,1540,2026-02-09T21:01:07Z,Education,investing|investing for beginners|investing in your 20s|how to invest|how to invest in real estate|how to invest in stocks|stock market investing|stock market investing for beginners|stock options|robinhood|robinhood app|best stock trading app|how to be a millionaire|how to be a millionaire in 3 years|credit score|credit score explained|credit card|credit cards for beginners|passive income|how to build wealth|how to build wealth in your 20s|real estate 101,Graham Stephan,@GrahamStephan,UCV6KDgJskWaEckne5aPA0aQ,5180000,1680,False,finance,video,https://www.youtube.com/watch?v=zZmcCQFu98k,en,2026-09-11
diE19xlDfqo,WTF Is Happening To Bitcoin?!,"Take your personal data back with Incogni! Use code GRAHAM at the link below and get 60% off an annual plan: https://incogni.com/graham | Let's talk about Bitcoin, why the price is falling, and what this means for the future - Enjoy! Add me on Instagram: GPStephan

START BUILDING WEALTH WITH MY FREE NEWSLETTER: https://grahamstephan.substack.com

BITCOIN REALITY CHECK
After being the best-performing asset of 2024 and the last decade, Bitcoin is now down roughly 45% from its all-time high. Liquidations are wiping out leveraged investors, sentiment has flipped fast, and even the largest holders are sitting on paper losses. 

THIS SELLOFF IS NOT RANDOM
The decline is being driven by a mix of macro and structural forces rather than retail panic. Investors are moving risk-off as valuations across markets remain stretched, interest rates stay higher for longer, and speculative assets lose appeal. Bitcoin, which benefited from optimism and liquidity, is now behaving like a leveraged risk asset rather than a defensive hedge.

A STRONGER DOLLAR IS A PROBLEM FOR BITCOIN
Bitcoin is often bought as protection against inflation and money printing. When the U.S. dollar strengthens, that narrative weakens. As the dollar gains purchasing power, demand for alternative stores of value drops, putting additional pressure on Bitcoin prices.

ETFs ARE ACCELERATING THE DOWNSIDE
Bitcoin ETFs amplify both rallies and crashes. When money flows in, ETFs buy Bitcoin and push prices higher. When investors exit, ETFs are forced to sell Bitcoin, pushing prices lower and triggering a feedback loop. This creates faster, more aggressive drawdowns than in prior cycles.

THE GOOD NEWS IS ALREADY PRICED IN
Much of the bullish narrative has already played out. ETF approvals, regulatory optimism, and expectations of easy money are no longer new catalysts. At the same time, regulatory uncertainty and political risk remain, limiting upside enthusiasm and reducing speculative demand.

CONFIDENCE IN BITCOIN’S ROLE IS FADING
Bitcoin has not reliably acted as a hedge during market stress. While gold surged, Bitcoin fell, leading many investors to question its role in a portfolio. Analysts increasingly describe the selloff as a loss of conviction rather than a one-off shock.

THE CORE RISKS ARE REAL
Critics like Warren Buffett and Charlie Munger argue Bitcoin produces no cash flow, has no intrinsic yield, and relies purely on someone else paying more. Others warn it could eventually become obsolete or heavily regulated. These criticisms explain why Bitcoin remains highly speculative, regardless of past performance.

BUT OPINIONS HAVE SHIFTED OVER TIME
Some former skeptics now acknowledge Bitcoin’s potential as a financial instrument, while prominent bulls still project massive long-term upside. The divide highlights the uncertainty. Bitcoin’s future depends on adoption, regulation, and relevance within a changing financial system.

HISTORY SHOWS EXTREME VOLATILITY IS NORMAL
Bitcoin has repeatedly fallen 50–90% before recovering. These cycles follow a familiar pattern: hype, parabolic growth, collapse, long periods of boredom, then renewed interest. Past recoveries do not guarantee future ones, but they explain why extreme drawdowns are not unusual.

MICHAEL SAYLOR AND QUANTUM FEARS ARE OVERSTATED
MicroStrategy’s Bitcoin holdings are funded largely through long-term convertible debt, not margin loans, making forced liquidation unlikely. Quantum computing remains a theoretical risk far in the future, and Bitcoin could adapt long before it becomes a real threat.

A RATIONAL APPROACH TO BITCOIN
The most disciplined strategy is small position sizing, long-term thinking, and emotional control. Overconfidence, greed, fear, and regret are the biggest threats to returns. Bitcoin can offer asymmetric upside, but only if losses are survivable and expectations are realistic.

THE BOTTOM LINE
Bitcoin is not dead, but it is not a safe haven or a shortcut to wealth. It is a volatile, speculative asset with no guarantees. Discipline matters more than conviction, position size matters more than predictions, and patience matters more than timing. If it succeeds, the upside can be meaningful. If it fails, the damage should be contained. That balance is how investors stay in the game long enough for any outcome to matter. 

My ENTIRE Camera and Recording Equipment: 
https://www.amazon.com/shop/grahamstephan?listId=2TNWZ7RP1P1EB

For business inquiries, you can reach me at *******************************

*Some of the links and other products that appear on this video are from companies which Graham Stephan will earn an affiliate commission or referral bonus. Graham Stephan is part of an affiliate network and receives compensation for sending traffic to partner sites. The content in this video is accurate as of the posting date. Some of the offers mentioned may no longer be available. This is not investment advice.",971,692467,21958,5667,2026-02-06T00:04:26Z,Education,investing|investing for beginners|investing in your 20s|how to invest|how to invest in real estate|how to invest in stocks|stock market investing|stock market investing for beginners|stock options|robinhood|robinhood app|best stock trading app|how to be a millionaire|how to be a millionaire in 3 years|credit score|credit score explained|credit card|credit cards for beginners|passive income|how to build wealth|how to build wealth in your 20s|real estate 101,Graham Stephan,@GrahamStephan,UCV6KDgJskWaEckne5aPA0aQ,5180000,1680,False,finance,video,https://www.youtube.com/watch?v=diE19xlDfqo,en,2026-09-11
93x3SlywzIM,"It Started: Trump Just ‘Broke’ The Federal Reserve – Gold, Silver, Bitcoin Collapses","To try out Rocket Money today and unlock more features with premium, head to: https://rocketmoney.com/graham  - Let's discuss the new Federal Reserve Chair, what this means for the economy, and how this historically impacts the stock market - Enjoy! Add me on Instagram: GPStephan

START BUILDING WEALTH WITH MY FREE NEWSLETTER: https://grahamstephan.substack.com

KEVIN WARSH’S TRACK RECORD
Warsh served as a Fed Governor from 2006–2011 during the Global Financial Crisis. At the time, he consistently warned that stimulus and low rates were excessive, favored higher rates for longer, and cautioned about future inflation. He opposed quantitative easing, argued that its benefits were limited, and resigned after failing to stop further stimulus, earning a reputation as a hardliner focused on currency stability over asset prices.

THE MARKET FEAR
Warsh has previously criticized stimulus, arguing it inflated asset bubbles, worsened inequality, and damaged Fed credibility. His long-standing preference for tighter policy and a stronger dollar runs directly against the “easy money” environment investors expected for 2026, triggering a sharp repricing.

THE TRUMP EFFECT AND POLICY CONFUSION
Markets are conflicted because Trump has openly pushed for aggressive rate cuts and weaker money, while Warsh’s history suggests discipline and restraint. Past comments from Warsh imply that falling asset prices may be an acceptable tradeoff if policy refocuses on the real economy instead of enriching asset holders.

THE 'NEW' 2026 KEVIN WARSH
More recent statements suggest a complete 180 shift. Warsh has recently supported lower rates to revive housing, argued that AI could be disinflationary, and signaled alignment with the White House. Critics say this is a political flip to secure the job, while supporters argue his views have evolved with new economic conditions.

WHY THE DOLLAR MATTERS
Trump prefers and wants a weaker dollar: it boosts exports, supports stock prices, and makes government debt easier to manage, even if it reduces consumer purchasing power. This comes amid rising global competition, including China’s push to elevate the yuan’s global role.

UNCERTAINTY IS THE REAL CATALYST
The selloff is not a fundamental collapse, but markets repricing uncertainty. Investors are questioning whether the era of guaranteed liquidity, predictable bailouts, and one-way asset prices is ending, forcing all asset classes to adjust.

MARKET DECLINES ARE NORMAL
Historically, the stock market experiences regular 10–20% drawdowns even in strong years. Since 1980, average intra-year declines are about 14%, yet most years still finish positive. Large, lasting crashes are rare, and recoveries typically occur within months or a few years.

LONG-TERM DATA FAVORS INVESTORS
Long-term investing overwhelmingly wins. Historically, investors have a very high probability of positive returns over 10–15 years, even when investing during volatile or uncertain periods.

THE CORE STRATEGY FOR 2026
Buy and hold long term. Super easy. That's it. Price drops should be viewed as opportunities, not threats. Panic selling and speculation cause the most damage, while consistent investing benefits from volatility.

FINAL TAKEAWAY
Regardless of whether Warsh ultimately follows Trump or acts independently, the long-term outlook remains unchanged. Markets recover, patience is rewarded, and uncertainty often creates the best opportunities for disciplined investors willing to stay the course.

PROMOTIONAL OFFER: Get Up To 12 FREE STOCKS when you sign up and make a deposit using my paid affiliate link for WeBull: https://a.webull.com/i/GrahamStephan

My ENTIRE Camera and Recording Equipment: 
https://www.amazon.com/shop/grahamstephan?listId=2TNWZ7RP1P1EB

For business inquiries, you can reach me at *******************************

*Some of the links and other products that appear on this video are from companies which Graham Stephan will earn an affiliate commission or referral bonus. Graham Stephan is part of an affiliate network and receives compensation for sending traffic to partner sites. The content in this video is accurate as of the posting date. Some of the offers mentioned may no longer be available. This is not investment advice.",922,723764,21133,5453,2026-02-02T21:00:09Z,Education,investing|investing for beginners|investing in your 20s|how to invest|how to invest in real estate|how to invest in stocks|stock market investing|stock market investing for beginners|stock options|robinhood|robinhood app|best stock trading app|how to be a millionaire|how to be a millionaire in 3 years|credit score|credit score explained|credit card|credit cards for beginners|passive income|how to build wealth|how to build wealth in your 20s|real estate 101,Graham Stephan,@GrahamStephan,UCV6KDgJskWaEckne5aPA0aQ,5180000,1680,False,finance,video,https://www.youtube.com/watch?v=93x3SlywzIM,en,2026-09-11
rNos6CVn35c,BREAKING: The FED Just Froze Rates – Stocks / Gold / Housing SURGING While Dollar PLUMMETS!,"Get free life insurance quotes from America's top insurers and start saving today with Policygenius: https://policygenius.com/graham Thanks to Policygenius for sponsoring this video! Let's talk about the Federal Reserve Rate Decision and the impact this will have on the economy - Enjoy! Add me on Instagram: GPStephan

START BUILDING WEALTH WITH MY FREE NEWSLETTER: https://grahamstephan.substack.com

TRUMP VS THE FED: THE FIGHT OVER INTEREST RATES
Trump has aggressively pushed for lower interest rates since taking office, clashing with Federal Reserve Chair Jerome Powell. While Powell does not set rates alone, he oversees the committee that does, making him the main obstacle to Trump’s goal of dramatically cheaper borrowing. Trump has publicly floated rates as low as 1 percent and even suggested removing Powell. Although the Supreme Court has signaled Powell is legally protected from removal, tensions escalated further with DOJ subpoenas tied to a Fed building renovation, which Powell argues are politically motivated. Markets care because this conflict threatens the Fed’s independence, risks global confidence in the U.S. dollar, and sets the stage for major change once Powell’s term ends in May 2026.

MARKETS AT A CROSSROADS IN 2026
Despite strong performance over the last five years, analysts are increasingly split on what comes next. Some banks predict modest gains, others double digit upside, but notably no major analyst expects a negative year. Historically, similar optimism has preceded major downturns. The bull case rests on AI driven growth, expectations of lower rates under a future Fed chair, and heavy spending by wealthy consumers. The bear case highlights geopolitical risk, a fragile consumer base outside the wealthy, a weakening dollar from heavy money printing, and the risk of instant repricing in a future 24 hour market.

WHY HOUSING IS STUCK
Pending home sales recently fell sharply across all regions, hitting levels not seen since 2020. Realtors point to low inventory, but the reality appears to be a stalemate. Most eager buyers already bought, while remaining buyers are waiting for rates to fall and sellers refuse to cut prices. Trump’s proposal to inject 200 billion dollars into the mortgage market briefly pushed rates lower, but the mortgage market’s massive size means the impact is likely temporary unless repeated. Any affordability boost also risks being offset by higher home prices.

CAN POLICY PREVENT A HOUSING RESET?
Long term, attempts to support housing such as blocking Wall Street from buying single family homes or subsidizing mortgages are unlikely to materially change affordability. Institutional ownership is small, and the Fed still holds trillions in mortgage assets. Without extreme measures like a full housing bailout or major tax changes, most housing metrics suggest 2026 will look similar to today, with slow sales, stubborn prices, and buyers waiting on rates.

WHAT THE FED JUST SAID AND WHY MAY MATTERS
The Federal Reserve recently signaled no near term rate cuts and reaffirmed a data dependent approach, even as job growth begins to soften. Powell also addressed the DOJ investigation, calling it political pressure. For now, policy is unlikely to change much, but Powell’s exit in May 2026 could flip the script entirely. Trump has expressed admiration for the Greenspan era, when rates stayed low despite warnings of excess, fueling a massive late stage market surge before an eventual collapse.

WHAT THIS MEANS FOR INVESTORS
There is a clear flight to safety into gold and other hard assets, even as stocks sit at historic valuations. History shows markets do not crash simply because they are expensive. They crash when something breaks. That means prices could keep rising longer than expected before reversing violently. The practical takeaway is simple but effective. Diversify, keep cash available, avoid high interest debt, and make sure you are never forced to sell at the worst time. The goal is not to time the top. It is to survive the drop and stay positioned to benefit from whatever comes next.

My ENTIRE Camera and Recording Equipment: 
https://www.amazon.com/shop/grahamstephan?listId=2TNWZ7RP1P1EB

For business inquiries, you can reach me at *******************************

*Some of the links and other products that appear on this video are from companies which Graham Stephan will earn an affiliate commission or referral bonus. Graham Stephan is part of an affiliate network and receives compensation for sending traffic to partner sites. The content in this video is accurate as of the posting date. Some of the offers mentioned may no longer be available. This is not investment advice.",946,557089,11919,1178,2026-01-28T21:01:04Z,Education,investing|investing for beginners|investing in your 20s|how to invest|how to invest in real estate|how to invest in stocks|stock market investing|stock market investing for beginners|stock options|robinhood|robinhood app|best stock trading app|how to be a millionaire|how to be a millionaire in 3 years|credit score|credit score explained|credit card|credit cards for beginners|passive income|how to build wealth|how to build wealth in your 20s|real estate 101,Graham Stephan,@GrahamStephan,UCV6KDgJskWaEckne5aPA0aQ,5180000,1680,False,finance,video,https://www.youtube.com/watch?v=rNos6CVn35c,en,2026-09-11
B8iPXPQbotc,Trump Just Triggered A Market Selloff - WTF Is Happening To Greenland?!,"Sign up for the Gemini Credit Card: https://Gemini.com/graham - Let's discuss exactly why Trump and the United States wants to purchase or acquire Greenland, why it's considered a strategic asset to the USA, and what this means for you - Enjoy! Add me on Instagram: GPStephan

START BUILDING WEALTH WITH MY FREE NEWSLETTER: https://grahamstephan.substack.com

THE TRUMP PLAYBOOK: https://x.com/KobeissiLetter/status/2012608685462220879

GREENLAND TARIFF DEADLINE
Starting February 1st, new U.S. tariffs are set to hit multiple European countries, tied to growing pressure for the U.S. to acquire Greenland. The concern is this could trigger a larger trade issue between allies, impacting prices, markets, and confidence in the U.S. dollar.

WHY GREENLAND MATTERS
Greenland is strategic for three reasons: national security, rare earth minerals, and Arctic shipping routes. It already hosts a U.S. defense installation and sits in a critical position between the U.S. and Russia. It also has major untapped rare earth resources used for EVs, AI chips, and advanced electronics, potentially shifting power away from China. 

TRUMP’S ULTIMATUM TO EUROPE
Trump announced a phased tariff plan: 10% tariffs begin February 1st on countries including Denmark, France, Germany, the UK, and others. If no agreement is reached by June 1st, tariffs rise to 25%. 

MARKETS REACT: SAFE HAVENS + VOLATILITY
With trade war risk rising, investors tend to flee uncertainty and hedge in “safe haven” assets like gold and silver. Tariffs also threaten corporate earnings by raising costs, companies either absorb losses or pass prices to consumers, both of which can hurt profits and stock prices. Europe could be hit hard in sectors like autos, luxury goods, manufacturing, and pharmaceuticals, with spillover risk to U.S. markets.

WHY THE DOLLAR IS WEAKENING
Normally, global uncertainty boosts the U.S. dollar, but here investors are questioning U.S. stability if it’s willing to pressure allies with tariffs over Greenland. That can reduce confidence and push money into alternative assets or other countries.

3 POSSIBLE OUTCOMES

The U.S. buys Greenland outright (unlikely, since Greenland’s people would likely need to approve).

The U.S. gains control without ownership via military expansion or long-term strategic agreements (most realistic).

This fades in 1–6 months as a negotiation tactic.

BOTTOM LINE
Greenland isn’t a new idea historically, but a true purchase is legally and politically difficult. The bigger risk is escalating trade retaliation, market volatility, and worsening global confidence—while long-term, staying disciplined usually beats panic-selling.

For business inquiries, you can reach me at *******************************

*Some of the links and other products that appear on this video are from companies which Graham Stephan will earn an affiliate commission or referral bonus. Graham Stephan is part of an affiliate network and receives compensation for sending traffic to partner sites. The content in this video is accurate as of the posting date. Some of the offers mentioned may no longer be available. This is not investment advice.

This video is sponsored by Gemini. All opinions expressed are my own and not influenced or endorsed by Gemini. Gemini-branded credit products are issued by WebBank. For more information regarding fees, interest, and other cost information, see Rates & Fees: gemini.com/legal/cardholder-agreement

Some exclusions apply to instant rewards; these are deposited when the transaction posts. 4% back is available on up to $300 in spend per month for a year (then 1% on all other Gas, EV charging, and transit purchases that month). Spend cycle will refresh on the 1st of each calendar month. See Rewards Program Terms for details: gemini.com/legal/credit-card-rewards-agreement

Checking if you’re eligible will not impact your credit score. If you’re eligible and choose to proceed, a hard credit inquiry will be conducted that can impact your credit score. Eligibility does not guarantee approval.
Analysis reflects Gemini Credit Card holders who earned bitcoin rewards between 10/08/2021 and 10/05/2024 and held all such rewards in their Gemini account through 10/05/2025. Calculation is based on bitcoin market value changes during the holding period.

Individual results will vary depending on spend behavior, chosen rewards currency, holding duration, and market performance. Past performance is not indicative of future results. This information is for general informational purposes only and does not constitute investment advice.",920,258024,8718,1317,2026-01-20T23:15:00Z,Education,investing|investing for beginners|investing in your 20s|how to invest|how to invest in real estate|how to invest in stocks|stock market investing|stock market investing for beginners|stock options|robinhood|robinhood app|best stock trading app|how to be a millionaire|how to be a millionaire in 3 years|credit score|credit score explained|credit card|credit cards for beginners|passive income|how to build wealth|how to build wealth in your 20s|real estate 101,Graham Stephan,@GrahamStephan,UCV6KDgJskWaEckne5aPA0aQ,5180000,1680,False,finance,video,https://www.youtube.com/watch?v=B8iPXPQbotc,en,2026-09-11
Q4No8FPZc0c,Mortgage Rates PLUMMET – What This Means For Home Prices!,"Go to https://surfshark.com/graham or use code GRAHAM at checkout to get 4 extra months of Surfshark VPN! | Let's discuss the 2026 housing market, falling mortgage rates, and what this means for home prices - Enjoy! Add me on Instagram: GPStephan

START BUILDING WEALTH WITH MY FREE NEWSLETTER: https://grahamstephan.substack.com

THE 2026 HOUSING MARKET
Trump’s plan to inject hundreds of billions into housing is being framed as a way to lower monthly payments, but historically, cheaper money often pushes demand up faster than supply can respond, fueling higher prices and “bubble” fears instead of real affordability.

FALLING MORTGAGE RATES
Trump said he’d lower mortgage rates by buying $200B of mortgage-backed securities (MBS). Mortgages are bundled into MBS and sold to investors. A huge buyer pushing into that market raises MBS prices, lowers yields, and that typically translates into lower mortgage rates.

WHY LOWER RATES CAN HELP SELLERS MORE THAN BUYERS
Lower rates improve monthly affordability, but if inventory is still tight, the initial benefit often gets absorbed into higher prices. Buyers suddenly qualify for more, then bid more, so the market finds a new payment “equilibrium,” without solving the root shortage problem.

THE REAL PROBLEM: INVENTORY
Today’s scarcity traces back to the 2005–2007 building boom and crash. After that, construction never fully returned to prior levels. Then COVID-era rates locked people into ultra-low mortgages, and as rates rose, they stopped moving, crushing resale supply. Now, inventory is finally creeping back toward 2019 levels, and sellers recently outnumbered buyers by a record margin—though that gap could change quickly.

AFFORDABILITY IS STILL BROKEN
Home prices ran far ahead of incomes over the last two decades, pushing the price-to-income ratio near all-time highs (worse than 2006 by some measures). If rates fall, millions more buyers could qualify, and rising incomes may help, but the typical home still requires a much higher income than just a few years ago.

THE COSTS NO ONE EXPECTED: TAXES + INSURANCE
Even if mortgage rates fall, ownership costs are rising fast, property taxes, insurance, utilities, repairs. In some cases, people now pay more for taxes and insurance than for the mortgage itself. That squeezes affordability even in “improving” rate environments.

THE $200B REALITY CHECK
$200B sounds massive, but in context it’s small versus an ~$11T MBS market. It’s also described like a one-time intervention, not ongoing stimulus like 2020, so any benefits may fade once the buying stops, without changing long-term building behavior.

WHAT EXPERTS SAY ABOUT 2026 PRICES
Most forecasts expect modest nominal price growth nationally in 2026 (roughly ~1% to ~2%+ depending on the source). Some markets may outperform (parts of the Midwest/Northeast), while others may keep declining (some Florida markets, Nashville, San Antonio). But once adjusted for inflation, even “growth” can be a real purchasing-power loss.

WHY I’M SELLING: RETURNS AREN’T WORTH THE HEADACHE ANYMORE
I’ve run the numbers property-by-property: equity has grown so much that return-on-equity has compressed. Overhead is up sharply since 2020 (insurance, water, repairs), and rent growth caps in LA make it harder to keep pace with inflation. With rates potentially falling and values getting a short-term boost, selling becomes the cleanest move for the same return with less risk and hassle.

THE 2026 HOUSING MARKET
This isn’t “don’t buy.” It’s: do the math and don’t panic. More listings are sitting, some sellers are overpriced, and negotiation leverage is starting to return in certain markets. Buy only what you can afford long-term, avoid FOMO, and treat 2026 as a different rulebook than the last decade, where almost anything, anywhere worked.

THE BOTTOM LINE: THE PLAYBOOK CHANGED
Real estate isn't ""over,"" but it’s no longer automatic. Higher carrying costs, slower appreciation, and shifting inventory dynamics mean you need scrutiny and discipline. Don’t assume yesterday’s strategy works tomorrow, and make sure to ONLY buy long term!

My ENTIRE Camera and Recording Equipment: 
https://www.amazon.com/shop/grahamstephan?listId=2TNWZ7RP1P1EB

For business inquiries, you can reach me at *******************************

*Some of the links and other products that appear on this video are from companies which Graham Stephan will earn an affiliate commission or referral bonus. Graham Stephan is part of an affiliate network and receives compensation for sending traffic to partner sites. The content in this video is accurate as of the posting date. Some of the offers mentioned may no longer be available. This is not investment advice.",945,375814,9673,965,2026-01-13T17:00:45Z,Education,investing|investing for beginners|investing in your 20s|how to invest|how to invest in real estate|how to invest in stocks|stock market investing|stock market investing for beginners|stock options|robinhood|robinhood app|best stock trading app|how to be a millionaire|how to be a millionaire in 3 years|credit score|credit score explained|credit card|credit cards for beginners|passive income|how to build wealth|how to build wealth in your 20s|real estate 101,Graham Stephan,@GrahamStephan,UCV6KDgJskWaEckne5aPA0aQ,5180000,1680,False,finance,video,https://www.youtube.com/watch?v=Q4No8FPZc0c,en,2026-09-11
KvBfH1mqebM,The 2026 Housing Market - Trump BANNING Investors From Buying Homes!,"Sign up for the Gemini Credit Card: https://Gemini.com/graham | Let's discuss Trump's New Housing Plan To Ban Wallstreet / Institutional Buyers from purchasing homes and what this will do to the housing market - Enjoy! Add me on Instagram: GPStephan

GET MY WEEKLY EMAIL MARKET RECAP NEWSLETTER: http://grahamstephan.com/newsletter 

INSTITUTIONAL INVESTOR BAN
Trump proposed banning large institutional investors from buying single-family homes to lower prices, arguing that homes are meant for people, not corporations. 

PAST ATTEMPTS HAVE FAILED
Nearly identical bills have been introduced before, including efforts in 2022 and 2023 to force hedge funds to divest homes or lose tax benefits. None passed. Reasons include constitutional concerns, heavy lobbying, legal complexity, and the reality that enforcement would be costly and easy to circumvent through shell companies.

REAL-WORLD RESULTS
Places that tried similar restrictions saw poor outcomes. Atlanta limited build-to-rent developments and prices still rose while rents stayed flat. Canada banned foreign buyers with almost no effect on affordability and stalled development. The Netherlands, Denmark, and New Zealand restricted investor ownership and ended up reducing rental supply, increasing prices, and pushing out lower-income renters. Several later reversed course.

THE “WALL STREET IS BUYING” MYTH
Viral claims that massive firms are outbidding families for homes are largely misleading. Many high-profile examples involved purpose-built rental communities that were never available to individual buyers. 

WHO ACTUALLY BUYS HOMES
Roughly 75% of buyers are owner-occupants. Of the ~26% labeled “investors,” about half are mom-and-pop landlords owning fewer than nine properties. Only about 2–3% of total buyers are large institutional owners. Large firms own roughly 1–2% of single-family rentals overall, making their impact on prices statistically minimal.

WHY HOME PRICES ARE HIGH
High prices stem from years of ultra-low interest rates locking sellers in place, restrictive zoning that limits new supply, excessive regulation and fees that discourage building, high consumer debt, government-backed mortgage incentives, and sustained demand driven by cultural pressure to buy homes.

WHY THE BAN COULD BACKFIRE
If institutional buyers are blocked, developers may stop building rental communities, reducing supply. Less inventory would likely push rents higher and discourage large-scale construction, potentially increasing home prices rather than lowering them.

WHAT WOULD ACTUALLY HELP AFFORDABILITY
Effective solutions include streamlining permits and zoning, reducing excessive fees, increasing the capital-gains exclusion to encourage selling, allowing mortgage portability to unlock inventory, expanding mortgage-interest deductions for new buyers, embracing modular and denser housing, and offering tax incentives to builders.

My ENTIRE Camera and Recording Equipment: 
https://www.amazon.com/shop/grahamstephan?listId=2TNWZ7RP1P1EB

For business inquiries, you can reach me at *******************************

This video is sponsored by Gemini. All opinions expressed are my own and not influenced or endorsed by Gemini.

Gemini-branded credit products are issued by WebBank. For more information regarding fees, interest, and other cost information, see Rates & Fees: gemini.com/legal/cardholder-agreement

Some exclusions apply to instant rewards; these are deposited when the transaction posts. 4% back is available on up to $300 in spend per month for a year (then 1% on all other Gas, EV charging, and transit purchases that month). Spend cycle will refresh on the 1st of each calendar month. See Rewards Program Terms for details: gemini.com/legal/credit-card-rewards-agreement

Checking if you’re eligible will not impact your credit score. If you’re eligible and choose to proceed, a hard credit inquiry will be conducted that can impact your credit score. Eligibility does not guarantee approval.
Analysis reflects Gemini Credit Card holders who earned bitcoin rewards between 10/08/2021 and 10/05/2024 and held all such rewards in their Gemini account through 10/05/2025. Calculation is based on bitcoin market value changes during the holding period.

Individual results will vary depending on spend behavior, chosen rewards currency, holding duration, and market performance. Past performance is not indicative of future results. This information is for general informational purposes only and does not constitute investment advice.

*Some of the links and other products that appear on this video are from companies which Graham Stephan will earn an affiliate commission or referral bonus. Graham Stephan is part of an affiliate network and receives compensation for sending traffic to partner sites. The content in this video is accurate as of the posting date. Some of the offers mentioned may no longer be available. This is not investment advice.",906,196060,6701,1213,2026-01-08T18:00:21Z,Education,investing|investing for beginners|investing in your 20s|how to invest|how to invest in real estate|how to invest in stocks|stock market investing|stock market investing for beginners|stock options|robinhood|robinhood app|best stock trading app|how to be a millionaire|how to be a millionaire in 3 years|credit score|credit score explained|credit card|credit cards for beginners|passive income|how to build wealth|how to build wealth in your 20s|real estate 101,Graham Stephan,@GrahamStephan,UCV6KDgJskWaEckne5aPA0aQ,5180000,1680,False,finance,video,https://www.youtube.com/watch?v=KvBfH1mqebM,en,2026-09-11
Ooiv2-tHNaU,I'm Selling... Where I'm Investing in 2026,"To try out Rocket Money today and unlock more features with premium, head to: https://rocketmoney.com/graham  - Enjoy! Let's talk about Investing in 2026, my thoughts on Stocks, Real Estate, and Cryptocurrency, and what this means for you - Enjoy! Add me on Instagram: GPStephan

2026: FINANCIAL TURNING PINT
This year is shaping up to be one of the most contradictory financial periods in recent history. Despite over half of Americans saying they don’t have enough money to invest, stocks are near all-time highs, AI valuations are raising bubble concerns, and housing affordability is the worst it’s been in decades. 

Unprecedented Market Conditions
For the first time in years, the Federal Reserve has resumed money expansion while insiders are selling stocks at the fastest pace since 2021. At the same time, nearly every asset class (stocks, real estate, crypto, and precious metals) is trading at historically expensive levels. This creates an environment where prices can continue rising, but volatility and sharp corrections become far more likely.

Stock Market Strategy: Simplicity Over Prediction
Rather than attempting to time the market, the focus remains on broad diversification through index funds. A mix of U.S. broad-market equities, international stocks, and emerging markets provides exposure to global growth while minimizing complexity. Dollar-cost averaging (especially during downturns) has proven effective, even when it temporarily results in large paper losses. Over long timeframes, consistency has historically beaten market timing.

Market Uncertainty & Long-Term Discipline
Short-term market direction remains unknowable. Rate cuts, AI speculation, and macro shocks could push markets higher or trigger selloffs. However, history shows that markets often behave irrationally longer than investors expect. For anyone with a long investment horizon, staying invested and ignoring noise has consistently outperformed reactive strategies.

Exiting Real Estate: ROI vs Peace of Mind
Real estate no longer offers the same risk-adjusted returns it once did, especially in high-cost states. Monthly payments have doubled over five years, renting is often cheaper than buying, and regulatory and maintenance burdens continue rising. While real estate can still work for active investors hunting deals, selling properties now allows capital to be redeployed into more passive, flexible investments.

Bitcoin: Volatility With Long-Term Optionality
Bitcoin experienced extreme swings throughout the year, making it one of the weakest short-term performers despite strong long-term narratives. Leverage liquidations, profit-taking, and risk-off rotations contributed to declines. A smaller portfolio allocation acknowledges both the upside potential and the significant volatility, while dollar-cost averaging and tax-loss harvesting help manage risk.

Precious Metals: Strong Performance, Mixed Outlook
Gold, silver, and platinum have surged to record or near-record levels, driven by industrial demand, supply constraints, and economic uncertainty. Silver, in particular, benefits from real industrial shortages, though inflation-adjusted prices remain below historical peaks. While metals can hedge uncertainty, long-term growth expectations still favor equities.

Treasuries & Cash: The Stability Buffer
Holding a meaningful allocation to treasuries and municipal bonds provides steady income and optionality. While this limits upside compared to being fully invested in equities, it offers liquidity and peace of mind—especially during downturns—allowing capital to be deployed when opportunities arise.

Overall 2026 Outlook
Rather than a single asset exploding or collapsing, 2026 is likely to bring lower, choppier returns with higher volatility. Easy gains may be behind us. The market will reward patience, diversification, and emotional discipline, while punishing leverage, speculation, and short-term thinking.

Core Strategy Moving Forward
Buy consistently.
Stay diversified.
Protect downside risk.
Ignore headlines.
Let time do the heavy lifting.

GET MY WEEKLY EMAIL MARKET RECAP NEWSLETTER: http://grahamstephan.com/newsletter 

My ENTIRE Camera and Recording Equipment: 
https://www.amazon.com/shop/grahamstephan?listId=2TNWZ7RP1P1EB

For business inquiries, you can reach me at *******************************

*Some of the links and other products that appear on this video are from companies which Graham Stephan will earn an affiliate commission or referral bonus. Graham Stephan is part of an affiliate network and receives compensation for sending traffic to partner sites. The content in this video is accurate as of the posting date. Some of the offers mentioned may no longer be available. This is not investment advice.",926,365684,9739,643,2026-01-05T21:00:34Z,Education,investing|investing for beginners|investing in your 20s|how to invest|how to invest in real estate|how to invest in stocks|stock market investing|stock market investing for beginners|stock options|robinhood|robinhood app|best stock trading app|how to be a millionaire|how to be a millionaire in 3 years|credit score|credit score explained|credit card|credit cards for beginners|passive income|how to build wealth|how to build wealth in your 20s|real estate 101,Graham Stephan,@GrahamStephan,UCV6KDgJskWaEckne5aPA0aQ,5180000,1680,False,finance,video,https://www.youtube.com/watch?v=Ooiv2-tHNaU,en,2026-09-11
SgiczvPSFZs,China Just Broke The Global Economy – WTF Happened To Silver?!,"Take your personal data back with Incogni! Use code GRAHAM at the link below and get 60% off an annual plan: https://incogni.com/graham | Let's talk about Silver Prices, China Export Restrictions, and Precious Metals in 2026 - Enjoy! Add me on Instagram: GPStephan

PROMOTIONAL OFFER: Get Up To 12 FREE STOCKS when you sign up and make a deposit using my paid affiliate link for WeBull: https://a.webull.com/i/GrahamStephan

CHINA EXPORT RESTRICTIONS
Beginning January 1st, China will impose strict export licensing rules on silver. Because China controls roughly 60–70% of global production and refining capacity, these rules give Beijing the ability to sharply limit global supply. 

SILVER IS NO LONGER JUST AN INVESTMENT
Silver has become a critical industrial input rather than a simple store of value. It is the most conductive metal on Earth and is essential for electronics, cars, appliances, smartphones, solar panels, 5G networks, and data infrastructure. Unlike gold, which mostly sits in vaults, silver is consumed and rarely recovered, meaning industrial demand permanently removes supply from the market.

SURGING INDUSTRIAL DEMAND
Global silver demand has surged to roughly 1.24 billion ounces annually, while total supply is only about 1 billion ounces. Around 50% of all silver production is now used for industrial purposes. Emerging technologies, including EVs and solid-state batteries with dramatically longer ranges, are expected to intensify this demand even further.

STRUCTURAL SUPPLY CONSTRAINTS
About 75–80% of silver is produced as a byproduct of mining copper, lead, and zinc, making supply highly inelastic. Only about 20% comes from primary silver mines, which are costly and can take 12–15 years to bring online. 

ARBITRAGE AND INVENTORY DRAIN
Silver currently trades at a premium in China versus Western markets. This has encouraged large traders to buy silver in London and New York and ship it to China, draining inventories in the West just as export controls are tightening. This accelerates shortages and amplifies price volatility.

DEPLETING RESERVES AND MANUFACTURER PRESSURE
With inventories falling, manufacturers are exploring substitutions such as copper, but performance trade-offs remain. Electronics and solar producers are facing rising costs that are likely to be passed on to consumers. Even Elon Musk has warned that the situation is “not good,” citing a potential shortfall of 100–250 million ounces.

ETF AND SHORT-SQUEEZE RISK
Concerns are growing about the disconnect between paper silver and physical supply. Some estimates suggest a paper-to-physical ratio as high as 378:1. If investors demand physical delivery, financial institutions could be forced to buy silver at any price, intensifying upward pressure.

WHY CHINA IS DOING THIS NOW
China dominates solar panel and EV manufacturing, both of which rely heavily on silver. Restricting exports secures cheaper domestic supply, strengthens strategic leverage, and supports long-term goals tied to electrification, AI infrastructure, and energy security.

HISTORICAL COMPARISONS AND VALUATION
Investors are comparing today’s environment to the late-1970s commodity boom, when inflation, geopolitical stress, and dollar weakness drove metals sharply higher. The gold-to-silver ratio currently sits near long-term norms, unless Gold Prices fall.

KEY RISKS AND DOWNSIDE SCENARIOS
Prices could fall if global manufacturing slows, substitutes improve, or geopolitical agreements ease supply constraints. Silver is historically volatile, and sharp drawdowns are common even during long-term bull markets.

ROLE IN A PORTFOLIO
Silver should not be a primary investment. Historically, it has delivered strong bursts of appreciation but poor long-term purchasing-power preservation. It may fit as a small, speculative or hedging component alongside assets like gold, equities, and cash.

BIG PICTURE TAKEAWAY
Silver has evolved into a strategic industrial bottleneck tied to electrification, AI, and energy infrastructure. That shift changes how prices behave over time, creating long-term importance but extreme short-term volatility. The real question is not near-term price moves, but whether silver remains essential to the global economy over the next 5–10 years.

GET MY WEEKLY EMAIL MARKET RECAP NEWSLETTER: http://grahamstephan.com/newsletter 

My ENTIRE Camera and Recording Equipment: 
https://www.amazon.com/shop/grahamstephan?listId=2TNWZ7RP1P1EB

For business inquiries, you can reach me at *******************************

*Some of the links and other products that appear on this video are from companies which Graham Stephan will earn an affiliate commission or referral bonus. Graham Stephan is part of an affiliate network and receives compensation for sending traffic to partner sites. The content in this video is accurate as of the posting date. Some of the offers mentioned may no longer be available. This is not investment advice.",820,823183,19770,2079,2025-12-29T19:00:24Z,Education,investing|investing for beginners|investing in your 20s|how to invest|how to invest in real estate|how to invest in stocks|stock market investing|stock market investing for beginners|stock options|robinhood|robinhood app|best stock trading app|how to be a millionaire|how to be a millionaire in 3 years|credit score|credit score explained|credit card|credit cards for beginners|passive income|how to build wealth|how to build wealth in your 20s|real estate 101,Graham Stephan,@GrahamStephan,UCV6KDgJskWaEckne5aPA0aQ,5180000,1680,False,finance,video,https://www.youtube.com/watch?v=SgiczvPSFZs,en,2026-09-11
iBxWsP8k9XM,Trump’s Tariff War Just Went Nuclear,"Trump’s Tariff War Just Went Nuclear
► Go to https://ground.news/jikh to access world-wide perspectives in one place, compare coverage, and stay fully informed on our economy and more. Subscribe for 40% off unlimited access through my link.
► Deposit $100 & Get 12 Free Stocks: https://www.webull.com/k/andreijikh
► Premium Membership (extra videos, early access): https://www.youtube.com/channel/UCGy7SkBjcIAgTiwkXEtPnYg/join
► My Stock Portfolio + Tracker https://www.funvest.com
► How To Protect Your Bitcoin (step by step), use Code ""ANDREI40"" to get 40% off https://stan.store/andreijikh
► Fund your account and get up to 4% with WeBull: https://www.webull.com/k/AndreiJikh
► Where I Buy My Bitcoin: https://gemini.sjv.io/7a0OL5
► How I went from Zero To A Million: https://www.zerotoamillion.com
► Ledger Discount Link: https://shop.ledger.com/pages/black-friday-andrei-jikh?r=535643c13ab0
► My Stock Portfolio + Stock Tracker: https://www.patreon.com/andreijikh
► Open A Roth IRA: 
► Follow Me On Instagram: https://www.instagram.com/andreijikh/
► How I Protect My Bitcoin: https://shop.ledger.com/pages/ledger-nano-x?r=535643c13ab0

DISCLOSURE: None of this is meant to be construed as investment advice, it's for entertainment purposes only. Links above include affiliate commission or referrals. I'm part of an affiliate network and I receive compensation from partnering websites. The video is accurate as of the posting date but may not be accurate in the future.

You should not treat any opinion expressed on this Youtube channel as a specific inducement to make a particular investment or follow a particular strategy, but only as an expression of opinion. Opinions expressed are based upon information considered reliable, but this Youtube channel does not warrant its completeness or accuracy, and it should not be relied upon as such. This Youtube channel is not under any obligation to update or correct any information provided in these videos. Statements and opinions are subject to change without notice. No compensation is received by this Youtube channel for the opinions expressed. 

Past performance is not indicative of future results. This Youtube channel does not guarantee any specific outcome or profit. You should be aware of the real risk of loss in following any strategy or investment discussed on this Youtube channel. Strategies or investments discussed may fluctuate in price or value. Investors may get back less than invested. Investments or strategies mentioned on this Youtube channel may not be suitable for you. This material does not take into account your particular investment objectives, financial situation or needs and is not intended as recommendations appropriate for you. You must make an independent decision regarding investments or strategies mentioned on this Youtube channel. Before acting on information on this Youtube channel, you should consider whether it is suitable for your particular circumstances and strongly consider seeking advice from your own financial or investment adviser.",1729,901403,19466,2025,2026-09-10T17:42:30Z,Education,how to invest|bitcoin|million|ethereum|market crash|crypto|stock market|passive income|dividend investing|dividends|dividend stocks|crypto crash|stock market crash|bitcoin crash|NFT|how to buy bitcoin|cryptocurrency|robinhood app|best trading app|stocks|investing|investing for beginners|how to invest in real estate|how to invest in stocks|best stock trading app|credit score|andrei jikh|best investment|dogecoin|robinhood|portfolio|millionaire|recession,Andrei Jikh,@AndreiJikh,UCGy7SkBjcIAgTiwkXEtPnYg,3370000,1318,False,finance,video,https://www.youtube.com/watch?v=iBxWsP8k9XM,en,2026-09-11
jQUUAEemvSE,Why The U.S. Economy Has Not Collapsed Yet,"The Shadow Banking Crisis Has Started
► Get 20% off DeleteMe US consumer plans when you go to http://joindeleteme.com/Andrei20 and use promo code ANDREI20 at checkout
► My Stock Portfolio + Tracker https://www.funvest.com
► How To Protect Your Bitcoin (step by step), use Code ""ANDREI40"" to get 40% off https://stan.store/andreijikh
► Where I Buy My Bitcoin: https://gemini.sjv.io/7a0OL5
► How I went from Zero To A Million: https://www.zerotoamillion.com
► Ledger Discount Link: https://shop.ledger.com/pages/black-friday-andrei-jikh?r=535643c13ab0
► My Stock Portfolio + Stock Tracker: https://www.patreon.com/andreijikh
► Open A Roth IRA: 
► Follow Me On Instagram: https://www.instagram.com/andreijikh/

DISCLOSURE: None of this is meant to be construed as investment advice, it's for entertainment purposes only. Links above include affiliate commission or referrals. I'm part of an affiliate network and I receive compensation from partnering websites. The video is accurate as of the posting date but may not be accurate in the future.

You should not treat any opinion expressed on this Youtube channel as a specific inducement to make a particular investment or follow a particular strategy, but only as an expression of opinion. Opinions expressed are based upon information considered reliable, but this Youtube channel does not warrant its completeness or accuracy, and it should not be relied upon as such. This Youtube channel is not under any obligation to update or correct any information provided in these videos. Statements and opinions are subject to change without notice. No compensation is received by this Youtube channel for the opinions expressed. 

Past performance is not indicative of future results. This Youtube channel does not guarantee any specific outcome or profit. You should be aware of the real risk of loss in following any strategy or investment discussed on this Youtube channel. Strategies or investments discussed may fluctuate in price or value. Investors may get back less than invested. Investments or strategies mentioned on this Youtube channel may not be suitable for you. This material does not take into account your particular investment objectives, financial situation or needs and is not intended as recommendations appropriate for you. You must make an independent decision regarding investments or strategies mentioned on this Youtube channel. Before acting on information on this Youtube channel, you should consider whether it is suitable for your particular circumstances and strongly consider seeking advice from your own financial or investment adviser.",1578,1638703,34161,3213,2026-03-16T19:15:08Z,Education,how to invest|bitcoin|million|ethereum|market crash|crypto|stock market|passive income|dividend investing|dividends|dividend stocks|crypto crash|stock market crash|bitcoin crash|NFT|how to buy bitcoin|cryptocurrency|robinhood app|best trading app|stocks|investing|investing for beginners|how to invest in real estate|how to invest in stocks|best stock trading app|credit score|andrei jikh|best investment|dogecoin|robinhood|portfolio|millionaire|recession,Andrei Jikh,@AndreiJikh,UCGy7SkBjcIAgTiwkXEtPnYg,3370000,1318,False,finance,video,https://www.youtube.com/watch?v=jQUUAEemvSE,en,2026-09-11
-3jFsdHNSfA,Iran Was Never About Iran,"Iran Was Never About Iran
► Try Tello Unlimited Plan = $25/mo, with 50 GB of High-speed Data* plus 10 GB of Hotspot:  https://tello.com/?utm_source=partner&utm_medium=cpc&utm_campaign=AndreiJ&src=partner&mdm=cpc&cmg=AndreiJ

See full terms and conditions here: https://blog.tello.com/news/save-more-this-spring-unlimited-for-19-for-one-year/?_open_browser=true/#TnCMar2026

► My Stock Portfolio + Tracker https://www.funvest.com
► How To Protect Your Bitcoin (step by step), use Code ""ANDREI40"" to get 40% off https://stan.store/andreijikh
► Where I Buy My Bitcoin: https://gemini.sjv.io/7a0OL5
► How I went from Zero To A Million: https://www.zerotoamillion.com
► Ledger Discount Link: https://shop.ledger.com/pages/black-friday-andrei-jikh?r=535643c13ab0
► My Stock Portfolio + Stock Tracker: https://www.patreon.com/andreijikh
► Open A Roth IRA: 
► Follow Me On Instagram: https://www.instagram.com/andreijikh/
► How I Protect My Bitcoin: https://shop.ledger.com/pages/ledger-nano-x?r=535643c13ab0

Podcast with Julian Dorey & John Kiriakou: https://www.youtube.com/watch?v=F3MFGJFh4Ps
Podcast with Tucker Carlson & Catherine Fitts: https://www.youtube.com/watch?v=BvLz1bI2sXU

My PO Box: 
Andrei Jikh
4132 S. Rainbow Blvd # 270
Las Vegas, NV 89103

DISCLOSURE: None of this is meant to be construed as investment advice, it's for entertainment purposes only. Links above include affiliate commission or referrals. I'm part of an affiliate network and I receive compensation from partnering websites. The video is accurate as of the posting date but may not be accurate in the future.

You should not treat any opinion expressed on this Youtube channel as a specific inducement to make a particular investment or follow a particular strategy, but only as an expression of opinion. Opinions expressed are based upon information considered reliable, but this Youtube channel does not warrant its completeness or accuracy, and it should not be relied upon as such. This Youtube channel is not under any obligation to update or correct any information provided in these videos. Statements and opinions are subject to change without notice. No compensation is received by this Youtube channel for the opinions expressed. 

Past performance is not indicative of future results. This Youtube channel does not guarantee any specific outcome or profit. You should be aware of the real risk of loss in following any strategy or investment discussed on this Youtube channel. Strategies or investments discussed may fluctuate in price or value. Investors may get back less than invested. Investments or strategies mentioned on this Youtube channel may not be suitable for you. This material does not take into account your particular investment objectives, financial situation or needs and is not intended as recommendations appropriate for you. You must make an independent decision regarding investments or strategies mentioned on this Youtube channel. Before acting on information on this Youtube channel, you should consider whether it is suitable for your particular circumstances and strongly consider seeking advice from your own financial or investment adviser.",1391,1054315,44615,4619,2026-03-05T21:02:58Z,Education,how to invest|bitcoin|million|ethereum|market crash|crypto|stock market|passive income|dividend investing|dividends|dividend stocks|crypto crash|stock market crash|bitcoin crash|NFT|how to buy bitcoin|cryptocurrency|robinhood app|best trading app|stocks|investing|investing for beginners|how to invest in real estate|how to invest in stocks|best stock trading app|credit score|andrei jikh|best investment|dogecoin|robinhood|portfolio|millionaire|recession,Andrei Jikh,@AndreiJikh,UCGy7SkBjcIAgTiwkXEtPnYg,3370000,1318,False,finance,video,https://www.youtube.com/watch?v=-3jFsdHNSfA,en,2026-09-11
JJwwVcdHlV0,How Wall Street Took Over Bitcoin,"How Wall Street Took Over Bitcoin
► My Stock Portfolio + Tracker https://www.funvest.com
► How To Protect Your Bitcoin, use Code ""ANDREI40"" to get 40% off https://stan.store/andreijikh
► Where I Buy My Bitcoin: https://gemini.sjv.io/7a0OL5
► How I went from Zero To A Million: https://www.zerotoamillion.com
► Ledger Discount Link: https://shop.ledger.com/pages/black-friday-andrei-jikh?r=535643c13ab0
► My Stock Portfolio + Stock Tracker: https://www.patreon.com/andreijikh
► Open A Roth IRA: 
► Follow Me On Instagram: https://www.instagram.com/andreijikh/
► How I Protect My Bitcoin: https://shop.ledger.com/pages/ledger-nano-x?r=535643c13ab0

My PO Box: 
Andrei Jikh
4132 S. Rainbow Blvd # 270
Las Vegas, NV 89103

DISCLOSURE: None of this is meant to be construed as investment advice, it's for entertainment purposes only. Links above include affiliate commission or referrals. I'm part of an affiliate network and I receive compensation from partnering websites. The video is accurate as of the posting date but may not be accurate in the future.

You should not treat any opinion expressed on this Youtube channel as a specific inducement to make a particular investment or follow a particular strategy, but only as an expression of opinion. Opinions expressed are based upon information considered reliable, but this Youtube channel does not warrant its completeness or accuracy, and it should not be relied upon as such. This Youtube channel is not under any obligation to update or correct any information provided in these videos. Statements and opinions are subject to change without notice. No compensation is received by this Youtube channel for the opinions expressed. 

Past performance is not indicative of future results. This Youtube channel does not guarantee any specific outcome or profit. You should be aware of the real risk of loss in following any strategy or investment discussed on this Youtube channel. Strategies or investments discussed may fluctuate in price or value. Investors may get back less than invested. Investments or strategies mentioned on this Youtube channel may not be suitable for you. This material does not take into account your particular investment objectives, financial situation or needs and is not intended as recommendations appropriate for you. You must make an independent decision regarding investments or strategies mentioned on this Youtube channel. Before acting on information on this Youtube channel, you should consider whether it is suitable for your particular circumstances and strongly consider seeking advice from your own financial or investment adviser.",1136,854846,25481,1811,2026-02-27T16:59:53Z,Education,how to invest|bitcoin|million|ethereum|market crash|crypto|stock market|passive income|dividend investing|dividends|dividend stocks|crypto crash|stock market crash|bitcoin crash|NFT|how to buy bitcoin|cryptocurrency|robinhood app|best trading app|stocks|investing|investing for beginners|how to invest in real estate|how to invest in stocks|best stock trading app|credit score|andrei jikh|best investment|dogecoin|robinhood|portfolio|millionaire|recession,Andrei Jikh,@AndreiJikh,UCGy7SkBjcIAgTiwkXEtPnYg,3370000,1318,False,finance,video,https://www.youtube.com/watch?v=JJwwVcdHlV0,en,2026-09-11
b55VFtY_9n0,America’s Paper Economy Is Breaking,"Crony Capitalism Is The Last Phase Of An Empire
► SoFi is giving away 100k in Bitcoin each week through 3/31/26! Open an account today to claim your share: http://sofi.com/andrei
► My Stock Portfolio + Tracker https://www.funvest.com
► How To Protect Your Bitcoin (step by step), use Code ""ANDREI40"" to get 40% off https://stan.store/andreijikh
► Where I Buy My Bitcoin: https://gemini.sjv.io/7a0OL5
► How I went from Zero To A Million: https://www.zerotoamillion.com
► Ledger Discount Link: https://shop.ledger.com/pages/black-friday-andrei-jikh?r=535643c13ab0
► My Stock Portfolio + Stock Tracker: https://www.patreon.com/andreijikh
► Follow Me On Instagram: https://www.instagram.com/andreijikh/
► How I Protect My Bitcoin: https://shop.ledger.com/pages/ledger-nano-x?r=535643c13ab0

My PO Box: 
Andrei Jikh
4132 S. Rainbow Blvd # 270
Las Vegas, NV 89103

DISCLOSURE: None of this is meant to be construed as investment advice, it's for entertainment purposes only. Links above include affiliate commission or referrals. I'm part of an affiliate network and I receive compensation from partnering websites. The video is accurate as of the posting date but may not be accurate in the future.

You should not treat any opinion expressed on this Youtube channel as a specific inducement to make a particular investment or follow a particular strategy, but only as an expression of opinion. Opinions expressed are based upon information considered reliable, but this Youtube channel does not warrant its completeness or accuracy, and it should not be relied upon as such. This Youtube channel is not under any obligation to update or correct any information provided in these videos. Statements and opinions are subject to change without notice. No compensation is received by this Youtube channel for the opinions expressed. 

Past performance is not indicative of future results. This Youtube channel does not guarantee any specific outcome or profit. You should be aware of the real risk of loss in following any strategy or investment discussed on this Youtube channel. Strategies or investments discussed may fluctuate in price or value. Investors may get back less than invested. Investments or strategies mentioned on this Youtube channel may not be suitable for you. This material does not take into account your particular investment objectives, financial situation or needs and is not intended as recommendations appropriate for you. You must make an independent decision regarding investments or strategies mentioned on this Youtube channel. Before acting on information on this Youtube channel, you should consider whether it is suitable for your particular circumstances and strongly consider seeking advice from your own financial or investment adviser.",1236,503729,16330,1188,2026-02-24T01:39:07Z,Education,how to invest|bitcoin|million|ethereum|market crash|crypto|stock market|passive income|dividend investing|dividends|dividend stocks|crypto crash|stock market crash|bitcoin crash|NFT|how to buy bitcoin|cryptocurrency|robinhood app|best trading app|stocks|investing|investing for beginners|how to invest in real estate|how to invest in stocks|best stock trading app|credit score|andrei jikh|best investment|dogecoin|robinhood|portfolio|millionaire|recession,Andrei Jikh,@AndreiJikh,UCGy7SkBjcIAgTiwkXEtPnYg,3370000,1318,False,finance,video,https://www.youtube.com/watch?v=b55VFtY_9n0,en,2026-09-11
xzOrdW_vF6g,The Global Wealth Rotation Just Started,"The Battle For The New Monetary Order
► The faster way to build credit. No credit checks, hidden fees, or interest. Get started for as little as $1: https://getkikoff.com/andrei
► My Stock Portfolio + Tracker https://www.funvest.com
► How To Protect Your Bitcoin (step by step), use Code ""ANDREI40"" to get 40% off https://stan.store/andreijikh
► Where I Buy My Bitcoin: https://gemini.sjv.io/7a0OL5
► How I went from Zero To A Million: https://www.zerotoamillion.com
► Ledger Discount Link: https://shop.ledger.com/pages/black-friday-andrei-jikh?r=535643c13ab0
► My Stock Portfolio + Stock Tracker: https://www.patreon.com/andreijikh
► Open A Roth IRA: 
► Follow Me On Instagram: https://www.instagram.com/andreijikh/
► How I Protect My Bitcoin: https://shop.ledger.com/pages/ledger-nano-x?r=535643c13ab0

Natalie Brunell x NorthStar video: https://x.com/natbrunell/status/2021227454719840636
IntoTheCryptoverse Charts (affiliate link): https://intothecryptoverse.com/ref/majikh/

DISCLOSURE: None of this is meant to be construed as investment advice, it's for entertainment purposes only. Links above include affiliate commission or referrals. I'm part of an affiliate network and I receive compensation from partnering websites. The video is accurate as of the posting date but may not be accurate in the future.

You should not treat any opinion expressed on this Youtube channel as a specific inducement to make a particular investment or follow a particular strategy, but only as an expression of opinion. Opinions expressed are based upon information considered reliable, but this Youtube channel does not warrant its completeness or accuracy, and it should not be relied upon as such. This Youtube channel is not under any obligation to update or correct any information provided in these videos. Statements and opinions are subject to change without notice. No compensation is received by this Youtube channel for the opinions expressed. 

Past performance is not indicative of future results. This Youtube channel does not guarantee any specific outcome or profit. You should be aware of the real risk of loss in following any strategy or investment discussed on this Youtube channel. Strategies or investments discussed may fluctuate in price or value. Investors may get back less than invested. Investments or strategies mentioned on this Youtube channel may not be suitable for you. This material does not take into account your particular investment objectives, financial situation or needs and is not intended as recommendations appropriate for you. You must make an independent decision regarding investments or strategies mentioned on this Youtube channel. Before acting on information on this Youtube channel, you should consider whether it is suitable for your particular circumstances and strongly consider seeking advice from your own financial or investment adviser.",1507,1140352,32818,2440,2026-02-18T17:00:49Z,Education,how to invest|bitcoin|million|ethereum|market crash|crypto|stock market|passive income|dividend investing|dividends|dividend stocks|crypto crash|stock market crash|bitcoin crash|NFT|how to buy bitcoin|cryptocurrency|robinhood app|best trading app|stocks|investing|investing for beginners|how to invest in real estate|how to invest in stocks|best stock trading app|credit score|andrei jikh|best investment|dogecoin|robinhood|portfolio|millionaire|recession,Andrei Jikh,@AndreiJikh,UCGy7SkBjcIAgTiwkXEtPnYg,3370000,1318,False,finance,video,https://www.youtube.com/watch?v=xzOrdW_vF6g,en,2026-09-11
RJMwcV1owtg,The Next Phase of the New World Order Has Begun,"China Is Selling America (Markets Are Unstable)
► Get 20% off DeleteMe US consumer plans when you go to http://joindeleteme.com/Andrei20 and use promo code ANDREI20 at checkout
► My Stock Portfolio + Tracker https://www.funvest.com
► How To Protect Your Bitcoin (step by step), use Code ""ANDREI40"" to get 40% off https://stan.store/andreijikh
► Where I Buy My Bitcoin: https://gemini.sjv.io/7a0OL5
► How I went from Zero To A Million: https://www.zerotoamillion.com
► Ledger Discount Link: https://shop.ledger.com/pages/black-friday-andrei-jikh?r=535643c13ab0
► My Stock Portfolio + Stock Tracker: https://www.patreon.com/andreijikh
► Open A Roth IRA: 
► Follow Me On Instagram: https://www.instagram.com/andreijikh/
► How I Protect My Bitcoin: https://shop.ledger.com/pages/ledger-nano-x?r=535643c13ab0

My PO Box: 
Andrei Jikh
4132 S. Rainbow Blvd # 270
Las Vegas, NV 89103

DISCLOSURE: None of this is meant to be construed as investment advice, it's for entertainment purposes only. Links above include affiliate commission or referrals. I'm part of an affiliate network and I receive compensation from partnering websites. The video is accurate as of the posting date but may not be accurate in the future.

You should not treat any opinion expressed on this Youtube channel as a specific inducement to make a particular investment or follow a particular strategy, but only as an expression of opinion. Opinions expressed are based upon information considered reliable, but this Youtube channel does not warrant its completeness or accuracy, and it should not be relied upon as such. This Youtube channel is not under any obligation to update or correct any information provided in these videos. Statements and opinions are subject to change without notice. No compensation is received by this Youtube channel for the opinions expressed. 

Past performance is not indicative of future results. This Youtube channel does not guarantee any specific outcome or profit. You should be aware of the real risk of loss in following any strategy or investment discussed on this Youtube channel. Strategies or investments discussed may fluctuate in price or value. Investors may get back less than invested. Investments or strategies mentioned on this Youtube channel may not be suitable for you. This material does not take into account your particular investment objectives, financial situation or needs and is not intended as recommendations appropriate for you. You must make an independent decision regarding investments or strategies mentioned on this Youtube channel. Before acting on information on this Youtube channel, you should consider whether it is suitable for your particular circumstances and strongly consider seeking advice from your own financial or investment adviser.",1747,1156561,28015,2579,2026-02-10T01:00:42Z,Education,how to invest|bitcoin|million|ethereum|market crash|crypto|stock market|passive income|dividend investing|dividends|dividend stocks|crypto crash|stock market crash|bitcoin crash|NFT|how to buy bitcoin|cryptocurrency|robinhood app|best trading app|stocks|investing|investing for beginners|how to invest in real estate|how to invest in stocks|best stock trading app|credit score|andrei jikh|best investment|dogecoin|robinhood|portfolio|millionaire|recession,Andrei Jikh,@AndreiJikh,UCGy7SkBjcIAgTiwkXEtPnYg,3370000,1318,False,finance,video,https://www.youtube.com/watch?v=RJMwcV1owtg,en,2026-09-11
8qX9qPA9vs4,The Next World Reserve Currency,"The End Of The US Monetary Order
► Claim your $5 trading voucher and step into the Big Games with Webull! https://webull.com/k/AndreiJikhWebull

Event contract trading is highly speculative and may not be suitable for all investors. Webull asks customers to carefully consider all risks associated with an investment in an Event Contract, including without limitation the risks set forth in the Event Contract Risk Disclosure and other relevant Event Contract Disclosures documents located at www.webull.com/policy , and consult with a financial professional and any other advisors that you deem appropriate before investing in any Event Contract.​​

► My Stock Portfolio + Tracker https://www.funvest.com
► How To Protect Your Bitcoin (step by step), use Code ""ANDREI40"" to get 40% off https://stan.store/andreijikh
► Where I Buy My Bitcoin: https://gemini.sjv.io/7a0OL5
► How I went from Zero To A Million: https://www.zerotoamillion.com
► Ledger Discount Link: https://shop.ledger.com/pages/black-friday-andrei-jikh?r=535643c13ab0
► My Stock Portfolio + Stock Tracker: https://www.patreon.com/andreijikh
► Open A Roth IRA: 
► Follow Me On Instagram: https://www.instagram.com/andreijikh/
► How I Protect My Bitcoin: https://shop.ledger.com/pages/ledger-nano-x?r=535643c13ab0

► Check out Simon Dixon’s channel for a deeper dive on what’s happening: https://www.youtube.com/@UC_wNYJCyycXXPmWni2JNZhQ 

My PO Box: 
Andrei Jikh
4132 S. Rainbow Blvd # 270
Las Vegas, NV 89103

DISCLOSURE: None of this is meant to be construed as investment advice, it's for entertainment purposes only. Links above include affiliate commission or referrals. I'm part of an affiliate network and I receive compensation from partnering websites. The video is accurate as of the posting date but may not be accurate in the future.

You should not treat any opinion expressed on this Youtube channel as a specific inducement to make a particular investment or follow a particular strategy, but only as an expression of opinion. Opinions expressed are based upon information considered reliable, but this Youtube channel does not warrant its completeness or accuracy, and it should not be relied upon as such. This Youtube channel is not under any obligation to update or correct any information provided in these videos. Statements and opinions are subject to change without notice. No compensation is received by this Youtube channel for the opinions expressed. 

Past performance is not indicative of future results. This Youtube channel does not guarantee any specific outcome or profit. You should be aware of the real risk of loss in following any strategy or investment discussed on this Youtube channel. Strategies or investments discussed may fluctuate in price or value. Investors may get back less than invested. Investments or strategies mentioned on this Youtube channel may not be suitable for you. This material does not take into account your particular investment objectives, financial situation or needs and is not intended as recommendations appropriate for you. You must make an independent decision regarding investments or strategies mentioned on this Youtube channel. Before acting on information on this Youtube channel, you should consider whether it is suitable for your particular circumstances and strongly consider seeking advice from your own financial or investment adviser.",1505,1779973,44102,6728,2026-02-02T17:35:20Z,Education,how to invest|bitcoin|million|ethereum|market crash|crypto|stock market|passive income|dividend investing|dividends|dividend stocks|crypto crash|stock market crash|bitcoin crash|NFT|how to buy bitcoin|cryptocurrency|robinhood app|best trading app|stocks|investing|investing for beginners|how to invest in real estate|how to invest in stocks|best stock trading app|credit score|andrei jikh|best investment|dogecoin|robinhood|portfolio|millionaire|recession,Andrei Jikh,@AndreiJikh,UCGy7SkBjcIAgTiwkXEtPnYg,3370000,1318,False,finance,video,https://www.youtube.com/watch?v=8qX9qPA9vs4,en,2026-09-11
tbN-AhFoN6M,The Start Of A New World Order,"Globalization Has Failed (World Economic Forum)
► My Stock Portfolio + Tracker https://www.brrrr.ai
► How To Protect Your Bitcoin (step by step), use Code ""ANDREI40"" to get 40% off https://stan.store/andreijikh
► Where I Buy My Bitcoin: https://gemini.sjv.io/7a0OL5
► How I went from Zero To A Million: https://www.zerotoamillion.com
► Ledger Discount Link: https://shop.ledger.com/pages/black-friday-andrei-jikh?r=535643c13ab0
► My Stock Portfolio + Stock Tracker: https://www.patreon.com/andreijikh
► Open A Roth IRA: 
► Follow Me On Instagram: https://www.instagram.com/andreijikh/
► How I Protect My Bitcoin: https://shop.ledger.com/pages/ledger-nano-x?r=535643c13ab0

Check out Simon Dixon’s channel for a deeper dive on what’s happening: https://www.youtube.com/@SimonDixon21


My PO Box: 
Andrei Jikh
4132 S. Rainbow Blvd # 270
Las Vegas, NV 89103

DISCLOSURE: None of this is meant to be construed as investment advice, it's for entertainment purposes only. Links above include affiliate commission or referrals. I'm part of an affiliate network and I receive compensation from partnering websites. The video is accurate as of the posting date but may not be accurate in the future.

You should not treat any opinion expressed on this Youtube channel as a specific inducement to make a particular investment or follow a particular strategy, but only as an expression of opinion. Opinions expressed are based upon information considered reliable, but this Youtube channel does not warrant its completeness or accuracy, and it should not be relied upon as such. This Youtube channel is not under any obligation to update or correct any information provided in these videos. Statements and opinions are subject to change without notice. No compensation is received by this Youtube channel for the opinions expressed. 

Past performance is not indicative of future results. This Youtube channel does not guarantee any specific outcome or profit. You should be aware of the real risk of loss in following any strategy or investment discussed on this Youtube channel. Strategies or investments discussed may fluctuate in price or value. Investors may get back less than invested. Investments or strategies mentioned on this Youtube channel may not be suitable for you. This material does not take into account your particular investment objectives, financial situation or needs and is not intended as recommendations appropriate for you. You must make an independent decision regarding investments or strategies mentioned on this Youtube channel. Before acting on information on this Youtube channel, you should consider whether it is suitable for your particular circumstances and strongly consider seeking advice from your own financial or investment adviser.",1467,3184268,97196,9168,2026-01-27T00:15:25Z,Education,how to invest|bitcoin|million|ethereum|market crash|crypto|stock market|passive income|dividend investing|dividends|dividend stocks|crypto crash|stock market crash|bitcoin crash|NFT|how to buy bitcoin|cryptocurrency|robinhood app|best trading app|stocks|investing|investing for beginners|how to invest in real estate|how to invest in stocks|best stock trading app|credit score|andrei jikh|best investment|dogecoin|robinhood|portfolio|millionaire|recession,Andrei Jikh,@AndreiJikh,UCGy7SkBjcIAgTiwkXEtPnYg,3370000,1318,False,finance,video,https://www.youtube.com/watch?v=tbN-AhFoN6M,en,2026-09-11
bqXvzJclaAg,You Have 5 Years Left To Get Rich,"You Have 5 Years Left To Get Rich
► Apply for the Gemini Credit Card: http://gemini.com/andrei
#GeminiCreditCard #CryptoRewards This video is sponsored by Gemini. All opinions expressed by the content creator are their own and not influenced or endorsed by Gemini.

The Gemini Credit Card is issued by WebBank. For more information regarding fees, interest, and other cost information, see Rates & Fees: gemini.com/legal/cardholder-agreement.
Some exclusions apply to instant rewards in which rewards are deposited when the transaction posts. All qualifying purchases under the 4% back category earn 4% back on up to $300 in spend per month (then 1% thereafter in that month). Spend cycle will refresh on the 1st of each calendar month. See Rewards Program Terms for details: gemini.com/legal/credit-card-rewards-agreement.
Analysis reflects Gemini Credit Card holders who earned bitcoin rewards between 10/08/2021 and 10/05/2024 and held all such rewards in their Gemini account through 10/05/2025. Calculation is based on bitcoin market value changes during the holding period. Individual results will vary depending on spend behavior, chosen rewards currency, holding duration, and market performance. Past performance is not indicative of future results. This information is for general informational purposes only and does not constitute investment advice.

► My Stock Portfolio + Tracker https://www.brrrr.ai
► How To Protect Your Bitcoin (step by step), use Code ""ANDREI40"" to get 40% off https://stan.store/andreijikh
► Where I Buy My Bitcoin: https://gemini.sjv.io/7a0OL5
► How I went from Zero To A Million: https://www.zerotoamillion.com
► Ledger Discount Link: https://shop.ledger.com/pages/black-friday-andrei-jikh?r=535643c13ab0
► My Stock Portfolio + Stock Tracker: https://www.patreon.com/andreijikh
► Open A Roth IRA: 
► Follow Me On Instagram: https://www.instagram.com/andreijikh/
► How I Protect My Bitcoin: https://shop.ledger.com/pages/ledger-nano-x?r=535643c13ab0

My PO Box: 
Andrei Jikh
4132 S. Rainbow Blvd # 270
Las Vegas, NV 89103

DISCLOSURE: None of this is meant to be construed as investment advice, it's for entertainment purposes only. Links above include affiliate commission or referrals. I'm part of an affiliate network and I receive compensation from partnering websites. The video is accurate as of the posting date but may not be accurate in the future.

You should not treat any opinion expressed on this Youtube channel as a specific inducement to make a particular investment or follow a particular strategy, but only as an expression of opinion. Opinions expressed are based upon information considered reliable, but this Youtube channel does not warrant its completeness or accuracy, and it should not be relied upon as such. This Youtube channel is not under any obligation to update or correct any information provided in these videos. Statements and opinions are subject to change without notice. No compensation is received by this Youtube channel for the opinions expressed. 

Past performance is not indicative of future results. This Youtube channel does not guarantee any specific outcome or profit. You should be aware of the real risk of loss in following any strategy or investment discussed on this Youtube channel. Strategies or investments discussed may fluctuate in price or value. Investors may get back less than invested. Investments or strategies mentioned on this Youtube channel may not be suitable for you. This material does not take into account your particular investment objectives, financial situation or needs and is not intended as recommendations appropriate for you. You must make an independent decision regarding investments or strategies mentioned on this Youtube channel. Before acting on information on this Youtube channel, you should consider whether it is suitable for your particular circumstances and strongly consider seeking advice from your own financial or investment adviser.",1269,1445175,42522,4379,2026-01-21T20:02:37Z,Education,how to invest|bitcoin|million|ethereum|market crash|crypto|stock market|passive income|dividend investing|dividends|dividend stocks|crypto crash|stock market crash|bitcoin crash|NFT|how to buy bitcoin|cryptocurrency|robinhood app|best trading app|stocks|investing|investing for beginners|how to invest in real estate|how to invest in stocks|best stock trading app|credit score|andrei jikh|best investment|dogecoin|robinhood|portfolio|millionaire|recession,Andrei Jikh,@AndreiJikh,UCGy7SkBjcIAgTiwkXEtPnYg,3370000,1318,False,finance,video,https://www.youtube.com/watch?v=bqXvzJclaAg,en,2026-09-11
jtRDWh6fdzE,Iran Is Next (Venezuela Was Never About Oil),"Iran Is Next (Venezuela Was Never About Oil)
► Apply for the Gemini Credit Card: http://gemini.com/andrei
#GeminiCreditCard #CryptoRewards This video is sponsored by Gemini. All opinions expressed by the content creator are their own and not influenced or endorsed by Gemini.

The Gemini Credit Card is issued by WebBank. For more information regarding fees, interest, and other cost information, see Rates & Fees: gemini.com/legal/cardholder-agreement.
Some exclusions apply to instant rewards in which rewards are deposited when the transaction posts. All qualifying purchases under the 4% back category earn 4% back on up to $300 in spend per month (then 1% thereafter in that month). Spend cycle will refresh on the 1st of each calendar month. See Rewards Program Terms for details: gemini.com/legal/credit-card-rewards-agreement.
Analysis reflects Gemini Credit Card holders who earned bitcoin rewards between 10/08/2021 and 10/05/2024 and held all such rewards in their Gemini account through 10/05/2025. Calculation is based on bitcoin market value changes during the holding period. Individual results will vary depending on spend behavior, chosen rewards currency, holding duration, and market performance. Past performance is not indicative of future results. This information is for general informational purposes only and does not constitute investment advice.

► My Stock Portfolio + Tracker https://www.brrrr.ai
► How To Protect Your Bitcoin (step by step), use Code ""ANDREI40"" to get 40% off https://stan.store/andreijikh
► Where I Buy My Bitcoin: https://gemini.sjv.io/7a0OL5
► How I went from Zero To A Million: https://www.zerotoamillion.com
► Ledger Discount Link: https://shop.ledger.com/pages/black-friday-andrei-jikh?r=535643c13ab0
► My Stock Portfolio + Stock Tracker: https://www.patreon.com/andreijikh
► Open A Roth IRA: 
► Follow Me On Instagram: https://www.instagram.com/andreijikh/
► How I Protect My Bitcoin: https://shop.ledger.com/pages/ledger-nano-x?r=535643c13ab0

My PO Box: 
Andrei Jikh
4132 S. Rainbow Blvd # 270
Las Vegas, NV 89103

DISCLOSURE: None of this is meant to be construed as investment advice, it's for entertainment purposes only. Links above include affiliate commission or referrals. I'm part of an affiliate network and I receive compensation from partnering websites. The video is accurate as of the posting date but may not be accurate in the future.

You should not treat any opinion expressed on this Youtube channel as a specific inducement to make a particular investment or follow a particular strategy, but only as an expression of opinion. Opinions expressed are based upon information considered reliable, but this Youtube channel does not warrant its completeness or accuracy, and it should not be relied upon as such. This Youtube channel is not under any obligation to update or correct any information provided in these videos. Statements and opinions are subject to change without notice. No compensation is received by this Youtube channel for the opinions expressed. 

Past performance is not indicative of future results. This Youtube channel does not guarantee any specific outcome or profit. You should be aware of the real risk of loss in following any strategy or investment discussed on this Youtube channel. Strategies or investments discussed may fluctuate in price or value. Investors may get back less than invested. Investments or strategies mentioned on this Youtube channel may not be suitable for you. This material does not take into account your particular investment objectives, financial situation or needs and is not intended as recommendations appropriate for you. You must make an independent decision regarding investments or strategies mentioned on this Youtube channel. Before acting on information on this Youtube channel, you should consider whether it is suitable for your particular circumstances and strongly consider seeking advice from your own financial or investment adviser.",1417,1018408,36694,3984,2026-01-12T23:00:30Z,Education,how to invest|bitcoin|million|ethereum|market crash|crypto|stock market|passive income|dividend investing|dividends|dividend stocks|crypto crash|stock market crash|bitcoin crash|NFT|how to buy bitcoin|cryptocurrency|robinhood app|best trading app|stocks|investing|investing for beginners|how to invest in real estate|how to invest in stocks|best stock trading app|credit score|andrei jikh|best investment|dogecoin|robinhood|portfolio|millionaire|recession,Andrei Jikh,@AndreiJikh,UCGy7SkBjcIAgTiwkXEtPnYg,3370000,1318,False,finance,video,https://www.youtube.com/watch?v=jtRDWh6fdzE,en,2026-09-11
VZrE_9PBGVY,America’s Fraud Is Bigger Than You Think,"America's Fraud Is Bigger Than You Think
► My Stock Portfolio + Tracker https://www.brrrr.ai
► How To Protect Your Bitcoin (step by step), use Code ""ANDREI40"" to get 40% off https://stan.store/andreijikh
► Where I Buy My Bitcoin: https://gemini.sjv.io/7a0OL5
► How I went from Zero To A Million: https://www.zerotoamillion.com
► Ledger Discount Link: https://shop.ledger.com/pages/black-friday-andrei-jikh?r=535643c13ab0
► My Stock Portfolio + Stock Tracker: https://www.patreon.com/andreijikh
► Open A Roth IRA: 
► Follow Me On Instagram: https://www.instagram.com/andreijikh/
► How I Protect My Bitcoin: https://shop.ledger.com/pages/ledger-nano-x?r=535643c13ab0

My PO Box: 
Andrei Jikh
4132 S. Rainbow Blvd # 270
Las Vegas, NV 89103

DISCLOSURE: None of this is meant to be construed as investment advice, it's for entertainment purposes only. Links above include affiliate commission or referrals. I'm part of an affiliate network and I receive compensation from partnering websites. The video is accurate as of the posting date but may not be accurate in the future.

You should not treat any opinion expressed on this Youtube channel as a specific inducement to make a particular investment or follow a particular strategy, but only as an expression of opinion. Opinions expressed are based upon information considered reliable, but this Youtube channel does not warrant its completeness or accuracy, and it should not be relied upon as such. This Youtube channel is not under any obligation to update or correct any information provided in these videos. Statements and opinions are subject to change without notice. No compensation is received by this Youtube channel for the opinions expressed. 

Past performance is not indicative of future results. This Youtube channel does not guarantee any specific outcome or profit. You should be aware of the real risk of loss in following any strategy or investment discussed on this Youtube channel. Strategies or investments discussed may fluctuate in price or value. Investors may get back less than invested. Investments or strategies mentioned on this Youtube channel may not be suitable for you. This material does not take into account your particular investment objectives, financial situation or needs and is not intended as recommendations appropriate for you. You must make an independent decision regarding investments or strategies mentioned on this Youtube channel. Before acting on information on this Youtube channel, you should consider whether it is suitable for your particular circumstances and strongly consider seeking advice from your own financial or investment adviser.",1115,280976,16602,2693,2026-01-05T17:55:28Z,Education,how to invest|bitcoin|million|ethereum|market crash|crypto|stock market|passive income|dividend investing|dividends|dividend stocks|crypto crash|stock market crash|bitcoin crash|NFT|how to buy bitcoin|cryptocurrency|robinhood app|best trading app|stocks|investing|investing for beginners|how to invest in real estate|how to invest in stocks|best stock trading app|credit score|andrei jikh|best investment|dogecoin|robinhood|portfolio|millionaire|recession,Andrei Jikh,@AndreiJikh,UCGy7SkBjcIAgTiwkXEtPnYg,3370000,1318,False,finance,video,https://www.youtube.com/watch?v=VZrE_9PBGVY,en,2026-09-11
WI8PxxBiShg,China Just Broke The Silver Market,"Silver Just Became Strategic (Because of China)
► Nano Banana Pro 365 Unlimited – 85% OFF: https://higgsfield.ai/nano-banana-2-intro/?utm_source=AndreiJikh
► My Stock Portfolio + Tracker https://www.brrrr.ai
► How To Protect Your Bitcoin (step by step), use Code ""ANDREI40"" to get 40% off https://stan.store/andreijikh
► Where I Buy My Bitcoin: https://gemini.sjv.io/7a0OL5
► How I went from Zero To A Million: https://www.zerotoamillion.com
► Ledger Discount Link: https://shop.ledger.com/pages/black-friday-andrei-jikh?r=535643c13ab0
► My Stock Portfolio + Stock Tracker: https://www.patreon.com/andreijikh
► Open A Roth IRA: 
► Follow Me On Instagram: https://www.instagram.com/andreijikh/
► How I Protect My Bitcoin: https://shop.ledger.com/pages/ledger-nano-x?r=535643c13ab0

My PO Box: 
Andrei Jikh
4132 S. Rainbow Blvd # 270
Las Vegas, NV 89103

DISCLOSURE: None of this is meant to be construed as investment advice, it's for entertainment purposes only. Links above include affiliate commission or referrals. I'm part of an affiliate network and I receive compensation from partnering websites. The video is accurate as of the posting date but may not be accurate in the future.

You should not treat any opinion expressed on this Youtube channel as a specific inducement to make a particular investment or follow a particular strategy, but only as an expression of opinion. Opinions expressed are based upon information considered reliable, but this Youtube channel does not warrant its completeness or accuracy, and it should not be relied upon as such. This Youtube channel is not under any obligation to update or correct any information provided in these videos. Statements and opinions are subject to change without notice. No compensation is received by this Youtube channel for the opinions expressed. 

Past performance is not indicative of future results. This Youtube channel does not guarantee any specific outcome or profit. You should be aware of the real risk of loss in following any strategy or investment discussed on this Youtube channel. Strategies or investments discussed may fluctuate in price or value. Investors may get back less than invested. Investments or strategies mentioned on this Youtube channel may not be suitable for you. This material does not take into account your particular investment objectives, financial situation or needs and is not intended as recommendations appropriate for you. You must make an independent decision regarding investments or strategies mentioned on this Youtube channel. Before acting on information on this Youtube channel, you should consider whether it is suitable for your particular circumstances and strongly consider seeking advice from your own financial or investment adviser.",1328,968199,25697,1960,2025-12-29T19:00:10Z,Education,how to invest|bitcoin|million|ethereum|market crash|crypto|stock market|passive income|dividend investing|dividends|dividend stocks|crypto crash|stock market crash|bitcoin crash|NFT|how to buy bitcoin|cryptocurrency|robinhood app|best trading app|stocks|investing|investing for beginners|how to invest in real estate|how to invest in stocks|best stock trading app|credit score|andrei jikh|best investment|dogecoin|robinhood|portfolio|millionaire|recession,Andrei Jikh,@AndreiJikh,UCGy7SkBjcIAgTiwkXEtPnYg,3370000,1318,False,finance,video,https://www.youtube.com/watch?v=WI8PxxBiShg,en,2026-09-11
goInodfpZKQ,2041: The End of White America,"2041: The End of White America
► Original article: https://www.compactmag.com/article/the-lost-generation/
► My Stock Portfolio + Tracker https://www.brrrr.ai
► How To Protect Your Bitcoin (step by step), use Code ""ANDREI40"" to get 40% off https://stan.store/andreijikh
► Where I Buy My Bitcoin: https://gemini.sjv.io/7a0OL5
► How I went from Zero To A Million: https://www.zerotoamillion.com
► Ledger Discount Link: https://shop.ledger.com/pages/black-friday-andrei-jikh?r=535643c13ab0
► My Stock Portfolio + Stock Tracker: https://www.patreon.com/andreijikh
► Open A Roth IRA: 
► Follow Me On Instagram: https://www.instagram.com/andreijikh/
► How I Protect My Bitcoin: https://shop.ledger.com/pages/ledger-nano-x?r=535643c13ab0

My PO Box: 
Andrei Jikh
4132 S. Rainbow Blvd # 270
Las Vegas, NV 89103

DISCLOSURE: None of this is meant to be construed as investment advice, it's for entertainment purposes only. Links above include affiliate commission or referrals. I'm part of an affiliate network and I receive compensation from partnering websites. The video is accurate as of the posting date but may not be accurate in the future.

You should not treat any opinion expressed on this Youtube channel as a specific inducement to make a particular investment or follow a particular strategy, but only as an expression of opinion. Opinions expressed are based upon information considered reliable, but this Youtube channel does not warrant its completeness or accuracy, and it should not be relied upon as such. This Youtube channel is not under any obligation to update or correct any information provided in these videos. Statements and opinions are subject to change without notice. No compensation is received by this Youtube channel for the opinions expressed. 

Past performance is not indicative of future results. This Youtube channel does not guarantee any specific outcome or profit. You should be aware of the real risk of loss in following any strategy or investment discussed on this Youtube channel. Strategies or investments discussed may fluctuate in price or value. Investors may get back less than invested. Investments or strategies mentioned on this Youtube channel may not be suitable for you. This material does not take into account your particular investment objectives, financial situation or needs and is not intended as recommendations appropriate for you. You must make an independent decision regarding investments or strategies mentioned on this Youtube channel. Before acting on information on this Youtube channel, you should consider whether it is suitable for your particular circumstances and strongly consider seeking advice from your own financial or investment adviser.",1603,332443,18185,4964,2025-12-22T20:00:01Z,Education,how to invest|bitcoin|million|ethereum|market crash|crypto|stock market|passive income|dividend investing|dividends|dividend stocks|crypto crash|stock market crash|bitcoin crash|NFT|how to buy bitcoin|cryptocurrency|robinhood app|best trading app|stocks|investing|investing for beginners|how to invest in real estate|how to invest in stocks|best stock trading app|credit score|andrei jikh|best investment|dogecoin|robinhood|portfolio|millionaire|recession,Andrei Jikh,@AndreiJikh,UCGy7SkBjcIAgTiwkXEtPnYg,3370000,1318,False,finance,video,https://www.youtube.com/watch?v=goInodfpZKQ,en,2026-09-11
i3-wTqnzJvI,"Why $140,000 Is The New 'Poor'","Why $140,000 Is The New ‘Poor’
► Build Your Multi-Asset Portfolio with Public: https://public.com/andrei

Brokerage services provided by Open to the Public Investing Inc, member FINRA & SIPC. Investing involves risk. Generated Assets is an interactive analysis tool by Public Advisors. Output is for informational purposes only and is not an investment recommendation or advice. See disclosures at public.com/disclosures/ga. See terms of Match Program at https://public.com/disclosures/matchprogram Matched funds must remain in your account for at least 5 years. Match rate and other terms are subject to change at any time.

Original article by Michael Green: https://www.yesigiveafig.com/p/part-1-my-life-is-a-lie
Michael Green's Twitter/X account: https://x.com/profplum99

► My Stock Portfolio + Tracker https://www.brrrr.ai
► How To Protect Your Bitcoin (step by step), use Code ""ANDREI40"" to get 40% off https://stan.store/andreijikh
► Where I Buy My Bitcoin: https://gemini.sjv.io/7a0OL5
► How I went from Zero To A Million: https://www.zerotoamillion.com
► Ledger Discount Link: https://shop.ledger.com/pages/black-friday-andrei-jikh?r=535643c13ab0
► My Stock Portfolio + Stock Tracker: https://www.patreon.com/andreijikh
► Open A Roth IRA: 
► Follow Me On Instagram: https://www.instagram.com/andreijikh/
► How I Protect My Bitcoin: https://shop.ledger.com/pages/ledger-nano-x?r=535643c13ab0

My PO Box: 
Andrei Jikh
4132 S. Rainbow Blvd # 270
Las Vegas, NV 89103

DISCLOSURE: None of this is meant to be construed as investment advice, it's for entertainment purposes only. Links above include affiliate commission or referrals. I'm part of an affiliate network and I receive compensation from partnering websites. The video is accurate as of the posting date but may not be accurate in the future.

You should not treat any opinion expressed on this Youtube channel as a specific inducement to make a particular investment or follow a particular strategy, but only as an expression of opinion. Opinions expressed are based upon information considered reliable, but this Youtube channel does not warrant its completeness or accuracy, and it should not be relied upon as such. This Youtube channel is not under any obligation to update or correct any information provided in these videos. Statements and opinions are subject to change without notice. No compensation is received by this Youtube channel for the opinions expressed. 

Past performance is not indicative of future results. This Youtube channel does not guarantee any specific outcome or profit. You should be aware of the real risk of loss in following any strategy or investment discussed on this Youtube channel. Strategies or investments discussed may fluctuate in price or value. Investors may get back less than invested. Investments or strategies mentioned on this Youtube channel may not be suitable for you. This material does not take into account your particular investment objectives, financial situation or needs and is not intended as recommendations appropriate for you. You must make an independent decision regarding investments or strategies mentioned on this Youtube channel. Before acting on information on this Youtube channel, you should consider whether it is suitable for your particular circumstances and strongly consider seeking advice from your own financial or investment adviser.",1462,720599,19568,3680,2025-12-15T23:01:11Z,Education,how to invest|bitcoin|million|ethereum|market crash|crypto|stock market|passive income|dividend investing|dividends|dividend stocks|crypto crash|stock market crash|bitcoin crash|NFT|how to buy bitcoin|cryptocurrency|robinhood app|best trading app|stocks|investing|investing for beginners|how to invest in real estate|how to invest in stocks|best stock trading app|credit score|andrei jikh|best investment|dogecoin|robinhood|portfolio|millionaire|recession,Andrei Jikh,@AndreiJikh,UCGy7SkBjcIAgTiwkXEtPnYg,3370000,1318,False,finance,video,https://www.youtube.com/watch?v=i3-wTqnzJvI,en,2026-09-11
7XTc2dC6Q00,Banks Are Pushing Bitcoin Into the Death Spiral,"How the Banks Stole Gold is How They Might Steal Bitcoin
► Apply for the Gemini Credit Card: http://gemini.com/andrei
#GeminiCreditCard #CryptoRewards This video is sponsored by Gemini. All opinions expressed by the content creator are their own and not influenced or endorsed by Gemini.

The Gemini Credit Card is issued by WebBank. For more information regarding fees, interest, and other cost information, see Rates & Fees: gemini.com/legal/cardholder-agreement.
Some exclusions apply to instant rewards in which rewards are deposited when the transaction posts. All qualifying purchases under the 4% back category earn 4% back on up to $300 in spend per month (then 1% thereafter in that month). Spend cycle will refresh on the 1st of each calendar month. See Rewards Program Terms for details: gemini.com/legal/credit-card-rewards-agreement.
Analysis reflects Gemini Credit Card holders who earned bitcoin rewards between 10/08/2021 and 10/05/2024 and held all such rewards in their Gemini account through 10/05/2025. Calculation is based on bitcoin market value changes during the holding period. Individual results will vary depending on spend behavior, chosen rewards currency, holding duration, and market performance. Past performance is not indicative of future results. This information is for general informational purposes only and does not constitute investment advice.

► SOURCES:
- PIPE investments: https://www.sciencedirect.com/science/article/abs/pii/S0304405X03002095
- MSTR Strategy Info: https://www.strategy.com/

► My Stock Portfolio + Tracker https://www.brrrr.ai
► How To Protect Your Bitcoin (step by step), use Code ""ANDREI40"" to get 40% off https://stan.store/andreijikh
► Where I Buy My Bitcoin: https://gemini.sjv.io/7a0OL5
► How I went from Zero To A Million: https://www.zerotoamillion.com
► Ledger Discount Link: https://shop.ledger.com/pages/black-friday-andrei-jikh?r=535643c13ab0
► My Stock Portfolio + Stock Tracker: https://www.patreon.com/andreijikh
► Open A Roth IRA: 
► Follow Me On Instagram: https://www.instagram.com/andreijikh/
► How I Protect My Bitcoin: https://shop.ledger.com/pages/ledger-nano-x?r=535643c13ab0

My PO Box: 
Andrei Jikh
4132 S. Rainbow Blvd # 270
Las Vegas, NV 89103

DISCLOSURE: None of this is meant to be construed as investment advice, it's for entertainment purposes only. Links above include affiliate commission or referrals. I'm part of an affiliate network and I receive compensation from partnering websites. The video is accurate as of the posting date but may not be accurate in the future.

You should not treat any opinion expressed on this Youtube channel as a specific inducement to make a particular investment or follow a particular strategy, but only as an expression of opinion. Opinions expressed are based upon information considered reliable, but this Youtube channel does not warrant its completeness or accuracy, and it should not be relied upon as such. This Youtube channel is not under any obligation to update or correct any information provided in these videos. Statements and opinions are subject to change without notice. No compensation is received by this Youtube channel for the opinions expressed. 

Past performance is not indicative of future results. This Youtube channel does not guarantee any specific outcome or profit. You should be aware of the real risk of loss in following any strategy or investment discussed on this Youtube channel. Strategies or investments discussed may fluctuate in price or value. Investors may get back less than invested. Investments or strategies mentioned on this Youtube channel may not be suitable for you. This material does not take into account your particular investment objectives, financial situation or needs and is not intended as recommendations appropriate for you. You must make an independent decision regarding investments or strategies mentioned on this Youtube channel. Before acting on information on this Youtube channel, you should consider whether it is suitable for your particular circumstances and strongly consider seeking advice from your own financial or investment adviser.",1203,940265,25062,2320,2025-12-08T20:14:48Z,Education,how to invest|bitcoin|million|ethereum|market crash|crypto|stock market|passive income|dividend investing|dividends|dividend stocks|crypto crash|stock market crash|bitcoin crash|NFT|how to buy bitcoin|cryptocurrency|robinhood app|best trading app|stocks|investing|investing for beginners|how to invest in real estate|how to invest in stocks|best stock trading app|credit score|andrei jikh|best investment|dogecoin|robinhood|portfolio|millionaire|recession,Andrei Jikh,@AndreiJikh,UCGy7SkBjcIAgTiwkXEtPnYg,3370000,1318,False,finance,video,https://www.youtube.com/watch?v=7XTc2dC6Q00,en,2026-09-11
NI-SdF1hG8M,Why Everything Is Selling Off (Starting With Bitcoin),"The Crypto Crash Isn't What You Think
► Apply for the Gemini Credit Card: http://gemini.com/andrei
#GeminiCreditCard #CryptoRewards This video is sponsored by Gemini. All opinions expressed by the content creator are their own and not influenced or endorsed by Gemini.

The Gemini Credit Card is issued by WebBank. For more information regarding fees, interest, and other cost information, see Rates & Fees: gemini.com/legal/cardholder-agreement.
Some exclusions apply to instant rewards in which rewards are deposited when the transaction posts. All qualifying purchases under the 4% back category earn 4% back on up to $300 in spend per month (then 1% thereafter in that month). Spend cycle will refresh on the 1st of each calendar month. See Rewards Program Terms for details: gemini.com/legal/credit-card-rewards-agreement.
Analysis reflects Gemini Credit Card holders who earned bitcoin rewards between 10/08/2021 and 10/05/2024 and held all such rewards in their Gemini account through 10/05/2025. Calculation is based on bitcoin market value changes during the holding period. Individual results will vary depending on spend behavior, chosen rewards currency, holding duration, and market performance. Past performance is not indicative of future results. This information is for general informational purposes only and does not constitute investment advice.

► My Stock Portfolio + Tracker https://www.brrrr.ai
► How To Protect Your Bitcoin (step by step), use Code ""ANDREI40"" to get 40% off https://stan.store/andreijikh
► Where I Buy My Bitcoin: https://gemini.sjv.io/7a0OL5
► How I went from Zero To A Million: https://www.zerotoamillion.com
► Ledger Discount Link: https://shop.ledger.com/pages/black-friday-andrei-jikh?r=535643c13ab0
► My Stock Portfolio + Stock Tracker: https://www.brrrr.ai
► Open A Roth IRA: 
► Follow Me On Instagram: https://www.instagram.com/andreijikh/
► How I Protect My Bitcoin: https://shop.ledger.com/pages/ledger-nano-x?r=535643c13ab0

My PO Box: 
Andrei Jikh
4132 S. Rainbow Blvd # 270
Las Vegas, NV 89103

DISCLOSURE: None of this is meant to be construed as investment advice, it's for entertainment purposes only. Links above include affiliate commission or referrals. I'm part of an affiliate network and I receive compensation from partnering websites. The video is accurate as of the posting date but may not be accurate in the future.

You should not treat any opinion expressed on this Youtube channel as a specific inducement to make a particular investment or follow a particular strategy, but only as an expression of opinion. Opinions expressed are based upon information considered reliable, but this Youtube channel does not warrant its completeness or accuracy, and it should not be relied upon as such. This Youtube channel is not under any obligation to update or correct any information provided in these videos. Statements and opinions are subject to change without notice. No compensation is received by this Youtube channel for the opinions expressed. 

Past performance is not indicative of future results. This Youtube channel does not guarantee any specific outcome or profit. You should be aware of the real risk of loss in following any strategy or investment discussed on this Youtube channel. Strategies or investments discussed may fluctuate in price or value. Investors may get back less than invested. Investments or strategies mentioned on this Youtube channel may not be suitable for you. This material does not take into account your particular investment objectives, financial situation or needs and is not intended as recommendations appropriate for you. You must make an independent decision regarding investments or strategies mentioned on this Youtube channel. Before acting on information on this Youtube channel, you should consider whether it is suitable for your particular circumstances and strongly consider seeking advice from your own financial or investment adviser.",1128,958406,32753,2458,2025-11-21T19:00:04Z,Education,how to invest|bitcoin|million|ethereum|market crash|crypto|stock market|passive income|dividend investing|dividends|dividend stocks|crypto crash|stock market crash|bitcoin crash|NFT|how to buy bitcoin|cryptocurrency|robinhood app|best trading app|stocks|investing|investing for beginners|how to invest in real estate|how to invest in stocks|best stock trading app|credit score|andrei jikh|best investment|dogecoin|robinhood|portfolio|millionaire|recession,Andrei Jikh,@AndreiJikh,UCGy7SkBjcIAgTiwkXEtPnYg,3370000,1318,False,finance,video,https://www.youtube.com/watch?v=NI-SdF1hG8M,en,2026-09-11
P3wBOTWO0KU,The Math Behind The 50 Year Mortgage,"The Math Behind The 50 Year Mortgage
► The faster way to build credit. No credit checks, hidden fees, or interest. Get started for as little as $1: https://getkikoff.com/andrei
► My Stock Portfolio + Tracker https://www.brrrr.ai
► How To Protect Your Bitcoin (step by step), use Code ""ANDREI40"" to get 40% off https://stan.store/andreijikh
► Where I Buy My Bitcoin: https://gemini.sjv.io/7a0OL5
► How I went from Zero To A Million: https://www.zerotoamillion.com
► Ledger Discount Link: https://shop.ledger.com/pages/black-friday-andrei-jikh?r=535643c13ab0
► My Stock Portfolio + Stock Tracker: https://www.patreon.com/andreijikh
► Open A Roth IRA: 
► Follow Me On Instagram: https://www.instagram.com/andreijikh/
► How I Protect My Bitcoin: https://shop.ledger.com/pages/ledger-nano-x?r=535643c13ab0

My PO Box: 
Andrei Jikh
4132 S. Rainbow Blvd # 270
Las Vegas, NV 89103

DISCLOSURE: None of this is meant to be construed as investment advice, it's for entertainment purposes only. Links above include affiliate commission or referrals. I'm part of an affiliate network and I receive compensation from partnering websites. The video is accurate as of the posting date but may not be accurate in the future.

You should not treat any opinion expressed on this Youtube channel as a specific inducement to make a particular investment or follow a particular strategy, but only as an expression of opinion. Opinions expressed are based upon information considered reliable, but this Youtube channel does not warrant its completeness or accuracy, and it should not be relied upon as such. This Youtube channel is not under any obligation to update or correct any information provided in these videos. Statements and opinions are subject to change without notice. No compensation is received by this Youtube channel for the opinions expressed. 

Past performance is not indicative of future results. This Youtube channel does not guarantee any specific outcome or profit. You should be aware of the real risk of loss in following any strategy or investment discussed on this Youtube channel. Strategies or investments discussed may fluctuate in price or value. Investors may get back less than invested. Investments or strategies mentioned on this Youtube channel may not be suitable for you. This material does not take into account your particular investment objectives, financial situation or needs and is not intended as recommendations appropriate for you. You must make an independent decision regarding investments or strategies mentioned on this Youtube channel. Before acting on information on this Youtube channel, you should consider whether it is suitable for your particular circumstances and strongly consider seeking advice from your own financial or investment adviser.",1129,330516,10682,1873,2025-11-13T21:54:44Z,Education,how to invest|bitcoin|million|ethereum|market crash|crypto|stock market|passive income|dividend investing|dividends|dividend stocks|crypto crash|stock market crash|bitcoin crash|NFT|how to buy bitcoin|cryptocurrency|robinhood app|best trading app|stocks|investing|investing for beginners|how to invest in real estate|how to invest in stocks|best stock trading app|credit score|andrei jikh|best investment|dogecoin|robinhood|portfolio|millionaire|recession,Andrei Jikh,@AndreiJikh,UCGy7SkBjcIAgTiwkXEtPnYg,3370000,1318,False,finance,video,https://www.youtube.com/watch?v=P3wBOTWO0KU,en,2026-09-11
2N_lfnF1b7c,11 Money Mistakes That Keep You Below $100K Net Worth,"$350 INTRO OFFER: Head to https://chime.com/humphrey for up to $350 and 5% cash back with Chime® Thanks Chime for sponsoring this video!

In this video I go over the most common money mistakes that keep you below $100k in net worth.

🌟 Free Templates and Resources: https://beacons.ai/humphreytalks/downloads
👾 Join the free Discord Community: https://discord.gg/xJzsaGaaDE
🐪 Hump Days Newsletter ➭ https://humpdays.substack.com

WHO AM I?
Hello 👋 I’m Humphrey, I used to be a financial advisor, worked in gaming/tech, and started my own eCommerce business. I make practical, rational content on investing, personal finance, the news, and much more with a data-backed approach. My goal is to help you with financial literacy and creating wealth. 

PS: I am no longer a current Financial Advisor, any investment commentary are my opinions only. Some of the links in this description are affiliate links that I do receive a commission for & they help support the channel!

SOCIALS:
* Second Channel: https://youtube.com/@HumphreyShow⁩  
* Instagram: https://instagram.com/humphreytalks
* Twitter: https://twitter.com/humphreytalks
* TikTok: https://tiktok.com/@humphreytalks
* Spotify: https://open.spotify.com/show/12NK9gawpXlJ1nbHD5R5Rx?si=c853f06d046d4a9e

⏱️ Timestamps:
0:00 - Start Here
0:44 - Overspending on Housing
3:19 - Side Hustle Over Raise
5:07 - Unmanaged Discretionary Spending
7:22 - New Car
9:00 - Money Sitting in Cash
10:02 - Sold Expensive Products
11:51 - Leaving 401(k) Match
12:58 - Carrying Credit Card Balance
15:04 - Gambling
16:47 - Not Focusing on Income
18:08 - Not Knowing Savings Rate

Chime is a fintech, not a bank. Banking services and Chime Card provided by Chime’s bank partners.
$350 Intro Oﬀer: Terms apply, must open the new account and complete qualifying activities to earn up to $350.00 in rewards. Link to full terms can be found at https://www.chime.com/join/promos/intro-offer-v2b/#terms 
5% Cash Back: Cash back on eligible Chime Card purchases. Terms and limits apply. To apply for a Chime Card, you must also open a Chime Checking Account.
Travel Perks: Travel perks subject to additional terms.
Visa Signature Concierge and Get Paid Early (Up to 2 days): For information on Visa Signature Concierge and getting paid early, please see chime.com/disclosures",1182,80590,659,172,2026-09-10T18:00:00Z,Education,humphreytalks|humphrey yang|personal finance|investing|budgeting|wealth|cryptocurrency|stocks,Humphrey Yang,@humphrey,UCFBpVaKCC0ajGps1vf0AgBg,2080000,1127,False,finance,video,https://www.youtube.com/watch?v=2N_lfnF1b7c,en-US,2026-09-11
fp5hKcd0nbM,9 Tiny Habits to Become Financially Literate in 2026,"I’ve realized that the biggest improvements in my finances came from small habits I could actually stick with, not big dramatic changes. These are nine of those habits that helped me get there.

NET WORTH TRACKER (FREE): https://shop.beacons.ai/humphreytalks/08cc0bfa-b377-41c6-903b-4ce59992072f

🌟 Free Templates and Resources: https://beacons.ai/humphreytalks/downloads
👾 Join the free Discord Community: https://discord.gg/xJzsaGaaDE
🐪 Hump Days Newsletter ➭ https://humpdays.substack.com

WHO AM I?
Hello 👋 I’m Humphrey, I used to be a financial advisor, worked in gaming/tech, and started my own eCommerce business. I make practical, rational content on investing, personal finance, the news, and much more with a data-backed approach. My goal is to help you with financial literacy and creating wealth. 

PS: I am no longer a current Financial Advisor, any investment commentary are my opinions only. Some of the links in this description are affiliate links that I do receive a commission for & they help support the channel!

SOCIALS:
* Second Channel: https://youtube.com/@hug
* Instagram: https://instagram.com/humphreytalks
* Twitter: https://twitter.com/humphreytalks
* TikTok: https://tiktok.com/@humphreytalks

⏱️ Timestamps:
0:00 - Start Here
0:20 - True Cost Of Your Time
2:13 - Automate Your Savings
3:15 - Monthly Check-In
5:33 - Assets And Liabilities
6:53 - Track Your Net Worth
8:18 - Negotiate Bills And Services
9:35 - Improve Your Skills
10:41 - Invest As Early As Possible
12:16 - Celebrate Financial Wins",850,184134,5008,260,2026-01-13T19:00:48Z,Education,humphreytalks|humphrey yang|personal finance|investing|budgeting|wealth|cryptocurrency|stocks,Humphrey Yang,@humphrey,UCFBpVaKCC0ajGps1vf0AgBg,2080000,1127,False,finance,video,https://www.youtube.com/watch?v=fp5hKcd0nbM,en-US,2026-09-11
kkQrumRm_Ns,Average Income By Age in 2026 (Where Do You Stand?),"How much money do people actually make at different ages? In this video, we look at average income by age and explain what it means for your finances.

🌟 Free Templates and Resources: https://beacons.ai/humphreytalks/downloads
👾 Join the free Discord Community: https://discord.gg/xJzsaGaaDE
🐪 Hump Days Newsletter ➭ https://humpdays.substack.com

WHO AM I?
Hello 👋 I’m Humphrey, I used to be a financial advisor, worked in gaming/tech, and started my own eCommerce business. I make practical, rational content on investing, personal finance, the news, and much more with a data-backed approach. My goal is to help you with financial literacy and creating wealth. 

PS: I am no longer a current Financial Advisor, any investment commentary are my opinions only. Some of the links in this description are affiliate links that I do receive a commission for & they help support the channel!

SOCIALS:
* Second Channel: https://youtube.com/@hug
* Instagram: https://instagram.com/humphreytalks
* Twitter: https://twitter.com/humphreytalks
* TikTok: https://tiktok.com/@humphreytalks

⏱️ Timestamps:
0:00 - Start Here
0:33 - 20s
4:00 - 30s
6:20 - 40s
8:26 - 50s
10:35 - 60s",750,210593,3194,473,2026-01-07T19:00:50Z,Education,humphreytalks|humphrey yang|personal finance|investing|budgeting|wealth|cryptocurrency|stocks,Humphrey Yang,@humphrey,UCFBpVaKCC0ajGps1vf0AgBg,2080000,1127,False,finance,video,https://www.youtube.com/watch?v=kkQrumRm_Ns,en-US,2026-09-11
gDMYG2vtWI8,Money Expert Reacts to BAD Financial TikToks!,"I’m reacting to some viral finance TikToks and breaking down what’s actually helpful, what’s misleading, and what you should probably ignore.

🌟 Free Templates and Resources: https://beacons.ai/humphreytalks/downloads
👾 Join the free Discord Community: https://discord.gg/xJzsaGaaDE
🐪 Hump Days Newsletter ➭ https://humpdays.substack.com

WHO AM I?
Hello 👋 I’m Humphrey, I used to be a financial advisor, worked in gaming/tech, and started my own eCommerce business. I make practical, rational content on investing, personal finance, the news, and much more with a data-backed approach. My goal is to help you with financial literacy and creating wealth. 

PS: I am no longer a current Financial Advisor, any investment commentary are my opinions only. Some of the links in this description are affiliate links that I do receive a commission for & they help support the channel!

SOCIALS:
* Second Channel: https://youtube.com/@hug
* Instagram: https://instagram.com/humphreytalks
* Twitter: https://twitter.com/humphreytalks
* TikTok: https://tiktok.com/@humphreytalks

⏱️ Timestamps:
0:00 - Start Here
0:15 - Reaction 1
1:55 - Reaction 2
4:14 - Reaction 3
7:31 - Reaction 4
9:37 - Reaction 5
11:18 - Reaction 6
13:35 - Reaction 7
15:56 - Reaction 8
17:41 - Reaction 9",1184,76057,2182,319,2025-12-30T19:00:45Z,Education,humphreytalks|humphrey yang|personal finance|investing|budgeting|wealth|cryptocurrency|stocks,Humphrey Yang,@humphrey,UCFBpVaKCC0ajGps1vf0AgBg,2080000,1127,False,finance,video,https://www.youtube.com/watch?v=gDMYG2vtWI8,en-US,2026-09-11
mMaBVfIedFw,Selfie Waves,"Get 50% off your first Curiosity Box with code BLACKFRIDAY: https://www.curiositybox.com/

follow me: https://twitter.com/tweetsauce

SOURCES:

White House tour social media ban: https://abcnews.go.com/Politics/tourist-selfies-white-house/story?id=32156132

Bek:

https://en.wikipedia.org/wiki/Bek_(sculptor)
https://egypt-museum.com/stele-of-sculptor-bek-with-his-wife-taheret/
https://ib205.tripod.com/bek.html

Chauvet cave: https://en.wikipedia.org/wiki/Chauvet_Cave

Selfie:

https://en.wikipedia.org/wiki/Selfie
“Exploring the Selfie”: https://link.springer.com/book/10.1007/978-3-319-57949-8
https://blogs.getty.edu/iris/whats-the-difference-between-a-selfie-and-a-self-portrait/
https://museuminabottle.com/2015/01/22/whats-the-difference-between-a-selfie-and-a-self-portrait/
https://www.nytimes.com/2013/10/20/sunday-review/my-selfie-myself.html
https://blog.oup.com/2013/11/selfies-history-self-portrait-photography/

Chimp looking in water image: https://www.researchgate.net/figure/Juvenile-chimpanzee-playing-with-his-own-reflection-in-the-water-Apes-are-known-to_fig1_7689692

Smithsonian Magazine article on Cornelius: https://www.smithsonianmag.com/smart-news/this-is-the-first-selfie-ever-180948114/

Smithsonian archive page for Fitz’s selfie: https://www.si.edu/object/nmah_694883

Hippolyte Bayard: https://en.wikipedia.org/wiki/Hippolyte_Bayard

“Is Cereal Soup?” Vsauce video: https://www.youtube.com/watch?v=O9ak89FwYeI

MV Lobethal: https://cs.wikipedia.org/wiki/M._V._Lobethal

Mirror selfie from Ginnigan on reddit: https://i.imgur.com/zJJwQGF.png

Byron extended arm selfie: https://vintagenewsdaily.com/these-amazing-self-portraits-by-joseph-byron-may-be-the-first-selfies-ever-made/

Grand Duchess Anastasia Nikolaevna Romanova:

https://en.wikipedia.org/wiki/Grand_Duchess_Anastasia_Nikolaevna_of_Russia
https://pagesix.com/2017/04/25/anastasia-was-the-kardashian-of-her-day-says-broadway-star/

Perkins teenage self-portrait: https://www.sciencehistory.org/historical-profile/william-henry-perkin

early selfie sticks: https://pastebin.com/Qr66ppGQ

Byron “usie”: https://www.fastcompany.com/3026832/this-might-be-the-first-selfie-in-photographic-history

Jhoane Baterna-Pateña: http://www.baterna-patena.com/

Historical images re-imagined as selfies: https://www.huffpost.com/entry/historical-photo-selfies_n_4310424

Vivian Maier: http://www.vivianmaier.com/

instant cameras:

https://en.wikipedia.org/wiki/Instant_camera
https://www.acs.org/content/acs/en/education/whatischemistry/landmarks/land-instant-photography.html

Michael Collins’ reverse-selfie: https://nssdc.gsfc.nasa.gov/imgcat/html/object_page/a11_h_44_6642.html

First selfie-stick patent: https://patents.google.com/patent/US4530580

Lester Wisbrod:

https://www.youtube.com/watch?v=XSSuoZH8Gms
https://www.vice.com/en/article/nekyq8/candid-photos-with-famous-people-by-the-unofficial-inventor-of-the-selfie

Hiromix:

https://sabukaru.online/articles/hiromix-shaping-the-identity-of-90s-japanese-female-youth
https://www.teenagefilm.com/archives/teen-reads/seventeen-girl-days
https://www.nytimes.com/1999/01/16/style/IHT-young-women-behind-the-camera-craze-in-tokyo.html
http://www.photoarts.com/journal/romano/hiro/
https://japanesephotoblog.wordpress.com/2015/12/03/blog-post-6-hiromix/
https://www.papercoffin.com/writing/articles/coerced.html
https://en.wikipedia.org/wiki/Hiromix

First camera phone picture:

https://www.sfmoma.org/watch/1997-birth-of-the-camera-phone-2/

“Here I Am Taking My Own Picture” (nytimes) 2006: https://www.nytimes.com/2006/02/19/fashion/sundaystyles/here-i-am-taking-my-own-picture.html

Oldest recorded use of “seflie”:

https://www.dailymail.co.uk/news/article-3061118/Australia-revealed-invented-word-selfie-2000-Aussie-phrases-words-added-Oxford-Dictionaries.html
https://slate.com/human-interest/2013/11/selfie-etymology-an-australian-man-takes-a-photo-of-his-lip-after-falling-down-drunk-but-he-didn-t-coin-the-word.html
(archive of forum post): https://web.archive.org/web/20040117090107/http://www2b.abc.net.au/science/k2/stn/archives/archive32/newposts/169/topic169861.shtm

Aussie slang:

https://daily.jstor.org/australians-obsessed-nicknaming/
https://en.wikipedia.org/wiki/Diminutives_in_Australian_English
https://www.abc.net.au/education/learn-english/australian-slang-soz-or-wuz/11335542
https://thebeast.com.au/other/australian-english-a-totes-amazeballs-lingo/#

“selfie” as word of the year: 

https://languages.oup.com/word-of-the-year/
https://www.bbc.com/news/uk-24992393

Anachronym: https://en.wikipedia.org/wiki/Misnomer#Anachronym

“The Return of the Selfie” (New Yorker): https://www.newyorker.com/tech/annals-of-technology/the-return-of-the-selfie

Kardashian belfie pic: https://www.instagram.com/p/fjw59uuS7b/?utm_source=ig_embed&ig_rid=06354636-71c2-4f46-b660-6db9127561dd

Belfie stick: http://belfiestick.com/

ALL MUSIC BY JAKE CHUDNOW: https://www.youtube.com/jakechudnow

additional images: https://pastebin.com/ypBQHiG4",1512,6361920,318399,16169,2022-11-17T15:01:24Z,Entertainment,,Vsauce,@Vsauce,UC6nSFpj9HTCZ5t-N3Rm3-HA,25100000,659,False,education,video,https://www.youtube.com/watch?v=mMaBVfIedFw,en-GB,2026-09-11
vjqt8T3tJIE,Did People Used To Look Older?,"Join the Curiosity Box NOW and I'll send you a bunch of free stuff! https://www.curiositybox.com/pages/vsauce

Follow me:

https://twitter.com/tweetsauce
https://www.instagram.com/electricpants

Carl Sagan High School yearbook: https://www.loc.gov/resource/mss85590.041/?sp=2&r=-0.241,0,1.481,1.244,0

2001 Tiger Beat: https://allisontanenhaus.com/tiger-beat

Slade on Fabulous: https://i.pinimg.com/474x/23/b3/49/23b34988cc3958fb59cf66f0a15f9850.jpg

Elizabeth Taylor at 17: https://www.vintag.es/2018/04/elizabeth-taylor-by-philippe-halsman-1948.html

70s high school students: https://www.criticalpast.com/video/65675046349_students-and-navy_high-school-students_waste-of-money_interested-to-join

Brandon McCarthy tweet: https://twitter.com/bmccarthy32/status/1210350854571585537?lang=en

80s footballers: https://twitter.com/80sAging

80s high school IG: https://www.instagram.com/reel/CZcKEeJhUSy/?utm_source=ig_embed&ig_rid=4589a200-7096-44e8-b5e5-0324e5da78c9

Sunscreen commercial: https://www.youtube.com/watch?v=krGctNSuSMI

Historical orthodontics: https://commons.wikimedia.org/wiki/Category:Historical_orthodontics

Is 60 the new 50? https://www.ncbi.nlm.nih.gov/pmc/articles/PMC5897168/

Dua Lipa’s dad: https://twitter.com/lgbtdlipa/status/1377740115020283907

Face changes in magazines: 

https://www.semanticscholar.org/paper/Changes-in-esthetic-standards-since-1940.-Berneburg-Dietz/d9f38e081f1dce3bde1dc758cf3e808a03cf7a73
https://pubmed.ncbi.nlm.nih.gov/9714286/#:~:text=The%20results%20showed%20that%20%281,lip%20curl%2C%20and%20vermilion%20display
https://pubmed.ncbi.nlm.nih.gov/10337246/

Norm 34 comparison tweet: https://twitter.com/Y2K_mindset/status/1412131747475509250

Norm edits: https://twitter.com/ziibiing/status/1412762456254992393

Golden Girls with modern style: https://www.tiktok.com/@sugacane22/video/7050305381406575919

Dale Irby: https://www.dallasnews.com/news/2013/06/30/richardson-teacher-s-retirement-ends-one-last-echo-of-disco-fashion/

Time traveling hipster: 

https://www.snopes.com/fact-check/time-traveling-hipster/
https://www.communitystories.ca/v1/pm_v2.php?id=record_detail&fl=0&lg=English&ex=00000470&rd=117666#
https://timetravelnexus.com/time-travel-nexus-investigates-the-time-travelling-hipster/
https://www.youtube.com/watch?v=nD_b83_RpJ0

Face-name matching effect:

https://www.apa.org/pubs/journals/releases/psp-pspa0000076.pdf

Bouba/kiki effect: https://en.wikipedia.org/wiki/Bouba/kiki_effect

Multiracial faces: https://pubmed.ncbi.nlm.nih.gov/19065862/

Social bouba/kiki effect: 

https://pubmed.ncbi.nlm.nih.gov/28597194/
https://link.springer.com/article/10.3758/BF03194119

Dori Gray image: https://society6.com/product/dorian-gray-revisited_stretched-canvas

How old is old? https://agsjournals.onlinelibrary.wiley.com/doi/full/10.1111/jgs.17379

What age would you like to be?

https://www.frontiersin.org/articles/10.3389/fpsyg.2018.00067/full
https://theconversation.com/at-what-age-are-people-usually-happiest-new-research-offers-surprising-clues-156906

Black & white dreams:

http://www.faculty.ucr.edu/~eschwitz/SchwitzPapers/DreamB&W.pdf
http://citeseerx.ist.psu.edu/viewdoc/download?doi=10.1.1.893.2832&rep=rep1&type=pdf
https://www.sciencedirect.com/science/article/abs/pii/S1053810008001323

Mind Field episode about mind reading and recording dreams: https://youtu.be/AgbeGFYluEA

Mr. Stevens' wardrobe: https://designerbrand.co/products/mcdonals-food?_pos=1&_sid=ae2ea94b3&_ss=r

music by Jake Chudnow
https://www.youtube.com/jakechudnow",1374,20739901,912776,53417,2022-07-11T15:09:07Z,Entertainment,,Vsauce,@Vsauce,UC6nSFpj9HTCZ5t-N3Rm3-HA,25100000,659,False,education,video,https://www.youtube.com/watch?v=vjqt8T3tJIE,en-GB,2026-09-11
fXW-QjBsruE,Do Chairs Exist?,"Subscribe to our Curiosity Box! http://www.curiositybox.com/bogo
Add the Summer Box to your cart, use code BOGO, and get the summer box FREE!

FOLLOW ME:
https://twitter.com/tweetsauce
https://www.instagram.com/electricpants/

LINKS TO LEARN MORE:

BOOKS:

Metametaphysics (Eds. David Chalmers, David Manley, Ryan Wasserman)
An Introduction to Metametaphysics (Tahko) 
Material Beings (Peter Van Inwagen)
Objects and Persons (Trenton Merricks)
Ordinary Objects (Amie Thomasson)
Ontology Made Easy (Amie Thomasson)
Ontology, Modality and the Fallacy of Reference (Michael Jubien)
Objects: Nothing our of the Ordinary (Daniel Z. Korman)
Composition as Identity (eds. Cotnoir, Baxter)
Truth and Ontology (Trenton Merricks)
Austere Realism (Horgan and Potrc)
The Book: On the Taboo Against Knowing Who You Are (Alan Watts)

PAPERS:

Thinking about Things (Jubien): https://www.jstor.org/stable/2676165
There are no Ordinary Things (Unger): https://www.jstor.org/stable/20115446
Against Parthood (Sider): http://www.tedsider.org/papers/nihilism.pdf
A Sweater Unraveled (Sidelle): https://www.jstor.org/stable/2671870
On What There Is (Quine): https://www.jstor.org/stable/20123117
Two Dogmas of Empiricism (Quine): https://www.theologie.uzh.ch/dam/jcr:ffffffff-fbd6-1538-0000-000070cf64bc/Quine51.pdf
Empiricism, Semantics, and Ontology (Carnap): https://www.jstor.org/stable/23932367
Many-One Identity (Baxter): https://philpapers.org/rec/DONMI-2
Oneness, Aspects, and the Neo-Confucians (Baxter): https://www.academia.edu/39736289/Oneness_Aspects_and_the_Neo_Confucians
Why the debate about composition is factually empty (Balaguer): https://philpapers.org/rec/BALWTD

ONLINE:

https://plato.stanford.edu/entries/ordinary-objects/
https://plato.stanford.edu/entries/sortals/
https://plato.stanford.edu/entries/metaphysics-massexpress/
https://plato.stanford.edu/entries/material-constitution/
https://iep.utm.edu/mat-comp/

SONGS (in order of use):

What's Out There (Christopher Baron)
Sleeping Dragon (Rob Kelly | Duncan Pittock)
For Whom The Bell Tolls (Oliver Ledbury)
Political Manoeuvres (Christopher Baron)
Desolate Dream (Sarah Ozelle)
Moon Men (Jake Chudnow)
Hope Is Alive Toolkit (Erick DeVore)
Lazy Daze (Barrie Gledden)
Why So Blue (Chris Norton | Frank Mizen)
Revitalize 2 (Barrie Gledden | Steve Dymond)
Smooth Rhodes (Geoffrey Keezer)
Mississippi Mirage (Jeremy Sherman)
Broadway Dawn (Paul Michael Harris | Simon)
Orbits (Giovanni Antonio Parricelli)
Keep Your Chin Up (David Kelly | Paul Michael Harris)
Forgotten Tears (David O'Brien)
Tiny Suspect (Sue Verran)
Strictly Mambo (Christopher Ashmore)
Funky Rhodes (Geoffrey Keezer)
Sly Spy (Dvorkin | Duncan Pittock)
Car Full of Spiders (Chris Blackwell)
Houston Keys (Geoffrey Keezer)
I Can See the Sea (Neil Williams | Gerard)
Skinny Dipper 3 (Bob Bradley | Matt Sanchez | Steve Dymond | Josh Weller)
Martinique (Ray Davies)
G And T Sunset (Mark Allaway | Jeff Lardner)
Tribeca (Tim Garland | Joseph Locke | Geoffrey Keezer)
Doug's Demise (Bryce Jacobs)
Peaceful Beginnings (Bob Bradley | Thomas Balmforth | Chris Egan)
BEYOND (Alter Natural | VIUS): https://www.youtube.com/watch?v=EUQh5X31qtI
Bell Theory (Oriol Sirinathsingh)
Swamp Dude (Bruce Bouton | Neil Williams)",2274,15809902,652213,52643,2021-09-14T13:30:21Z,Entertainment,,Vsauce,@Vsauce,UC6nSFpj9HTCZ5t-N3Rm3-HA,25100000,659,False,education,video,https://www.youtube.com/watch?v=fXW-QjBsruE,en-GB,2026-09-11
_ArVh3Cj9rw,The Future Of Reasoning,"This video was created in partnership with Bill Gates and was inspired by his new book “How to Avoid a Climate Disaster.” Find out more here: https://gatesnot.es/3t1u93B
LINKS TO LEARN MORE:

my twitter: https://twitter.com/tweetsauce
my instagram: https://www.instagram.com/electricpants

The extended mind thesis: https://en.wikipedia.org/wiki/Extended_mind_thesis

MinuteEarth video on how greenhouse gasses work: https://www.youtube.com/watch?v=sTvqIijqvTg

Molecule animations from http://molcalc.org

""The Enigma of Reason"" by Hugo Mercier and Dan Sperber: https://www.hup.harvard.edu/catalog.php?isbn=9780674237827

""Do You Know Yourself?"" Mind Field S1E8 https://www.youtube.com/watch?v=b2ng8HuPLTk

Hyperobects:
https://www.upress.umn.edu/book-division/books/hyperobjects
https://www.youtube.com/watch?v=CqCx9xU_-Fw

Jonathan Haidt's famous ""emotional dog"" paper about moral reasoning:
http://www.rudygarns.com/class/neuroethics/lib/exe/fetch.php/a/haidt.2001.emotional_dog_rational_tail.pdf

Cognitive Niche: https://www.pnas.org/content/107/Supplement_2/8993#:~:text=In%20biology%2C%20a%20%E2%80%9Cniche%E2%80%9D,cause%2Dand%2Deffect%20reasoning%20and

Lottocracy:
https://en.wikipedia.org/wiki/Sortition
https://www.coursera.org/lecture/revolutionary-ideas-borders-elections-constitutions-prisons/lecture-7-4-0-the-lottocracy-VL69f

Visual system diagram by RATZNIUM https://en.wikipedia.org/wiki/Visual_system#/media/File:ERP_-_optic_cabling.jpg

SONGS USED
in order of appearance
all from audionetwork unless otherwise noted

Chillout Lounge
The Crescent
Political Manoeuvres
Pagan Forest Choir
Moon Men (Jake Chudnow)
Glowing Moon 3
Lazy Daze
Innate Knowledge
Houston Keys
Moon Men (Jake Chudnow)
Chillout Lounge
They're Coming
I Can See the Sea
Mysterious Island
Urban Lands
For Leah (Jake Chudnow)
I'll Send You A Post Card _ What My Nervous Stomach Sounds Like (Jake Chudnow)
Going Down (Jake Chudnow)
Lonely Night 2
Turquoise (Jake Chudnow)",1802,12602085,553870,35846,2021-04-28T21:53:46Z,Entertainment,,Vsauce,@Vsauce,UC6nSFpj9HTCZ5t-N3Rm3-HA,25100000,659,False,education,video,https://www.youtube.com/watch?v=_ArVh3Cj9rw,en-GB,2026-09-11
zHL9GP_B30E,Illusions of Time,"Join our Curiosity Box! https://www.curiositybox.com
https://twitter.com/tweetsauce
https://www.instagram.com/electricpants

SOURCES:

1896 snowball fight: https://twitter.com/joaquimcampa/status/1311391615425093634?lang=en

Prospective and retrospective timing:
YOUR BRAIN IS A TIME MACHINE by Dean Buonomano: https://www.amazon.com/Your-Brain-Time-Machine-Neuroscience/dp/0393355608/

ISOLATION - Mind Field: https://youtu.be/iqKdEhx-dD4
(every episode of Mind Field is free to watch on YouTube!)

speed of time as we age: 
FELT TIME by Marc Wittmann: https://www.amazon.com/Felt-Time-Science-Experience-Press/dp/0262533545/

""Age effects in perception of time"": https://pubmed.ncbi.nlm.nih.gov/16512313/

Olēka: https://www.youtube.com/watch?v=3FKsCK6Vfuk

periodization: https://en.wikipedia.org/wiki/Periodization

WaitButWhy article about The Lion King: https://waitbutwhy.com/2020/01/its-2020-and-youre-in-the-future.html

Barbara Walters for scale subreddit: https://www.reddit.com/r/BarbaraWalters4Scale

Barbara Walter world history image: https://www.reddit.com/r/UnitsOfX/comments/bwma7g/oc_world_history_in_units_of_barbara_walters/

Examples of facts that challenge our chronological illusions:
https://canyouactually.com/23-mind-bending-facts-about-time-that-will-change-your-perception-of-history-forever/
https://www.buzzfeed.com/andyneuenschwander/14-facts-about-time-and-history-thatll-totally-bl

My ""Narrow Slice"" video: https://www.youtube.com/watch?v=yNLdblFQqsw

construal level theory: https://en.wikipedia.org/wiki/Construal_level_theory

Sonder: https://www.youtube.com/watch?v=AkoML0_FiV4

Pipe Dream"" - Animusic.com: https://www.youtube.com/watch?v=hyCIpKAIFyo

Early smile image: http://www.todayifoundout.com/index.php/2017/09/story-behind-photo-happiest-man-china/

2:30am at a 7-11 near Disney World - 1987: https://youtu.be/RYbe-35_BaA
and: http://mrsitcom.blogspot.com/2014/04/the-story-of-7-11-video-shot-at-230am.html

Great subreddit for candid video: https://www.reddit.com/r/TheWayWeWereOnVideo/

New York City in 1993 in HD - DTheater DVHS Demo Tape: https://www.youtube.com/watch?v=fT4lDU-QLUY

""Historical consciousness: the enigma of different paradigms"": https://www.tandfonline.com/doi/full/10.1080/00220272.2019.1652937

Zachary Sayre Schiffman's THE BIRTH OF THE PAST: https://www.amazon.com/Birth-Past-Zachary-S-Schiffman/dp/1421422786/

Hartmut Rosa's SOCIAL ACCELERATION: https://www.amazon.com/Social-Acceleration-Modernity-Directions-Critical/dp/0231148356

History of twitter UI: https://twirpz.wordpress.com/2015/06/03/the-history-of-twitter-in-profile-pages-2006-to-2015/

Effect of roads: http://iqc.ou.edu/2014/12/12/60yrsmidwest/

Talking With Attenborough Vsauce video: https://youtu.be/OC8_Sjlvxic

archive footage from archive.org and shutterstock

MRI clips are of my brain as taken by the Stark lab featured in this Mind field episode: https://www.youtube.com/watch?v=1RHsAUyFCAM 

--MUSIC (in order of first appearance)--

""glitch"" audionetwork
""sweet revival"" audionetwork
""passage of time"" audionetwork
""desert witch"" audionetwork
""facing south"" audionetwork
""broadway dawn"" audionetwork
""final breath"" audionetwork
""tribeca"" audionetwork
""carlin dream"" Jake Chudnow
""martinique"" audionetwork
""lazy daze"" audionetwork
""imaginary sun w less voices"" Jake Chudnow
""why so blue"" audionetwork
""for leah"" Jake Chudnow
""shona"" Jake Chudnow
""moon men"" Jake Chudnow
""crypt"" audionetwork
""eclectica"" audionetwork
""banjo ascension"" audionetwork
""heat and dust"" audionetwork
""twisted trip"" audionetwork

'cats in pot' sweatshirt from https://www.babycatsofca.com/shop/cats-in-pot-sweatshirt
sweatshirt worn at the very end was designed by Martcellia Liunic https://www.liunic.com/",1868,23604210,895965,60778,2021-01-08T20:38:36Z,Entertainment,,Vsauce,@Vsauce,UC6nSFpj9HTCZ5t-N3Rm3-HA,25100000,659,False,education,video,https://www.youtube.com/watch?v=zHL9GP_B30E,en-GB,2026-09-11
U6VBV4QUMu0,The Odd Number Rule,"Subscribe to our Curiosity Box! https://www.curiositybox.com
Learn more about our new Inquisitive Fellowship: https://www.curiositybox.com/pages/inquisitivefellowship

follow me:
https://twitter.com/tweetsauce
https://www.instagram.com/electricpants

Buddy the dog: https://en.wikipedia.org/wiki/Air_Buddy_(dog)

Franz Ferdinand's car: 
https://news.sky.com/story/a-ii-ii-18-franz-ferdinands-prophetic-number-plate-11551176
https://youtu.be/mkJ0Y8y0_is

The beginnings of World War One: https://www.khanacademy.org/humanities/world-history/euro-hist/world-war-i-tutorial/v/assassination-of-franz-ferdinand-by-gavrilo-princip

Galileo and the odd number rule: http://www.mcm.edu/academic/galileo/ars/arshtml/mathofmotion1.html

A GREAT book about the history of our understanding of how things move -- including some great sections about Galileo: https://www.amazon.com/Discovery-Dynamics-Structure-Dynamical-Theories/dp/0195132025

Parity: https://en.wikipedia.org/wiki/Parity_(mathematics)

centipedes: 
https://en.wikipedia.org/wiki/Centipede
https://www.nature.com/articles/6800139

Colorado and its 697 sides: https://bigthink.com/strange-maps/colorado-is-not-a-rectangle

Washington State '96-'97 handbook: https://web.archive.org/web/19970222053010/http://www.wiaa.com/handbook/art18.html

Washington state rules for allowed exceptions to the half-time or more enrollment requirement: https://apps.leg.wa.gov/rcw/default.aspx?Cite=28A.225.010",1327,11401192,511013,38134,2020-07-29T20:26:40Z,Entertainment,,Vsauce,@Vsauce,UC6nSFpj9HTCZ5t-N3Rm3-HA,25100000,659,False,education,video,https://www.youtube.com/watch?v=U6VBV4QUMu0,en-GB,2026-09-11
egEraZP9yXQ,How Many Holes Does a Human Have?,"Support Vsauce, your brain, Alzheimer's research, and other YouTube educators by joining THE CURIOSITY BOX: a seasonal delivery of viral science toys made by Vsauce! A portion of all proceeds goes to Alzheimer's research and our Inquisitive Fellowship, a program that gives money and resources directly to growing science channels here on YouTube! https://www.curiositybox.com

https://twitter.com/tweetsauce
https://www.instagram.com/electricpants

Special thanks to @chubbyemu and Evelyn Lamb (https://twitter.com/evelynjlamb) for answering my questions about the body and holes, respectively.

wardrobe by: https://twitter.com/dasharez0ne

An article from Evelyn about holes: https://blogs.scientificamerican.com/roots-of-unity/what-we-talk-about-when-we-talk-about-holes/

the philosophy of holes: https://plato.stanford.edu/archives/spr2014/entries/holes/

Coffee mug + doughnut sculptures and video from @henryseg :
VIDEO: https://www.youtube.com/watch?v=9NlqYr6-TpA
BUY: https://www.shapeways.com/product/6CJQ9GXWW/topology-joke?li=shareProduct&&

sun footage: https://svs.gsfc.nasa.gov/12326

anatomy of the nasal cavity: https://www.youtube.com/watch?v=wJEenATGwg8

Supernumerary Puncta: https://link.springer.com/chapter/10.1007/978-981-10-5616-1_21

accessory ostium: 
https://www.icoi.org/glossary/accessory-ostium/
https://www.ncbi.nlm.nih.gov/pmc/articles/PMC3266099/

3D visual effects: Eric Langlay
Toilet scene effects: me and Jake Roper and Eric Langlay
music: Jake Chudnow and Audio Network

Send me Stuff! 
Michael Stevens
PO Box 33168
L.A. CA 90033",1287,15972335,704113,60760,2020-02-17T15:02:34Z,Entertainment,topology|math|holes|anatomy|learn|science|vsauce|michael stevens|genus|geometry,Vsauce,@Vsauce,UC6nSFpj9HTCZ5t-N3Rm3-HA,25100000,659,False,education,video,https://www.youtube.com/watch?v=egEraZP9yXQ,en-GB,2026-09-11
9Vmwsg8Eabo,What Is The Scariest Thing?,"Everyone is scared of something ... but what's the SCARIEST thing? Is it even possible to answer such a question? In this special I explore the dark recesses of the mind to learn how fears are born and whether there exists a grand, unifying terror.

FOLLOW ME ON TWITTER: https://twitter.com/tweetsauce
FOLLOW ME ON INSTAGRAM: https://www.instagram.com/electricpants
D!NG: http://youtube.com/dingsauce

SEASON 1: https://www.youtube.com/watch?v=iqKdEhx-dD4&list=PLZRRxQcaEjA4qyEuYfAMCazlL0vQDkIj2

SEASON 2: https://www.youtube.com/watch?v=1sl5KJ69qiA&list=PLZRRxQcaEjA7wmh3Z6EQuOK9fm1CqnJCI

SEASON 3: https://www.youtube.com/watch?v=ktkjUjcZid0&list=PLZRRxQcaEjA7LX19uAySGlc9hmprBxfEP

INDEX
0:00 Intro
02:37 Fear Conditioning  
06:03 Amygdala and Hippocampus
06:49 Innate Aversions
07:39 The Web of Fear
08:38 Fear of Death
10:30 Informational Learning/Storytelling
12:02 Nomophobia
12:48 Isolation
15:25 Fear of the Dark
17:36 Fear of Sounds
17:58 Auditory Cortex, Thalamus, and Amygdalae
19:41 Dissonance
22:00 Law of Contagion
23:23 Piloerection Reflex
24:49 Distorted Forms
27:14 Vicarious Learning/Social Fear Transmission
30:05 Innate Aversions
31:14 Category Jamming
35:04 Patient SM, Non-Functioning Amygdalae
36:44 Suffocation
37:54 Midbrain, Brain Stem",2441,11897805,440792,46723,2019-10-24T13:00:04Z,Entertainment,Mind Field|MindField|Halloween|Michael Stevens|Marathon|Science|Fear|Scary|psychology|scariest|creepy|why are things creepy|michael|stevens|vsauce|science of fear,Vsauce,@Vsauce,UC6nSFpj9HTCZ5t-N3Rm3-HA,25100000,659,False,education,video,https://www.youtube.com/watch?v=9Vmwsg8Eabo,en,2026-09-11
b0cakXwiZ8s,I Watch 3 Episodes of Mind Field With Our Experts & Researchers,"To celebrate, I asked a group of colleagues who worked with me on the series to sit down at Vsauce HQ and watch through three entire episodes. We go behind the scenes, elaborate on topics in the episodes, and dig in to what impact working on Mind Field has had on their current research.
 
GUESTS:

Samuel Veissière, PhD
Assistant Professor Department of Psychiatry, McGill University
 
Elisabeth de Kleer
Producer/Director
 
Daniel Toker
Neuroscience PhD Candidate, UC Berkeley
 
Judy Ho, PhD, ABPP
Clinical and Forensic Neuropsychologist
 
WATCH MIND FIELD:

SEASON ONE: https://www.youtube.com/watch?v=iqKdEhx-dD4&list=PLZRRxQcaEjA4qyEuYfAMCazlL0vQDkIj2
 
SEASON TWO:https://www.youtube.com/watch?v=1sl5KJ69qiA&list=PLZRRxQcaEjA7wmh3Z6EQuOK9fm1CqnJCI
 
SEASON THREE: https://www.youtube.com/watch?v=ktkjUjcZid0&list=PLZRRxQcaEjA7LX19uAySGlc9hmprBxfEP
 
2:41 – Placebos
4:50 – Emotional valence and colors
5:06 – Color and attentional bias
8:26 – Nonspecific effects 
8:59 – Specific vs nonspecific effects
10:22 – Nonverbal people/animals and placebo effects
16:23 – Placebo studies
16:48 – Neuroenchantment
17:24 – Ethics of placebo studies
20:41 – Adaptive self-deception
22:28 – Transitional objects 
22:59 – Accessory-assisted suggestion
27:07 – Neuroenchantment and genetic testing
39:23 – Placebo mind-reading experiment
47:15 – Placebo thought-implantation experiment
48:38 – Hypnosis
50:57 – Hypnotic susceptibility
51:52 – Placebo effect in animals
1:00:26 – Replication crisis in psychology
1:02:50 – Placebo psychedelics
1:05:15 – Tulpamancy and Tulpamancers
1:08:15 – Terror Management Theory
01:08:21 – Mortality salience
1:19:40 – Experimental ethics
1:43:10 – Cryonics
1:44:52 – Cryogenic preservation
1:55:00 – Socioeconomics of cryogenic preservation
2:12:48 – Digital immortality
2:17:09 – Learning and memory 
2:17:24 – Hippocampus
2:18:13 – Video games and the brain
2:21:00 – How MRIs work
2:25:58 – Life-sized maze
2:34:16 – Blab droid 
2:36:22 – Empathy towards machines
2:37:49 – Anthropomorphism
2:45:16 – Sleep and hippocampus memory retention
2:46:36 – Sleep and memory 
2:49:08 - Effect of video games on memory
2:53:27 – Memory palaces",10816,9222744,88155,6547,2019-10-14T16:00:06Z,Entertainment,Mind Field|MindField|Michael Stevens|VSauce|Science|psychology|learn|placebo|life extension|alcor|neuroscience,Vsauce,@Vsauce,UC6nSFpj9HTCZ5t-N3Rm3-HA,25100000,659,False,education,video,https://www.youtube.com/watch?v=b0cakXwiZ8s,en,2026-09-11
_WHRWLnVm_M,Laws & Causes,"Support Vsauce, your brain, Alzheimer's research, and other YouTube educators by joining THE CURIOSITY BOX: a seasonal delivery of viral science toys made by Vsauce! A portion of all proceeds goes to Alzheimer's research and our Inquisitive Fellowship, a program that gives money and resources directly to growing science channels here on YouTube! https://www.curiositybox.com

THE RULER IS NOW AVAILABLE BY ITSELF: https://www.curiositybox.com/products/inqs-astonishing-ruler

MIND FIELD IS NOW FREE:

SEASON 1: https://www.youtube.com/watch?v=iqKdEhx-dD4&list=PLZRRxQcaEjA4qyEuYfAMCazlL0vQDkIj2

SEASON 2: https://www.youtube.com/watch?v=1sl5KJ69qiA&list=PLZRRxQcaEjA7wmh3Z6EQuOK9fm1CqnJCI

SEASON 3: https://www.youtube.com/watch?v=ktkjUjcZid0&list=PLZRRxQcaEjA7LX19uAySGlc9hmprBxfEP

Hang out with me on D!NG: http://youtube.com/dingsauce

PUPPET BY: 
@PuppetNerd 
Adam Kreutinger: https://www.instagram.com/adamkreutinger",1341,7290374,326596,27176,2019-10-01T12:58:46Z,Science & Technology,angular momentum|spin|conservation|physics|law|math|science|ice skater|books|spinning,Vsauce,@Vsauce,UC6nSFpj9HTCZ5t-N3Rm3-HA,25100000,659,False,education,video,https://www.youtube.com/watch?v=_WHRWLnVm_M,en-GB,2026-09-11
AgbeGFYluEA,Mind Reading,"In this episode I visit a researcher who is studying memory by using machine learning and neuroimaging to detect and predict people's brain states. I also travel to Japan to meet with a team working on ways to record the content of peoples’ dreams.

Available with YouTube Premium - https://www.youtube.com/premium/originals. To see if Premium is available in your country, click here: https://goo.gl/A3HtfP",1342,8437067,,5587,2019-01-16T17:00:03Z,Science & Technology,mindfield|experiments|Vsauce|sociology|futurism|technology|science|learning|mind reading,Vsauce,@Vsauce,UC6nSFpj9HTCZ5t-N3Rm3-HA,25100000,659,False,education,video,https://www.youtube.com/watch?v=AgbeGFYluEA,en-GB,2026-09-11
BR-eMMCp7tg,Behavior and Belief,"How can a lie become true? In this episode, Dr. Aaron Blaisdell and I create a game show that is actually a giant “human Skinner Box” to observe the formation of superstitious beliefs. And Dr. Samuel Veissière helps me design and perform a placebo reverse exorcism, harnessing the power of belief in both science and religion to convince normal people that a spirit has possessed their bodies.

Available with YouTube Premium - https://www.youtube.com/premium/originals. To see if Premium is available in your country, click here: https://goo.gl/A3HtfP",1707,3048378,,5661,2019-01-09T17:00:02Z,Science & Technology,mindfield|Vsauce|exorcism|technology|science|learning,Vsauce,@Vsauce,UC6nSFpj9HTCZ5t-N3Rm3-HA,25100000,659,False,education,video,https://www.youtube.com/watch?v=BR-eMMCp7tg,en,2026-09-11
xna-kdXZQHQ,How to Talk to Aliens,"Are we alone in the universe? Even if we could contact aliens, what would we say? How would we say it? And, most importantly, should we even be trying to make contact at all? This episode takes me on a journey to compose and send my own personal message into outer space.

Available with YouTube Premium - https://www.youtube.com/premium/originals. To see if Premium is available in your country, click here: https://goo.gl/A3HtfP",1567,6331234,,10407,2019-01-02T17:00:06Z,Science & Technology,mindfield|edutainment|experiments|Vsauce|exorcism|stanford prison|sociology|futurism|technology|science|learning|mind reading,Vsauce,@Vsauce,UC6nSFpj9HTCZ5t-N3Rm3-HA,25100000,659,False,education,video,https://www.youtube.com/watch?v=xna-kdXZQHQ,en-GB,2026-09-11
zRxI0DaQrag,Should I Die?,"If I could live forever, should I? How does being reminded of our own mortality affect us psychologically? In this episode I speak with mortician and death positivity activist Caitlin Doughty and visit a cryonics facility trying to extend human life indefinitely. Will I take them up on their offer, or will I choose to die?

Available with YouTube Premium - https://www.youtube.com/premium/originals. To see if Premium is available in your country, click here: https://goo.gl/A3HtfP",1865,6023578,,15932,2018-12-26T17:00:07Z,Science & Technology,mindfield|Vsauce|futurism|technology|science|learning|caitlin doughty|max more|cryonics|nautral burial|life extension|cryogenic|freeze|life,Vsauce,@Vsauce,UC6nSFpj9HTCZ5t-N3Rm3-HA,25100000,659,False,education,video,https://www.youtube.com/watch?v=zRxI0DaQrag,en,2026-09-11
KND_bBDE8RQ,The Stanford Prison Experiment,"Normal people can become monsters given the right situation. That’s the standard narrative of the Stanford Prison Experiment, one of the most famous psychological experiments of all time. But what if the cause of its participants’ cruel behavior wasn’t what we’ve always been told?",2068,16841102,380921,19643,2018-12-19T17:00:03Z,Science & Technology,mindfield|Vsauce|stanford prison|science|learning|Philip zimbardo|Stanford prison experiment|psychology|Stanford,Vsauce,@Vsauce,UC6nSFpj9HTCZ5t-N3Rm3-HA,25100000,659,False,education,video,https://www.youtube.com/watch?v=KND_bBDE8RQ,en,2026-09-11
rA5qnZUXcqo,The Stilwell Brain,"There are 100 billion individual neurons in the human brain. Working together, they allow us to make sense of, and move through, the world around us. Scientists have built replicas of the human brain with computers, but no one has ever successfully made a brain out of humans. On this episode, I’ll travel back to my hometown of Stilwell, Kansas, and turn it into a working brain!

Available with YouTube Premium - https://www.youtube.com/premium/originals. To see if Premium is available in your country, click here: https://goo.gl/A3HtfP",1592,4255266,,3645,2018-12-12T17:00:03Z,Science & Technology,mindfield|edutainment|experiments|Vsauce|exorcism|stanford prison|sociology|futurism|technology|science|learning|mind reading,Vsauce,@Vsauce,UC6nSFpj9HTCZ5t-N3Rm3-HA,25100000,659,False,education,video,https://www.youtube.com/watch?v=rA5qnZUXcqo,en-GB,2026-09-11
yZlOw3rsPBM,Moral Licensing,"How are our moral decisions influenced by factors we’re not aware of? A phenomenon known as Moral Licensing claims that when we do something good, we often subconsciously allow ourselves to then do something bad. In this episode, I take a look at whether those who donate money to charity become more likely to let a kid take the blame for a crime they know they committed.

Available with YouTube Premium - https://www.youtube.com/premium/originals. To see if Premium is available in your country, click here: https://goo.gl/A3HtfP",1708,3006915,,6144,2018-12-05T17:01:02Z,Science & Technology,mindfield|experiments|Vsauce|stanford prison|sociology|technology|science|learning|mind reading|morality|ethics|moral licensing|psychology|theory|blame,Vsauce,@Vsauce,UC6nSFpj9HTCZ5t-N3Rm3-HA,25100000,659,False,education,video,https://www.youtube.com/watch?v=yZlOw3rsPBM,en,2026-09-11
PJF-cbTC4Cg,The Origins of Disgust,"With the help of Cecile Sarabian, Dr. Andrew MacIntosh and some fake poop, Michael observes levels of disgust among Japanese Macaques.",764,1057450,34796,3077,2018-12-05T17:00:28Z,Science & Technology,mindfield|edutainment|experiments|Vsauce|exorcism|stanford prison|sociology|futurism|technology|science|learning|mind reading,Vsauce,@Vsauce,UC6nSFpj9HTCZ5t-N3Rm3-HA,25100000,659,False,education,video,https://www.youtube.com/watch?v=PJF-cbTC4Cg,en,2026-09-11
ktkjUjcZid0,The Cognitive Tradeoff Hypothesis,"Humans are the only Earthlings with complex language. But at what cost was that ability acquired? In this episode, I visit Tetsuro Matsuzawa to learn about his influential cognitive tradeoff hypothesis.

Available with YouTube Premium - https://www.youtube.com/premium/originals. To see if Premium is available in your country, click here: https://goo.gl/A3HtfP",1462,21054613,340869,20968,2018-12-05T17:00:07Z,Science & Technology,mindfield|experiments|Vsauce|stanford prison|sociology|futurism|technology|science|learning|mind reading|Chimpanzees|kyoto|kyoto university|Tetsuro Matsuzawa|language|psychology|Michael Stevens|vsauce|primates|brain|neuroscience|evolution|imagination|history|evolutionary psychology|japan|research|cognition|coginitive tradeoff hypothesis|memory|short term memory,Vsauce,@Vsauce,UC6nSFpj9HTCZ5t-N3Rm3-HA,25100000,659,False,education,video,https://www.youtube.com/watch?v=ktkjUjcZid0,en-GB,2026-09-11
NXNGvDdkXZE,The Electric Brain,"Our nervous system is fundamentally electric.  We move our arm by sending a signal to the muscles that control it.  That means we can bypass our brains and use electricity to control our bodies, or use our minds to control other bodies.  In this episode, I explore how we can use electricity and our brains to control cockroaches, move other people’s limbs, restore motion to people who are paralyzed, and even read people’s minds. 

Available with YouTube Premium - https://www.youtube.com/premium/originals. To see if Premium is available in your country, click here: https://goo.gl/A3HtfP",1664,2973672,,,2018-01-03T17:00:01Z,Entertainment,Mind Field|Mind Field Season 2|Season 2|VSauce|Michael Stevens|YouTube|YouTube Red|YouTube Red Oirignals|Red Originals|YouTube Red Originals Series|Originals Series,Vsauce,@Vsauce,UC6nSFpj9HTCZ5t-N3Rm3-HA,25100000,659,False,education,video,https://www.youtube.com/watch?v=NXNGvDdkXZE,en-GB,2026-09-11
wcPzTr-BbAA,Divergent Minds,"Scientists can’t dissect living people’s brains to study their function. But by examining the behavior of people whose brains are atypical (due to stroke, injury, or being born that way), we can learn a lot about all our brains.  In this episode, I travel to London to meet a blind, autistic savant with astonishing musical abilities, and I volunteer to have my own brain’s function temporarily disrupted at UCLA’s Neuromodulation Lab. 

Available with YouTube Premium - https://www.youtube.com/premium/originals. To see if Premium is available in your country, click here: https://goo.gl/A3HtfP",1573,4542392,,,2017-12-27T17:00:05Z,Entertainment,Mind Field|Mind Field Season 2|Season 2|VSauce|Michael Stevens|YouTube|YouTube Red|YouTube Red Oirignals|Red Originals|YouTube Red Originals Series|Originals Series,Vsauce,@Vsauce,UC6nSFpj9HTCZ5t-N3Rm3-HA,25100000,659,False,education,video,https://www.youtube.com/watch?v=wcPzTr-BbAA,en-GB,2026-09-11
QDCcuCHOIyY,The Power of Suggestion,"Exactly how do placebos work?  Researchers believe that, through the power of suggestion, placebos may unleash the power of our own subconscious minds to cure ourselves. I was honored to participate in McGill University’s groundbreaking study of an accessory-assisted placebo.  Could a fake, non-functioning “Sham Brain Scanner” enable children with ADHD and other neurological conditions to alleviate their own symptoms? 

Available with YouTube Premium - https://www.youtube.com/premium/originals. To see if Premium is available in your country, click here: https://goo.gl/A3HtfP

Special thanks to Veronica and Vanessa Merrell, Merrell Twins:      https://www.youtube.com/user/merrelltwins

Special thanks to Lincoln and Daniel Markham: What’s Inside? https://www.youtube.com/whatsinside

Special thanks to Octopus Watch by Joy.  https://www.heyjoy.io/",1729,90157448,,,2017-12-20T17:00:02Z,Entertainment,Mind Field|Mind Field Season 2|Season 2|VSauce|Michael Stevens|YouTube|YouTube Red|YouTube Red Oirignals|Red Originals|YouTube Red Originals Series|Originals Series,Vsauce,@Vsauce,UC6nSFpj9HTCZ5t-N3Rm3-HA,25100000,659,False,education,video,https://www.youtube.com/watch?v=QDCcuCHOIyY,en-GB,2026-09-11
JMpuxLIgjPs,How to Make a Hero,"What makes a hero? Dr. Philip Zimbardo, the psychologist behind the infamous Stanford Prison Experiment, now runs seminars to teach everyday people how to be heroes.  But can heroism be learned?  I put his unsuspecting students into a fake crisis situation to see if they would act heroically.  Also, I asked employees to help me run a seemingly dangerous experiment, to see if they would blow the whistle to stop me. 

Available with YouTube Premium - https://www.youtube.com/premium/originals. To see if Premium is available in your country, click here: https://goo.gl/A3HtfP",1816,2601263,,,2017-12-13T17:00:05Z,Entertainment,Mind Field|Mind Field Season 2|Season 2|VSauce|Michael Stevens|YouTube|YouTube Red|YouTube Red Oirignals|Red Originals|YouTube Red Originals Series|Originals Series,Vsauce,@Vsauce,UC6nSFpj9HTCZ5t-N3Rm3-HA,25100000,659,False,education,video,https://www.youtube.com/watch?v=JMpuxLIgjPs,en-GB,2026-09-11
MBRi7Bz8LZk,Uncut False Confession - Mind Field S2,"Expert Melissa Russano elicits a false confession from one of our test subjects in this fascinating, uncut session.",858,,,,2017-12-06T17:07:32Z,Entertainment,Mind Field|Mind Field Season 2|Season 2|VSauce|Michael Stevens|YouTube|YouTube Red|YouTube Red Oirignals|Red Originals|YouTube Red Originals Series|Originals Series,Vsauce,@Vsauce,UC6nSFpj9HTCZ5t-N3Rm3-HA,25100000,659,False,education,video,https://www.youtube.com/watch?v=MBRi7Bz8LZk,en-GB,2026-09-11
a-EC76gHQPQ,Full Shaman Song,"Full episode: https://www.youtube.com/watch?v=U3lWVLuc6CE
Peruvian Shaman Daniel performs his icaro (healing chant) in its entirety.",1011,,,,2017-12-06T17:06:44Z,Entertainment,Mind Field|Mind Field Season 2|Season 2|VSauce|Michael Stevens|YouTube|YouTube Red|YouTube Red Oirignals|Red Originals|YouTube Red Originals Series|Originals Series,Vsauce,@Vsauce,UC6nSFpj9HTCZ5t-N3Rm3-HA,25100000,659,False,education,video,https://www.youtube.com/watch?v=a-EC76gHQPQ,en-GB,2026-09-11
1RHsAUyFCAM,Your Brain on Tech,"Technology isn’t just changing our lives.  It’s literally changing our brains -- and maybe for the better.  In this episode, I’m a human lab rat in a groundbreaking study at UC Irvine, where scientists test how playing 3D video games affects my spatial memory.  Will 10 days of gaming improve my ability to physically navigate a giant, 60-foot maze?  And will an fMRI machine detect any physical changes to my brain? 

Available with YouTube Premium - https://www.youtube.com/premium/originals. To see if Premium is available in your country, click here: https://goo.gl/A3HtfP

Special thanks to Innovation First / Micro Robotic Creatures",1651,4183431,,,2017-12-06T17:06:20Z,Entertainment,Mind Field|Mind Field Season 2|Season 2|VSauce|Michael Stevens|YouTube|YouTube Red|YouTube Red Oirignals|Red Originals|YouTube Red Originals Series|Originals Series,Vsauce,@Vsauce,UC6nSFpj9HTCZ5t-N3Rm3-HA,25100000,659,False,education,video,https://www.youtube.com/watch?v=1RHsAUyFCAM,en-GB,2026-09-11
gWoPI-VoFV0,Truth Serums and False Confessions,"Psychology.  Neuroscience.  Drugs.  All can be tools of interrogation.  In this episode, an expert shows me how to coerce unsuspecting subjects into signing false confessions;  a police psychologist questions me about my personal life after I am injected with a truth serum; and I match wits against a new brainwave-reading lie-detection method developed at Northwestern University.

Available with YouTube Premium - https://www.youtube.com/premium/originals. To see if Premium is available in your country, click here: https://goo.gl/A3HtfP",1927,4420512,,,2017-12-06T17:05:56Z,Entertainment,Mind Field|Mind Field Season 2|Season 2|VSauce|Michael Stevens|YouTube|YouTube Red|YouTube Red Oirignals|Red Originals|YouTube Red Originals Series|Originals Series,Vsauce,@Vsauce,UC6nSFpj9HTCZ5t-N3Rm3-HA,25100000,659,False,education,video,https://www.youtube.com/watch?v=gWoPI-VoFV0,en-GB,2026-09-11
U3lWVLuc6CE,Ayahuasca,"Do psychedelic drugs really bring about self-healing and personal enlightenment?  New research says they may.  In this episode, I travel to the Amazonian jungle of Peru to experience the mind-expanding effects of the psychedelic brew Ayahuasca.  I’m joined by Imperial College London’s Head of Psychedelic Research, Dr. Robin Carhart-Harris, who measures the impact of Ayahuasca on my brain.

Available with YouTube Premium - https://www.youtube.com/premium/originals. To see if Premium is available in your country, click here: https://goo.gl/A3HtfP

The paintings Jehua Supai - Espiritus Sublimes and Soplo del Banco Puma are featured in the book The Ayahuasca Visions of Pablo Amaringo, by Howard G Charing and Peter Cloudsley.",1998,11369291,,,2017-12-06T17:05:25Z,Entertainment,Mind Field|Mind Field Season 2|Season 2|VSauce|Michael Stevens|YouTube|YouTube Red|YouTube Red Oirignals|Red Originals|YouTube Red Originals Series|Originals Series,Vsauce,@Vsauce,UC6nSFpj9HTCZ5t-N3Rm3-HA,25100000,659,False,education,video,https://www.youtube.com/watch?v=U3lWVLuc6CE,en-GB,2026-09-11
1sl5KJ69qiA,The Trolley Problem in Real Life,"Would you reroute a train to run over one person to prevent it from running over five others? In the classic “Trolley Problem” survey, most people say they would. But I wanted to test what people would actually do in a real-life situation. In the world’s first realistic simulation of this controversial moral dilemma, unsuspecting subjects will be forced to make what they believe is a life-or-death decision.   

Partner Rating: TV14

Available with YouTube Premium - https://www.youtube.com/premium/originals. To see if Premium is available in your country, click here: https://goo.gl/A3HtfP",2078,15818153,358065,,2017-12-06T17:05:03Z,Entertainment,Mind Field|Mind Field Season 2|Season 2|VSauce|Michael Stevens|YouTube|YouTube Red|YouTube Red Oirignals|Red Originals|YouTube Red Originals Series|Originals Series,Vsauce,@Vsauce,UC6nSFpj9HTCZ5t-N3Rm3-HA,25100000,659,False,education,video,https://www.youtube.com/watch?v=1sl5KJ69qiA,en-GB,2026-09-11
Xc4xYacTu-E,Which Way Is Down?,"BRAIN CANDY LIVE http://www.braincandylive.com/tickets
THE VSAUCE CURIOSITY BOX: https://www.curiositybox.com/
Links to sources and to learn more below!

my twitter https://twitter.com/tweetsauce
my instagram https://www.instagram.com/electricpants

Thanks to Eric Langlay (https://www.youtube.com/user/ericdraven30) for producing, editing, and animating this episode with me. Thanks also to Henry Reich (https://www.youtube.com/user/minutephysics) for his advice and guidance.

Universe Sandbox² : http://universesandbox.com/

Mass vs weight:

https://en.wikipedia.org/wiki/Mass_versus_weight
Great Veritasium video: https://www.youtube.com/watch?v=_Z0X0yE8Ioc
two other great videos: https://www.youtube.com/watch?v=6ccIjRwYO9U and https://www.youtube.com/watch?v=aCqQzrPCcFM

baseballs coming together under gravitational attraction can be simulated in Universe Sandbox 2. More math behind it can be found here: https://www.reddit.com/r/explainlikeimfive/comments/2vyxl7/eli5_will_two_baseballs_a_foot_apart_in_deep/

Weight to mass (on surface of Earth) convertor: https://www.convertunits.com/from/kilograms/to/newton

pencil and Earth falling numbers: https://www.quora.com/When-we-drop-a-pencil-the-earth-attracts-it-and-it-seems-that-the-pencil-is-falling-towards-earth-Why-doesnt-the-earth-come-up-towards-the-pencil

NASA HD footage: https://archive.org/details/NASA-Ultra-High-Definition

Buoyancy: https://en.wikipedia.org/wiki/Buoyancy

Earth’s spin and its effect on ‘down’: http://www.freemars.org/jeff/Earth/down.htm

The measurement of Earth and its gravity: 

https://en.wikipedia.org/wiki/Geodesy
https://en.wikipedia.org/wiki/Physical_geodesy

Movement of Earth’s center of mass: 

http://www.aiub.unibe.ch/research/slr_data_analysis/estimating_the_geocenter_and_earth_rotation_parameter/index_eng.html
http://www.massentransporte.de/index.php?id=307
http://citeseerx.ist.psu.edu/viewdoc/download?doi=10.1.1.650.4392&rep=rep1&type=pdf

you get heavier before you get lighter as you descend into Earth: https://www.reddit.com/r/askscience/comments/4qfl52/do_you_get_lighter_the_further_underground_that/

vertical deflection: 

https://en.wikipedia.org/wiki/Vertical_deflection

practical uses of measuring gravity: https://en.wikipedia.org/wiki/Gravimetry

geoid:

https://en.wikipedia.org/wiki/Geoid
https://oceanservice.noaa.gov/facts/geoid.html
https://www.youtube.com/watch?v=jOQl8DRzQks

Interactive Earth geoid: https://experiments.withgoogle.com/chrome/geoid-viewer

your weight when moon is overhead: https://www.thenakedscientists.com/forum/index.php?topic=11639.0

Hammer and feather drop on moon: https://nssdc.gsfc.nasa.gov/planetary/lunar/apollo_15_feather_drop.html

Why things fall at the same rate: https://www.quora.com/If-an-object-has-more-mass-then-its-pull-on-earth-would-be-greater-than-an-object-with-less-mass-and-therefore-should-fall-to-earth-faster-Why-do-objects-of-different-mass-fall-to-earth-at-the-same-speed

Wolfram Alpha cone geodesic tool: http://demonstrations.wolfram.com/ConeGeodesics/

General Relativity:

simple animation showing geodesic on cone and how it causes motion DOWN in space: https://www.youtube.com/watch?v=DdC0QN6f3G4
GREAT pbs spacetime video (watch the whole channel): https://www.youtube.com/watch?v=AwhKZ3fd9JA
http://www.askamathematician.com/2009/10/q-why-does-curved-space-time-cause-gravity/
https://www.av8n.com/physics/geodesics.htm#sec-straight
http://www.pitt.edu/~jdnorton/teaching/HPS_0410/chapters/spacetime/
http://www.einstein-online.info/spotlights/geometry_force

time and gravity:

https://www.youtube.com/watch?v=jlTVIMOix3I
https://youtu.be/1ENkP0h8nAg
https://youtu.be/gcvq1DAM-DE
https://www.reddit.com/r/askscience/comments/30lt1o/bending_of_space_not_responsible_for_objects/
https://www.reddit.com/r/AskScienceDiscussion/comments/3rfmtl/does_time_dilation_cause_gravity_or_the_other_way/

tests of general relativity: https://en.wikipedia.org/wiki/Tests_of_general_relativity

RECOMENDED BOOKS:

great introductory texts:

“Relativity Visualized” by Lewis Carroll Epstein https://www.amazon.com/Relativity-Explained-Classics-Science-Mathematics/dp/0486293157

There’s also this PDF that takes Epstein’s diagrams into more detail: http://www.relativity.li/uploads/pdf/English/Epstein_en.pdf

“Relativity Simply Explained” by Martin Gardener https://www.amazon.com/Relativity-Explained-Classics-Science-Mathematics/dp/0486293157

great intro to the math of general relativity:

“A Most Incomprehensible Thing: Notes Towards a Very Gentle Introduction to the Mathematics of Relativity” by Peter Collier https://www.amazon.com/Most-Incomprehensible-Thing-Introduction-Mathematics/dp/0957389469/

Requires some background in relevant math topics (see above) but very very good:

“Spacetime And Geometry: An Introduction To General Relativity” by Sean Carrol https://www.amazon.com/gp/product/9332571651/",1571,31589829,688403,56272,2017-11-02T09:30:54Z,Entertainment,gravity|science|math|vsauce|michael stevens|einstien|newton|equations|mass|weight|mass vs weight|falling|free fall|geodesic|curvature|cone|spacetime|space|time|force|earth|geoid|vertical deflection|why do things fall|why do things fall at same rate|Galileo Galilei|galileo|heavy|physics|general relativity|relativity|special relativity|modern physics|geodesy|line,Vsauce,@Vsauce,UC6nSFpj9HTCZ5t-N3Rm3-HA,25100000,659,False,education,video,https://www.youtube.com/watch?v=Xc4xYacTu-E,en-GB,2026-09-11
J51ncHP_BrY,The Napkin Ring Problem,"Brain Candy Live FALL TOUR: http://www.braincandylive.com/tickets
The Curiosity Box: https://www.curiositybox.com/
LINKS TO LEARN MORE BELOW!

my twitter: http://www.twitter.com/tweetsauce

Adam and I (but mainly Adam) making a kendama: https://www.youtube.com/watch?v=i8GD33DsRw8

Orange Oil: https://en.wikipedia.org/wiki/Orange_oil

Napkin Ring Problem: https://en.wikipedia.org/wiki/Napkin_ring_problem

Cavalieri's Principle:

https://schoolyourself.org/learn/geometry/cavalieri-3d
https://en.wikipedia.org/wiki/Cavalieri%27s_principle
http://www.cut-the-knot.org/Curriculum/Calculus/Cavalieri.shtml

BIG THANKS:

Eric Langlay stayed up all night with me so that this video could come out today. MUCH LOVE https://www.youtube.com/user/ericdraven30

Grant from 3Blue1Brown helped me wrap my head around this topic: https://www.youtube.com/channel/UCYO_jab_esuFRV4b17AJtAw

music by 
Jake Chudnow: https://www.youtube.com/user/jakechudnow
and via AudioNetwork: https://www.audionetwork.com",644,14441458,386637,27864,2017-08-14T15:06:31Z,Entertainment,napkin ring problem|geometry|sphere|cylinder|math|volume|area|calculate|proof|Cavalieri|earth|core|orange|vsauce|michael stevens|education|school,Vsauce,@Vsauce,UC6nSFpj9HTCZ5t-N3Rm3-HA,25100000,659,False,education,video,https://www.youtube.com/watch?v=J51ncHP_BrY,en-GB,2026-09-11
mxhxL1LzKww,How Much of the Earth Can You See at Once?,"My shirt is from this quarter’s CURIOSITY BOX: http://www.curiositybox.com/
MY TWITTER: http://www.twitter.com/tweetsauce
MY INSTAGRAM: http://www.instagram.com/electricpants

Thanks to Mitchell for the jack-in-the-box! http://brainvenomstudio.com/

3Blue1Brown: https://www.youtube.com/channel/UCYO_jab_esuFRV4b17AJtAw

3Blue1Brown fractal dimension video: https://www.youtube.com/watch?v=gB9n2gHsHN4

Mathologer video: https://www.youtube.com/watch?v=qhbuKbxJsk8

Distance to horizon calculator: http://www.ringbell.co.uk/info/hdist.htm

Earth curvature calculator: http://earthcurvature.com/

US cross section: https://www.reddit.com/r/MapPorn/comments/22cco7/us_elevation_profile_from_la_to_nyc_oc_1139x442/

Scott Kelly ISS earth pic: https://twitter.com/stationcdrkelly/status/618407818962575360?lang=en

names of large numbers: https://en.wikipedia.org/wiki/Names_of_large_numbers

Earth’s surface fractal dimension: http://www.dtic.mil/dtic/tr/fulltext/u2/a129664.pdf

Improbable research pancake study: http://www.improbable.com/airchives/paperair/volume9/v9i3/kansas.html 

State flatness paper: http://www.disruptivegeo.com/blog/wp-content/uploads/2014/08/FlatMap_GeographicalReview_DobsonCampbell_2013Nov.pdf

Mental floss article on flat states: http://mentalfloss.com/article/58976/kansas-really-flatter-pancake

Lake Islands: https://en.wikipedia.org/wiki/Lake_island

XKCD What If? bowling ball Earth: https://what-if.xkcd.com/46/

West Virginia map: https://store.usgs.gov/product/109169

Is Earth as smooth as a billiard ball? https://skeptics.stackexchange.com/questions/10763/is-earth-as-smooth-as-a-billiard-ball

WPA rules: http://wpapool.com/rule-regulations/

Billiard ball surface scan paper: http://billiards.colostate.edu/bd_articles/2013/june13.pdf

What state people think of as flat: http://americangeo.org/wp-content/uploads/2015/01/AGSGeographicKnowledgeValuesSurveyFinal.pdf

Roche limit:

https://en.wikipedia.org/wiki/Roche_limit
https://www.quora.com/Why-arent-we-affected-by-the-Roche-Limit-Earth-is-clearly-larger-than-us
https://www.quora.com/Does-the-Roche-limit-apply-to-our-human-launched-satellites-and-other-orbiting-bodies-of-Earth

Hey What’s That? http://www.heywhatsthat.com

Field of view: https://en.wikipedia.org/wiki/Field_of_view

Angular diameter: https://en.wikipedia.org/wiki/Angular_diameter

Spherical cap calculator: http://www.1728.org/sphere.htm

amount of sphere seen from distance calculator: http://www.neoprogrammics.com/spheres/visible_fraction_of_surface.php

seeing Earth as a disc: https://physics.stackexchange.com/questions/64253/distance-away-from-earth-to-see-it-as-a-full-disk

how high to see the curvature of Earth? https://earthscience.stackexchange.com/questions/7283/how-high-must-one-be-for-the-curvature-of-the-earth-to-be-visible-to-the-eye

Earth from moon pics: https://www.flickr.com/photos/projectapolloarchive/sets/72157658976934006/

Star magnitude calculator: http://www.mesacc.edu/~kev2077220/flash/magcalc.html

Star distances: https://www.reddit.com/r/askscience/comments/20eyvg/what_is_the_average_distance_of_the_stars_that_we/

list of stars with resolved images: https://en.wikipedia.org/wiki/List_of_stars_with_resolved_images

2d figures by me

3d animations by Eric Langlay https://www.youtube.com/user/ericdraven30

Music from Jake Chudnow: https://www.youtube.com/user/jakechudnow
and Audio Network: http://www.audionetwork.com/",1591,20810059,408033,43144,2017-07-17T15:37:19Z,Entertainment,earth|geology|mountains|outer space|math|science|vsauce|michael stevens|stars|vision|field of view|view|satellites|moon|Kansas|pancake|flat|topography|maps,Vsauce,@Vsauce,UC6nSFpj9HTCZ5t-N3Rm3-HA,25100000,659,False,education,video,https://www.youtube.com/watch?v=mxhxL1LzKww,en-GB,2026-09-11
mjy5eokIm3U,Vsauce Live Stream!,"Ask us questions on twitter!
http://twitter.com/tweetsauce
http://twitter.com/vsaucetwo
http://twitter.com/vsaucethree

Get the Curiosity Box! http://curiositybox.com",5893,1795712,,,2017-06-18T20:46:17Z,Entertainment,,Vsauce,@Vsauce,UC6nSFpj9HTCZ5t-N3Rm3-HA,25100000,659,False,education,video,https://www.youtube.com/watch?v=mjy5eokIm3U,en-GB,2026-09-11
b2ng8HuPLTk,Do You Know Yourself? - Mind Field (Ep 8),"What makes you, you?  If even the most basic parts of you, like your memories or your past, can be forgotten or manipulated, how can you know ever really know who “you” are?  In this episode of Mind Field I look at how well Do You Know Yourself?

Available with YouTube Premium - https://www.youtube.com/premium/originals. To see if Premium is available in your country, click here: https://goo.gl/A3HtfP",1547,3077810,,,2017-03-01T17:00:49Z,Entertainment,Mind Field|Michael Stevens|Vsauce|YouTube Red|YouTube Red Original Series|Jake Roper|Dominic Monaghan|Dianna Cowern|Rosanna Pansino|Ethan Klein|Tim DeLaGhetto|GloZell,Vsauce,@Vsauce,UC6nSFpj9HTCZ5t-N3Rm3-HA,25100000,659,False,education,video,https://www.youtube.com/watch?v=b2ng8HuPLTk,en-GB,2026-09-11
WY0j1cZtnp0,In Your Face - Mind Field (Ep 7),"How much do we communicate through facial expressions?  Are our expressions affected by our moods, or is it the other way around?  And what happens to your ability to relate to others when your facial muscles are frozen by Botox?  In this episode of Mind Field, I take a look at what’s In Your Face.

Available with YouTube Premium - https://www.youtube.com/premium/originals. To see if Premium is available in your country, click here: https://goo.gl/A3HtfP",1474,2491998,,,2017-02-22T17:00:39Z,Entertainment,Mind Field|Michael Stevens|Vsauce|YouTube Red|YouTube Red Original Series|Jake Roper|Dominic Monaghan|Dianna Cowern|Rosanna Pansino|Ethan Klein|Tim DeLaGhetto|GloZell,Vsauce,@Vsauce,UC6nSFpj9HTCZ5t-N3Rm3-HA,25100000,659,False,education,video,https://www.youtube.com/watch?v=WY0j1cZtnp0,en,2026-09-11
OUdXMoY6fLY,Touch - Mind Field (Ep 6),"How much of the sensations we feel is determined by our physical bodies?  Maybe our minds play a bigger role than we know.  I’ll see if people can be tricked into feeling intense physical pain, even though it’s all in their heads.  I’ll also look at a machine that makes it possible for you to tickle yourself, and I’ll show you a weird physical illusion you can do at home.    

Available with YouTube Premium - https://www.youtube.com/premium/originals. To see if Premium is available in your country, click here: https://goo.gl/A3HtfP",1296,2897046,,,2017-02-15T17:13:05Z,Entertainment,Mind Field|Michael Stevens|Vsauce|YouTube Red|YouTube Red Original Series|Jake Roper|Dominic Monaghan|Dianna Cowern|Rosanna Pansino|Ethan Klein|Tim DeLaGhetto|GloZell,Vsauce,@Vsauce,UC6nSFpj9HTCZ5t-N3Rm3-HA,25100000,659,False,education,video,https://www.youtube.com/watch?v=OUdXMoY6fLY,en,2026-09-11
lmI7NnMqwLQ,Freedom of Choice - Mind Field (Ep 5),"We may value having Freedom of Choice, but are we actually happier when we have limited choices...or even no choice at all?  Do we truly have control over our decisions, or are they really predetermined by other forces?  My fellow YouTubers and I have our minds read by a “box” that reveals who - or what - is really calling the shots. 

Available with YouTube Premium - https://www.youtube.com/premium/originals. To see if Premium is available in your country, click here: https://goo.gl/A3HtfP",1346,3153125,,,2017-02-08T17:28:42Z,Entertainment,Mind Field|Michael Stevens|Vsauce|YouTube Red|YouTube Red Original Series|Jake Roper|Dominic Monaghan|Dianna Cowern|Rosanna Pansino|Ethan Klein|Tim DeLaGhetto|GloZell,Vsauce,@Vsauce,UC6nSFpj9HTCZ5t-N3Rm3-HA,25100000,659,False,education,video,https://www.youtube.com/watch?v=lmI7NnMqwLQ,en,2026-09-11
p-VDVI1GMZk,Showing My Desk to Adam Savage,"BRAIN CANDY LIVE: http://www.braincandylive.com/tickets
FOLLOW: https://twitter.com/BrainCandyLive
MY TWITTER: https://twitter.com/tweetsauce
MY INSTAGRAM: https://www.instagram.com/electricpants/
THE CURIOSITY BOX: https://www.curiositybox.com/

Stirling engine from the wonderful http://www.grand-illusions.com/

Hanayama puzzles: http://www.hanayama-toys.com/index.php?route=product/category&path=65

Ballerby & Co. Globes http://www.bellerbyandco.com https://www.instagram.com/globemakers/ 
https://twitter.com/globemakers

endangered elements: https://www.acs.org/content/acs/en/greenchemistry/research-innovation/research-topics/endangered-elements.html

reddit thread on blinking: https://www.reddit.com/r/AskReddit/comments/14s5ck/what_is_the_probability_that_everyone_on_earth/

Music by http://youtube.com/JakeChudnow
and
http://www.audionetwork.com

FEATURING the eye of Eric Langlay https://www.youtube.com/user/ericdraven30
Eric Langlay also created this video’s kinetic air molecule animations https://www.youtube.com/user/ericdraven30
Thanks also to Jake Roper for not being a quitter https://www.youtube.com/user/Vsauce3 & https://www.youtube.com/jakerawr",1251,9279477,223563,15761,2017-02-04T17:48:08Z,Entertainment,adam savage|michael stevens|vsauce|brain candy live|brain candy|desk|tour,Vsauce,@Vsauce,UC6nSFpj9HTCZ5t-N3Rm3-HA,25100000,659,False,education,video,https://www.youtube.com/watch?v=p-VDVI1GMZk,en-GB,2026-09-11
qZXpgf8N6hs,Artificial Intelligence - Mind Field (Ep 4),"So you say you love your computer or smartphone...but can it love you back? As we become more dependent on technology, and our technology becomes more lifelike, where does the line between human and computer lie?  And what happens when our relationships become romantic?  In this episode of Mind Field, I look into Artificial Intelligence.

Available with YouTube Premium - https://www.youtube.com/premium/originals. To see if Premium is available in your country, click here: https://goo.gl/A3HtfP",1500,3423397,,,2017-02-01T17:11:18Z,Entertainment,Mind Field|Michael Stevens|Vsauce|YouTube Red|YouTube Red Original Series|Jake Roper|Dominic Monaghan|Dianna Cowern|Rosanna Pansino|Ethan Klein|Tim DeLaGhetto|GloZell,Vsauce,@Vsauce,UC6nSFpj9HTCZ5t-N3Rm3-HA,25100000,659,False,education,video,https://www.youtube.com/watch?v=qZXpgf8N6hs,en,2026-09-11
K8AMhj-ImMI,"If you’re ambitious but inconsistent, please watch this","Get 1 month of Wispr Flow Pro completely free here 👉 http://ref.wisprflow.ai/ali_youtube

🧠 Superfocus: Our Ultimate Productivity System for People with More Ambition than Time → https://superfocus.me/?utm_source=youtube&utm_medium=organic_social&utm_campaign=ali_yt&utm_term=video-desc&utm_content=K8AMhj-ImMI
🚀 Lifestyle Business Academy: Our MBA alternative to build a 6-figure online business → https://lifestylebusiness.com/academy?utm_source=youtube&utm_medium=organic_social&utm_campaign=ali_yt&utm_term=video-desc&utm_content=K8AMhj-ImMI

MY OTHER PRODUCTS
🦄 My Productivity Course: LifeOS → https://go.aliabdaal.com/lifeos/ytd
🤑 Grow / Monetise your YouTube Channel → https://go.aliabdaal.com/PTYA/yt
👻 Voicepal: AI Writing App (iOS/Android) - Download for Free → https://go.aliabdaal.com/voicepal/ytd

MY BOOK
📕 My New York Times bestselling book Feel-Good Productivity (2,000+ 5-star reviews) → https://go.feelgoodproductivity.com/amazon/yt

CONNECT WITH ME
💌 Join LifeNotes, my weekly email where I share what I'm reading & learning: https://go.aliabdaal.com/lifenotes/yt
📸  Instagram: https://instagram.com/aliabdaal
📱 TikTok: https://www.tiktok.com/@aliabdaal
👨‍💻 Linkedin: https://www.linkedin.com/in/ali-abdaal/
🐥 X/Twitter: https://x.com/aliabdaal
🌍  My website / blog: https://www.aliabdaal.com/

---

Hey friends, this video is about why we know exactly what to do and then still don't do it. I invited Nir Eyal over to Hong Kong to talk it through, because his new book Beyond Belief makes the case that what's really stopping us sits underneath our discipline and our motivation, in the beliefs we carry around without ever examining them. We get into the motivation triangle, the rats that swam for 60 hours, the actual formula for burnout, and the four questions Nir uses to swap out a belief that's causing him to suffer. He also does a live turnaround on one of my own limiting beliefs about making YouTube videos. Hope you enjoy xx


🔗 LINKS MENTIONED IN THIS VIDEO 

- Nir Eyal: @nirandfar 
- Nir's website: https://www.nirandfar.com/
- 📗 Beyond Belief by Nir Eyal: https://geni.us/beyondbelief-ali
- 📘 Indistractable by Nir Eyal: https://geni.us/mEVGAnk
- 📕 Loving What Is by Byron Katie: https://geni.us/lovingwhatis-ali


⌚️ TIMESTAMPS 
00:00 Intro
00:57 Why do we know what to do, but then just not do it?
05:17 The motivation triangle
08:54 How our beliefs change our behaviour
11:39 The placebo steroid study
12:45 The rats that swam for 60 hours
16:00 The real formula for burnout
19:07 Facts vs Faith Spectrum
21:05 When should you quit
25:05 The turnaround method
27:50 The four questions
30:02 Finding four other beliefs
32:13 Liberating beliefs vs limiting beliefs
34:36 The reality objection
37:00 Pain is not suffering
38:45 See the suffering differently
40:43 Why manifesting backfires
42:51 Old beliefs can expire
46:33 Label becomes limit
51:02 You're already gaslighting yourself
52:24 Suffer less, persist longer

PS: I donate 10% of my income to charity every year. Would you like to join me? Learn more about the 10% Pledge: https://aliabdaal.com/giving-what-we-can/",3238,50550,804,40,2026-09-10T16:07:48Z,Education,Ali Abdaal|Ali abdal,Ali Abdaal,@aliabdaal,UCoOae5nYA7VqaXzerajD0lg,6680000,1462,False,lifestyle,video,https://www.youtube.com/watch?v=K8AMhj-ImMI,en-GB,2026-09-11
7EWYjFqgmHM,17 Micro-Habits to Improve Your Focus,"Use the promo code ALI or visit https://wisprflow.ai/ali to unlock your free month with Flow.

Join my FREE quarterly goal-setting and reflection workshop on Saturday 4th April: https://go.aliabdaal.com/spring26ytd

Get my FREE 7-day focus email crash course: https://go.aliabdaal.com/ytdattention

--------

🧠 Superfocus: Our Ultimate Productivity System for People with More Ambition than Time → https://superfocus.me/?utm_source=youtube&utm_medium=organic_social&utm_campaign=ali_yt&utm_term=desc-sweep-2026-07&utm_content=7EWYjFqgmHM
🚀 Lifestyle Business Academy: Our MBA alternative to build a 6-figure online business → https://lifestylebusiness.com/academy?utm_source=youtube&utm_medium=organic_social&utm_campaign=ali_yt&utm_term=desc-sweep-2026-07&utm_content=7EWYjFqgmHM

MY OTHER PRODUCTS
🦄 My Productivity Course: LifeOS → https://go.aliabdaal.com/lifeos/ytd
🤑 Grow / Monetise your YouTube Channel → https://go.aliabdaal.com/PTYA/yt
👻 Voicepal: AI Writing App (iOS/Android) - Download for Free → https://go.aliabdaal.com/voicepal/ytd

MY BOOK
📕 My New York Times bestselling book Feel-Good Productivity (2,000+ 5-star reviews) → https://go.feelgoodproductivity.com/amazon/yt

CONNECT WITH ME
💌 Join LifeNotes, my weekly email where I share what I'm reading & learning: https://go.aliabdaal.com/lifenotes/yt
📸 Instagram: https://instagram.com/aliabdaal
📱 TikTok: https://www.tiktok.com/@aliabdaal
👨‍💻 Linkedin: https://www.linkedin.com/in/ali-abdaal/
🐥 X/Twitter: https://x.com/aliabdaal
🌍 My website / blog: https://www.aliabdaal.com/

--------

Hey friends, in this video I'm sharing 17 micro habits that can help you reclaim your attention span before it's completely destroyed by our phones and endless scrolling. We'll cover practical systems like managing notifications, keeping your phone out of the bedroom, and training yourself to consume more long-form content instead of short-form dopamine hits. These are small changes that can make a massive difference to your focus and overall wellbeing. Hope you enjoy xx

🔗 LINKS MENTIONED IN THIS VIDEO

📙 Indistractible by Nir Eyal: https://geni.us/mEVGAnk

⌚️ TIMESTAMPS

00:00 Introduction
0:10 Habit #1
0:47 Habit #2
1:03 Habit #3
1:28 Habit #4
1:40 Habit #5
1:50 Habit #6
2:10 Habit #7
3:04 Habit #8
3:25 Habit #9
3:47 Habit #10
5:24 Habit #11
6:45 Habit #12
7:33 Habit #13
8:10 Habit #14
8:33 Habit #15
9:15 Habit #16
9:31 Habit #17

PS: I donate 10% of my income to charity every year. Would you like to join me? Learn more about the 10% Pledge: https://aliabdaal.com/giving-what-we-can/",616,249996,8277,176,2026-02-05T13:00:15Z,Education,,Ali Abdaal,@aliabdaal,UCoOae5nYA7VqaXzerajD0lg,6680000,1462,False,lifestyle,video,https://www.youtube.com/watch?v=7EWYjFqgmHM,en-US,2026-09-11
Eu29v5jPVMU,The mindset slowly destroying your life,"Build your website with Hostinger and use the code ALIABDAAL to get 10% off: https://hostinger.com/aliabdaal

Join my FREE quarterly goal-setting and reflection workshop on Saturday 4th April: https://go.aliabdaal.com/spring26ytd

Apply to join the Lifestyle Business Academy: https://go.lifestylebusiness.com/ytdoverthink

--------

🧠 Superfocus: Our Ultimate Productivity System for People with More Ambition than Time → https://superfocus.me/?utm_source=youtube&utm_medium=organic_social&utm_campaign=ali_yt&utm_term=desc-sweep-2026-07&utm_content=Eu29v5jPVMU
🚀 Lifestyle Business Academy: Our MBA alternative to build a 6-figure online business → https://lifestylebusiness.com/academy?utm_source=youtube&utm_medium=organic_social&utm_campaign=ali_yt&utm_term=desc-sweep-2026-07&utm_content=Eu29v5jPVMU

MY OTHER PRODUCTS
🦄 My Productivity Course: LifeOS → https://go.aliabdaal.com/lifeos/ytd
🤑 Grow / Monetise your YouTube Channel → https://go.aliabdaal.com/PTYA/yt
👻 Voicepal: AI Writing App (iOS/Android) - Download for Free → https://go.aliabdaal.com/voicepal/ytd

MY BOOK
📕 My New York Times bestselling book Feel-Good Productivity (2,000+ 5-star reviews) → https://go.feelgoodproductivity.com/amazon/yt

CONNECT WITH ME
💌 Join LifeNotes, my weekly email where I share what I'm reading & learning: https://go.aliabdaal.com/lifenotes/yt
📸 Instagram: https://instagram.com/aliabdaal
📱 TikTok: https://www.tiktok.com/@aliabdaal
👨‍💻 Linkedin: https://www.linkedin.com/in/ali-abdaal/
🐥 X/Twitter: https://x.com/aliabdaal
🌍 My website / blog: https://www.aliabdaal.com/

--------

Hey friends, if you've ever found yourself stuck in planning mode for weeks, months, or even years before taking action on your dreams, this video's for you. I'm breaking down what I call the Prison of Certainty - how our school system wired us to wait for perfect conditions that never come - and the mindset shifts that actually help you escape it and start making real progress. These are lessons I've learned building my own business and coaching hundreds of students through the exact same blocks. Hope this can be helpful xx

🔗 LINKS MENTIONED IN THIS VIDEO

The Anxious Generation by Jonathan Haidt: https://geni.us/tAMobQ

A Promised Land by Barack Obama: https://geni.us/bMcEHay

Designing Your Life by Bill Burnett and Dave Evans: https://geni.us/designingyourlife-book

⌚️ TIMESTAMPS

00:00 Introduction
01:10 The Prison of Certainty
02:10 The One-Shot Brain
03:25 Defend Mode vs Discover Mode
06:18 Why Real World Success Plays by Different Rules
09:16 Two-Way Door Decisions
11:30 Overthinking Tax
13:37 Mindset Shifts to Unlock Your Potential
17:31 Wayfinding

PS: I donate 10% of my income to charity every year. Would you like to join me? Learn more about the 10% Pledge: https://aliabdaal.com/giving-what-we-can/",1235,167545,5368,179,2026-01-30T14:00:22Z,Education,,Ali Abdaal,@aliabdaal,UCoOae5nYA7VqaXzerajD0lg,6680000,1462,False,lifestyle,video,https://www.youtube.com/watch?v=Eu29v5jPVMU,en-US,2026-09-11
_K9ECAYrU2Q,22 ONE-MINUTE Habits That Save Me 25+ Hours a Week,"Sponsored Link. To get free fractional shares worth up to £100, you can open an account with Trading 212 through this link - https://www.trading212.com/join/ALI

This video does not represent financial advice, and I am not a financial advisor. When investing, your capital is at risk and you may get back less than invested. Past performance doesn’t guarantee future results. Free shares can be fractional.

*Terms and fees apply - https://www.trading212.com/terms/invest

🧠 Superfocus: Our Ultimate Productivity System for People with More Ambition than Time → https://superfocus.me/?utm_source=youtube&utm_medium=organic_social&utm_campaign=ali_yt&utm_term=desc-sweep-2026-07&utm_content=_K9ECAYrU2Q
🚀 Lifestyle Business Academy: Our MBA alternative to build a 6-figure online business → https://lifestylebusiness.com/academy?utm_source=youtube&utm_medium=organic_social&utm_campaign=ali_yt&utm_term=desc-sweep-2026-07&utm_content=_K9ECAYrU2Q

MY OTHER PRODUCTS
🦄 My Productivity Course: LifeOS → https://go.aliabdaal.com/lifeos/ytd
🤑 Grow / Monetise your YouTube Channel → https://go.aliabdaal.com/PTYA/yt
👻 Voicepal: AI Writing App (iOS/Android) - Download for Free → https://go.aliabdaal.com/voicepal/ytd

MY BOOK
📕 My New York Times bestselling book Feel-Good Productivity (2,000+ 5-star reviews) → https://go.feelgoodproductivity.com/amazon/yt

CONNECT WITH ME
💌 Join LifeNotes, my weekly email where I share what I'm reading & learning: https://go.aliabdaal.com/lifenotes/yt
📸 Instagram: https://instagram.com/aliabdaal
📱 TikTok: https://www.tiktok.com/@aliabdaal
👨‍💻 Linkedin: https://www.linkedin.com/in/ali-abdaal/
🐥 X/Twitter: https://x.com/aliabdaal
🌍 My website / blog: https://www.aliabdaal.com/

---

Hey friends, in this video I'm sharing 22 tiny habits that each take less than a minute to implement but have collectively saved me over 25 hours every single week. These range from simple phone management tricks to keyboard shortcuts, batching tasks, and even hiring help where it makes sense. I've basically gone through my entire life and calendar to find every small thing that compounds into massive time savings, and I hope these help you too xx

🔗 LINKS MENTIONED IN THIS VIDEO

📘 Getting Things Done by David Allen: https://geni.us/AVdI

⌚️ TIMESTAMPS

00:00 Introduction
0:25 Habit 1
0:52 Habit 2
1:12 Habit 3
1:27 Habit 4
1:51 Habit 5
2:21 Habit 6
2:56 Habit 7
3:17 Habit 8
3:39 Habit 9
4:13 Habit10
4:48 Habit 11
6:32 Habit 12
7:21 Habit 13
8:41 Habit 14
9:33 Habit 15
10:15 Habit 16
10:47 Habit 17
11:14 Habit 18
11:57 Habit 19
12:37 Habit 20
13:21 Habit 21
14:06 Habit 22

PS: I donate 10% of my income to charity every year. Would you like to join me? Learn more about the 10% Pledge: https://aliabdaal.com/giving-what-we-can/",923,434424,11388,322,2026-01-27T13:01:06Z,Education,,Ali Abdaal,@aliabdaal,UCoOae5nYA7VqaXzerajD0lg,6680000,1462,False,lifestyle,video,https://www.youtube.com/watch?v=_K9ECAYrU2Q,en-US,2026-09-11
CykYoS1LftQ,"If you’re ambitious but lazy, watch this","Visit https://brilliant.org/aliabdaal to start your free 30-day trial and get 20% off an annual subscription.

Join my FREE quarterly goal-setting and reflection workshop on Saturday 4th April: https://go.aliabdaal.com/spring26ytd

🧠 Superfocus: Our Ultimate Productivity System for People with More Ambition than Time → https://superfocus.me/?utm_source=youtube&utm_medium=organic_social&utm_campaign=ali_yt&utm_term=desc-sweep-2026-07&utm_content=CykYoS1LftQ
🚀 Lifestyle Business Academy: Our MBA alternative to build a 6-figure online business → https://lifestylebusiness.com/academy?utm_source=youtube&utm_medium=organic_social&utm_campaign=ali_yt&utm_term=desc-sweep-2026-07&utm_content=CykYoS1LftQ

MY OTHER PRODUCTS
🦄 My Productivity Course: LifeOS → https://go.aliabdaal.com/lifeos/ytd
🤑 Grow / Monetise your YouTube Channel → https://go.aliabdaal.com/PTYA/yt
👻 Voicepal: AI Writing App (iOS/Android) - Download for Free → https://go.aliabdaal.com/voicepal/ytd

MY BOOK
📕 My New York Times bestselling book Feel-Good Productivity (2,000+ 5-star reviews) → https://go.feelgoodproductivity.com/amazon/yt

CONNECT WITH ME
💌 Join LifeNotes, my weekly email where I share what I'm reading & learning: https://go.aliabdaal.com/lifenotes/yt
📸 Instagram: https://instagram.com/aliabdaal
📱 TikTok: https://www.tiktok.com/@aliabdaal
👨‍💻 Linkedin: https://www.linkedin.com/in/ali-abdaal/
🐥 X/Twitter: https://x.com/aliabdaal
🌍 My website / blog: https://www.aliabdaal.com/

---

Hey friends, if you feel like you’ve got big goals but you’re not actually taking action, this video is for you. I’ll show you my “productivity matrix” (drifters, dreamers, hamsters, masters) and walk you through a simple 3-step process to go from dreaming to doing: clarify what you actually want, identify and remove the blockers, and then time-block it in your calendar. Hope you enjoy xx

🔗 LINKS MENTIONED IN THIS VIDEO

📗 Discipline Equals Freedom by Jocko Willink: https://geni.us/k99PK

📘 $100M Leads by Alex Hormozi: https://geni.us/ZJRFFq

⌚️ TIMESTAMPS

00:00 Introduction
01:48 Step 1: Clarify What You Actually Want
09:30 Step 2: Identify the Blockers
18:24 Step 3: Make the Time to Do the Work

PS: I donate 10% of my income to charity every year. Would you like to join me? Learn more about the 10% Pledge: https://aliabdaal.com/giving-what-we-can/",1417,274063,8767,226,2026-01-24T13:00:24Z,Education,,Ali Abdaal,@aliabdaal,UCoOae5nYA7VqaXzerajD0lg,6680000,1462,False,lifestyle,video,https://www.youtube.com/watch?v=CykYoS1LftQ,en-US,2026-09-11
YK_1dIqqYbo,The Ultimate Guide to Discipline,"Sponsored Link. To get free fractional shares worth up to £100, you can open an account with Trading 212 through this link - https://www.trading212.com/join/ALI

This video does not represent financial advice, and I am not a financial advisor. When investing, your capital is at risk and you may get back less than invested. Past performance doesn’t guarantee future results. Free shares can be fractional. 
*Terms and fees apply - https://www.trading212.com/terms/invest

Join my FREE quarterly goal-setting and reflection workshop on Saturday 4th April: https://go.aliabdaal.com/spring26ytd

🧠 Superfocus: Our Ultimate Productivity System for People with More Ambition than Time → https://superfocus.me/?utm_source=youtube&utm_medium=organic_social&utm_campaign=ali_yt&utm_term=desc-sweep-2026-07&utm_content=YK_1dIqqYbo
🚀 Lifestyle Business Academy: Our MBA alternative to build a 6-figure online business → https://lifestylebusiness.com/academy?utm_source=youtube&utm_medium=organic_social&utm_campaign=ali_yt&utm_term=desc-sweep-2026-07&utm_content=YK_1dIqqYbo

MY OTHER PRODUCTS
🦄 My Productivity Course: LifeOS → https://go.aliabdaal.com/lifeos/ytd
🤑 Grow / Monetise your YouTube Channel → https://go.aliabdaal.com/PTYA/yt
👻 Voicepal: AI Writing App (iOS/Android) - Download for Free → https://go.aliabdaal.com/voicepal/ytd

MY BOOK
📕 My New York Times bestselling book Feel-Good Productivity (2,000+ 5-star reviews) → https://go.feelgoodproductivity.com/amazon/yt

CONNECT WITH ME
💌 Join LifeNotes, my weekly email where I share what I'm reading & learning: https://go.aliabdaal.com/lifenotes/yt
📸 Instagram: https://instagram.com/aliabdaal
📱 TikTok: https://www.tiktok.com/@aliabdaal
👨‍💻 Linkedin: https://www.linkedin.com/in/ali-abdaal/
🐥 X/Twitter: https://x.com/aliabdaal
🌍 My website / blog: https://www.aliabdaal.com/

--------

Hey friends, if you've ever struggled with motivation or wondered how to push through on the days when you just don't feel like doing the work, this video might be helpful. I'm breaking down the key lessons from Jocko Willink's Discipline Equals Freedom - including his powerful reframes like ""good"" for setbacks and ""ignore and outperform"" for dealing with haters - and sharing how I've applied them to my own life. Hope you enjoy x

🔗 LINKS MENTIONED IN THIS VIDEO

📗 Discipline Equals Freedom by Jocko Willink: https://geni.us/k99PK

⌚️ TIMESTAMPS
00:00 Introduction
0:21 The Way of Discipline
1:29 The Mind Control
5:23 Not Feeling It
9:48 Good
14:43 I Feel Fine

PS: I donate 10% of my income to charity every year. Would you like to join me? Learn more about the 10% Pledge: https://aliabdaal.com/giving-what-we-can/",1274,83205,2741,151,2026-01-21T13:01:06Z,Education,Ali Abdaal|Ali abdal,Ali Abdaal,@aliabdaal,UCoOae5nYA7VqaXzerajD0lg,6680000,1462,False,lifestyle,video,https://www.youtube.com/watch?v=YK_1dIqqYbo,en-GB,2026-09-11
5PKYfRofUdg,How to Get Rich on Easy Mode,"Join Dare to Dream for the chance to win: https://daretodream.stan.store/?utm_source=youtube&utm_medium=aliabdaal&utm_campaign=daretodream26

NO PURCHASE NECESSARY. VOID WHERE PROHIBITED. For Official Rules, visit https://daretodream.stan.store/officialrules

Join my FREE quarterly goal-setting and reflection workshop on Saturday 4th April: https://go.aliabdaal.com/spring26ytd

Get the revenue mapping coach: https://aliabdaal.com/revenue-mapping-coach/

Learn how to build a $100k/year lifestyle business (free workshop): https://go.aliabdaal.com/financiallyfreeytd

--------

🚀 Lifestyle Business Academy: Our MBA alternative to build a 6-figure online business → https://lifestylebusiness.com/academy?utm_source=youtube&utm_medium=organic_social&utm_campaign=ali_yt&utm_term=desc-sweep-2026-07&utm_content=5PKYfRofUdg
🧠 Superfocus: Our Ultimate Productivity System for People with More Ambition than Time → https://superfocus.me/?utm_source=youtube&utm_medium=organic_social&utm_campaign=ali_yt&utm_term=desc-sweep-2026-07&utm_content=5PKYfRofUdg

MY OTHER PRODUCTS
🦄 My Productivity Course: LifeOS → https://go.aliabdaal.com/lifeos/ytd
🤑 Grow / Monetise your YouTube Channel → https://go.aliabdaal.com/PTYA/yt
👻 Voicepal: AI Writing App (iOS/Android) - Download for Free → https://go.aliabdaal.com/voicepal/ytd

MY BOOK
📕 My New York Times bestselling book Feel-Good Productivity (2,000+ 5-star reviews) → https://go.feelgoodproductivity.com/amazon/yt

CONNECT WITH ME
💌 Join LifeNotes, my weekly email where I share what I'm reading & learning: https://go.aliabdaal.com/lifenotes/yt
📸 Instagram: https://instagram.com/aliabdaal
📱 TikTok: https://www.tiktok.com/@aliabdaal
👨‍💻 Linkedin: https://www.linkedin.com/in/ali-abdaal/
🐥 X/Twitter: https://x.com/aliabdaal
🌍 My website / blog: https://www.aliabdaal.com/

--------
Hey friends, most people try to get rich by playing on hard mode, e.g. selling to consumers, undercharging, and working really hard for very little upside. In this video, I’m breaking down a much simpler idea: if you want to get rich on easy mode, help other people make money. I’ll walk you through the logic behind this, plus four practical principles you can apply whether you’ve got a job, a side hustle, or you’re thinking of starting a business. Hope you enjoy xx

⌚️ TIMESTAMPS
00:00 Introduction
01:12 Why “Help Others Get Rich” is How You Get Rich on Easy Mode
03:50 Principle 1: Tie Your Work Directly to Revenue
05:02 Where the Money Is (Roles That Pay More)
10:18 Why Some High-Impact Jobs Aren’t Highest Paid
12:06 How to Reposition Your Skills Toward Revenue
13:35 Principle 2: Sell to People Who Have Money
15:46 Principle 3: Charge Based on Value, Not Time
16:56 Principle 4: Build Skills That Directly Impact the Bottom Line
18:23 Final Thoughts

PS: I donate 10% of my income to charity every year. Would you like to join me? Learn more about the 10% Pledge: https://aliabdaal.com/giving-what-we-can/",1221,296258,8900,419,2026-01-09T15:45:00Z,Education,Ali Abdaal|Ali abdal,Ali Abdaal,@aliabdaal,UCoOae5nYA7VqaXzerajD0lg,6680000,1462,False,lifestyle,video,https://www.youtube.com/watch?v=5PKYfRofUdg,en-GB,2026-09-11
D_KSR3S6W8I,Make 2026 the Best Year of Your Life (Evidence-Based),"Check out Manychat for free or use the code ALIABDAAL for a free 30-day trial of Manychat Pro: https://manychat.com/creators?utm_source=influencer&utm_medium=cold&utm_campaign=AliAbdaalYT&utm_content=Youtube #ManychatPartner

🧠 Superfocus: Our Ultimate Productivity System for People with More Ambition than Time → https://superfocus.me/?utm_source=youtube&utm_medium=organic_social&utm_campaign=ali_yt&utm_term=desc-sweep-2026-07&utm_content=D_KSR3S6W8I

🚀 Lifestyle Business Academy: Our MBA alternative to build a 6-figure online business → https://lifestylebusiness.com/academy?utm_source=youtube&utm_medium=organic_social&utm_campaign=ali_yt&utm_term=desc-sweep-2026-07&utm_content=D_KSR3S6W8I

MY OTHER PRODUCTS
🦄 My Productivity Course: LifeOS → https://go.aliabdaal.com/lifeos/ytd
🤑 Grow / Monetise your YouTube Channel → https://go.aliabdaal.com/PTYA/yt
👻 Voicepal: AI Writing App (iOS/Android) - Download for Free → https://go.aliabdaal.com/voicepal/ytd

MY BOOK
📕 My New York Times bestselling book Feel-Good Productivity (2,000+ 5-star reviews) → https://go.feelgoodproductivity.com/amazon/yt

CONNECT WITH ME
💌 Join LifeNotes, my weekly email where I share what I'm reading & learning: https://go.aliabdaal.com/lifenotes/yt
📸 Instagram: https://instagram.com/aliabdaal
📱 TikTok: https://www.tiktok.com/@aliabdaal
👨‍💻 Linkedin: https://www.linkedin.com/in/ali-abdaal/
🐥 X/Twitter: https://x.com/aliabdaal
🌍 My website / blog: https://www.aliabdaal.com/

--------

Hey friends, in this video I’m breaking down my simple GPS method for achieving almost any goal, whether that’s getting fit, starting a business, or changing something meaningful in your life. We’ll walk through how to set goals that actually motivate you, build a realistic plan, and design systems that help you follow through. Hope you enjoy xx

⌚️ TIMESTAMPS
00:00 Introduction
0:56 Theorycrafting
2:37 The GPS System
3:11 Goal
8:57 Plan
16:47 System

PS: I donate 10% of my income to charity every year. Would you like to join me? Learn more about the 10% Pledge: https://aliabdaal.com/giving-what-we-can/",1302,617835,18984,463,2025-12-19T16:29:40Z,Education,Ali Abdaal|Ali abdal,Ali Abdaal,@aliabdaal,UCoOae5nYA7VqaXzerajD0lg,6680000,1462,False,lifestyle,video,https://www.youtube.com/watch?v=D_KSR3S6W8I,en-GB,2026-09-11
nzZq7qtYHVM,How to change your life by journaling in 2026,"Visit https://brilliant.org/aliabdaal to get 20% off an annual subscription.

📝 Get my list of journaling prompts here: https://go.aliabdaal.com/journallinghubytd

--------

🧠 Superfocus: Our Ultimate Productivity System for People with More Ambition than Time → https://superfocus.me/?utm_source=youtube&utm_medium=organic_social&utm_campaign=ali_yt&utm_term=desc-sweep-2026-07&utm_content=nzZq7qtYHVM
🚀 Lifestyle Business Academy: Our MBA alternative to build a 6-figure online business → https://lifestylebusiness.com/academy?utm_source=youtube&utm_medium=organic_social&utm_campaign=ali_yt&utm_term=desc-sweep-2026-07&utm_content=nzZq7qtYHVM

MY OTHER PRODUCTS
🦄 My Productivity Course: LifeOS → https://go.aliabdaal.com/lifeos/ytd
🤑 Grow / Monetise your YouTube Channel → https://go.aliabdaal.com/PTYA/yt
👻 Voicepal: AI Writing App (iOS/Android) - Download for Free → https://go.aliabdaal.com/voicepal/ytd

MY BOOK
📕 My New York Times bestselling book Feel-Good Productivity (2,000+ 5-star reviews) → https://go.feelgoodproductivity.com/amazon/yt

CONNECT WITH ME
💌 Join LifeNotes, my weekly email where I share what I'm reading & learning: https://go.aliabdaal.com/lifenotes/yt
📸 Instagram: https://instagram.com/aliabdaal
📱 TikTok: https://www.tiktok.com/@aliabdaal
👨‍💻 Linkedin: https://www.linkedin.com/in/ali-abdaal/
🐥 X/Twitter: https://x.com/aliabdaal
🌍 My website / blog: https://www.aliabdaal.com/

--------
Hey friends, I’ve been journaling almost every day for a decade, and I honestly think it’s one of the fastest ways to understand yourself and redesign your life. In this video, we’ll explore why journaling is so powerful, how your thoughts and feelings shape your actions, and the simple techniques you can start using right now. Hope you enjoy xx

🔗 LINKS MENTIONED IN THIS VIDEO
📔 Storyworthy by Matthew Dicks: https://geni.us/storyworthy-matthew
📘 The Artist’s Way by Julia Cameron: https://geni.us/OBp2fQa

⌚️ TIMESTAMPS
00:00 Introduction
0:50 Why Journaling Is Important
9:11 The 3 Levels of Journaling
19:10 Actionable Tips to Start Journaling

PS: I donate 10% of my income to charity every year. Would you like to join me? Learn more about the 10% Pledge: https://aliabdaal.com/giving-what-we-can/",1387,509214,14571,343,2025-12-12T13:31:01Z,Education,Ali Abdaal|Ali abdal,Ali Abdaal,@aliabdaal,UCoOae5nYA7VqaXzerajD0lg,6680000,1462,False,lifestyle,video,https://www.youtube.com/watch?v=nzZq7qtYHVM,en-GB,2026-09-11
0XmnJsSX9s0,The Easiest Business to Start in 2026 for Beginners,"To get free fractional shares worth up to £100, you can open an account with Trading 212 through this link - https://www.trading212.com/join/ALI.

This video does not represent financial advice, and I am not a financial advisor. When investing, your capital is at risk and you may get back less than invested. Past performance doesn’t guarantee future results. Free shares can be fractional. *Terms and fees apply - https://www.trading212.com/terms/invest

Access the free CustomGPT to brainstorm your first business idea: https://aliabdaal.com/business-ideas-gpt/

🚀 Lifestyle Business Academy: Our MBA alternative to build a 6-figure online business → https://lifestylebusiness.com/academy?utm_source=youtube&utm_medium=organic_social&utm_campaign=ali_yt&utm_term=desc-sweep-2026-07&utm_content=0XmnJsSX9s0
🧠 Superfocus: Our Ultimate Productivity System for People with More Ambition than Time → https://superfocus.me/?utm_source=youtube&utm_medium=organic_social&utm_campaign=ali_yt&utm_term=desc-sweep-2026-07&utm_content=0XmnJsSX9s0

MY OTHER PRODUCTS
🦄 My Productivity Course: LifeOS → https://go.aliabdaal.com/lifeos/ytd
🤑 Grow / Monetise your YouTube Channel → https://go.aliabdaal.com/PTYA/yt
👻 Voicepal: AI Writing App (iOS/Android) - Download for Free → https://go.aliabdaal.com/voicepal/ytd

MY BOOK
📕 My New York Times bestselling book Feel-Good Productivity (2,000+ 5-star reviews) → https://go.feelgoodproductivity.com/amazon/yt

CONNECT WITH ME
💌 Join LifeNotes, my weekly email where I share what I'm reading & learning: https://go.aliabdaal.com/lifenotes/yt
📸 Instagram: https://instagram.com/aliabdaal
📱 TikTok: https://www.tiktok.com/@aliabdaal
👨‍💻 Linkedin: https://www.linkedin.com/in/ali-abdaal/
🐥 X/Twitter: https://x.com/aliabdaal
🌍 My website / blog: https://www.aliabdaal.com/

--------

Hey friends, if you’ve been thinking about starting a business but feel totally unsure where to begin, this video should help bring some clarity. I’m sharing a few simple ideas that completely changed how I think about picking the “right” business as a beginner. Hope you enjoy xx

⌚️ TIMESTAMPS

00:00 Introduction
0:43 The Price and People Equation
10:45 The Service to Product Spectrum
16:12 How to Find Your Niche & Offer
PS: I donate 10% of my income to charity every year. Would you like to join me? Learn more about the 10% Pledge: https://aliabdaal.com/giving-what-we-can/",1216,312895,8268,378,2025-12-05T14:00:02Z,Education,Ali Abdaal|Ali abdal,Ali Abdaal,@aliabdaal,UCoOae5nYA7VqaXzerajD0lg,6680000,1462,False,lifestyle,video,https://www.youtube.com/watch?v=0XmnJsSX9s0,en-GB,2026-09-11
-VUlGyMpSI8,I've Read 417 books. These 4 will make you financially free,"Build your website with Hostinger and use the code ALIABDAAL to get 10% off: https://hostinger.com/aliabdaal

🚀 Lifestyle Business Academy: Our MBA alternative to build a 6-figure online business → https://lifestylebusiness.com/academy?utm_source=youtube&utm_medium=organic_social&utm_campaign=ali_yt&utm_term=desc-sweep-2026-07&utm_content=-VUlGyMpSI8
🧠 Superfocus: Our Ultimate Productivity System for People with More Ambition than Time → https://superfocus.me/?utm_source=youtube&utm_medium=organic_social&utm_campaign=ali_yt&utm_term=desc-sweep-2026-07&utm_content=-VUlGyMpSI8

MY OTHER PRODUCTS
🦄 My Productivity Course: LifeOS → https://go.aliabdaal.com/lifeos/ytd
🤑 Grow / Monetise your YouTube Channel → https://go.aliabdaal.com/PTYA/yt
👻 Voicepal: AI Writing App (iOS/Android) - Download for Free → https://go.aliabdaal.com/voicepal/ytd

MY BOOK
📕 My New York Times bestselling book Feel-Good Productivity (2,000+ 5-star reviews) → https://go.feelgoodproductivity.com/amazon/yt

CONNECT WITH ME
💌 Join LifeNotes, my weekly email where I share what I'm reading & learning: https://go.aliabdaal.com/lifenotes/yt
📸 Instagram: https://instagram.com/aliabdaal
📱 TikTok: https://www.tiktok.com/@aliabdaal
👨‍💻 Linkedin: https://www.linkedin.com/in/ali-abdaal/
🐥 X/Twitter: https://x.com/aliabdaal
🌍 My website / blog: https://www.aliabdaal.com/

--------

Hey friends, in this video I’m sharing the four books that updated the firmware in my brain when it comes to money, business, and financial freedom. If you’ve ever felt stuck in the slow lane (saving, investing, and hoping things work out), these books will give you a genuine firmware update on how wealth is actually built, and how to start your own path toward freedom. Hope you enjoy xx 

🔗 LINKS MENTIONED IN THIS VIDEO
📘 Millionaire Fastlane by MJ De Marco book club episode: https://youtu.be/Gx2vyi4JcV0
📗 Million Dollar Weekend by Noah Kagan book club episode: https://youtu.be/zVBHOKJgouI
📘 Millionaire Fastlane by MJ De Marco: https://geni.us/o1uBB
📗 Million Dollar Weekend by Noah Kagan: https://geni.us/xa3Aa
📔 $100M Offers by Alex Hormozi: https://geni.us/100moffershormozi
🧑🏻🏫 Alex Hormozi’s free $100M course: https://www.acquisition.com/training/offers
📕 Dotcom Secrets by Russel Brunson: https://geni.us/xjiv

⌚️ TIMESTAMPS
00:00 Introduction
0:28 Millionaire Fastlane
6:54 $100M Offers
13:20 Dotcom Secrets
18:43 Million Dollar Weekend
PS: I donate 10% of my income to charity every year. Would you like to join me? Learn more about the 10% Pledge: https://aliabdaal.com/giving-what-we-can/",1249,183343,6235,309,2025-11-28T16:00:00Z,Education,,Ali Abdaal,@aliabdaal,UCoOae5nYA7VqaXzerajD0lg,6680000,1462,False,lifestyle,video,https://www.youtube.com/watch?v=-VUlGyMpSI8,en-US,2026-09-11
UVardfy2qMk,How to Start and Grow a YouTube Channel in 2026,"Check out Manychat for free or use the code ALIABDAAL for a free 30-day trial of Manychat Pro: https://manychat.com/creators?utm_source=influencer&utm_medium=cold&utm_campaign=AliAbdaalYT&utm_content=Youtube #ManychatPartner

If you fancy getting more creator-focused tips, join CreatorNotes - my free, weekly newsletter - https://go.aliabdaal.com/creatornotesytd

🚀 Lifestyle Business Academy: Our MBA alternative to build a 6-figure online business → https://lifestylebusiness.com/academy?utm_source=youtube&utm_medium=organic_social&utm_campaign=ali_yt&utm_term=desc-sweep-2026-07&utm_content=UVardfy2qMk
🧠 Superfocus: Our Ultimate Productivity System for People with More Ambition than Time → https://superfocus.me/?utm_source=youtube&utm_medium=organic_social&utm_campaign=ali_yt&utm_term=desc-sweep-2026-07&utm_content=UVardfy2qMk

MY OTHER PRODUCTS
🦄 My Productivity Course: LifeOS → https://go.aliabdaal.com/lifeos/ytd
🤑 Grow / Monetise your YouTube Channel → https://go.aliabdaal.com/PTYA/yt
👻 Voicepal: AI Writing App (iOS/Android) - Download for Free → https://go.aliabdaal.com/voicepal/ytd

MY BOOK
📕 My New York Times bestselling book Feel-Good Productivity (2,000+ 5-star reviews) → https://go.feelgoodproductivity.com/amazon/yt

CONNECT WITH ME
💌 Join LifeNotes, my weekly email where I share what I'm reading & learning: https://go.aliabdaal.com/lifenotes/yt
📸 Instagram: https://instagram.com/aliabdaal
📱 TikTok: https://www.tiktok.com/@aliabdaal
👨‍💻 Linkedin: https://www.linkedin.com/in/ali-abdaal/
🐥 X/Twitter: https://x.com/aliabdaal
🌍 My website / blog: https://www.aliabdaal.com/

--------

Hey friends, if you’re trying to grow your YouTube channel from scratch, this video walks you through the exact step-by-step process I’d use if I were starting all over again. After eight years on YouTube and helping thousands of creators through the Part-Time YouTuber Academy, I’ve learned what actually moves the needle and what’s just noise. In this video, I’ll break down the principles, strategies, and mistakes to avoid so you can grow faster with far less stress. Hope you enjoy xx

🔗 LINKS MENTIONED IN THIS VIDEO
- Azul Wells: @AzulWells 
- How To Write Songs: @htws 

⌚️ TIMESTAMPS
0:00 - Introduction
0:46 - The Three Core Principles
7:11 -  The Complete Video Package
8:34 - The Lottery Ticket Theory
10:31 - Building a Bingeable Content Library
12:23 - Choosing The Right Videos
15:39 - Finding Your Niche
25:30 - Successful Niche Examples
30:56 - Final Thoughts
PS: I donate 10% of my income to charity every year. Would you like to join me? Learn more about the 10% Pledge: https://aliabdaal.com/giving-what-we-can/",1893,182471,5086,611,2025-11-18T15:00:56Z,Education,Ali Abdaal|Ali abdal,Ali Abdaal,@aliabdaal,UCoOae5nYA7VqaXzerajD0lg,6680000,1462,False,lifestyle,video,https://www.youtube.com/watch?v=UVardfy2qMk,en-GB,2026-09-11
euNliPIJ7Kc,How to Find Your Life’s Purpose,"Sign up for Notion here: https://ntn.so/AliAgent1 #NotionPartner #NotionAI

🧠 Superfocus: Our Ultimate Productivity System for People with More Ambition than Time → https://superfocus.me/?utm_source=youtube&utm_medium=organic_social&utm_campaign=ali_yt&utm_term=desc-sweep-2026-07&utm_content=euNliPIJ7Kc
🚀 Lifestyle Business Academy: Our MBA alternative to build a 6-figure online business → https://lifestylebusiness.com/academy?utm_source=youtube&utm_medium=organic_social&utm_campaign=ali_yt&utm_term=desc-sweep-2026-07&utm_content=euNliPIJ7Kc

MY OTHER PRODUCTS
🦄 My Productivity Course: LifeOS → https://go.aliabdaal.com/lifeos/ytd
🤑 Grow / Monetise your YouTube Channel → https://go.aliabdaal.com/PTYA/yt
👻 Voicepal: AI Writing App (iOS/Android) - Download for Free → https://go.aliabdaal.com/voicepal/ytd

MY BOOK
📕 My New York Times bestselling book Feel-Good Productivity (2,000+ 5-star reviews) → https://go.feelgoodproductivity.com/amazon/yt

CONNECT WITH ME
💌 Join LifeNotes, my weekly email where I share what I'm reading & learning: https://go.aliabdaal.com/lifenotes/yt
📸 Instagram: https://instagram.com/aliabdaal
📱 TikTok: https://www.tiktok.com/@aliabdaal
👨‍💻 Linkedin: https://www.linkedin.com/in/ali-abdaal/
🐥 X/Twitter: https://x.com/aliabdaal
🌍 My website / blog: https://www.aliabdaal.com/

--------

Hey friends, finding your “purpose” isn’t something you stumble on. Instead, it’s something you build through small, honest experiments. In this video, I chat with Joe Hudson, who is the not-so-secret CEO coach to many big companies you may know of. He shares counterintuitive insights and a simple 5‑step roadmap to audit your life, solve the money worry creatively, and move with less self‑criticism so you can feel purposeful right now. Hope you get something out of this conversation xx

TIMESTAMPS
00:00 - Introduction
01:23 - Step 1
09:35 - Step 2
15:28 - Step 3
37:12 - Step 4
40:22 - Step 5
PS: I donate 10% of my income to charity every year. Would you like to join me? Learn more about the 10% Pledge: https://aliabdaal.com/giving-what-we-can/",3211,126400,3125,261,2025-10-20T13:01:15Z,Education,Ali Abdaal|Ali abdal,Ali Abdaal,@aliabdaal,UCoOae5nYA7VqaXzerajD0lg,6680000,1462,False,lifestyle,video,https://www.youtube.com/watch?v=euNliPIJ7Kc,en-GB,2026-09-11
FDEVzFsPrkU,How I use AI as an Entrepreneur (My complete workflow),"Try Claude for free by signing up using my link: http://clau.de/aliabdaal #ClaudePartner

Apply to the Lifestyle Business Academy - https://go.lifestylebusiness.com/yt_apply

--------
MY PRODUCTIVITY APPS
📝 Momentum: Energising Habits (iOS) - Download Here → https://go.sparkle.so/momentum/ytd 
👻 Voicepal: AI Writing App (iOS/Android) - Download for Free → https://go.aliabdaal.com/voicepal/ytd

MY BOOK
📕 My New York Times bestselling book Feel-Good Productivity (2,000+ 5-star reviews) → https://go.feelgoodproductivity.com/amazon/yt

MY COURSES
🚀 Build a $100k/year lifestyle business without quitting your day job → https://go.aliabdaal.com/lifestylebusinessytd
🧠 My Productivity System: LifeOS → https://go.aliabdaal.com/lifeos/ytd
🤑 Grow / Monetise your YouTube Channel → https://go.aliabdaal.com/ptya/ytdd

CONNECT WITH ME
💌 Join LifeNotes, my weekly email where I share what I’m reading & learning: https://go.aliabdaal.com/lifenotes/yt
📸  Instagram: https://instagram.com/aliabdaal
📱 TikTok: https://www.tiktok.com/@aliabdaal
👨💻  Linkedin: https://www.linkedin.com/in/ali-abdaal/
🌍  My website / blog: https://www.aliabdaal.com/

--------

Hey friends, in this video I’m walking you through my entire AI workflow as an entrepreneur, from how I capture ideas with tools like VoicePal and SuperWhisper, to how Claude processes all of that, and how everything comes together to Notion, Google Docs, and more. I’ll also show you exactly how I use these tools across my three main businesses (content creation, online education, and software) to save time, think better, and build faster. This video is sponsored by Anthropic, but we did approach them because my team and I use Claude every day. Hope you enjoy xx

🔗 LINKS MENTIONED IN THIS VIDEO

- Check out Grain: https://grain.com/
- Check out SuperWhisper: https://superwhisper.com/
- Check out FireCut: https://firecut.ai/
- Check out the book 'Building a StoryBrand': https://geni.us/5KUDs

⌚️ TIMESTAMPS
00:00  Introduction
00:16 Work framework (Input, Process & Output)
02:29 AI Workflow
03:40 Voicepal
04:11 Grain
04:22 SuperWhisper
04:53 Claude as processing hub
05:56 Outputs (Google Docs, FireCut, Notion & Gamma)
06:49 Business strands overview
10:30 Using AI for Making Software
13:43 Creating prototype
18:11 Using AI for Making Content
23:52 Using AI for Making Products
30:29 Turning transcript into StoryBrand 
33:01 Reviewing 346 applications
35:49 Building the Lifestyle Business Academy roadmap
38:08 Gamma for slide decks
38:44 Final Thoughts
PS: I donate 10% of my income to charity every year. Would you like to join me? Learn more about the 10% Pledge: https://aliabdaal.com/giving-what-we-can/",2358,169329,4108,285,2025-10-16T14:31:00Z,Education,Ali Abdaal|Ali abdal,Ali Abdaal,@aliabdaal,UCoOae5nYA7VqaXzerajD0lg,6680000,1462,False,lifestyle,video,https://www.youtube.com/watch?v=FDEVzFsPrkU,en-GB,2026-09-11
rDrw3kkqKac,"The Proven, Reliable Path to Earn $1M (Step By Step)","To try Lovable for free with 5 credits a day, visit https://lovable.link/aliabdaalyt. When you’re ready to upgrade, visit lovable.dev to use code ALIYT for 20% off the pro plan.

🚀 Lifestyle Business Academy: Our MBA alternative to build a 6-figure online business → https://lifestylebusiness.com/academy?utm_source=youtube&utm_medium=organic_social&utm_campaign=ali_yt&utm_term=desc-sweep-2026-07&utm_content=rDrw3kkqKac
🧠 Superfocus: Our Ultimate Productivity System for People with More Ambition than Time → https://superfocus.me/?utm_source=youtube&utm_medium=organic_social&utm_campaign=ali_yt&utm_term=desc-sweep-2026-07&utm_content=rDrw3kkqKac

MY OTHER PRODUCTS
🦄 My Productivity Course: LifeOS → https://go.aliabdaal.com/lifeos/ytd
🤑 Grow / Monetise your YouTube Channel → https://go.aliabdaal.com/PTYA/yt
👻 Voicepal: AI Writing App (iOS/Android) - Download for Free → https://go.aliabdaal.com/voicepal/ytd

MY BOOK
📕 My New York Times bestselling book Feel-Good Productivity (2,000+ 5-star reviews) → https://go.feelgoodproductivity.com/amazon/yt

CONNECT WITH ME
💌 Join LifeNotes, my weekly email where I share what I'm reading & learning: https://go.aliabdaal.com/lifenotes/yt
📸 Instagram: https://instagram.com/aliabdaal
📱 TikTok: https://www.tiktok.com/@aliabdaal
👨‍💻 Linkedin: https://www.linkedin.com/in/ali-abdaal/
🐥 X/Twitter: https://x.com/aliabdaal
🌍 My website / blog: https://www.aliabdaal.com/

--------

Hey friends, if you’ve ever wanted a clear, reliable path to building your first business, this masterclass distills Daniel Priestley’s framework into a practical, repeatable system. From the 766 apprenticeship to 90‑day experiments, one‑to‑one sales, and your perfect repeatable week, we show how to test ideas fast, find founder‑opportunity fit, and work backward from numbers so you can realistically hit six figures (and beyond) without burning out. Hope you enjoy xx


TIMESTAMPS
00:00 - Introduction
01:35 - The 7-6-6 Apprenticeship
03:57 - The 90-Day Side-hustle 
15:22 - Idea Generation
25:15  - The 2-Person Team
30:35 - Minimum Viable Product vs Core Offering
32:00 - 1:1 Sales
45:00 - Associate Key Person of Influence
50:30 - Product for Prospect
52:41 - Perfect Repeatable Week
01:00:14 - Close the Value Creation Loop
01:05:02 - The Biggest Mistake People Make in Business
01:09:38 - Should You Start a Lifestyle Business?
PS: I donate 10% of my income to charity every year. Would you like to join me? Learn more about the 10% Pledge: https://aliabdaal.com/giving-what-we-can/",4341,171551,4483,154,2025-10-10T13:01:47Z,Education,Ali Abdaal|Ali abdal,Ali Abdaal,@aliabdaal,UCoOae5nYA7VqaXzerajD0lg,6680000,1462,False,lifestyle,video,https://www.youtube.com/watch?v=rDrw3kkqKac,en-GB,2026-09-11
Saxo4Gu7a1g,Gaming Setup Room Tour,"More videos coming soon! (:
-
Product links to everything in my setup:
https://solo.to/mattykay
-
Instagram: https://www.instagram.com/mattykay
TikTok: https://www.tiktok.com/@.mattykay
Discord: https://discord.gg/mattykay
-
Music:
Playboi Carti - Hotel In Japan [Prod. Adrian] (963Hz God Frequency + slowed + reverb)
Playboi Carti - 9AM in calabasas instrumental (Slowed + Reverb) 
Juice WRLD ~ Let me know (Slowed + Reverb)",388,1317809,40948,2512,2022-09-09T21:15:48Z,Gaming,gaming setup|gaming setup tour|room tour|setup tour|best gaming setup|ultimate gaming setup|gaming room|2022 gaming setup|Ps5 setup|xbox setup|playstation 5|xbox series x|clean living room|isetups|best living room setup|gaming on OLED|ps5 gaming tv|minimal setup|ultimate setup tour|minimalist house tour|room tour project|gaming room tour|small room setup tour|gaming room setup|mattykay|mattykay gaming setup|mattykay setup|mattykay setup tour,mattykay,@mattykayy,UC0eKwS8DVnNNCeSl4cbkLxg,531000,397,False,tech,video,https://www.youtube.com/watch?v=Saxo4Gu7a1g,en-US,2026-09-11
3ZoMvg5xGW4,SPRING MAKEUP TUTORIAL 2026!! 🌼 *glowy & fresh*,"Hey girlies! Today I decided to share with you a spring makeup tutorial  for 2026 which is beginner friendly! I hope you all enjoy as this was so fun to film♡ ily all soo much and make sure to like, subscribe and hit the bell icon so you don't miss an upload! I'll see you very soon for another video❦

PREVIOUS VIDEO
❥ https://youtu.be/ODIWKds9PVQ?si=ePvr3cCwKVEKDQMy

SUBSCRIBE 
❥ https://youtube.com/@EmilyHeal

SOCIALS
❥ instagram - https://www.instagram.com/3milyhh
❥ tiktok - https://www.tiktok.com/@3milyyh
❥ twitch - https://m.twitch.tv/emilyheal/home

BUSINESS EMAIL
❥ ********************

time stamps:
00:00 intro
00:17 primer
00:55 foundation
03:42 bronzer
05:10 blush
06:06 concealer
07:13 powder
07:46 lip liner
09:05 lip gloss
09:51 eyeshadow
10:36 highlight
10:56 setting spray
11:16 final look



#naturalmakeup #makeup #makeuptutorial #makeuptips #grwm #beautytutorial #viralvideo #makeuptricks #easymakeup #emilyheal #viralmakeup #viralbeauty #schoolmakeup #makeuplover #homepage #YouTube #spring #springmakeup #springvibes #spring2026",718,39353,1675,43,2026-03-31T18:40:15Z,People & Blogs,Spring Makeup|Makeup Tutorial,Emily Heal,@emilyheal,UClm9D6Std5EnJruG4XtoS7g,110000,479,False,beauty,video,https://www.youtube.com/watch?v=3ZoMvg5xGW4,,2026-09-11
ODIWKds9PVQ,NATURAL EVERYDAY MAKEUP TUTORIAL!! *which is ACTUALLY for beginners* *in depth*,"Hey girlies! Today I decided to share with you a natural everyday makeup tutorial which is actually beginner friendly❤︎ I hope you all enjoy as this was so fun to film ily all soo much and make sure to like, subscribe and hit the bell icon so you don't miss an upload! I'LL see you very soon for another video❦

PREVIOUS VIDEO
❥ https://youtu.be/IRV_b7t52kE?si=pE_BbQvWDKVAIjen

SUBSCRIBE 
❥ https://www.youtube.com/@EmilyHeal

SOCIALS
❥ instagram - https://www.instagram.com/3milyhh
❥ tiktok - https://www.tiktok.com/@3milyyh
❥ twitch - https://m.twitch.tv/emilyheal

BUSINESS EMAIL
❥ ********************

time stamps:
00:00 intro
00:18 primer
00:57 foundation
03:19 bronzer
04:17 blush
04:55 concealer
06:48 powder
07:58 lip liner
10:16 lip gloss
11:21 highlight
11:42 setting spray
12:00 final look



#naturalmakeup #makeup #makeuptutorial #makeuptips #grwm #beautytutorial #viralvideo #makeuptricks #easymakeup #emilyheal #viralmakeup #viralbeauty #schoolmakeup #makeuplover #homepage #youtube",767,195090,6196,81,2026-03-04T18:03:21Z,People & Blogs,,Emily Heal,@emilyheal,UClm9D6Std5EnJruG4XtoS7g,110000,479,False,beauty,video,https://www.youtube.com/watch?v=ODIWKds9PVQ,,2026-09-11
YGR6HWHTU6k,2016 MAKEUP TUTORIAL IN 2026!! *NOSTALGIC*,"Hey girlies I hope you enjoy this video of me attempting to recreate some iconic 2016 glam!  
Let me know in the comments of what you thought of this video! 
Make sure to click the subscribe button ily all soo much ♥︎

Link for the brow tutorial- https://vm.tiktok.com/ZNRSp5gvL/

for business enquires contact - ********************

SUBSCRIBE HERE FOR MORE!!  https://youtube.com/@EmilyHeal

FIND ME ON TIKTOK -   https://www.tiktok.com/@3milyyh

AND INSTAGRAM -  https://www.instagram.com/3milyhh

I use the cannon g7x mark ii to film.

#makeup #softglamlook #makeuptutorial #makeuptricks #makeuptips #getreadywithme #winter #wintermakeup #viral #viralvideo #winter2026 #2016 #2016makeup #2026isthenew2016 #2016vibes #2016youtube #viralvideo #2026makeup",1197,17668,711,32,2026-01-26T20:11:43Z,People & Blogs,2016 Makeup,Emily Heal,@emilyheal,UClm9D6Std5EnJruG4XtoS7g,110000,479,False,beauty,video,https://www.youtube.com/watch?v=YGR6HWHTU6k,,2026-09-11
7gNaus8uGAQ,GLOW UP FOR 2026!! *at home* *dyson blowout* *skincare* *nails* *makeup* *vision board*,"Hey girlies I hope you enjoy this video of me attempting to have a glow up for 2026!! let me know in the comments of what you thought of this video! make sure to click the subscribe button ily all soo much ♥︎

for business enquires contact - ********************

SUBSCRIBE HERE FOR MORE!!  https://youtube.com/@EmilyHeal

FIND ME ON TIKTOK -   https://www.tiktok.com/@3milyyh

AND INSTAGRAM -  https://www.instagram.com/3milyhh

I use the cannon g7x mark ii to film.

#makeup #softglamlook #makeuptutorial #makeuptricks #makeuptips #getreadywithme #winter #wintermakeup #viral #viralvideo #winter2026 #glowup #glowup2026 #newyear #2026 #2026makeup #dyson #dysonairwrap #bouncyblowdry #grwm #transition #hairstyle #visionboard #visionboardgoals #manefistation #glam #nails #pincurls",993,13508,608,20,2026-01-24T19:15:00Z,People & Blogs,glow up,Emily Heal,@emilyheal,UClm9D6Std5EnJruG4XtoS7g,110000,479,False,beauty,video,https://www.youtube.com/watch?v=7gNaus8uGAQ,,2026-09-11
IP--w__vJoE,SCANDINAVIAN MAKEUP TUTORIAL!! ♡ *GLOWY* IN DEPTH*,"Hey girlies I hope you enjoy this video of me attempting to do some SCANDINAVIAN inspired makeup and let me know in the comments of what you thought of this look!! make sure to click the subscribe button ily all soo much ♥︎

for business enquires contact - ********************

SUBSCRIBE HERE FOR MORE!!  https://youtube.com/@EmilyHeal

FIND ME ON TIKTOK -   https://www.tiktok.com/@3milyyh

AND INSTAGRAM -  https://www.instagram.com/3milyhh

I use the cannon g7x mark ii to film.

#makeup #softglamlook #makeuptutorial #makeuptricks #makeuptips #getreadywithme #winter #wintermakeup #viral #viralvideo #winter2026 #summermakeup2026 #summer2026 #scandinavia #scandinavianmakeup #cleangirl #cleanmakeup  #spring2026 #christmasmakeup #emilyheal #viralmakeup #makeuptutorials",660,61392,1969,32,2026-01-06T19:34:31Z,People & Blogs,Makeup tutorial,Emily Heal,@emilyheal,UClm9D6Std5EnJruG4XtoS7g,110000,479,False,beauty,video,https://www.youtube.com/watch?v=IP--w__vJoE,,2026-09-11
EDxF1DnPIpo,KING KYLIE MAKEUP TUTORIAL!!🎀 *in depth*,"Hey girlies I hope you enjoy this video of me attempting to do some KING KYLIE inspired makeup and let me know in the comments of what you thought of this look!! make sure to click the subscribe button ily all soo much ♥︎

for business enquires contact - ********************

SUBSCRIBE HERE FOR MORE!!  https://youtube.com/@EmilyHeal

FIND ME ON TIKTOK -   https://www.tiktok.com/@3milyyh

AND INSTAGRAM -  https://www.instagram.com/3milyhh

I use the cannon g7x mark ii to film.

#makeup #softglamlook #makeuptutorial #makeuptricks #makeuptips #getreadywithme #winter #wintermakeup #viral #viralvideo #winter2025 #christmas2025 #christmasmakeup #emilyheal #viralmakeup #makeuptutorials",782,12852,634,14,2025-12-21T17:00:31Z,People & Blogs,,Emily Heal,@emilyheal,UClm9D6Std5EnJruG4XtoS7g,110000,479,False,beauty,video,https://www.youtube.com/watch?v=EDxF1DnPIpo,,2026-09-11
tgBkQKFKTsw,WINTER GIRL ICY MAKEUP TUTORIAL!!❄️ *IN DEPTH*,"Hey girlies I hope you enjoy this video of me attempting to do some winter girl makeup! Not sure how I feel about the wig😅 but let me know in the comments of what you thought of this look!!  make sure to click the subscribe button ily all soo much ♥︎

for business enquires contact - ********************

SUBSCRIBE HERE FOR MORE!!  https://youtube.com/@EmilyHeal

FIND ME ON TIKTOK -   https://www.tiktok.com/@3milyyh

AND INSTAGRAM -  https://www.instagram.com/3milyhh

I use the cannon g7x mark ii to film.

#makeup #softglamlook #makeuptutorial #makeuptricks #makeuptips #getreadywithme #winter #wintermakeup #viral #viralvideo #winter2025 #christmas2025 #christmasmakeup #emilyheal #viralmakeup #makeuptutorials",1353,58624,2791,70,2025-11-19T18:31:15Z,People & Blogs,,Emily Heal,@emilyheal,UClm9D6Std5EnJruG4XtoS7g,110000,479,False,beauty,video,https://www.youtube.com/watch?v=tgBkQKFKTsw,,2026-09-11
VDww5V1UJ-o,MY DREAM CHRISTMAS WISHLIST 2025 ♡ // 50+ GIFT IDEAS!!,"Hey guys!! I hope you enjoy this video of me sharing my dream Christmas list for this year!! I know a lot of these are unrealistic but this video was just a bit of fun :) make sure to click the subscribe button ily all soo much ♥︎

for business enquires contact - ********************

SUBSCRIBE HERE FOR MORE!!  https://youtube.com/@EmilyHeal

FIND ME ON TIKTOK -   https://www.tiktok.com/@3milyyh

AND INSTAGRAM -  https://www.instagram.com/3milyhh

I use the cannon g7x mark ii to film.

#christmas2025 #christmas #christmaslist #christmaswishlist #christmasmakeup #makeuotutorial #viralvideo #viral #christmasinspo #wishlist #birthdaywishlist #giftideas #gifts #gifting #christmaspresents",1007,32666,994,24,2025-11-14T19:23:02Z,People & Blogs,Christmas 2025,Emily Heal,@emilyheal,UClm9D6Std5EnJruG4XtoS7g,110000,479,False,beauty,video,https://www.youtube.com/watch?v=VDww5V1UJ-o,,2026-09-11
2XLtKHRDDFU,JOKER HALLOWEEN MAKEUP TUTORIAL!! *TIKTOK VIRAL* *IN DEPTH*,"I hope you guys enjoy this video of me showing you how I did my JOKER MAKEUP!!! Tag me in any makeup tutorials you decide to recreate my socials are linked down below. I love seeing your makeup videos inspired by me♡ 
COMMENT WHAT VIDEOS YOU WOULD LIKE TO SEE IN THE FUTURE ILY all so so so so so much ♡

for business enquires contact - ********************

SUBSCRIBE HERE FOR MORE!!  https://youtube.com/@EmilyHeal

FIND ME ON TIKTOK -   https://www.tiktok.com/@3milyyh

AND INSTAGRAM -  https://www.instagram.com/3milyhh

I use the cannon g7x mark ii to film.

#makeup #grwm #makeuptips #softglamlook #lipliner  #lipcombo #3milyyh #makeuptransformation #beautytutorial #makeuptricks #makeuptutorialforbeginners #begginersmakeuplook #lipcombotutorial #halloween #halloween2025 #halloweenmakeup #halloweencostume",927,10182,422,15,2025-10-29T18:38:36Z,People & Blogs,halloween 2025,Emily Heal,@emilyheal,UClm9D6Std5EnJruG4XtoS7g,110000,479,False,beauty,video,https://www.youtube.com/watch?v=2XLtKHRDDFU,,2026-09-11
JEjSzP0xdnQ,WHITE SWAN MAKEUP TUTORIAL!!♡ *grwm* *in depth*,"I hope you guys enjoy this video of me showing you how I did my white swan makeup transformation!!🦢 This would be the perfect costume to dress up for halloween this year or even if you just liked the makeup this would also be soooo cute! Tag me in any makeup tutorials you decide to recreate my socials are linked down below. I love seeing your makeup videos inspired by me🤍 
COMMENT WHAT VIDEOS YOU WOULD LIKE TO SEE IN THE FUTURE ILY all so so so so so much ♡

for business enquires contact - ********************

SUBSCRIBE HERE FOR MORE!!  https://youtube.com/@EmilyHeal

FIND ME ON TIKTOK -   https://www.tiktok.com/@3milyyh

AND INSTAGRAM -  https://www.instagram.com/3milyhh

I use the cannon g7x mark ii to film.

#makeup #grwm #makeuptips #softglamlook #lipliner  #lipcombo #3milyyh #makeuptransformation #beautytutorial #makeuptricks #makeuptutorialforbeginners #begginersmakeuplook #lipcombotutorial #halloween #halloween2025 #halloweenmakeup #halloweencostume",1388,8259,395,23,2025-10-28T17:00:38Z,People & Blogs,,Emily Heal,@emilyheal,UClm9D6Std5EnJruG4XtoS7g,110000,479,False,beauty,video,https://www.youtube.com/watch?v=JEjSzP0xdnQ,,2026-09-11
PVuS7iiaRl4,FLAWLESS UNDER-EYE TUTORIAL!! *CREASE FREE!* *IN DEPTH*,"HEY GUYS!!! I hope you all enjoy this video. Today I thought I would help you achieve the perfect flawless crease free under-eye only using TWO products♥︎

for business enquires contact - ********************

Products used:
Too faced concealer in shade swan.
Huda beauty easy bake powder in shade poundcake.
Real techniques 242 brightening concealer brush.

SUBSCRIBE HERE FOR MORE!! https://www.youtube.com/@EmilyHeal

FIND ME ON TIKTOK - https://www.tiktok.com/@3milyyh

AND INSTAGRAM - https://www.instagram.com/3milyhh/ 

I use the cannon g7x mark ii to film♡

#makeup #grwm #makeuptips #softglamlook #makeuptutorial #3milyyh #makeuptransformation #makeupchallenge #makeuphacks #hacks",568,11908,581,19,2025-09-25T17:00:40Z,People & Blogs,Makeup tutorial,Emily Heal,@emilyheal,UClm9D6Std5EnJruG4XtoS7g,110000,479,False,beauty,video,https://www.youtube.com/watch?v=PVuS7iiaRl4,,2026-09-11
3NGdbLwBDdg,AUTUMN/FALL MAKEUP TUTORIAL 2025!!! 🍂 *in depth*,"I hope you guys enjoy this video!! I had so much fun creating it for you♡ COMMENT WHAT VIDEOS YOU WOULD LIKE TO SEE IN THE FUTURE ILY🤍

for business enquires contact - ********************

SUBSCRIBE HERE FOR MORE!! https://www.youtube.com/@EmilyHeal

FIND ME ON TIKTOK - https://www.tiktok.com/@3milyyh

AND INSTAGRAM - https://www.instagram.com/3milyhh/ 

I use the cannon g7x mark ii to film♡

#makeup #grwm #makeuptips #softglamlook #autumn #autumnmakeup #makeuptutorial #3milyyh #makeuptransformation",978,27417,1050,40,2025-09-19T17:00:09Z,People & Blogs,autumn,Emily Heal,@emilyheal,UClm9D6Std5EnJruG4XtoS7g,110000,479,False,beauty,video,https://www.youtube.com/watch?v=3NGdbLwBDdg,,2026-09-11
jDCQ69TV_T8,TESTING VIRAL MAKEUP PRODUCTS!!! *IS IT WORTH THE HYPE?* *honest opinion* ,"I TESTED TIKTOK VIRAL MAKEUP TO SEE IF IT WAS WORTH THE HYPE??!!🤨

for business enquires contact - ********************

I HOPE YOU ENJOYED THIS VIDEO as lots of TIME, EFFORT and MONEYYY was put in!! LIKE & SUBSCRIBE💕

JUST TO CLARIFY I LOVE ALL THE BRANDS FEATURED IN THIS VIDEO!!! I was just testing specific ""VIRAL"" products🎀

DO YOU PREFER SHORT OR LONG FORM VIDEOS?!

SUBSCRIBE HERE FOR MORE!! https://www.youtube.com/channel/UClm9D6Std5EnJruG4XtoS7g

FIND ME ON TIKTOK - https://www.tiktok.com/@3milyyh?is_fr...

AND INSTAGRAM -  https://www.instagram.com/3milyhh

I use the cannon g7x mark ii to film.

#makeup #challenge #grwm #beautytutorial #makeuptutorial #softglamlook #beautytutorials #viralvideo #viral #makeupchallenge #challenges #viralchallenge #getreadywithme #tutorial #makeuplook #hairtransformation #hairstyle #TIKTOK #tiktokviral #viralchallenge #tiktokviralvideo",1634,106174,2816,47,2025-09-07T14:30:37Z,People & Blogs,Viral makeup|Makeup Challenge|TikTok VIRAL,Emily Heal,@emilyheal,UClm9D6Std5EnJruG4XtoS7g,110000,479,False,beauty,video,https://www.youtube.com/watch?v=jDCQ69TV_T8,,2026-09-11
sR2sZGsGzi8,BACK TO SCHOOL HAIRSTYLES!!♡ *QUICK & EASY*,"SUBSCRIBE HERE FOR MORE!! https://www.youtube.com/channel/UClm9D6Std5EnJruG4XtoS7g

HERE IS A PART 2 AS YOU GUYS LOVED PART 1!!! I hope you guys enjoy this fun and exciting video today!!♥︎ I loved making it for you so let me know what you guys think ?! COMMENT WHAT VIDEOS YOU WOULD LIKE TO SEE IN THE FUTURE!!

for business enquires contact - ********************

FIND ME ON TIKTOK - https://www.tiktok.com/@3milyyh?is_fr...

AND INSTAGRAM -  https://www.instagram.com/3milyhh

#makeup #challenge #grwm #beautytutorial #makeuptutorial #softglamlook #beautytutorials #viralvideo #viral #makeupchallenge #challenges #viralchallenge #getreadywithme #tutorial #makeuplook #hairtransformation #hairstyle",708,52393,2224,59,2025-08-29T19:54:21Z,People & Blogs,,Emily Heal,@emilyheal,UClm9D6Std5EnJruG4XtoS7g,110000,479,False,beauty,video,https://www.youtube.com/watch?v=sR2sZGsGzi8,,2026-09-11
S0XScbflH6s,VICTORIA'S SECRET BOMBSHELL MAKEUP TUTORIAL!! *IN DEPTH*,"SUBSCRIBE HERE FOR MORE!! https://www.youtube.com/channel/UClm9D6Std5EnJruG4XtoS7g

for business enquires contact - ********************

I TRIED VICTORIA'S SECRET BOMBSHELL MAKEUP!!! I hope you guys enjoy this fun and exciting video today!!♥︎ I loved making it for you so let me know what you guys think ?! COMMENT WHAT VIDEOS YOU WOULD LIKE TO SEE IN THE FUTURE!!

FIND ME ON TIKTOK - https://www.tiktok.com/@3milyyh?is_fr...

AND INSTAGRAM -  https://www.instagram.com/3milyhh

#makeup #challenge #grwm #beautytutorial #makeuptutorial #softglamlook #beautytutorials #viralvideo #viral #makeupchallenge #challenges #viralchallenge #getreadywithme #tutorial #makeuplook",1288,21937,825,40,2025-08-28T18:01:41Z,People & Blogs,makeup tutorial,Emily Heal,@emilyheal,UClm9D6Std5EnJruG4XtoS7g,110000,479,False,beauty,video,https://www.youtube.com/watch?v=S0XScbflH6s,,2026-09-11
UIwI6oSjPGQ,BACK TO SCHOOL HAIRSTYLES!! *HEATLESS* *EASY*,"I HOPE YOU GUYS ENJOY THIS VIDEO!! ESPECIALLY AS I GOT SUGGESTED BY ONE OF YOU TO MAKE THIS♡.  THIS IS MY SECOND VIDEO TWO DAYS IN A ROW!!  show some love by hitting the like and subscribe buttons! should I make more hair tutorials? comment what videos you would like to see in the future ily all💕

for business enquires contact - ********************

#diyhairstyle #beautytutorial #grwm #backtoschool #hairstyles #hairtok #school #backtoschoolessentials #hairgrowth #hair #hairtransformation #5minute #viralvideo #homepage #makeuptutorial #softglamlook #makeuptricks #fashion #viralhair",563,490705,16314,173,2025-08-13T18:48:58Z,People & Blogs,back to school|hairstyles|heatless|hair tutorial,Emily Heal,@emilyheal,UClm9D6Std5EnJruG4XtoS7g,110000,479,False,beauty,video,https://www.youtube.com/watch?v=UIwI6oSjPGQ,,2026-09-11
76IMgz4u2V4,CLEAN BASE MAKEUP TUTORIAL!!♡ *TIPS*,"I hope you guys enjoy this video of me teaching you how I do my flawless clean base!! Let me know if you enjoyed this video by hitting the subscribe button and liking this video💕 COMMENT WHAT VIDEOS YOU WANT TO SEE IN THE FUTURE🎀

for business enquires contact - ********************

#beautytutorial #makeuptricks #makeuptips #fashion #diyhairstyle #relatable #makeuptutorial #softglamlook #makeup #viralvideo #viral #makeupartist #viralmakeup #beautytutorial #hacks #5minutemakeup",966,25587,1066,43,2025-08-12T22:16:45Z,People & Blogs,makeup|tutorial|clean girl|makeup tutorial|flawless,Emily Heal,@emilyheal,UClm9D6Std5EnJruG4XtoS7g,110000,479,False,beauty,video,https://www.youtube.com/watch?v=76IMgz4u2V4,,2026-09-11
D8hUXGM2KTs,BADDIE MAKEUP TUTORIAL!! *HIGHLY REQUESTED* *IN DEPTH*,"Soooo this week I decided to listen to you guys and I FINALLY posted a ""BADDIE"" makeup tutorial!! I thoroughly enjoyed making this video for you so show some love (like and subscribe lol) Comment what videos you would like to see in the future! I can't believe this channel has now started growing so quick so tysm🥹 ily queens ♡

for business enquires contact - ********************

#grwm #makeup #baddie #baddiemakeup #makeuptricks #makeuptips #makeuptutorial #nails #nailinspo #diyhairstyle #3milyyh #tutorial #viral #viraltutorial #viralvideo #5minutemakeup #5min #fullglam #makeuplover #makeuptransformation #makeupvideo",847,496246,14591,157,2025-08-07T19:33:44Z,People & Blogs,makeup tutorial|makeup|full glam,Emily Heal,@emilyheal,UClm9D6Std5EnJruG4XtoS7g,110000,479,False,beauty,video,https://www.youtube.com/watch?v=D8hUXGM2KTs,,2026-09-11
mQyqhqdLKDE,"""CLEAN GRUNGE"" INSPIRED MAKEUP TUTORIAL!! *in depth* *easy* *long lasting*","HEY QUEENS!! I hope you enjoy this ""grunge"" inspired makeup tutorial! I know it's not exactly ""grunge"" as you might all think but it's my take on grunge makeup and adding my own twist :) let me know what what makeup tutorials or videos you would like to see in the future. MAKE SURE TO LIKE AND SUBSCRIBE ILY💕

for business enquires contact - ********************

#makeup #grunge #grungemakeup #grwm #makeuptricks #diyhairstyle #makeupshorts #makeuptutorial #makeuptips #viralvideo #viral #makeupvideos #viralmakeup #youtubehomepage #5minutemakeup #5minute",1336,26078,865,45,2025-07-30T17:01:08Z,People & Blogs,makeup|tutorial|grunge|viral|grwm|getreadywithme|makeuptutorial,Emily Heal,@emilyheal,UClm9D6Std5EnJruG4XtoS7g,110000,479,False,beauty,video,https://www.youtube.com/watch?v=mQyqhqdLKDE,en-GB,2026-09-11
lX6Ynpw7gk0,“5 MINUTE” GLASS SKIN SKINCARE ROUTINE!! *EASY* *AFFORDABLE* + TIPS!!!,"I HOPE YOU GUYS ENJOYED THIS VIDEO!! it’s a different type of video for me so let me know if you like the skincare videos :) comment below what videos you would like to see in the future ily queens 🎀🎀

for business enquires contact - ********************

00:00 - 00:16 INTRO
00:16 - 00:40 CLEANSER
00:40 - 01:08 EYE SERUM
01:08 - 01:37 TONER
01:37 - 02:41 SPF/MOISTURISER
02:41 - 03:49 LASH SERUM
03:49 - 04:44 LIP MASK
04:44 - 07:03 TIPS
07:03 - 08:20 OUTRO 


#grwm #skincare #skincareroutine #glassskin #makeup #mua #makeuptutorial #makeuptutorial #makeupshorts #makeuptips 
#spf #skincaretips #health #skincareproducts #skinhealth #skincarelover #skincarehacks #5minute #viralvideo #viralmakeup #viralskin #viral #youtubehomepage #homepage #viralchallenge",500,14535,636,47,2025-07-19T10:01:13Z,People & Blogs,,Emily Heal,@emilyheal,UClm9D6Std5EnJruG4XtoS7g,110000,479,False,beauty,video,https://www.youtube.com/watch?v=lX6Ynpw7gk0,,2026-09-11
eFTmsu0qDhM,“5 MINUTE” HAIR CURL TUTORIAL!!! *EASY* *affordable* *in depth*,"I hope you enjoy this weeks upload queens 💕 Let me know if you like the “5 minute” style videos at the moment! Comment future video ideas 💬 see you next week ily💖💖

for business enquires contact - ********************

#hairstyles #hairstyle #hairtutorial #curlyhairstyles #curltutorial #haircare #hairtransformation #beauty #beautytutorial #beautyhacks #beautytips ##grwm #getreadywithme #viralvideo #homepage #viralmakeup #viralvideos #viralhair #5minute #easy #easyhairstyle #fiveminutehair #3milyyh #viralyoutubevideo",418,109562,4949,73,2025-07-08T17:20:50Z,People & Blogs,,Emily Heal,@emilyheal,UClm9D6Std5EnJruG4XtoS7g,110000,479,False,beauty,video,https://www.youtube.com/watch?v=eFTmsu0qDhM,,2026-09-11
uB58lfT6bL4,“5 MINUTE” MAKEUP for SCHOOL!! *easy* *long lasting* *glowy*,"FIND ALL PRODUCTS USED HERE!! -  https://amzn.to/3HNLIBK

for business enquires contact - **********************************

SUBSCRIBE TO ME FOR MORE!! - https://youtube.com/@EmilyHeal?si=otUHcRmzqVvRqFmr 

FIND MY OTHER PLATFORMS HERE!! :

INSTAGRAM - https://www.instagram.com/emilyheal_

TIKTOK - https://www.tiktok.com/@emilyheal_


I HOPE YOU QUEENS ENJOY THIS VIDEO!! Disclaimer: I know this video isn’t exactly 5 mins as I talk a lot lol but you can defo do this makeup in 5 mins :) MAKE SURE TO LIKE AND SUBSCRIBE!!💕 


#softglamlook #makeuptutorial #grwm #makeuptips #beautytutorial #makeuptricks #5minute #5minutemakeup #backtoschool #schoolmakeup #schoolmakeuptutorial #makeuphacks #makeupartist #easymakeup #quickmakeup #homepage #viralvideo",566,1246561,46703,370,2025-07-02T16:01:39Z,People & Blogs,,Emily Heal,@emilyheal,UClm9D6Std5EnJruG4XtoS7g,110000,479,False,beauty,video,https://www.youtube.com/watch?v=uB58lfT6bL4,,2026-09-11
Q4mYPKrLiro,GLOW UP IN 24 HOURS!!! *i cut my hair* *teeth whitening* *EXTREME*,"I hope you guys enjoy this video of me attempting to glow up in 24 hours!!! Comment what videos you would like to see in the future💓 ily queens REMEMBER TO SUBSCRIBE!!🔔

for business enquires contact - ********************",951,17204,601,25,2025-06-27T16:30:26Z,People & Blogs,,Emily Heal,@emilyheal,UClm9D6Std5EnJruG4XtoS7g,110000,479,False,beauty,video,https://www.youtube.com/watch?v=Q4mYPKrLiro,,2026-09-11
WqXJiKKjKuQ,ULTIMATE SUMMER GLOW MAKEUP TUTORIAL!!! *the perfect glowy base* *natural*,"I hope you all enjoy this summer makeup tutorial my queens 💕 Make sure to like and subscribe :) TURN ON POST NOTIFICATIONS!!! ily💓 Comment what my next video should be!?

for business enquires contact - ********************

#makeuptutorial #summermakeup #glowymakeup #glowymakeuptutorial #summerglow #viralvideo #grwm #beautytutorial #makeupartist #homepage #viralmoment",898,18988,704,21,2025-06-20T23:03:42Z,People & Blogs,,Emily Heal,@emilyheal,UClm9D6Std5EnJruG4XtoS7g,110000,479,False,beauty,video,https://www.youtube.com/watch?v=WqXJiKKjKuQ,,2026-09-11
Y56DEiZuKT0,HIGH END VS DRUGSTORE MAKEUP !! *is it really worth it?* // AD,"Let me know what side you guys like better! Comment what my next video should be and don’t forget to like and subscribe :)

for business enquires contact - ********************

#makeuptutorial #vs #drugstoremakeuptutorial #highendmakeup #makeuptips #viralmakeup #viralvideo #homepage",780,7037,259,11,2025-06-12T23:17:07Z,People & Blogs,high end|drugstore|vs|makeup|tutorial,Emily Heal,@emilyheal,UClm9D6Std5EnJruG4XtoS7g,110000,479,False,beauty,video,https://www.youtube.com/watch?v=Y56DEiZuKT0,,2026-09-11
7q0JZhC3kbM,FULL GLAM MAKEUP TUTORIAL!!! #makeuptutorial #makeupshorts #grwm #makeuptips #makeuptricks,,181,5311,217,2,2025-06-05T19:32:11Z,People & Blogs,,Emily Heal,@emilyheal,UClm9D6Std5EnJruG4XtoS7g,110000,479,False,beauty,video,https://www.youtube.com/watch?v=7q0JZhC3kbM,,2026-09-11
py4uMpm9OJI,HEATLESS CURL REVEAL!! #heatlesscurls #hairstyles #viralshorts,,181,5882,275,11,2025-06-05T19:27:54Z,People & Blogs,,Emily Heal,@emilyheal,UClm9D6Std5EnJruG4XtoS7g,110000,479,False,beauty,video,https://www.youtube.com/watch?v=py4uMpm9OJI,,2026-09-11
Vib6-iW36Fg,SIREN EYES MAKEUP TUTORIAL!! *in depth* *long lasting*,"hope you like this eye makeup look girlies!! comment what video should i should do next 💬 see you next FRIDAY!!🎀

for business enquires contact - ********************

#makeuptutorial #makeup #viralmakeup #viralvideo #makeuptutorial #sireneyes",948,7284,305,18,2025-05-29T22:12:21Z,People & Blogs,,Emily Heal,@emilyheal,UClm9D6Std5EnJruG4XtoS7g,110000,479,False,beauty,video,https://www.youtube.com/watch?v=Vib6-iW36Fg,,2026-09-11
L0_5WqANQ_8,UNRECOGNIZABLE BASE MAKEUP TUTORIAL !! *IN DEPTH*,"i hope you queens enjoy this video!! i done a longer video today so let me know what you guys think :) make sure to like and subscribe and i will see you next thursday!🎀

for business enquires contact - ********************

#makeuptutorial #fullglam #makeuptips #viralvideo #grwm #transformation #makeuptransformation #viralmakeup #unrecognizablemakeup #beforeandafter #makeuphacks",1044,51157,1802,61,2025-05-22T19:34:32Z,People & Blogs,,Emily Heal,@emilyheal,UClm9D6Std5EnJruG4XtoS7g,110000,479,False,beauty,video,https://www.youtube.com/watch?v=L0_5WqANQ_8,,2026-09-11
9hmgy6GYMac,“NO MAKEUP” MAKEUP TUTORIAL!! *natural* *glowy*,"I hope you all enjoyed this natural makeup tutorial!

for business enquires contact - ********************",574,10099,377,20,2025-05-08T18:09:34Z,People & Blogs,,Emily Heal,@emilyheal,UClm9D6Std5EnJruG4XtoS7g,110000,479,False,beauty,video,https://www.youtube.com/watch?v=9hmgy6GYMac,,2026-09-11
tYDngK2f8hk,SOFT GLAM PROM MAKEUP TUTORIAL!! *EASY* * step by step*,"i hope you guys enjoy this video! can’t believe this is only my second video hehe ily my queens👸

#makeuptutorial #makeuptutorials #makeuplook #prom #prom2025 #viralvideos",640,18196,628,24,2025-05-01T18:20:33Z,People & Blogs,Makeup tutorial,Emily Heal,@emilyheal,UClm9D6Std5EnJruG4XtoS7g,110000,479,False,beauty,video,https://www.youtube.com/watch?v=tYDngK2f8hk,,2026-09-11
uQCRqvRo-nA,BROW TUTORIAL!! #makeuptutorial #makeupshorts #grwm #makeup #viralshorts,,181,8572,249,2,2025-04-27T20:17:55Z,People & Blogs,,Emily Heal,@emilyheal,UClm9D6Std5EnJruG4XtoS7g,110000,479,False,beauty,video,https://www.youtube.com/watch?v=uQCRqvRo-nA,,2026-09-11
PWEK9Uyb7K8,VIRAL FULL GLAM makeup TUTORIAL!!! *HIGHLY REQUESTED!!* | my first video♡,"Hope you guys enjoy this makeup tutorial!! This is my first YouTube video so show some support for more videos to come💕. Comment for what videos you want to see next!

for business enquires contact - ********************

Products used:
Elf power grip primer
Elf halo glow (shade light medium)
BFF face frosting bronzer (shade ganache)
Rare beauty blush (shade happy)
Too faced born this way concealer (shade swan)
Huda beauty loose powder (shade pound cake)
Dior blush (shade rosy glow)
Rare beauty highlight (shade mesmerise)
Kylie cosmetics plumping lipliner (shade 808)
Elf setting mist.

#makeuptutorial #tiktokviral #viralmakeup #grwm #makeuphacks #firstvideo #makeuplook #fullglam #basemakeup #viralvideos #makeup #3milyyh",513,28353,1200,52,2025-04-24T19:26:37Z,People & Blogs,,Emily Heal,@emilyheal,UClm9D6Std5EnJruG4XtoS7g,110000,479,False,beauty,video,https://www.youtube.com/watch?v=PWEK9Uyb7K8,en,2026-09-11
ahmk_kba5iM,MAKEUP TUTORIAL🎀 #makeuptutorial #makeuptips #makeuplook #makeup #makeupshorts #viralshorts,,181,4610,256,11,2025-01-19T19:37:50Z,People & Blogs,,Emily Heal,@emilyheal,UClm9D6Std5EnJruG4XtoS7g,110000,479,False,beauty,video,https://www.youtube.com/watch?v=ahmk_kba5iM,en,2026-09-11
_RYTpwIWlVg,cabin crew makeup… natural | makeup tutorial 💋,"Hi bby’s! 

today’s cabin crew makeup is more toned down, natural & lightweight rather than a full GLAM beat, which you know is so different for me! 
If you love a natural glam I hope this tutorial helps ❤️
(dont clown me for putting moisturiser over SPF idk why i did it like this today im tired😭)

List of products used:
toner @fentyskin 
moisturizer @nivea 
spf @glowishere 
skin tint @rimmellondon 
concealer @r.e.m.beauty 
blush stain @BenefitCosmeticsMiddleEast 
bronzer @hourglasscosmetics 
eyeshadow palette @tartecosmetics 
mascara @toofaced 
freckle ben (brow product) @urbandecay 
lip liner ​⁠shade cherry @Hudabeauty 
lipstick shade ruby true @maccosmetics 

#cabincrew #makeuptutorial #naturalmakeup #redlipstick #rhony #grwm #makeupartist #flightattendant #australia #dubai #glammakeup #naturalglam",1355,30333,1057,50,2026-02-24T19:44:23Z,People & Blogs,,Rhony Claire 💋,@rhonyclaire,UCiPls47qugaVV9cQTR1LEBQ,109000,298,False,beauty,video,https://www.youtube.com/watch?v=_RYTpwIWlVg,,2026-09-11
hmLm0sqRL0I,"weekly vlog🐱💜⭐️ | adopting a cat, sephora event, insane pr unboxing ","Hi bby’s spend another week with me! 💜

im loving the community we have here on YouTube, & sharing my life with you all, this week was super fun i am so happy to have a cat, he is soo amazing if you guys need any info on where to adopt in dubai, comment or send me a message so i can help ⭐️

Socials: 

TikTok: https://www.tiktok.com/@rhonyclaire777?_r=1&_t=ZS-948ryxyUetm

Instagram: https://www.instagram.com/rhonyclaire?igsh=MXJzYmNncWVmYXg5dw%3D%3D&utm_source=qr

Love You!

Rhony☁️

#contentcreator  #dubai #makeupartist #grwm #weeklyvlog #skincare #travelvlog #beautyhacks #diy #model #cats  #beautytips #makeuplook #lifestyle #adopting #sephora #urbandecay",1719,2391,120,23,2026-02-22T19:51:56Z,People & Blogs,,Rhony Claire 💋,@rhonyclaire,UCiPls47qugaVV9cQTR1LEBQ,109000,298,False,beauty,video,https://www.youtube.com/watch?v=hmLm0sqRL0I,,2026-09-11
tdV_jUlYVr0,"a week in my life 📸💅🏼🩵| beauty treatments, photoshoot, PR, mental health","Hi Guys! welcome to another weekly vlog 🤍
spend a week with me as a content creator living in dubai! 

TikTok: https://www.tiktok.com...

Instagram: https://www.instagram....

Love You!

Rhony☁️

#contentcreator #dubai #makeupartist #grwm #weeklyvlog #skincare #travelvlog #beautyhacks #pilates #makeuporganization #diy #model #photoshoot #beautytips #makeuplook #lifestyle #mentalhealth",2828,5516,206,24,2026-02-15T12:34:55Z,People & Blogs,,Rhony Claire 💋,@rhonyclaire,UCiPls47qugaVV9cQTR1LEBQ,109000,298,False,beauty,video,https://www.youtube.com/watch?v=tdV_jUlYVr0,,2026-09-11
-0M_HmjpvJA,"Valentine’s day makeup tutorial 💗 | pink, girly, cute glam ","Hi guys 💗 today we’re doing a cutesy, girly, pink Valentine’s day themed makeup look! 

my socials:

Tiktok: https://www.tiktok.com/@rhonyclaire777?_r=1&_t=ZS-93ukFLr97qv

Instagram: https://www.instagram.com/rhonyclaire?igsh=MXJzYmNncWVmYXg5dw%3D%3D&utm_source=qr

products & brands used:
@Hudabeauty easy blur primer, faux filter concealer, easy bake pressed & loose, matte obsessions eyeshadow palette 
@hauslabs triclone foundation
@fentybeauty Were even concealer, finelinez eyeliner
@MaybellineNYME lifterstix, super lock brow gel
@NARSCosmeticsofficial multiple blush stick, afterglow lip shine turkish delight
@Dior rosy glow blush
@RareBeauty warm wishes bronzer 
@maccosmetics fix plus magic radiance
Morphe Eyeshadow Palette ‘no silent nights’
@hourglasscosmetics unlocked instant extensions mascara, arch brow pencil, ambient lighting palette vol 2
@elfcosmetics h2O proof eyeliner 
@colourpopcosmetics highlighter flexitarian
@rhode lip contour liner twist
@MAKEUPFOREVERMiddleEast lip liner anywhere caffeine 

#makeuptutorial #valentinesday #makeupartist #glammakeup #makeup #beautyhacks #influencer #galentinesday #girlythings #grwm #makeuplook",990,9026,388,28,2026-02-14T12:26:41Z,People & Blogs,,Rhony Claire 💋,@rhonyclaire,UCiPls47qugaVV9cQTR1LEBQ,109000,298,False,beauty,video,https://www.youtube.com/watch?v=-0M_HmjpvJA,,2026-09-11
hdoivdJk2S8,"a week in my life ☁️🐱💎 | new apartment, babysitting a cat, content creating","spend a week with me as a content creator living in dubai! 

i’ve just moved in to my new apartment and am babysitting a cat for a friend! 

the goal is to do consistent weekly vlogs and share more of my daily life with you guys 🩵✨

i’m still on leave with my cabin crew job but expect more cabin crew content coming! 

TikTok: https://www.tiktok.com/@rhonyclaire777?_r=1&_t=ZS-93knRpHLv3Y

Instagram: https://www.instagram.com/rhonyclaire?igsh=MXJzYmNncWVmYXg5dw%3D%3D&utm_source=qr

Love You!

Rhony☁️

#weeklyvlog #contentcreator #influencer #cabincrew #livingindubai #cats #makeupartist #grwm #vlogger #dubailife",2169,4678,206,35,2026-02-08T15:57:00Z,People & Blogs,,Rhony Claire 💋,@rhonyclaire,UCiPls47qugaVV9cQTR1LEBQ,109000,298,False,beauty,video,https://www.youtube.com/watch?v=hdoivdJk2S8,,2026-09-11
uZG2tR76BQg,Cabin Crew Glam 💋 makeup tutorial ✨,"Hi guys! I’m back! 💋

Cabin Crew / Flight attendant glam tutorial❤️✨ 

So happy to be uploading on here again i’ve missed you YouTube! Im planning on becoming way more active on here this year! 

I’ve had a lot of questions asking if i’ve resigned and the answer is i have not, i’ve actually been on leave 🪽

Thank You for your support and love on all my content across all my platforms 

TikTok: Rhonyclaire777
https://www.tiktok.com/@rhonyclaire777?_r=1&_t=ZS-93g5zgN6595

Instagram: Rhonyclaire
https://www.instagram.com/rhonyclaire?igsh=MXJzYmNncWVmYXg5dw%3D%3D&utm_source=qr

Product List:
@rhode glazing milk
@fentyskin fat water toner
@nivea soft cream
@maybellinenewyork primer
@Huda concealer
@CharlotteTilbury foundation 
​⁠@Hudabeauty easy bake pressed & loose
@MaybellineNYME liquid blush
@sheglam_official liquid highlighter
@Dior powder blush
@KylieCosmetics powder bronzer
@hourglasscosmetics bronzing palette
@elfcosmetics liquid eyeliner
@hourglasscosmetics mascara
@SEPHORAME eyeshadow palette 
@Sephora eyeshadow stick
@colourpopcosmetics highlighter
@maccosmetics mac fix plus 

Let me know what else you’d like to see on here! 

Lots of Love!

Rhony

#cabincrew #makeuptutorial #flightattendant #makeuplook #glammakeup #redlipstick #cabincrewcareer #grwm #makeupartist #aviation #makeuphacks #beautytips #lipcombo",836,110608,2230,91,2026-02-05T21:39:03Z,People & Blogs,,Rhony Claire 💋,@rhonyclaire,UCiPls47qugaVV9cQTR1LEBQ,109000,298,False,beauty,video,https://www.youtube.com/watch?v=uZG2tR76BQg,,2026-09-11
5HNpXebGzxY,chill GRWM using my Favourite products of 2025 ⭐️🏅💖,"Hi Guys! Happy New Year 

Welcome to my first video of 2026!⭐️

These are all my personal favourite makeup products of last year, and I will be definitely bringing these into 2026! 

The year flew by so quickly and I can’t wait to see what this year will bring,

Comment some of your favourite products of last year so I can try and review aswell 🥹⭐️

Love You,


Rhony

#makeup #cabincrew #lipcombo #redlipstick #flightattendant #makeuptutorial #grwm #bestmakeupof2025",1172,5474,319,20,2026-01-07T12:54:48Z,People & Blogs,,Rhony Claire 💋,@rhonyclaire,UCiPls47qugaVV9cQTR1LEBQ,109000,298,False,beauty,video,https://www.youtube.com/watch?v=5HNpXebGzxY,,2026-09-11
gne7-Ckd32Q,flying to Chicago as cabin crew ✈️❄️🇺🇸,"Spend a two day layover with me in Chicago 🇺🇸

This was my first time in Chicago , and I finally got my vlogging camera , so welcome to my first professionalish vlog 😅🤍 (still playing around with the settings so sorry if the lighting is weird in some parts) 

I cant wait to go back and visit for longer if you have any more recommendations for Chicago let me know in the comments! 

My Socials: 
Tiktok: @ Rhonyclaire777
Instagram: @ Rhonyclaire

♡

Love you guys! 
#cabincrew #emiratescabincrew #cabincrewlife #layover #travelvlog #travel #getreadywithme #makeup #chicago #christmas #wintervibes #explore #dm #layoverlife #vlog #winterfashion #usa #makeuptips",1896,9617,392,48,2025-12-08T19:14:31Z,People & Blogs,,Rhony Claire 💋,@rhonyclaire,UCiPls47qugaVV9cQTR1LEBQ,109000,298,False,beauty,video,https://www.youtube.com/watch?v=gne7-Ckd32Q,,2026-09-11
gOJabLGolxA,48 hours in Dallas ♡ Vlog,"Spend a 48 Hour Layover in Dallas, Texas with me! ♡

Guys i’m trying to get better at vlogging and I am looking into getting an actual vlogging camera (if anyone has any recommendations plz let me know! )

This was my 2nd in Dallas and such a fun layover! 

the rodeo was actually crazy I went in blind and had no idea what to expect i was definitely cringing at some of the rounds with the cattle and idk it did make me feel some type of way as im very sensitive when it comes to animals 🥹 


Love you all and thank you fo 15k+ subscribers what a dream! Im so grateful 🩵

Lots of Love!
Rhony
x 

#cabincrew #layover #vlog #travelvlog #travel #usa #dallas #texas #flightattendant #cabincrewcareer #dayinmylife #america #makeup",1217,5852,214,19,2025-11-05T12:35:53Z,People & Blogs,,Rhony Claire 💋,@rhonyclaire,UCiPls47qugaVV9cQTR1LEBQ,109000,298,False,beauty,video,https://www.youtube.com/watch?v=gOJabLGolxA,,2026-09-11
yDeYI_0UajU,Qoves Review 2025: My Glow Up Analysis,"You guys know i’m currently on a Glow up journey

so 
 
I decided to get a full facial analysis done by Qoves & the results are interesting honestly I was suprised by some of them!

I’m definitely not going to be incorporating all of the feedback from the Analysis but some of their points I was already thinking about! 

This actually helped me to understand my facial features more 🩵 

What are your guys thoughts on this? crazy how far technology has come!

lots of love,

Rhony 

https://www.qoves.com

Ad

#ad 
#Qoves #glowup #facialanalysis #transformation #beforeandafter #makeup",625,59547,787,103,2025-10-16T18:25:52Z,People & Blogs,,Rhony Claire 💋,@rhonyclaire,UCiPls47qugaVV9cQTR1LEBQ,109000,298,False,beauty,video,https://www.youtube.com/watch?v=yDeYI_0UajU,,2026-09-11
aPdiKtloZy8,winter snowbaby makeup tutorial + chit chat ♡,"Hi Guys ♡ Here is a winter inspired makeup look i hope you like it ! 
Thank you for 8,000 subscribers & thank you for engaging with my videos i appreciate you all 🩵

socials: 
TikTok: https://www.tiktok.com/@rhonyclaire777?_t=ZS-90QoNWJakAJ&_r=1
Instagram: https://www.instagram.com/rhonyclaire?igsh=MXJzYmNncWVmYXg5dw%3D%3D&utm_source=qr

Products used:
Huda Beauty easy blur primer
Huda Beauty easy blur foundation ‘crème brulee’
Huda Beauty Faux Filter concealer ‘honey’
Huda Beauty Easy Bake powder ‘sugar cookie’
Rhode pocket blush ‘Piggy’
Dior powder blush ‘Rosy Glow’
Hourglass bronzer ambient lighting palette volume 2
Anastasia beverly hills brow pomade ‘Blonde’
Thalia Fawaz x Sephora ‘beautiful dreams’ eyeshadow palette 
Sephora eyeshadow stick white
Morphe No silent nights eyeshadow palette
Fenty Beauty Volumizing Mascara
Fenty Beauty Diamond Bomb highlighter
Fenty Beauty Lip liner ‘Traced Out’
Fenty Beauty Glossy bomb stix ‘is it Fu$$y’
Fenty Beauty Gloss Bomb Swirl ‘fu$$y flex’

#grwm #grwmmakeup #wintermakeup #lipcombo #glam #cabincrew 
@Hudabeauty @fentybeauty @rhode",1275,4968,297,26,2025-10-10T11:47:13Z,People & Blogs,,Rhony Claire 💋,@rhonyclaire,UCiPls47qugaVV9cQTR1LEBQ,109000,298,False,beauty,video,https://www.youtube.com/watch?v=aPdiKtloZy8,,2026-09-11
t5Hw4ws7H30,"24 Hours in Frankfurt, Germany | Pumpkin Patch Adventure 🎃✨🇩🇪","You guys asked for Layover vides so 
Come with me and my bf to spend 24 hours in Frankfurt, Germany 🇩🇪 

Pumpkin Patch Location: 📍Bauer Lipp, Frankfurt 

this day was so fun I can’t wait to carve some pumpkins and I have so much Halloween content coming!! follow my TikTok for more content i post everyday 🧡 Thank you for all your continued support!!

Socials: 📷

TikTok: @ Rhonyclaire777
Instagram: @ Rhonyclaire 

(Bag is from Fav, its the Cloud puff tote in Mocha - in my Linktree) 

#cabincrew #layover #vlog #travelwithme #germany #traveldiaries #flightattendant",1190,3846,149,18,2025-09-28T05:45:27Z,People & Blogs,,Rhony Claire 💋,@rhonyclaire,UCiPls47qugaVV9cQTR1LEBQ,109000,298,False,beauty,video,https://www.youtube.com/watch?v=t5Hw4ws7H30,,2026-09-11
3m_kvluOAh8,My ULTIMATE guide to Cabin Crew Makeup (that lasts 24+ hours) ,"if you have ever wondered how Cabin Crew do their makeup to last a 15 hour flight, or you need some tips for your own routine, this video is for you!

Welcome to my youtube channel and my very first video!
this has been highly requested video and It was so fun to create a longer form style video for you (I usually have to edit down 80% of my videos for tiktok).

Socials: 
❤️TikTok: @ Rhonyclaire777
🩵Instagram: @ Rhonyclaire

Disclaimer:
I love doing makeup and always have (before i was cabin crew I worked in Makeup & Skincare & have been passionate about makeup since i was a little girl)🥹❤️‍🩹

Some products I used:
Moisturiser: ​⁠@nivea 
SPF: ​⁠@beautyofjoseon_official 
Concealer: ​⁠@Hudabeauty 
Foundation: ​⁠@NARSCosmeticsofficial 
Bronzer: ​⁠@KylieCosmetics 
Bronzing Palette: ​⁠@hourglasscosmetics 
Liquid Blush: ​⁠​⁠@CharlotteTilbury 
Powder Blush: ​⁠@NARSCosmeticsofficial 
Spray: ​⁠@MACCosmeticsME 
Eyeliner: ​⁠@RareBeauty 
Eyeshadow stick: ​⁠@Sephora 
Mascara: ​⁠@hourglasscosmetics 
Red Lipstick & Lipliner ​⁠@MACCosmeticsME 


Thank you all for watching and let me know what you would like to see next ❤️ 

#cabincrew #flightattendant #emirates #layover #travelvlog #vlog #makeuplook #makeuptutorial #productreview #beauty #beautytips #makeuphacks",825,308375,11010,422,2025-09-17T12:26:34Z,People & Blogs,,Rhony Claire 💋,@rhonyclaire,UCiPls47qugaVV9cQTR1LEBQ,109000,298,False,beauty,video,https://www.youtube.com/watch?v=3m_kvluOAh8,,2026-09-11
4SUte6VgHgY,ICONIC ‘90s MONICA BELLUCCI Makeup Tutorial 🖤👄 jackie wyers,"Hey, it's Jackie Wyers & welcome back for How To Do Monica Bellucci inspired '90s Makeup🤎 Thank you to Kosas for sponsoring a portion of today's video! Shop Revealer Extra Bright and Revealer Concealer now and save 15% by heading to https://kosas.yt.link/ZumAaUM or use code JACKIE15. Let me know in the comments what other Kosas products I need to add to my routine!
 
Join me as I attempt to recreate Monica’s bold, sultry smokey eyes and pouty, ‘90s lips. Let's embrace those signature smokey eyes and pouty lips. This tutorial shows you how to achieve this timeless, **classical beauty look** with easy-to-follow steps and **vintage** vibes.

#MonicaBellucciMakeup #90sMakeup #VintageVibes 

Thumbs up if you enjoy another Time Travel Tutorial and if you’d like to see another Monica Bellucci’s step-by-step tutorial, like the viral photo of her with bangs, smokey eyes & a matte mauve lip combo.

Testing Monica Bellucci's Makeup Hacks / how to get a ‘90s fine vibe timestamps💋 
0:00

🔗 All products are linked below! 

On my channel find iconic POP CULTURE beauty moments and how to re-create the look on yourself! The goal of my tutorials is to teach practical makeup & hair tips and tricks so you can Switch Up Your Style With Confidence while celebrating what you love. 

For new 🍿POP CULTURE🍿 & 🎀VINTAGE VIBES🎀 tutorials - subscribe so you don’t miss an upload every week & tag me if you try out a look so I can feature you in my next upload! xo Jackie

m y   m a i n     l i n k s : 
❣ INSTAGRAM: http://instagram.com/jackiewyers

❣TIKTOK: https://www.tiktok.com/@jackie.wyers 

❣PINTEREST: https://www.pinterest.ca/jackiewyers/

❣ VLOG CHANNEL: https://www.youtube.com/watch?v=nZgnE1mtIpA&t=19s

If you are reading this... comment the
🗝POP CULTURE
PASSWORD🗝
Monica Bellucci’s an absolute beauty🤎

p r o d u c t s    u s e d:
L'OREAL PARIS | Brow Stylist Definer - Soft Black
https://go.shopmy.us/p-19462087

CHARLOTTE TILBURY | Charlotte's Magic Cream
https://go.shopmy.us/p-19461755

SHEGLAM | Sunburst Glow Mixer
https://go.shopmy.us/p-19586056

KOSAS | Revealer Skin-Improving Foundation SPF 25
https://go.shopmy.us/p-19461761

KOSAS | Revealer Extra Bright Serum-Powered Color Corrector - Illusion
https://go.shopmy.us/p-19461785

KOSAS | Kosas Revealer Super Creamy + Brightening Concealer with Caffeine and Hyaluronic Acid
https://go.shopmy.us/p-19461771

MAKE UP FOR EVER 
Artist Color Crayon Waterproof Multi-Use Stick 506 Endless Cacao
https://go.shopmy.us/p-19831871

FLORASIS | Flawless Jade Breathable Setting Powder
https://go.shopmy.us/p-19462071

CHARLOTTE TILBURY | Airbrush Bronzer
https://go.shopmy.us/p-19832097

MAKE UP FOR EVER 
Artist Color Pencil Longwear Lip Liner Endless Cacao
https://go.shopmy.us/p-19832279

BENEFIT COSMETICS | Willa Soft Neutral-Rose Blush - Java
https://go.shopmy.us/p-19462345

MAKEUP BY MARIO | Master Mattes Eyeshadow Palette
https://go.shopmy.us/p-19462106

lilybyred AM9 To PM9 Survival Penliner 
https://go.shopmy.us/p-19832597

MAKE UP FOR EVER | Artist Color Crayon - Glorious Bronze 
https://go.shopmy.us/p-19462141

L'OREAL PARIS | Voluminous Original Mascara
https://go.shopmy.us/p-19462228

WONDERSKIN 1440 Longwear Eyeliner
https://go.shopmy.us/p-19832801

ARDELL Naked Half Lashes 421 
https://amzn.to/44d0nNV

KOSAS Hotliner Hyaluronic Acid Contouring Lip Liner Beyond Supreme
https://go.shopmy.us/p-19462307

KOSAS | Weightless Lip Color - Vegas
https://go.shopmy.us/p-19462325

Disclaimer: A portion of today's video is sponsored by KOSAS! I do make a small commission if you shop some of the links I've listed for easy shopping at no extra cost to you. Some products were gifted through PR and  but all opinions are my own and I always try to use the best products to get the look I’m going for :)",617,49289,2850,173,2025-06-24T20:31:36Z,Howto & Style,monica bellucci makeup|monica bellucci|monica bellucci 90s makeup|90s makeup|90s makeup tutorial|monica bellucci makeup tutorial|Jackie Wyers|1990s makeup|monica bellucci inspired makeup|monica belluci|monica bellucci inspired makeup tutorial|Jackie Wyers makeup|iconic 90s makeup|smokey eye makeup tutorial|smokey eyes makeup tutorial|brown smokey eyeshadow tutorial|easy smokey eye tutorial|monica bellucci iconic smokey eye makeup tutorial|italian makeup,Jackie Wyers,@jackiewyers,UCF8jAZoTZBReXwoj8vu9HWA,981000,686,False,beauty,video,https://www.youtube.com/watch?v=4SUte6VgHgY,en,2026-09-11
jKXGlwYJTTk,ELENA GILBERT Makeup Tutorial 🩸2 Iconic 2010s TV Protagonist Makeup Looks!,"Hey, it's Jackie Wyers & welcome back for my take on  2010s TV Protagonist Makeup tutorial! I chose two of the most iconic brunette characters that defined the pop culture of the era - Blair Waldorf from Gossip Girl & Elena Gilbert from The Vampire Diaries! I also got a new purse I wanted to share from Teddy Blake - check it out here https://bit.ly/TBNY-Jackie
Use Code TBJackieW30 for an Extra $30 Off!

Follow Teddy Blake on Social Media:
http://instagram.com/teddy_blake
https://www.facebook.com/TeddyBlakeNY
https://www.tiktok.com/@teddyblake

Today, I'm doing a makeup tutorial inspired by 2010s teen TV shows. See how these brunette characters all have similar everyday makeup. Stay tuned for more makeup looks! For a fun twist, I’ll be using my fave high end makeup products for posh Blair, vs. a drugstore makeup tutorial to suit Elena’s girl next door vibe. Whose makeup is more your vibe - let me know in the comments!  

#2010Makeup #BlairWaldorfMakeup #ElenaGilbertMakeup #TeddyBlake 

Timestamps💋 
0:00 2010 TV Protagonist Makeup Inspiration
0:43 My New Everyday Purse! Lola Palmellato 15"" - Brown by Teddy Blake
0:55 Teddy Blake Promo Code TBJackieW30 for an Extra $30 Off 
1:00 Blair Waldorf Makeup Tutorial
3:20 Best High End Makeup Products for Everyday
3:40 Elena Gilbert Makeup Tutorial
4:20 Best Drugstore Products for Everyday

🔗 All products are linked below! 

m y   m a i n     l i n k s : 
❣ INSTAGRAM: http://instagram.com/jackiewyers

❣TIKTOK: https://www.tiktok.com/@jackie.wyers 

❣PINTEREST: https://www.pinterest.ca/jackiewyers/

❣ VLOG CHANNEL: https://www.youtube.com/watch?v=nZgnE1mtIpA&t=19s

If you are reading this... comment the
🗝POP CULTURE
PASSWORD🗝
STEFUSSY ♾️ 

p r o d u c t s    u s e d: 
Recreate 2010s TV Makeup Looks✨ 

CHARLOTTE TILBURY | Charlotte's Magic Cream
https://go.shopmy.us/p-17052778

VALMONT | Women's Deto2x Eye Cream
https://go.shopmy.us/p-17052915

CHARLOTTE TILBURY | Unreal Skin Sheer Glow Tint Hydrating Foundation Stick
https://go.shopmy.us/p-17052826

ARMANI | Luminous Silk Concealer - 4
https://go.shopmy.us/p-17052848

LAWLESS | Forget The Filler Overnight Lip Plumping Mask - Sweet Daisy
https://go.shopmy.us/p-17052932

MAKE UP FOR EVER | HD Skin All-In-One Face Palette
https://go.shopmy.us/p-17052872

BK BEAUTY | 101 Contoured Foundation Brush
https://go.shopmy.us/p-17052951

SAIE | Glow Sculpt - Mauveglow
https://go.shopmy.us/p-17052894

FLORASIS | Fairy Peach Blossom Pressed Powder (Porch Window Edition)
https://go.shopmy.us/p-17052884

MAC | Mineralize Blush - Warm Soul
https://go.shopmy.us/p-17053022

LAURA GELLER | Bravo Brows Soft Pencil + Brush - Dark Brown
https://go.shopmy.us/p-17052996

RARE BEAUTY | Positive Light Liquid Luminizer Highlight - Enlighten
https://go.shopmy.us/p-17053064

DIOR | Women's 5 Couleurs Eyeshadow Palette
https://go.shopmy.us/p-17053090

RÈPHR | Alexandra's Fav Eye Brushes Set
https://go.shopmy.us/p-17056648

lilybyred AM9 To PM9 Survival Penliner 
https://go.shopmy.us/p-17053104

MAKE UP FOR EVER | Artist Color Pencil
https://go.shopmy.us/p-17053173

MAC | Stack Elevated Mascara
https://go.shopmy.us/p-17053233

VELOUR BEAUTY | Velour-Xtensions Self-Stick Lash Clusters
https://go.shopmy.us/p-17053255

CHARLOTTE TILBURY | Charlotte's Iconic Lip Liner Lip Cheat Trio
https://go.shopmy.us/p-17053314

HOURGLASS | Girl Lip Stylo - Leader
https://go.shopmy.us/p-17053387

shop similar:
ARMANI | Prisma Glass Lip Gloss - Berry Beam
https://go.shopmy.us/p-17053863

CHANEL | N°5 Eau de Parfum
https://go.shopmy.us/p-17056813

MAYBELLINE | Fit Me Matte + Poreless Liquid Foundation - Warm Nude
https://go.shopmy.us/p-17265509

SHEGLAM Like Magic 12Hr Full Coverage Concealer
https://go.shopmy.us/p-17404695

SHEGLAM Sun Beam Shimmer Liquid Bronzer
https://go.shopmy.us/p-17265533

SHEGLAM Color Bloom Liquid Blush Matte Finish-Love Cake
https://go.shopmy.us/p-17404830

REVLON | Photoready Finisher Pressed Powder
https://go.shopmy.us/p-17404858

L'OREAL PARIS | Brow Stylist Definer
https://go.shopmy.us/p-17404870

wet n wild Color Icon Cream Eyeliner Eyeshadow Multi-Stick - Champagne Room
https://amzn.to/3Z3nlVI

MAYBELLINE | The Blushed Nudes Eye Shadow
https://go.shopmy.us/p-17405085

MAC | Eye Kohl Eyeliner - Smolder
https://go.shopmy.us🗝️p-17405159

L'OREAL PARIS | Voluminous Original Mascara
https://go.shopmy.us/p-17405205

MAKE UP FOR EVER | Artist Color Pencil - Endless Cacao
https://go.shopmy.us/p-17405231

(similar dupe)
REVLON | Colorstay Micro Brow Pencil (Soft Brown) 
https://go.shopmy.us/p-17405511

Maybelline Baby Lips Pink Punch
https://amzn.to/43ethxE

COLOURPOP New Moon Collection
https://go.shopmy.us/p-17405855

ARDELL | Naked Lash Clusters 437
https://go.shopmy.us/p-17405911 

Disclaimer: Not sponsored but I was gifted the Teddy Blake purse a couple months ago and wanted to share! I do make a small commission if you shop the links I've listed for easy shopping at no extra cost to you. All opinions are my own :)",1043,52399,2696,172,2025-05-05T19:48:34Z,Howto & Style,2010s tv protagonist makeup|2010 protagonist makeup|2010 protagonist makeup tutorial|2010 protagonist makeup tiktok|tv makeup tutorial|blair waldorf makeup|blair waldorf makeup tutorial|gossip girl|2010 nostalgia|TVD|the vampire diaries|Elena gilbert|Elena gilbert makeup tutorial|Elena gilbert makeup|2010s|2010s tv shows|pop culture|Jackie Wyers|teddy Blake|teddy Blake purse|blair waldorf|nina dobrev makeup the vampire diaries|teddy blake handbags,Jackie Wyers,@jackiewyers,UCF8jAZoTZBReXwoj8vu9HWA,981000,686,False,beauty,video,https://www.youtube.com/watch?v=jKXGlwYJTTk,en,2026-09-11
xIb8FILMYtk,90s SUPERMODEL Makeup Tutorial💄 I Did My Makeup Like the Year I Was Born,"Let's try '90s supermodel makeup from a 1995 Cindy Crawford photoshoot with iconic 90s products that you can still buy today! Love my gold hoops? Shop my favorite long-lasting and affordable jewelry👉 https://shop.analuisa.com/fu-jackiewyers #analuisany 

Recreating an iconic 90s Makeup look with vintage products and some Revlon lipsticks! Join me as I channel my inner 90s supermodel and try out this tutorial. This look features swatches of some of the best Revlon lipsticks! Soft smokey eyes with neutral / warm browns, a warm lip shade and peachy cheeks. We use some vintage makeup from the 1990’s, from Clinque, MAC and swatch iconic 90s Revlon lipsticks! Thumbs up if you enjoy another Time Travel Tutorial & and tag me if ya try it out! xo 

#90sMakeup #CindyCrawford #BirthYear 

Testing 90s products  / how to transform into a 90s supermodel timestamps💋 
0:00 Makeup Like The Year You Were Born Trend
0:40 Ana Luisa Haul! 90s Hoops
2:00 Clinique Dramatically Different + MAC Studio Fix Foundation
5:09 Pamela Anderson 90s Makeup
5:40 Soft Smokey Eye
7:18 Brown Liner
8:00 L'Oreal Paris Voluminous Original Mascara
8:57 MAC Spice Lip Liner
9:56 Big 90s Hair, Don't Care!
10:14 my tutorial from 9 years ago 😮 
10:50 Iconic 90s revlon lipsticks SWATCHED
10:53 Revlon Coffee Bean Lipstick Swatch
11:09 Revlon Rosewine Lipstick Swatch
11:28 Revlon Toast of New York Lipstick Swatch
11:50 Revlon Rum Raisin Lipstick Swatch
12: 14 Revlon Vampire Love Lipstick Swatch
12: 28 Revlon Black Cherry Lipstick Swatch

🔗 All products are linked below! 

On my channel find iconic POP CULTURE beauty moments and how to re-create the look on yourself! The goal of my tutorials is to teach practical makeup & hair tips and tricks so you can Switch Up Your Style With Confidence while celebrating what you love. 

For new 🍿POP CULTURE🍿 & 🎀VINTAGE VIBES🎀 tutorials - subscribe so you don’t miss an upload every week & tag me if you try out a look so I can feature you in my next upload! xo Jackie

m y   m a i n     l i n k s : 
❣ INSTAGRAM: http://instagram.com/jackiewyers

❣TIKTOK: https://www.tiktok.com/@jackie.wyers 

❣PINTEREST: https://www.pinterest.ca/jackiewyers/

❣ VLOG CHANNEL: https://www.youtube.com/watch?v=nZgnE1mtIpA&t=19s

If you are reading this... comment the
🗝POP CULTURE
PASSWORD🗝
CIndy Crawford is such a babe! 💞 

p r o d u c t s    u s e d:
CLINIQUE | Travel Size Dramatically Different™ Moisturizing Gel for Face
https://go.shopmy.us/p-16063345

MAC | Studio Fix Fluid SPF 15 24hr Matte Foundation & Oil Control  (the compact version was what was popular in 1995, but I much prefer this formula!)
https://go.shopmy.us/p-16063523

MAKE UP FOR EVER | HD Skin All-In-One Face Palette
https://go.shopmy.us/p-16063589

COVERGIRL | Clean Fresh Pressed Powder - Translucent
https://go.shopmy.us/p-16063641

KEVYN AUCOIN | The Sculpting Powder
https://go.shopmy.us/p-16063692

Making Faces Beauty Book by Kevyn Aucoin  https://amzn.to/3YsAXtq

MAC | Powder Blush - Peaches
https://go.shopmy.us/p-16063905

APRIL EYE CONTACTS: code: Jackie10
link: https://www.aprileye.com?aff=4649

Fave High End Brushes RÈPHR | Alexandra's Fav Eye Brushes Set
https://go.shopmy.us/p-16072612

E.L.F. COSMETICS | The New Classics Eyeshadow Palette
https://go.shopmy.us/p-16064029

MAKE UP FOR EVER | Artist Color Pencil - Limitless Brown
https://go.shopmy.us/p-16064085

L'OREAL PARIS | Voluminous Original Mascara
https://go.shopmy.us/p-16064113

VELOUR BEAUTY | Velour x C Gonzalez Beauty Self-Stick Lash Clusters
https://go.shopmy.us/p-16064144

MAC | Lip Pencil - Spice
https://go.shopmy.us/p-16064213

MAC | Clear Lipglass
https://go.shopmy.us/p-16064258

ONE/SIZE Cheek Clapper Blush Trio
https://go.shopmy.us/p-16064926

REVLON | Super Lustrous Lipstick #300 Coffee Bean
https://go.shopmy.us/p-16065292

REVLON | Super Lustrous Lipstick #225 Rosewine 
https://amzn.to/3RK69Rc

REVLON | Super Lustrous Lipstick #325 Toast of New York 
https://go.shopmy.us/p-16064957

REVLON | Super Lustrous Lipstick #535 Rum Raisin 
https://go.shopmy.us/p-16065404

REVLON | Super Lustrous Lipstick #777 Vampire Love (new shade, but I thought was a good between from rum raisin to black cherry!)
https://go.shopmy.us/p-16065602

REVLON | Super Lustrous Lipstick #477 Back Cherry
https://go.shopmy.us/p-16065651

Disclaimer: A portion of this video was sponsored by Ana Luisa, I thought these hoops were perfect for this video concept and love their jewlery. I do make a small commission if you shop the links I've listed for easy shopping at no extra cost to you. All opinions are my own :)",829,45821,2433,286,2025-04-12T23:58:34Z,Howto & Style,90s makeup|1995 makeup tutorial|cindy crawford makeup|90s supermodel makeup|revlon lipstick 90s|soft smokey eye tutorial|mac peaches blush|kevyn aucoin contour|vintage makeup tutorial|90s glam|time travel tutorial|brown lip makeup 90s|nostalgic makeup trends|Jackie Wyers|jackie wyerse 90s|90s revlon lipsticks|90s revlon lipstick swatches|Doing My Makeup As The Year I Was Born|90s makeup look|revlon|cindy crawford|revlon super lustrous lipstick|vintage,Jackie Wyers,@jackiewyers,UCF8jAZoTZBReXwoj8vu9HWA,981000,686,False,beauty,video,https://www.youtube.com/watch?v=xIb8FILMYtk,en,2026-09-11
YQvquT-XTSQ,ISLAND GIRL makeup tutorial🌺 Sun-Kissed Glow for Summer!,"ISLAND GIRL MAKEUP TUTORIAL🌺🥥🌴 Whether you're jetting off for spring break, headed to a tropical island, or just manifesting vacation vibes from home, this Island Girl makeup look blends SPF-protected, tanned skin with fruity tones and sun-kissed warmth. Inspired by the viral Island Girl beauty trend, this is an elevated “no makeup” makeup routine that’s perfect for beach days, pool parties, or a get ready with me spring break moment. I’m sharing my personal step-by-step tutorial that you can tweak for any skin tone for that effortless, radiant glow. Would you wear this look? The pink look is giving y2k coconut girl aesthetic!🌺

#IslandGirlMakeup #SpringBreak #CoconutGirl

Love the hair extensions? They were gifted by IRRESISTIBLE ME, I have the Invisible Clip-In Hair Extensions Light Brown.  https://www.irresistibleme.com/?rfsn=7561151.e880d1
personalized discount code: IM_JackieWyers for 10% off 

 Super lightweight and easy to style! @IrresistibleMeCom 
#irresistiblemehairextensions #irresistiblemehair #hairextensions

Curling Iron used, T3 | Singlepass Curl Professional Curling Iron - 1.25”
https://go.shopmy.us/p-1990853

Don't forget to subscribe & put those post notifications xo :) 

 timestamps 🥥 
0:00 Island Girl Makeup Inspiration
0:50 Mermaid Hair 🐚 
1:50 Code IM_JACKIEWYERS for 10% off Irrisistibleme.com
2:00 Supergoop! Glow Screen (a favorite!)
2:45 Island Girl Makeup Tutorial
8:06 SPF Favorites! Vacation Sunscreen & Supergoop!
9:01 Vacation Outfits & spring break vlog 🌴 
11:50 Favorite Curling Iron for Beachy Waves

Like my vacation outfits? I shopped super last minute from @revolve  so I could have a couple new dresses in time!
Green mini dress: Kristen Halter Mini Dress https://go.shopmy.us/p-15414278
Red maxi dress: MORE TO COME | Frankie Maxi Dress https://go.shopmy.us/p-15414297
Sparkly set: Superdown | Fifa Maxi Set https://go.shopmy.us/p-15414348

Full SPRING BREAK 2025 / TULUM TRAVEL VLOG 2025🌿🦜 KAN Hotel, Beach Clubs & Shopping! Spring Break VLOG🌮  https://www.youtube.com/watch?v=XlRsyM0q6KU&t=622s

Check out the KAN TULUM hotel review/ booking here: https://plannin.com/en/hotel/10671d10-cca2-45d1-a73a-039010a15ddd?refId=jackiewyers

For a true, no-makeup makeup look if that’s more your vibe, throwback to the iconic Brooke Shields Blue Lagoon tutorial!
https://www.youtube.com/watch?v=yC8Sf9U3Aww&t=3s

Tag me on IG & Tiktok if you try out this look using this tutorial, so I can feature you in my next video! 🏝️ 

all products used🌿🦜
always wearing olive & june medium almond glue ons!
https://go.shopmy.us/p-15528789

amazon flowers: https://amzn.to/426vB88

COCO & EVE | Sunny Honey Bali Bronzing Foam - Dark
https://go.shopmy.us/p-15525348
JACKIE15 for 15% off!

SUPERGOOP! | Glowscreen SPF 40 Golden Hour 
https://go.shopmy.us/p-15524332

ARMANI | Luminous Silk Concealer - 4
https://go.shopmy.us/p-15524360

BK BEAUTY | 101 Contoured Foundation Brush
https://go.shopmy.us/p-15524453
JACKIE10 for 10% off

MAKEUP BY MARIO | Soft Sculpt Shaping Stick
https://go.shopmy.us/p-15524477

One/size By Patrick Starrr  Cheek Clapper 3d Blush Trio Palette
https://go.shopmy.us/p-15524440

MAKE UP FOR EVER 
Artist Color Pencil Longwear Lip Liner Endless Cacao 
https://go.shopmy.us/p-15524659

FLORASIS | Flawless Jade Breathable Setting Powder
https://go.shopmy.us/p-15524461

BENEFIT COSMETICS | Precisely, My Brow Detailer Waterproof Eyebrow Pencil
https://go.shopmy.us/p-15524745

BENEFIT COSMETICS | Hoola Caramel Matte Bronzing Powder
https://go.shopmy.us/p-15524499

MAKEUP BY MARIO | Master Mattes Eyeshadow Palette
https://go.shopmy.us/p-15524858

MAKE UP FOR EVER 
Artist Color Pencil Longwear Lip Liner Limitless Brown
https://go.shopmy.us/p-15524713

MAC | MACStack Waterproof Mascara
https://go.shopmy.us/p-15524890

HUDA BEAUTY | Waterproof Lash Glue
https://go.shopmy.us/p-15524939

ARDELL LASHES | Ardell Naked Lash 424
https://go.shopmy.us/p-15524961

NARS | Afterglow Liquid Blush - Orgasm Rush
https://go.shopmy.us/p-15525023

Supergoop! 
(Re)setting 100% Mineral Powder SPF 35 Mineral 
https://go.shopmy.us/p-15525153

MAC | Mini Prep + Prime Fix+ Primer And Setting Spray
https://go.shopmy.us/p-15525168

VACATION | Classic Lotion SPF 30
https://go.shopmy.us/p-15526518

m y m a i n l i n k s : 
❣ INSTAGRAM: http://instagram.com/jackiewyers 
❣TIKTOK: https://www.tiktok.com/@jackie.wyers 
❣PINTEREST: https://www.pinterest.ca/jackiewyers/ 
❣ VLOG CHANNEL: https://www.youtube.com/watch?v=XlRsyM0q6KU&t=622s

If you are reading this... comment the
🗝POP CULTURE
PASSWORD🗝
canadian girl serving island girl vibes 🥥 

Disclaimer: Not sponsored! Some products were gifted like the extensions and one/size beauty blush through PR but all opinions are my own. I always try to use the best products to recreate the look.",862,26919,1438,107,2025-04-04T14:16:43Z,Howto & Style,island girl makeup|island girl makeup tutorial|coconut girl aesthetic|coconut girl makeup|glowy summer makeup|beach vacation makeup|makeup for warm weather|bronzed makeup tutorial|island girl aesthetic|SPF makeup tutorial|island girl TikTok trend|glowy natural makeup|Jackie Wyers|blue lagoon|island girl|summer makeup|glowy makeup|easy makeup|summer makeup tutorial|beach makeup|natural makeup|natural makeup tutorial|makeup tutorial|makeup tips,Jackie Wyers,@jackiewyers,UCF8jAZoTZBReXwoj8vu9HWA,981000,686,False,beauty,video,https://www.youtube.com/watch?v=YQvquT-XTSQ,en,2026-09-11
7GJ7AVSrfyI,ICONIC Marilyn Monroe Makeup Tutorial🧡 Ultimate 1950s Glam!,"Hey, it's Jackie Wyers & welcome back for How To Do Marilyn Monroe’s Makeup! Who doesn't love Marilyn Monroe's iconic orange dress moment in Gentlemen Prefer Blondes (1953)?! It's the ultimate Old Hollywood glam! 

Join me as I attempt to recreate Marilyn’s sleepy eyes, arched brows, and 3D red lips. We use some vintage makeup tips from Allan “Whitey” Snyder, Marylin’s legendary makeup artist, while using modern products to get the look. Thumbs up if you enjoy another Time Travel Tutorial & this would be a fabulous Marilyn Monroe Halloween costume, or use these tips into your beauty routine & make it your own! xo 

#MarilynMonroe #MarilynMonroeMakeup #VintageVibes 

If you have more tips I should try / a different iconic Marilyn look - let me know! I had lots of fun with this one🧡 If you are looking for a Marilyn Monroe Orange Dress Replica : https://go.shopmy.us/p-15046971

Another iconic 50s dress:
AW BERENICE DRESS (Looks like Grace Kelly’s iconic blue dress!) @aw.bridal 
www.awbridal.com - try code Jaclyn15 for 15% 
https://go.shopmy.us/p-15084229 

Testing Marilyn Monroe's Makeup Hacks / how to transform into Marilyn Monroe Timestamps💋 
0:00 Marilyn Monroe in Gentlemen Prefer Blondes Inspiration 
0:43 Marilyn Monroe Orange Dress 
1:00 Grace Kelly Iconic Blue Gown?! AW Bridal Berenice Dress 
3:20 Swap bronzer for blush (apples → temples → forehead)
3:40 Swap Vaseline for a dew balm (modern upgrade for makeup lovers!)
4:20 Arched brows
5:20 Taupe contour (not bronzer!) for her doll nose
6:20 Marilyn Monroe Bedroom Eye Makeup
7:40 Marilyn Monroe Eyeliner 
8:50 Outer Corner/ demi lashes
9:12 try at least 2 red lipsticks + gloss for her bold, Technicolor pout!
11:14 modern vintage inspired products!

🔗 All products are linked below! 

On my channel find iconic POP CULTURE beauty moments and how to re-create the look on yourself! The goal of my tutorials is to teach practical makeup & hair tips and tricks so you can Switch Up Your Style With Confidence while celebrating what you love. 

For new 🍿POP CULTURE🍿 & 🎀VINTAGE VIBES🎀 tutorials - subscribe so you don’t miss an upload every week & tag me if you try out a look so I can feature you in my next upload! xo Jackie

m y   m a i n     l i n k s : 
❣ INSTAGRAM: http://instagram.com/jackiewyers

❣TIKTOK: https://www.tiktok.com/@jackie.wyers 

❣PINTEREST: https://www.pinterest.ca/jackiewyers/

❣ VLOG CHANNEL: https://www.youtube.com/watch?v=nZgnE1mtIpA&t=19s

If you are reading this... comment the
🗝POP CULTURE
PASSWORD🗝
Marilyn Monroe is the ultimate icon! 🧡 

p r o d u c t s    u s e d:
CHARLOTTE TILBURY | Charlotte's Magic Cream
https://go.shopmy.us/p-14410061

SHEGLAM Complexion Pro Long Lasting Breathable Matte Foundation
https://go.shopmy.us/p-14410091

MAKE UP FOR EVER | HD Skin Cream Contour & Highlight Sculpting Palette
https://go.shopmy.us/p-14410138

FLORASIS | Flawless Jade Breathable Setting Powder - Lavender
https://go.shopmy.us/p-15082084

BENEFIT COSMETICS | Terra Golden Brick-Red Blush
https://go.shopmy.us/p-15082156

DANESSA MYRICKS | Dew Wet Balm
https://go.shopmy.us/p-14410797

CHARLOTTE TILBURY | Beauty Light Wand - Spotlight
https://go.shopmy.us/p-14411148

LAURA GELLER | Bravo Brows Soft Pencil + Brush - Blonde
https://go.shopmy.us/p-15082294

MAKEUP BY MARIO | Master Mattes Eyeshadow Palette: The Neutrals
https://go.shopmy.us/p-14410910

RÈPHR | Alexandra's Fav Eye Brushes Set
https://go.shopmy.us/p-15089173

KIMCHIC BEAUTY Jumbo Queen - 01 Coconut
https://go.shopmy.us/p-15082444

lilybyred AM9 To PM9 Survival Penliner 
https://go.shopmy.us/p-15082934

FENTY BEAUTY | Diamond Bomb All-Over Diamond Veil
https://go.shopmy.us/p-15082509

MAKE UP FOR EVER | Artist Color Pencil - All Around White
https://go.shopmy.us/p-14410944

MAC | MACstack Mascara
https://go.shopmy.us/p-14411163

MAC | Lip Pencil - chestnut
https://go.shopmy.us/p-15083031

COLOURPOP Lippie Stix
Poison - Matte Brick Red & Jam Sesh - True blue red

MAYBELLINE | Lifter Gloss Plumping Lip Gloss With Hyaluronic Acid in Pearl
https://go.shopmy.us/p-15083438

CHARLOTTE TILBURY | Airbrush Flawless Setting Spray
https://go.shopmy.us/p-15083486

MADAME LEMY Rose Powder
Code JACKIE you get 15%
https://go.shopmy.us/p-15083703

Disclaimer: Not sponsored! I do make a small commission if you shop the links I've listed for easy shopping at no extra cost to you. Some products have been gifted through PR over time, like Charlotte Tilbury, Colourpop & Madame Lemy.  All opinions are my own :)",753,116083,5244,281,2025-03-27T15:21:13Z,Howto & Style,How To Do Marilyn Monroe’s Eye Look|How To Do Marilyn Monroe’s Makeup|Testing Marilyn Monroe's Makeup Hacks|Marilyn Monroe|Marilyn Monroe Makeup|Marilyn Monroe Makeup Tutorial|Marilyn Monroe Real Makeup|Marilyn Monroe Gentlemen Prefer Blondes|Marilyn Monroe red lips|Marilyn Monroe Eyeliner|Marilyn Monroe orange dress|Jackie Wyers|Jackie Wyers makeup|Old Hollywood|1950s|marilyn monroe tutorial|makeup tutorial|50s|makeup tips|marilyn monroe makeup secrets,Jackie Wyers,@jackiewyers,UCF8jAZoTZBReXwoj8vu9HWA,981000,686,False,beauty,video,https://www.youtube.com/watch?v=7GJ7AVSrfyI,en,2026-09-11
iEzTWXaW5p0,TURKISH DELIGHT MAKEUP🎀 Türkan Şoray Makeup Tutorial🇹🇷,"Hey, it’s Jackie Wyers! Welcome back for the latest viral makeup look, dubbed “TURKISH DELIGHT” makeup! Inspired by the stunning Türkan Şoray, let’s recreate this vintage glam from the 1970s. If you tru out these doll-like eyes, blushy pink cheeks, and stunning pink lip combo using my tutorial as a guide, be sure to tag me! I love to share your posts 🎀 vintage vibes forever! 

#TurkishDelightMakeup #TürkanŞoray #TimeTravelTutorials

If you want to recreate this iconic vintage look, grab some Turkish Delights, your makeup kit, and get glam with me with this Turkish makeup look!

🔗 All products are linked below! 

Don't forget to subscribe :)

timestamps🎀
0:00 Latest Viral beauty trend: ""Turkish Delight Makeup”
0:12 Türkan Şoray Makeup Inspiration

On my channel find iconic POP CULTURE beauty moments and how to re-create the look on yourself! The goal of my tutorials is to teach practical makeup & hair tips and tricks so you can Switch Up Your Style With Confidence while celebrating what you love. 

For new 🍿POP CULTURE🍿 & 🎀VINTAGE VIBES🎀 tutorials - subscribe so you don’t miss an upload every week & tag me if you try out a look so I can feature you in my next upload! xo Jackie

m y   m a i n     l i n k s : 
❣ INSTAGRAM: http://instagram.com/jackiewyers

❣TIKTOK: https://www.tiktok.com/@jackie.wyers 

❣PINTEREST: https://www.pinterest.ca/jackiewyers/

❣ VLOG CHANNEL: https://www.youtube.com/watch?v=nZgnE1mtIpA&t=19s

If you are reading this... comment the
🗝POP CULTURE
PASSWORD🗝
Mmm, Turkish Delight🎀 

p r o d u c t s    u s e d:
CHARLOTTE TILBURY | Charlotte's Magic Cream
https://go.shopmy.us/p-13639678

R.E.M. BEAUTY | Cooling Blurring Undereye Balm
https://go.shopmy.us/p-12914010

SHEGLAM Sunburst Glow Mixer
https://go.shopmy.us/p-13639813

ARMANI | Armani Beauty Luminous Silk Natural Glow Foundation
https://go.shopmy.us/p-13639662

MAKE UP FOR EVER | HD Skin All-In-One Face Palette
https://go.shopmy.us/p-13581949

CHARLOTTE TILBURY | Beauty Light Wand - Spotlight
https://go.shopmy.us/p-13639799

L'OREAL PARIS | Brow Stylist Shape and Fill Pencil
https://go.shopmy.us/p-13639710

FENTY BEAUTY | Invisimatte Instant Setting + Blotting Powder
https://go.shopmy.us/p-13639831

SHEGLAM Jelly Wow Hydrating Lip Oil
https://go.shopmy.us/p-13647399

MAKEUP BY MARIO | Master Mattes Eyeshadow Palette: The Neutrals
https://go.shopmy.us/p-13581971

PATRICK TA | Major Dimension Eye Illusion Eyeshadow Duo
https://go.shopmy.us/p-13581987

LAWLESS | Easy Eyes Ultra Precise Liquid Liner
https://go.shopmy.us/p-13582005

MAC | MACstack Mascara
https://go.shopmy.us/p-13639890

KISS | My Lash But Better False Eyelashes Collection
https://go.shopmy.us/p-13640019

COLOURPOP | Bff2
https://go.shopmy.us/p-13640076

Lip Vault
https://go.shopmy.us/p-13640245

Disclaimer: Not sponsored! I do make a small commission if you shop the links I've listed for easy shopping at no extra cost to you. All opinions are my own :)",643,109197,5302,272,2025-02-25T22:40:08Z,Howto & Style,TURKISH DELIGHT MAKEUP🎀 Türkan Şoray Makeup Tutorial🇹🇷|turkish delight|turkish delight makeup|turkish delight makeup tutorial|Turkish delight tiktok|turkish delight makeup trend|turkan soray|turkan soray makeup|turkan soray makeup tutorial|how to do turkan soray makeup|Jackie Wyers|Jackie Wyers 60s|60s makeup tutorial|70s makeup tutorial|turkan soray eye makeup|turkan soray eyeliner|🇹🇷 🎀 turkish delight makeup tutorial🎀 🇹🇷 #türkanşoray|60s makeup,Jackie Wyers,@jackiewyers,UCF8jAZoTZBReXwoj8vu9HWA,981000,686,False,beauty,video,https://www.youtube.com/watch?v=iEzTWXaW5p0,en,2026-09-11
-4V9cWxRtQE,ARIANA GREENBLATT inspired makeup tutorial🪵 🌰🐻 + my WINTER Skincare,"Welcome back for this IT GIRL Warm & Toasty Makeup tutorial!🪵 🌰🐻  Inspired by Gen Z it-girl Ariana Greenblatt - let's get warm, bronzed tones on the skin, a touch of cinnamon on the eyes with chocolatey, toasted lips.  I'm working with iRESTORE to show you my favorite LED mask, the Illumina Face Mask to keep my skin clear & youthful! Use code JACKIEWYERS here: https://glnk.io/3vwz1/jackiewyers

#WarmAndToasty #ViralMakeup #WinterSkincare 

Elevate your skincare with iRestore:
Illumina Face Mask: https://go.shopmy.us/p-12145471

0:00 Ariana Greenblatt Makeup Inspiration
0:37 iRestore Illumina Face Mask Routine (loves it)
2:26 Warm & Toasty Makeup Tutorial 
4:22 Best Bronzers for Olive Skin
6:33 Simple Eyes
8:42 Gen Z Lips baby
10:58 Some Cozy Winter Faves (Replica By The Fireplace)
11:06 Summer Friday Lip Butter

This mask target wrinkles, dark spots, inflammation, and acne simultaneously with the world's first triple-wavelength LED face mask for home use! Super lightweight, comfortable and effective ❤️🩷🩵 It's one of my favorite skincare devices ever & I've been able to keep it up because it's so convenient and comfortable. 

all makeup products mentioned:
I was inspired by  @LilaChilds  on ⏰ & loved her rendition of ""warm & toasty"" hot girl makeup, so here's the products I'd choose for a similar look, focused more on Ariana Greenblatt's look!

CHARLOTTE TILBURY | Charlotte's Magic Cream https://go.shopmy.us/p-12142785

SHEGLAM | Sunburst Glow Mixer
https://go.shopmy.us/p-12142892

ARMANI | Luminous Silk Perfect Glow Flawless Foundation
https://go.shopmy.us/p-12142934

Tanielle Jai Bronzour Sun-Kissed Sculpt Cream
https://go.shopmy.us/p-12143717

ARMANI | Luminous Silk Concealer
https://go.shopmy.us/p-12143774

CHARLOTTE TILBURY | Charlotte's Genius Magic Powder
https://go.shopmy.us/p-12145219

HOURGLASS | Ambient Lighting Edit - Dragon Color Palette
https://go.shopmy.us/p-12143815

BENEFIT COSMETICS | Precisely, My Brow Pencil
https://go.shopmy.us/p-12143871

BENEFIT COSMETICS  Hoola Bronzer 
https://go.shopmy.us/p-12143985

WONDERSKIN | Iykyk Eyeshadow Stick
https://go.shopmy.us/p-12144027

WONDERSKIN 1440 Longwear Eyeliner
https://go.shopmy.us/p-12144080

MAC | MACstack Mascara
https://go.shopmy.us/p-12144122

MAKE UP FOR EVER | Artist Color Pencil Extreme Waterproof Lip Liner - Dimensional Dark Brown
https://go.shopmy.us/p-12144164

COLOURPOP | Ziggie Matte Lippie Stix
https://go.shopmy.us/p-12144233

ISO-CHIC DIY Cluster Lashes
https://go.shopmy.us/p-12144332

WARM & TOASTY inspired haul!

MAISON MARGIELA | Replica By The Fireplace Eau de Toilette
https://go.shopmy.us/p-12144410

SUMMER FRIDAYS | Lip Butter Balm
https://go.shopmy.us/p-12144436

UNHIDE Marshmallow Blanket
 https://go.shopmy.us/p-12144883

Disclaimer: A portion of today’s video is sponsored by iRESTORE! I love LED masks, especially to target fine lines and acne and have not had any ""anti-aging"" procedures and love the results of red-light therapy! Links affiliated meaning any purchase made through them earns me a very small commission that I use towards props for the channel. Thanks for the support and for watching!",827,22015,1170,73,2025-02-19T20:45:49Z,Howto & Style,it girl makeup|Ariana greenblatt|Ariana greenblatt makeup tutorial|Ariana greenblatt makeup|warm and toasty|warm and toasty makeup|warm and toasty makeup tutorial|winter makeup|winter skincare|irestore|red light therapy|Illumina Face Mask|irestore illumina face mask|Jackie Wyers|Jackie Wyers makeup|Jackie Wyers makeup tutorial|90s makeup|modern 90s makeup|brown eye makeup|90s lip combo|Kendall jenner makeup|Kendall jenner makeup tutorial,Jackie Wyers,@jackiewyers,UCF8jAZoTZBReXwoj8vu9HWA,981000,686,False,beauty,video,https://www.youtube.com/watch?v=-4V9cWxRtQE,en,2026-09-11
Y57WNfUjOAE,SNOW WHITE Makeup Tutorial 🍎 Live Action Disney Princess Glam,"Hey, it’s Jackie & welcome back for a Disney princess-inspired tutorial—this time, I’m bringing Snow White to life🍎✨I was inspired by the viral AI Snow White edits, the classic Disney animation, and a touch of Old Hollywood glamour to create this porcelain-doll-inspired look. What do you think?

#SnowWhite #DisneyPrincessStyle #LiveActionSnowWhite

From the flawless full-coverage base to the signature bold red lip, I wanted to blend vintage beauty with modern techniques while keeping that iconic Snow White essence. If you want to see some of the AI inspiration, the 50s-style trailer by  @abandonedfilms   edits from @simphonies1 on Instagram—they capture such a dreamy, classic feel! https://www.instagram.com/p/C-pGaqOy8S6/

I know AI is a negative for some, but I genuinely found the imagery so inspiring and wanted to give credit to the inspos. Ps. Stay tuned until the end of the video for a Snow White-inspired haul, featuring the House of CB Dana Navy Corset, the most whimsical purses and accessories from Fable England, and a look at the new Disney ✖ Pandora princess rings (I’m obsessed). Plus, who else is excited for the Bath & Body Works princess collection?!

Let me know in the comments if you’d love to see this become a series and which Disney princess I should recreate next! Also, what’s your favorite live-action Disney princess movie? I vote Cinderella—her blue ball gown is the dress of my dreams 💎 

🔗 All products are linked below! Tag me if you try this look—I’d love to see your recreations! 🍎 

Don't forget to subscribe :)

timestamps 💙 
0:00 Snow White & Disney Princess Inspiration

On my channel find iconic POP CULTURE beauty moments and how to re-create the look on yourself! The goal of my tutorials is to teach practical makeup & hair tips and tricks so you can Switch Up Your Style With Confidence while celebrating what you love. 

For new 🍿POP CULTURE🍿 & 🎀VINTAGE VIBES🎀 tutorials - subscribe so you don’t miss an upload every week & tag me if you try out a look so I can feature you in my next upload! xo Jackie

m y   m a i n     l i n k s : 
❣ INSTAGRAM: http://instagram.com/jackiewyers

❣TIKTOK: https://www.tiktok.com/@jackie.wyers 

❣PINTEREST: https://www.pinterest.ca/jackiewyers/

❣ VLOG CHANNEL: https://www.youtube.com/watch?v=nZgnE1mtIpA&t=19s

If you are reading this... comment the
🗝POP CULTURE
PASSWORD🗝
""released in 1938 - the oldest Disney Movie! 🍎""

p r o d u c t s    u s e d:
Black Wig I restyled: 
https://amzn.to/41107jx

SHEGLAM Complexion Pro Long Lasting Breathable Matte Foundation
https://go.shopmy.us/p-13172178

SHEGLAM Like Magic 12Hr Full Coverage Concealer
https://go.shopmy.us/p-13172279

Tanielle Jai | Bronzour Sun-Kissed Sculpt Cream
https://go.shopmy.us/p-13172295

L'OREAL PARIS | Brow Stylist Definer
https://go.shopmy.us/p-13172314

MERIT BEAUTY | Flush Balm Cream Blush - Rouge
https://go.shopmy.us/p-13126495

DIOR | Rouge Dior Lipstick - 999
https://go.shopmy.us/p-13198464

KimChi Chic Beauty Jumbo Queen
TRY NYX PROFESSIONAL MAKEUP https://go.shopmy.us/p-13172379

E.L.F. COSMETICS | The New Classics Eyeshadow Palette
https://go.shopmy.us/p-13172392

WONDERSKIN 1440 Longwear Eyeliner 
https://go.shopmy.us/p-13172505

VELOUR BEAUTY | Effortless Collection Lashes - Would I Lie
https://go.shopmy.us/p-13172517

PMD BEAUTY | Pmd Kiss System
https://go.shopmy.us/p-13172543

SHEGLAM Lip Facts Lip Liner 
https://go.shopmy.us/p-13172606

SHEGLAM Dynamatte Boom Long Lasting Matte Lipstick-I'm Risky
https://go.shopmy.us/p-13126507

SHEGLAM Dynamatte Boom Long Lasting Matte Lipstick -  It Takes Guts
https://go.shopmy.us/p-13126554

RARE BEAUTY | Positive Light Liquid Luminizer Highlight
https://go.shopmy.us/p-13199142

CHARLOTTE TILBURY Lip Lustre Red Vixen 
https://go.shopmy.us/p-13172654

House of CB Dana Navy Puff Sleeve Corset 
https://go.shopmy.us/p-13199246

FABLE ENGLAND | Swallow Locket Necklace
https://go.shopmy.us/p-13172674

FABLE ENGLAND | Running Bunny Saddle Bag
https://go.shopmy.us/p-13172703

FABLE ENGLAND | Cosy Bunny Stud Earrings
https://go.shopmy.us/p-13172822

Bath & Bodyworks x Disney Princesses Collection
https://go.shopmy.us/p-13199373

NINA RICCI  Nina Le Parfum
https://go.shopmy.us/p-13172882

Camilla V Neck Full Length Bias Slip Dress Once Upon A Time
https://go.shopmy.us/p-13172917

Pandora x Disney Rings:
https://go.shopmy.us/p-13248258

Disclaimer: Not sponsored, I was gifted the Fable England purses! I do make a small commission if you shop the links I've listed for easy shopping at no extra cost to you. All opinions are my own :)",880,50386,2230,207,2025-02-15T17:27:52Z,Howto & Style,Snow White|ai Snow White|ai Snow White trailer|disney Snow White|live action Snow White|Snow White makeup|AI Snow White vs. Live Action🍎 My Makeup Transformation💋|disney princess|Jackie Wyers|Snow White live action makeup|Snow White hair|Snow White beauty|Snow White makeup tutorial|Snow White cosplay|Snow White disney|Jackie Wyers makeup|how disney vs ai see Snow White|what if disney princesses were real|disney princess in real life|fable england haul,Jackie Wyers,@jackiewyers,UCF8jAZoTZBReXwoj8vu9HWA,981000,686,False,beauty,video,https://www.youtube.com/watch?v=Y57WNfUjOAE,en,2026-09-11
u4FXbGPpS-4,the ICONIC 2008 Victoria’s Secret Angel Makeup Tutorial🪽 Doutzen Kroes glam🎀,"Hey, it’s Jackie! Welcome back to another Victoria’s Secret Angel makeup tutorial – 2008 VS Fashion Show edition! ✨ If you're a Pinterest girly, you've definitely seen the iconic Doutzen Kroes close-up before she hit the VS runway - her silvery, glittery eyes, peachy nudee lips, and frosty highlighter are pure 2000s glam goals! Charlotte Tilbury did the makeup for this iconic show!

#VictoriasSecret #VictoriasSecretMakeup #2000saesthetic 

If you want to recreate this iconic Y2K Victoria’s Secret model makeup (perfect for Valentine’s Day soft glam 💖), grab your pink & white striped VS robe, your makeup kit, and get glam with me! Save this tutorial for your next **victoria secret makeup** moment and don't forget to add **bronzer** and **lipstick**!

MORE Victoria's Secret Inspired: ICONIC Adriana Lima Makeup💖🪽 2000s VS Angel GLAM for ROUND eyes! https://www.youtube.com/watch?v=a1abPjVe8ps&t=317s

Plus, stay tuned for a Victoria’s Secret haul and my first impression of the PMD Beauty PMD Kiss system—does it really make a difference? 🥹 You’ll have to let me know!

🔗 All products are linked below! Tag me if you try this look—I’d love to see your recreations! 💕

Don't forget to subscribe :)

timestamps🎀
0:00 Doutzen Kroes 2008 VSFS Makeup Inspo ❄️ 

On my channel find iconic POP CULTURE beauty moments and how to re-create the look on yourself! The goal of my tutorials is to teach practical makeup & hair tips and tricks so you can Switch Up Your Style With Confidence while celebrating what you love. 

For new 🍿POP CULTURE🍿 & 🎀VINTAGE VIBES🎀 tutorials - subscribe so you don’t miss an upload every week & tag me if you try out a look so I can feature you in my next upload! xo Jackie

m y   m a i n     l i n k s : 
❣ INSTAGRAM: http://instagram.com/jackiewyers

❣TIKTOK: https://www.tiktok.com/@jackie.wyers 

❣PINTEREST: https://www.pinterest.ca/jackiewyers/

❣ VLOG CHANNEL: https://www.youtube.com/watch?v=nZgnE1mtIpA&t=19s

If you are reading this... comment the
🗝POP CULTURE
PASSWORD🗝
VS Angel makeup never goes out of style 🪽 

p r o d u c t s    u s e d:
CHARLOTTE TILBURY | Charlotte's Magic Cream 
https://go.magik.ly/ml/26jpt/

R.E.M. BEAUTY | Cooling Blurring Undereye Balm
https://go.shopmy.us/p-12914010

R.E.M. BEAUTY | Lunar Magic Blurring Primer
https://go.shopmy.us/p-12914021

(I used it cosmetics bec i was out of my deeper shade of CT Beautiful skin! I prefer this for everyday - it cosmetics is great but higher coverage)

CHARLOTTE TILBURY | Charlotte's Beautiful Skin Foundation: https://go.shopmy.us/p-12914365

LAWLESS | LAWLESS Mini Forget the Filler Lip Primer: https://go.shopmy.us/p-12914204

MAKE UP FOR EVER | HD Skin All-In-One Face Palette: https://go.shopmy.us/p-12914257

FLORASIS | Flawless Jade Breathable Setting Powder
https://go.shopmy.us/p-12914638

L'OREAL PARIS | Brow Stylist Definer (Annabelle is in Canada & is my fav - otherwise L’Oreal is perf too1)
https://go.shopmy.us/p-12914518

MAKE UP FOR EVER | Artist Color Pencil - Endless Cacao
https://go.shopmy.us/p-12914537

SHEGLAM Glow Bloom Liquid Highlighter-Vanilla Frost
https://go.shopmy.us/p-12914699

TOO FACED | Natural Face Highlight, Blush and Bronzing Veil Face Palette
https://go.shopmy.us/p-12914775

similar: NYX PROFESSIONAL MAKEUP | Epic Wear Liner Stick
https://go.shopmy.us/p-12914944

MAYBELLINE | Maybelline the Blushed Nudes Eye Shadow
https://go.shopmy.us/p-12915188

PATRICK TA | Major Dimension Eye Illusion Eyeshadow Duo
https://go.shopmy.us/p-12915225

ETUDE HOUSE | Tear Eye Liner
https://go.shopmy.us/p-12915331

MAKE UP FOR EVER | Artist Color Pencil - Dimensional Dark Brown
https://go.shopmy.us/p-12915589

MAC | MACstack Mascara
https://go.shopmy.us/p-12915496

(Similar)
ARDELL LASHES | Ardell Naked Lash 424
https://go.shopmy.us/p-12915533

PMD BEAUTY | Pmd Kiss System
https://go.shopmy.us/p-12915677

COLOURPOP Cherry Bomb
https://go.shopmy.us/p-12915775

CHARLOTTE TILBURY | Collagen Lip Bath - Rosy Glow
https://go.shopmy.us/p-12915913

R.E.M. BEAUTY | Utmost Importance Plumping Lip Gloss
https://go.shopmy.us/p-12917028

VS Gloss
https://go.shopmy.us/p-12915932

VICTORIA'S SECRET
The Tour '23 Iconic Pink Stripe Robe
https://go.shopmy.us/p-12915933

UGG Classic Ultra Mini Platform Boots
https://go.shopmy.us/p-12916108

Tease Crème Cloud Eau de Parfum
https://go.shopmy.us/p-12916038

NEW LINGERIE SET - bought back when the new VSFS 2024 came out - on sale now!

(non padded - mine is but no longer available!)
Very Sexy
Stardust Embroidery Unlined Low-Cut Demi Bra
https://go.shopmy.us/p-12916743

Stardust Embroidery High-Leg V-String Panty
https://go.shopmy.us/p-12916220

Soulfeel Flip Book
https://go.shopmy.us/p-12916640

New Anthropologie PJs - Printed Henley Tank & Shorts
https://go.shopmy.us/p-12916968
https://go.shopmy.us/p-12916980

Disclaimer: Not sponsored! I do make a small commission if you shop the links I've listed for easy shopping at no extra cost to you. All opinions are my own :)",1093,280869,13441,257,2025-02-08T15:16:03Z,Howto & Style,victoria’s secret angel makeup tutorial|2008 VSFS makeup|doutzen kroes victoria’s secret makeup|victoria’s secret runway makeup tutorial|how to look like a victoria’s secret model|victoria’s secret model makeup step by step|glittery eye makeup tutorial|2008 victoria’s secret makeup look|iconic victoria’s secret model glam|silver glitter eyeshadow tutorial|angelic makeup tutorial|Jackie Wyers|Victoria secret signature makeup|vs angel|victoria's secret,Jackie Wyers,@jackiewyers,UCF8jAZoTZBReXwoj8vu9HWA,981000,686,False,beauty,video,https://www.youtube.com/watch?v=u4FXbGPpS-4,en,2026-09-11
lNX4OOqAn7Y,"LOW, MEDIUM & HIGH contrast makeup👱🏼‍♀️👩🏽👩🏻 GLAM makeup edition ft. SHEGLAM 💄","Hey, it’s Jackie & welcome back to part two of The Contrast Makeup Theory—glam makeup edition! This theory tailors makeup intensity to the natural contrast between your skin, hair, and eye color, creating a harmonious look…but let’s amp it up & create bold looks to try for each contrast levels! Let me know which look suits you! Thank you to ‪@sheglam_official‬  for partnering with me to showcase 3 affordable bold styles. 🔗 Shop SHEGLAM https://go.shopmy.us/p-11303100 💬  

Take my QUIZ to find out which contrast level you are: https://www.jackiewyers.beauty/quiz/contrast-makeup-theory

Timestamps:
0:00 Contrast Makeup Theory is a building block!💞 
0:44 SHEGLAM lippies!
1:51 Low Contrast Red Lip Makeup Tutorial👱🏼‍♀️💋
6:30 Medium Contrast Smokey Eye & Nude Lip Makeup Tutorial👩🏽👁️
13:30 High Contrast Romantic Goth Makeup Tutorial🥀👩🏻

#ContrastMakeupTheory #SHEGLAM #SHEGLAMPartner

This is a The ULTIMATE GUIDE to SHEGLAM Lip Products 2025 as I chose best of RED LIPS, NUDE LIPS & VAMPY LIPS in different formulas. All SHEGLAM products featured are cruelty-free, Leaping Bunny Certified, and under $10, making them perfect for everyday makeup, no matter your contrast level.

✨ Products Featured for Each Look:

👱🏼‍♀️💋LOW CONTRAST: GLAM EDITION💋👱🏼‍♀️

SHEGLAM Skinny Brow Pencil: https://go.shopmy.us/p-12463834
 💄 SHEGLAM Crystal Glaze Moisturizing Lip Care Set: https://go.shopmy.us/p-12463869
SHEGLAM Jazy Jigsaw Eyeshadow Palette-Hued In Nude: https://go.shopmy.us/p-12463851
SHEGLAM Sunburst Glow Mixer: https://go.shopmy.us/p-12463879
SHEGLAM Ez Glide Matte Eyeliner Pencil-Black: https://go.shopmy.us/p-12463852
 💄SHEGLAM Lip Facts Lip Liner - But First,Coffee:
https://go.shopmy.us/p-12463885
SHEGLAM Insta-Ready Face & Under Eye Setting Powder: https://go.shopmy.us/p-12463899
 💄SHEGLAM Dynamatte Boom Long Lasting Matte Lipstick -  It Takes Guts: https://go.shopmy.us/p-12464010
SHEGLAM Sun Beam Shimmer Liquid Bronzer: https://go.shopmy.us/p-12463880
 💄SHEGLAM Dynamatte Boom Long Lasting Matte Lipstick-Stronger Than Ever: https://go.shopmy.us/p-12464023
💄SHEGLAM Pout-Perfect Shine Lip Plumper-Berry Season: https://go.shopmy.us/p-12464046


👩🏽👁️MEDIUM CONTRAST: GLAM EDITION👁️👩🏽
SHEGLAM Full Coverage Foundation Balm-Nude: https://go.shopmy.us/p-12464079
SHEGLAM Sun Beam Shimmer Liquid Bronzer: https://go.shopmy.us/p-12464081
SHEGLAM Insta-Ready Face & Under Eye Setting Powder: https://go.shopmy.us/p-12464083
SHEGLAM Ez Glide Matte Eyeliner Pencil-Black: https://go.shopmy.us/p-12464091
SHEGLAM Jazy Jigsaw Eyeshadow Palette-Hued In Nude: https://go.shopmy.us/p-12464089
SHEGLAM Jazy Jigsaw Eyeshadow Palette (Mauve'ing On): https://go.shopmy.us/p-12464086
SHEGLAM Cheek 2 Cheek Blush Duo-Peach Juice: https://go.shopmy.us/p-12464103
SHEGLAM Lunar Glow Highlighter-Tea Cake: https://go.shopmy.us/p-12464117
💄SHEGLAM Jelly Wow Hydrating Lip Oil-Loco For Coco: https://go.shopmy.us/p-12464329
 💄SHEGLAM Lip Facts Lip Liner-Neutral : https://go.shopmy.us/p-12464344
 💄SHEGLAM Dynamatte Boom Long-Lasting Matte Lipstick-Encore Energy: https://go.shopmy.us/p-12464361
💄SHEGLAM Mirror Kiss High-Shine Lipstick-Own Your Shine: https://go.shopmy.us/p-12464392
💄SHEGLAM Pout-Perfect Shimmer Lip Plumper-Sugar Crystal: https://go.shopmy.us/p-12464416
 💄SHEGLAM Pout-Perfect Shine Lip Plumper-Sepia Kiss: https://go.shopmy.us/p-12464446

👩🏻🥀 HIGH CONTRAST MAKEUP: GLAM EDITION🥀👩🏻
SHEGLAM Complexion Pro Long Lasting Breathable Matte Foundation: https://go.shopmy.us/p-12464474
SHEGLAM Like Magic 12Hr Full Coverage Concealer: https://go.shopmy.us/p-12464501
SHEGLAM Sun Sculpt Liquid Contour-Clay: https://go.shopmy.us/p-12464522
SHEGLAM Insta-Ready Face & Under Eye Setting Powder: https://go.shopmy.us/p-12464470
SHEGLAM Live To Roam Palette: https://go.shopmy.us/p-12464534
SHEGLAM Ez Glide Matte Eyeliner Pencil-Black: https://go.shopmy.us/p-12464544
SHEGLAM Floral Flush Blush Palette: https://go.shopmy.us/p-12464584
💄SHEGLAM Jelly Wow Hydrating Lip Oil-Princess Vibe https://go.shopmy.us/p-12464623
💄SHEGLAM Dynamatte Boom Long Lasting Matte Lipstick-I'm Risky:
https://go.shopmy.us/p-12464632
💄SHEGLAM Mirror Kiss High-Shine Lipstick-Own Your Shine:
https://go.shopmy.us/p-12464661
 💄SHEGLAM Pout-Perfect Shine Lip Plumper-Hot Cocoa:
https://go.shopmy.us/p-12464706

Let me know which look was your favorite in the comments and what contrast level you think suits you best! 

If you are reading this... comment the 🗝POP CULTURE PASSWORD🗝 “Gigi, Mila & Romantic Goth vibes!”

#SHEGLAM
#SHEGLAMReview
#SHEGLAMLipplumper
#SHEGLAMLipstick
#SHEGLAMLipcare
#SHEGLAMLipliner
#SHEGLAMLipoil

Disclaimer: Thank you to SHEGLAM for partnering with me on this video and letting me showcase their versatile and affordable products while showcasing iconic glam looks to try!",1224,37872,1747,78,2025-02-05T20:02:16Z,Howto & Style,How to determine your contrast level for makeup|Contrast makeup theory explained|low contrast makeup tutorial|medium contrast makeup|medium contrast makeup tutorial|high contrast makeup|high contrast makeup tutorial|contrast makeup theory|Jackie Wyers|low medium high contrast makeup tutorial|Makeup tips for different contrast levels|Identifying your facial contrast for makeup|Contrast makeup filter TikTok|viral tiktok makeup|what is contrast makeup?|tiktok beauty,Jackie Wyers,@jackiewyers,UCF8jAZoTZBReXwoj8vu9HWA,981000,686,False,beauty,video,https://www.youtube.com/watch?v=lNX4OOqAn7Y,en,2026-09-11
HiushrUtBKU,Lily-Rose Depp #NOSFERATU Makeup & Hair Tutorial 🖤 Ellen Hutter No-Makeup Look & Updo 🕊️,"Hey, it's Jackie Wyers & welcome back for another pop culture transformation 🖤 Inspired by Lily-Rose Depp as Ellen Hutter in Robert Eggers' #Nosferatu (2024), this no-makeup makeup tutorial captures her hauntingly beautiful aesthetic. Learn how to achieve Ellen’s ethereal, gothic beauty on yourself with a natural barely-there look and her stunning rope-braided updo! 

 #nosferatu #lilyrosedepp #ellenhutter 

I was inspired by the incredible 2024 hair & makeup team: Makeup Designer Traci Loader & Hair Designer Suzanne Stokes Munton. Check out behind-the-scenes interviews linked in the video cards – they are fascinating!

✨ makeup products used to achieve this iconic touched by a Gothic Vampire look I pulled from my kit!
https://shopmy.us/collections/1193230

Don't forget to subscribe & put those post notifications xo :)

timestamps 🖤 
0:00 Lily-Rose Depp inspired no-makeup makeup
0:11 About Nosferatu
0:50 skin prep & base
2:50 full natural brows & tinted lids
4:12 lips & finishing touches
4:54 Rope braided updo

On my channel find iconic POP CULTURE beauty moments and how to re-create the look on yourself! The goal of my tutorials is to teach practical makeup & hair tips and tricks so you can Switch Up Your Style With Confidence while celebrating what you love. 

For new 🍿POP CULTURE🍿 & ⌛️TIME TRAVEL TUTORIALS⏳ tutorials - subscribe so you don’t miss an upload every week & tag me if you try out a look so I can feature you in my next upload! xo Jackie

m y   m a i n     l i n k s : 

My links: 
🎀 INSTAGRAM: https://www.instagram.com/jackiewyers/
🎀 VLOG CHANNEL: https://www.youtube.com/watch?v=qQGjPdTekyA&t=823s
🎀 TIKTOK: https://www.tiktok.com/@jackie.wyers
🎀 PINTEREST: https://www.pinterest.ca/jackiewyers/

If you are reading this... comment the
🗝POP CULTURE
PASSWORD🗝
bounce on it… crazy styleeee 

PRODUCTS USED:

AprilEye contacts: https://go.shopmy.us/p-1491558
use code JACKIE10 for a discount! 

Medival Border free download here: https://www.vecteezy.com/free-png/medieval-border"" Medieval Border PNGs by Vecteezy

CHARLOTTE TILBURY | Charlotte's Magic Cream:
https://go.shopmy.us/p-12229345

MAYBELLINE | Super Stay 24h Skin Tint + Vitamin C - 110:
https://go.shopmy.us/p-12229370

MAKE UP FOR EVER | HD Skin All-In-One Face Palette:
https://go.shopmy.us/p-12229389

FLORASIS | Fairy Peach Blossom Pressed Powder (Porch Window Edition):
https://go.shopmy.us/p-12229480

BENEFIT COSMETICS | Precisely, My Brow Detailer Waterproof Eyebrow Pencil:
https://go.shopmy.us/p-12229503

Iykyk Eyeshadow Stick:
https://go.shopmy.us/p-12229399

MAKE UP FOR EVER | Artist Color Pencil - Dimensional Dark Brown:
https://go.shopmy.us/p-12229460

MAKE UP FOR EVER | Artist Color Pencil:
https://go.shopmy.us/p-12229448

CHARLOTTE TILBURY | Beauty Light Wand:
https://go.shopmy.us/p-12229889

Jelly Wow Hydrating Lip Oil-Strike Gold:
https://go.shopmy.us/p-12229605

L'OREAL PARIS | Magic Root Cover Up - Black:
https://go.shopmy.us/p-12229625

GORGEOUS DRESS REPLICA:
Pre-Order - Nosferatu Ellen Victorian Dress In Blue Floral Print:
https://go.shopmy.us/p-12229717

Another beautiful dress for a Ellen Hutter Cosplay

Cotton Renaissance Bride Nightgown, Cottagecore:
https://go.shopmy.us/p-12229960

Silver Heart Necklace, Silver Heart Locket, Large Locket, Personalised Necklace, Big Heart Locket, Victorian Locket Necklace, Picture Locket:
https://go.shopmy.us/p-12230053

Victorian Style Silver and Glass Crystal Long Drop Earrings:
https://go.shopmy.us/p-12230102

Disclaimer: Not sponsored or affiliated with NOSFERATU! Was inspired after seeing the film in theatres - go check it out if you love gothic horror/drama!! Links are commissionable meaning if you purchase through them I receive a small commission that helps fund props for the channel! Enjoy xo",530,28338,1935,101,2025-01-21T17:27:45Z,Howto & Style,Lily-Rose Depp Nosferatu makeup tutorial|Ellen Hutter Nosferatu no-makeup makeup|How to do Lily-Rose Depp's makeup in Nosferatu 2024|Nosferatu 2024 gothic makeup look tutorial|Minimalist gothic makeup tutorial|Victorian gothic makeup look|ellen hutter makeup|ellen hutter cosplay|nosferatu hair tutorial|nosferatu halloween|nosferatu halloween 2025|Soft goth makeup|Lily-Rose Depp|jackie wyers|jackie wyers makeup|Oneiric Essence|vampire makeup|Gothic Vampire,Jackie Wyers,@jackiewyers,UCF8jAZoTZBReXwoj8vu9HWA,981000,686,False,beauty,video,https://www.youtube.com/watch?v=HiushrUtBKU,en,2026-09-11
j2y8jnmBgSg,"What's Your CONTRAST LEVEL? Low, Medium & High Contrast Makeup Tutorial🤍🤎🖤","Hey, it’s Jackie & welcome back to another tutorial where we’re diving into The Contrast Makeup Theory—a viral TikTok trend inspired by French makeup artist Alieenor. (https://www.instagram.com/alieenor.fr/?hl=en) This theory tailors makeup intensity to the natural contrast between your skin, hair, and eye color, creating a harmonious and ethereal look! Thank you to @sheglam_official  for partnering with me to showcase 3 affordable everyday styles. 🔗 Shop SHEGLAM https://go.shopmy.us/p-11303100 💬  

Take my QUIZ to find out which contrast level you are: https://www.jackiewyers.beauty/quiz/contrast-makeup-theory

Still confused on how to do your makeup according to your contrast levels? read my full breakdown for low contrast, medium contrast, high contrast makeup here: https://www.jackiewyers.beauty/articles/contrast-makeup-theory

Timestamps:
0:00 What IS the Contrast Makeup Theory?
0:44 Low Contrast Makeup Tutorial
4:40 Medium Contrast Makeup Tutorial
9:31 High Contrast Makeup Tutorial
15:11 SHEGLAM Foundation Round Up

#ContrastMakeupTheory #SHEGLAM #SHEGLAMPartner

I’ve created three distinct looks to showcase low, medium, and high contrast makeup styles, tweaking intensity and experimenting with some amazing SHEGLAM products, especially focusing on the base!

This is a SHEGLAM Foundation & Concealer Roundup (for dry/oily skin) 2024 review while we cover this makeup theory! All SHEGLAM products featured are cruelty-free, Leaping Bunny Certified, and under $10, making them perfect for everyday makeup, no matter your contrast level.

✨ Products Featured for Each Look:

🤍Low Contrast Makeup🤍
Minimal differences between skin, hair, and eye tones create a soft and natural harmony.

✨ SHEGLAM Skinfinite Hydrating Foundation: https://go.shopmy.us/p-11505290
✨SHEGLAM Skin Magnet High Coverage Foundation Stick -
https://go.shopmy.us/p-11505490
SHEGLAM Sun Sculpt Liquid Contour: https://go.shopmy.us/p-11505696
SHEGLAM Cheek 2 Cheek Blush Duo: https://go.shopmy.us/p-11505863
SHEGLAM Insta-Ready Face & Under Eye Setting Powder Duo: https://go.shopmy.us/p-11505690
SHEGLAM Skinny Brow Pencil - Blonde: https://go.shopmy.us/p-11505699
SHEGLAM Live To Roam Palette: https://go.shopmy.us/p-11505846
SHEGLAM All-In-One Volume & Length Mascara - Washable Black: https://go.shopmy.us/p-11505850
SHEGLAM Glow Bloom Liquid Highlighter-Vanilla Frost -
https://go.shopmy.us/p-11505878
SHEGLAM So Lippy Lip Liner-Brazen
https://go.shopmy.us/p-11505904
SHEGLAM Pout Pillow Cushion Matte Liquid Lipstick - Counting Sheep: https://go.shopmy.us/p-11505941

🤎Medium Contrast Makeup🤎
Balanced tones allow for slightly bolder choices while maintaining harmony.

✨ SHEGLAM Full Coverage Foundation Balm - Nude: https://go.shopmy.us/p-11506057
SHEGLAM Like Magic 12Hr Full Coverage Concealer - Chantilly: https://go.shopmy.us/p-11506104
SHEGLAM Sun Sculpt Liquid Contour - Caramel: https://go.shopmy.us/p-11506136
SHEGLAM Divine Flush Matte Blush: https://go.shopmy.us/p-11506225
SHEGLAM So Lippy Lip Liner- Neutral: https://go.shopmy.us/p-11506316
SHEGLAM Glow Addict Lip Balm - Rocky Road: https://go.shopmy.us/p-11506386

🖤High Contrast Makeup🖤
Strong differences between skin, hair, and eye tones create a bold, dramatic look.

✨ SHEGLAM Complexion Pro Long Lasting Breathable Matte Foundation: https://go.shopmy.us/p-11506904
✨ SHEGLAM Skin-Focus High Coverage Powder Foundation: https://go.shopmy.us/p-11506969
✨SHEGLAM Rapid Retouch Cream Concealer: https://go.shopmy.us/p-11507051
SHEGLAM Sun Sculpt Liquid Contour: https://go.shopmy.us/p-11507076
✨SHEGLAM Magic Veil Setting Powder - Alabaster: https://go.shopmy.us/p-11507100
SHEGLAM Floral Flush Blush Palette: https://go.shopmy.us/p-11507255
SHEGLAM So Lippy Lip Liner - Concrete Jungle: https://go.shopmy.us/p-11506316
SHEGLAM Dynamatte Boom Long Lasting Matte Lipstick - A Bold Plan: https://go.shopmy.us/p-11507380

Let me know which look was your favorite in the comments and what contrast level you think suits you best! If you’re unsure, try my Contrast Makeup Quiz on my website (coming soon - sorry on holiday can't finish it yet!) or explore TikTok filters by Alieenor.
 https://www.tiktok.com/@alieenor

My links: 
🎀 INSTAGRAM: https://www.instagram.com/jackiewyers/
🎀 VLOG CHANNEL: https://www.youtube.com/watch?v=qQGjPdTekyA&t=378s
🎀 TIKTOK: https://www.tiktok.com/@jackie.wyers
🎀 PINTEREST: https://www.pinterest.ca/jackiewyers/

If you are reading this... comment the 🗝POP CULTURE PASSWORD🗝 “Elle, Ana & Lily!""

Disclaimer: Thank you to SHEGLAM for partnering with me on this video and letting me showcase their versatile and affordable products while sharing a trend breakdown of the contrast theory!

#SHEGLAM
#SHEGLAMReview
#SHEGLAMFoundation
#SHEGLAMFoundationbalm
#SHEGLAMFoundationstick
#SHEGLAMMattefoundation
#SHEGLAMHydratingfoundation
#SHEGLAMConcealer
#SHEGLAMinstareadyglam",982,82533,3098,218,2024-12-27T22:48:56Z,Howto & Style,How to determine your contrast level for makeup|Contrast makeup theory explained|low contrast makeup tutorial|medium contrast makeup|medium contrast makeup tutorial|high contrast makeup|high contrast makeup tutorial|contrast makeup theory|Jackie Wyers|low medium high contrast makeup tutorial|Makeup tips for different contrast levels|Identifying your facial contrast for makeup|Contrast makeup filter TikTok|viral tiktok makeup|what is contrast makeup?|tiktok beauty,Jackie Wyers,@jackiewyers,UCF8jAZoTZBReXwoj8vu9HWA,981000,686,False,beauty,video,https://www.youtube.com/watch?v=j2y8jnmBgSg,en,2026-09-11
6akxnOLy14c,Farrah Fawcett Makeup Tutorial☀️ ICONIC '70s Summer Makeup!,"Hey, it’s Jackie & welcome back to another time travel tutorial—this time, channeling the '70s with bronzey, sun kissed makeup inspired by 70s icon Farrah Fawcett! I'm partnering with SHEGLAM to show you their top face color cosmetics for 2024, all under $10 and Cruelty-Free (Leaping Bunny Certified). 🔗 Shop @sheglam_official: https://go.shopmy.us/p-11303100 💬  

From liquid bronzers to blushes and highlighters, these products are perfect for recreating a radiant '70s style glam glow and get you out of the winter blues!☀️ Natural beauty meets glam: The rise of bronzer and blush for a sun-kissed look that changed beauty forever!  #70sMakeup #SHEGLAM #SHEGLAMPartner

 I love Makeup Trends Through the Decades, & feathered hair, sun-kissed skin, and bronzey vibes—what's not to love? Thank you to SHEGLAM for letting me get creative while showcasing their affordable products that preform beautifully! 

✨ Products Featured:
(✨ are the SHEGLAM top sellers!)
Base Makeup
SHEGLAM Complexion Pro Matte Foundation in Butterscotch: https://go.shopmy.us/p-11299914
✨ SHEGLAM Sunburst Glow Mixer (Medium Tan Cool): https://go.shopmy.us/p-11300503
✨ SHEGLAM Glo Hero Bronzing Drops: https://go.shopmy.us/p-11301570
SHEGLAM Insta-Ready Face & Under Eye Setting Powder: https://go.shopmy.us/p-11301651

Contour & Blush
✨ SHEGLAM Sun Sculpt Liquid Contour (Terracotta, Tawny Amber): https://go.shopmy.us/p-11288858
✨ SHEGLAM Sun Beam Matte Liquid Bronzer (Earthy Sepia): https://go.shopmy.us/p-11288884
✨SHEGLAM Sun Beam Shimmer Liquid Bronzer https://go.shopmy.us/p-11299205
✨ SHEGLAM Color Bloom Liquid Blush (Float On, Birthday Suit): https://go.shopmy.us/p-11288828
✨ SHEGLAM Cheek 2 Cheek Blush Duo (Peach Juice, Cute-sicle): https://go.shopmy.us/p-11299284
✨ SHEGLAM Lunar Orbit Blush Ball (Atmosphere): https://go.shopmy.us/p-11299338

Highlight & Glow
✨ SHEGLAM Glow Bloom Liquid Highlighter (Vanilla Frost): https://go.shopmy.us/p-11301753
✨ SHEGLAM Lunar Glow Highlighter (Vanilla Frost): https://go.shopmy.us/p-11301822

Brows & Eyes
SHEGLAM Skinny Brow Pencil (Blonde): https://go.shopmy.us/p-11302243
SHEGLAM Jazy Jigsaw Eyeshadow Palette (Mauve'ing On): https://go.shopmy.us/p-11302293
SHEGLAM All-In-One Volume & Length Mascara: https://go.shopmy.us/p-11302372

Lips
SHEGLAM SO Lippy Lip Liner (Concrete Jungle): https://go.shopmy.us/p-11302449
✨ SHEGLAM Glow Bloom Liquid Highlighter (Bellini Brunch for lips worked perf): https://go.shopmy.us/p-11302520

Let me know in the comments if you'd rock this '70s-inspired look and what decade I should tackle next! Don’t forget to check out the products linked above and take my fun Decade Style Quiz will be live on my website soon! 💖 (couldn't finish it while I'm travelling sadly!!)  Hit subscribe on the right-hand corner for the weekly newsletter! https://www.jackiewyers.beauty/subscribe

My links: 🎀 INSTAGRAM: https://www.instagram.com/jackiewyers/
🎀 VLOG CHANNEL: https://www.youtube.com/watch?v=qQGjPdTekyA&t=378s
🎀 TIKTOK: https://www.tiktok.com/@jackie.wyers
🎀 PINTEREST: https://www.pinterest.ca/jackiewyers/

If you are reading this... comment the 🗝POP CULTURE PASSWORD🗝 “CHARLIE'S ANGELS FOREVER!""

 #SHEGLAMReview
 #SHEGLAMLiquidFam
 #SHEGLAMBlush
 #SHEGLAMContour
 #SHEGLAMBronzer
 #SHEGLAMHighlighter
 #SHEGLAMglowmixer
 #SHEGLAMglohero

Disclaimer: I am sponsored by SHEGLAM! As soon as I saw their range of bronzers, highlighters and blushes I thought they would be a perfect fit to channeling this iconic retro glam that is totally wearable today. Hope you love it and can recreate it without breaking the bank! xo @sheglam_official",781,35720,1508,131,2024-12-19T13:52:33Z,Howto & Style,70s makeup|70s makeup tutorial|farrah fawcett|Farrah Fawcett hair|Farrah fawcett makeup|farrah fawcett makeup tutorial|how to do farrah fawcett makeup|Jackie Wyers|Jackie Wyers makeup|Jackie Wyers 60s|1970s makeup|1970s makeup tutorial|1970s aesthetic|FARRAH FAWCETT MAKEUP tutorial☀️ ‘70s makeup ft. BEST Bronzers Under $10?! 😱|70s hair|farrah fawcett 70s|farrah fawcett 70s makeup|beauty|farrah fawcett 70s hair|farrah fawcett charlies angels|70s style,Jackie Wyers,@jackiewyers,UCF8jAZoTZBReXwoj8vu9HWA,981000,686,False,beauty,video,https://www.youtube.com/watch?v=6akxnOLy14c,en,2026-09-11
LZGvFV424-Y,🎀6 HEATLESS holiday hairstyles🎀  #coquette aesthetic 🦢,"Welcome back for 🎀6 HEATLESS holiday hairstyles🎀  #coquette aesthetic 🦢 Thanks to Kitsch for sponsoring today's video! Shop here:  https://www.mykitsch.com/jackiewyers  & use my code JACKIEWYERS to get 25% off your first order. Shipping in the US and internationally.

#holidayhair #coquetteaesthetic #coquettehair 

If you’ve been looking for easy, dreamy holiday hairstyles, perfect for holiday markets, or cozy family dinners, I’ve got you covered with 6 styles🧸Which is your fave? 

🦢 Soft Princess Braid
🧸 Wrapped in Bows
🩰 Coquette Ballet Bun
🎀 Baby Bows
🥀 Rosette Headband
🔔 Christmas Belle Buns

My holiday gift shop! https://flagship.shop/shopjackiebeauty

Wearing my @SeullyHair  topper for faux wispy curtain bangs—serving subtle Daphne Bridgerton vibes! These are the shade medium brown: https://seully.com/en-all/collections/pixie-topper/products/magic-pixie-topper-medium-brown-4

Don't forget to subscribe & put those post notifications xo :)

timestamps
0:00 

Pj sets:
first pink bow top & bloomers from free people! I might have said Anthropologie in the video: https://go.shopmy.us/p-11008693
second pj and top from Hollister - they have so many cute coquette pieces!
puppy shorts: https://go.shopmy.us/p-11007001
light blue long sleeve: https://go.shopmy.us/p-11007080

On my channel find iconic POP CULTURE beauty moments and how to re-create the look on yourself! The goal of my tutorials is to teach practical makeup & hair tips and tricks so you can Switch Up Your Style With Confidence while celebrating what you love. 

For new 🍿POP CULTURE🍿 & ⌛️TIME TRAVEL TUTORIALS⏳tutorials - subscribe so you don’t miss an upload every week & tag me if you try out a look so I can feature you in my next upload! xo Jackie

My links: 🎀 INSTAGRAM: https://www.instagram.com/jackiewyers/
🎀 VLOG CHANNEL: https://www.youtube.com/watch?v=qQGjPdTekyA&t=378s
🎀 TIKTOK: https://www.tiktok.com/@jackie.wyers
🎀 PINTEREST: https://www.pinterest.ca/jackiewyers/

Head over to my new website, jackiewyers.beauty, for all my pop culture tutorials! You’ll also find quizzes, beauty articles, product reviews, diary posts, and travel recommendations 🌸. Hit subscribe on the right-hand corner for the weekly newsletter! https://www.jackiewyers.beauty/subscribe

If you are reading this... comment the 🗝POP CULTURE PASSWORD🗝 “AMERICAN APPAREL THROWBACK!""

FTC: This video is sponsored by Kitsch. I only work with brands I already love :)",593,22488,1239,39,2024-12-10T14:37:30Z,Howto & Style,coquette hair|coquette|coquette aesthetic|Jackie Wyers|hair tutorial|holiday hair|holiday hairstyles|easy holiday hair|long hair|brunette|coquette pjs|how to be coquette|easy braided hairstyles|hairstyles with bows|hair ideas|long hairstyle ideas|hairstyles for long hair|long straight hair|curtain bangs|holiday hairstyles with curtain bangs|bangs hairstyles|pink bows|kitsch|kitsch shampoo bars|🎀6 HEATLESS holiday hairstyles🎀 #coquette aesthetic 🦢,Jackie Wyers,@jackiewyers,UCF8jAZoTZBReXwoj8vu9HWA,981000,686,False,beauty,video,https://www.youtube.com/watch?v=LZGvFV424-Y,en,2026-09-11
cqSutAsw7uE,🎀how to do GLINDA Makeup🎀 r.e.m. beauty x wicked review! #WICKED,"Hey, it’s Jackie, and welcome back to another POP CULTURE tutorial!🎀With the WICKED movie finally out and the release of the r.e.m. x WICKED makeup collection, I thought it would be fun to revisit Ariana Grande's Glinda makeup look. I’ve already done tutorials for her Ozdust Ball look and an Elphaba-inspired style, but today, let’s recreate Glinda's iconic look using the stunning r.e.m. collection. I’ll also rank the products to let you know which ones are worth the splurge! 💕

#Glinda #Wicked #REMBeautyXWicked

There are so many WICKED product collaborations to explore, but I’ve narrowed down my top favorites that I’ve purchased or am eyeing for my WICKED holiday wish list 🎄 

SHOP BEST WICKED COLLABS HERE: https://shopmy.us/collections/984168

CONTACTS: https://www.aprileye.com?aff=4649
Jackie10 for discount!

🎀 INSTAGRAM: https://www.instagram.com/jackiewyers/
🎀 VLOG CHANNEL: https://www.youtube.com/watch?v=qQGjPdTekyA&t=378s
🎀 TIKTOK: https://www.tiktok.com/@jackie.wyers
🎀 PINTEREST: https://www.pinterest.ca/jackiewyers/

visit jackiewyers.beauty, for all my pop culture tutorials! Hit subscribe on the right-hand corner for the weekly newsletter! https://www.jackiewyers.beauty/subscribe

Note: I bought the r.e.m. beauty products with my own money. However, I was gifted the IT Cosmetics and ONE/SIZE beauty items and have worked on paid campaigns with them. This video is not sponsored!

💄 THE r.e.m. beauty REVIEW (Updated Links for Wicked: For Good as original line was limited edition)
R.E.M. BEAUTY | Galinda Glow Drops – try Dreamglow Highlight Serum:
https://go.shopmy.us/p-30071324
Highly recommend! They smell amazing, are super moisturizing, and can be used under foundation, on the chest, or as a gorgeous highlight for doll-like skin.

R.E.M. BEAUTY | Galinda Makeup Set (new):
https://go.shopmy.us/p-30071526
original review:
Lipstick: A super wearable pink with adorable limited-edition packaging.
Blush: A bright pink that blends beautifully, especially paired with the Glow Drops.
Blue Eyeliner & liquid shadow: Unfortunately, I didn’t love these in the first release. The liner broke easily, and the shade wasn’t as pearly or iridescent as I’d hoped. The purple-pink liquid eyeshadow shade is pretty but a bit patchy — I prefer buttery shimmer shadows for smoother application personally! 

New collection is more cool toned and the eyeliner is a lip liner!

R.E.M. BEAUTY | So Popular pH Adaptive Lip Oil (new):
https://go.shopmy.us/p-30071608

Creates a vibrant, warmer pink. For cooler pinks like Glinda’s, I recommend their Tulip Lip Stains. Love the unique packaging for this product as well. Recommend using lipliner with lip stains!

R.E.M. BEAUTY | Ozdust Eyeshadow Palette (new) – now the Ozian Forest Eyeshadow Palette:
https://go.shopmy.us/p-30071700

While I LOVE the design of the palette (light green and gold colour combo are top tier), I found the shimmers less impactful compared to the ONE/SIZE Wicked on Broadway collection. The r.e.m. palette leans neutral, but you’ll need to build up the shimmers for a bolder eyeshadow look.

R.E.M. BEAUTY | Luxury Beautification Undereye Masks:
https://go.shopmy.us/p-30071881
Super cute, fun additional product that serves GALINDA! I prefer eye creams so I didn't buy this one but kinda wish I did!

💕 What I’d Recommend Most
Most versatile: Galinda Glow Drops 🌟
Best collectible: Galinda Set (50% must-haves, 50% okay)
Eyeshadow swap: Replace the r.e.m. palette with the ONE/SIZE Wicked on Broadway Palette for better shimmer and pigment payoff.

New Glinda Perfume: https://go.shopmy.us/p-30075863

ONE/SIZE BY PATRICK STARRR | O/S x Wicked - Unlimited Eye & Face Palette - limited edition, no longer available!
https://go.shopmy.us/p-10920815

💚 More Wicked Collaborations
IT Cosmetics Wicked Brushes (updated): https://go.shopmy.us/p-30072172
Voluspa Wicked Set (updated): https://go.shopmy.us/p-30075503
Roots x Wicked Cardigan: https://go.shopmy.us/p-30071024
Scarecrow Ornament (Marks & Spencer): https://go.shopmy.us/p-30075699
Conair x Wicked Collection: https://go.shopmy.us/p-30076010
Read more Wicked-inspired beauty & lifestyle collabs on my blog:
https://www.jackiewyers.beauty/articles

My Thoughts on the Movie
I was blown away by the sets, costumes, and music! As someone relatively new to WICKED after seeing the play this summer, I loved the film even more than the play because getting to see the actors’ expressions up close made me cry quite quickly. ELPHABA ❤️‍🩹 

Comment the 🔑 POP CULTURE PASSWORD 🔑
🫸🏼🌌🫷🏼holding space for the lyrics of Defying Gravity

Disclaimer: This video is not sponsored. Links to makeup items are affiliated, meaning if you purchase through them, I earn a small commission at no extra cost to you.",829,54060,1904,110,2024-12-06T14:33:01Z,Howto & Style,how to do glinda makeup|how to do galinda makeup|how to do glinda makeup wicked|Ariana grande makeup|Ariana grande wicked|r.e.m. beauty|r.e.m. beauty review|best wicked collabs|wicked gift guide|best wicked products|Ariana grande r.e.m. beauty|glinda wicked|glinda wicked makeup|glinda wicked makeup tutorial|glinda makeup tutorial|Jackie Wyers|Jackie Wyers makeup|jackiewyers.beauty|Jackie Wyers wicked makeup|how to|makeup|beauty|pop culture makeup,Jackie Wyers,@jackiewyers,UCF8jAZoTZBReXwoj8vu9HWA,981000,686,False,beauty,video,https://www.youtube.com/watch?v=cqSutAsw7uE,en,2026-09-11
rPUWVdI2UEs,⭐️DCC MAKEOVER⭐️ Dallas Cowboys Cheerleader Inspired Makeup Tutorial!,"Get ready to transform into a Southern bombshell with this Dallas Cowboys Cheerleader-inspired makeup tutorial! I adore pop culture, and loved the Netflix docu-series ""America's Sweethearts: Dallas Cowboys Cheerleaders” and with the news of the show coming back for season 2, I thought we could all celebrate together by trying out an inspired makeup look. Referencing makeup artist Madeline Cope, who has worked with DCC squad members on iconic glam looks for their cameo shoots, this guide will help you recreate a similar, ultra-glam aesthetic. 

#AmericasSweethearts #DCCMakeup #DCCMakeover

Check out Madeline Cope's tutorial on Reece here: https://www.instagram.com/p/C816YatODzK/

Daily Mail article I referenced for product list: https://www.dailymail.co.uk/femail/article-13593923/dallas-cowboy-cheerleaders-secret-flawless-complexion-siganture-makeup.html

DCC official channel (a makeover episode of course) https://www.youtube.com/watch?v=ZAHtsfnc2mI

Follow along to see how I achieved this look and even find drugstore dupes to recreate the glam without the splurge! ALL DRUGSTORE DUPES LISTED HERE: https://www.jackiewyers.beauty/articles/dcc-cheerleader

My links: 🎀 INSTAGRAM: https://www.instagram.com/jackiewyers/
🎀 VLOG CHANNEL: https://www.youtube.com/watch?v=qQGjPdTekyA&t=378s
🎀 TIKTOK: https://www.tiktok.com/@jackie.wyers
🎀 PINTEREST: https://www.pinterest.ca/jackiewyers/

Head over to my new website, jackiewyers.beauty, for all my pop culture tutorials! You’ll also find quizzes, beauty articles, product reviews, diary posts, and travel recommendations 🌸. Hit subscribe on the right-hand corner for the weekly newsletter! https://www.jackiewyers.beauty/subscribe

Charlotte Tilbury Magic Cream Anti-Aging Moisturizer with Hyaluronic Acid - https://go.magik.ly/ml/26jpt/

Armani Beauty Luminous Silk Perfect Glow Flawless Oil-Free Foundation - https://go.magik.ly/ml/26jpx/

Charlotte Tilbury Beautiful Skin Medium to Full Coverage Radiant Concealer with Hyaluronic Acid -https://go.magik.ly/ml/26jq1/

MAKEUP BY MARIO SoftSculpt® Cream Contour & Bronzer Stick - https://go.magik.ly/ml/266nz/

d'Alba Piedmont Italian White Truffle First Aromatic Spray Serum -
https://amzn.to/3YIIIMg

Patrick Ta x Barbie™ Blush Duo and Lip Plumper Set - https://go.magik.ly/ml/26jqy/

Charlotte Tilbury Airbrush Flawless Waterproof Setting Spray
https://go.magik.ly/ml/274h6/

ONE/SIZE by Patrick Starrr Ultimate Blurring Setting Powder - https://go.magik.ly/ml/266o1/

Dominique Smooth & Blur Setting Powder (Rosita Brightening Pink) - https://go.magik.ly/ml/26jqj/

Benefit Cosmetics Precisely, My Brow Pencil Waterproof Eyebrow Definer - https://go.magik.ly/ml/266oy/

HourglassAmbient Lighting Edit Unlocked Palette - https://go.magik.ly/ml/266o5/

MAKEUP BY MARIO Master Mattes® Eyeshadow Palette: The Original - https://go.magik.ly/ml/26jrn/

Laura Mercier Caviar Stick Cream Eyeshadow - https://go.magik.ly/ml/26jru/

colourpop palette unavailable, try super shock highlighters! they are great https://go.magik.ly/ml/26jry/

MAKE UP FOR EVER
Artist Color Pencil (Whatever Black) - https://go.magik.ly/ml/26js2/

MAKE UP FOR EVER Artist Color Pencil (Dimensional Dark Brown) - https://go.magik.ly/ml/26js1/

bareMinerals MAXIMIST Phyto-Fiber Volumizing Mascara - https://go.magik.ly/ml/26js6/

Ardell Naked Lashes 421, 2-pack (these are more accurate and wispy) https://amzn.to/3NH1YDR

MAKE UP FOR EVER
Artist Color Pencil Extreme Waterproof Lip Liner WHEREVER WALNUT  https://go.magik.ly/ml/26jsc/

new matching 606 Wherever Walnut - Warm Rose Nude Lipstick!!
MAKE UP FOR EVER - Rouge Artist For Ever Satin & Matte Lipstick
 https://go.magik.ly/ml/26jse/

Charlotte Tilbury Matte Revolution Hydrating Lipstick (Wedding Belles)
https://go.magik.ly/ml/274hh/

Maybelline New York Lifter Gloss Hydrating Lip Gloss with Hyaluronic Acid, Gummy Bear, Sheer Light Pink - https://amzn.to/4ho951o

Loving Tan Bronze Shimmer Luminous Cream - https://amzn.to/48t9pYA

Comment the 🔑 POP CULTURE PASSWORD 🔑 
⭐️ THUNDERSRUCK⭐️ 

Disclaimer: Not a sponsored video and no connection with DCC, just a Canadian fan and makeup artist who wore this look for Halloween! Links to makeup items are affiliated, meaning if you purchase through them, I earn a small commission at no extra cost to you. Charlotte Tilbury and One/Size makeup are often sent in PR but are genuine favorites!",788,45590,1513,97,2024-11-15T17:46:58Z,Howto & Style,⭐️DCC MAKEOVER⭐️ Dallas Cowboys Cheerleader Inspired Makeup Tutorial!|dcc makeup|Dallas Cowboys cheerleaders|DCC makeup tutorial|Jackie Wyers|Jackie Wyers makeup|Kelcey dcc|reece dcc makeup|dcc makeover|thunderstruck|thunderstruck cheer|southern belle|southern belle glam|ultra glam|Dallas Cowboys cheerleader look|Dallas Cowboys cheerleader halloween|dcc halloween costume|dcc cheer uniform|dcc inspired|america's sweethearts|america's sweethearts Netflix,Jackie Wyers,@jackiewyers,UCF8jAZoTZBReXwoj8vu9HWA,981000,686,False,beauty,video,https://www.youtube.com/watch?v=rPUWVdI2UEs,en,2026-09-11
EeQSFriqG4A,LONG & HEALTHY Haircare Routine! High-End vs. Drugstore 2024 🛁🎀🧼,"Hey, it's Jackie Wyers & THUMBS UP if you enjoyed this updated Long & Healthy Haircare Routine! High-End vs. Drugstore 2024 🛁🎀🧼 I also am working with iRESTORE on today’s video to introduce to you the iRESTORE Elite, the most powerful hair growth device on the market if any of you have been experiencing hair loss like I have! Use code ELITEJACKIE for $625 off here: https://glnk.io/p9nnj/jackiewyers

I haven't filmed an updated hair care routine since 2021 so I thought it was about time to cover all my favorite products and tips to keep my fine hair long and healthy. You’ll notice some of the same products from my previous video as once I love a product, I stick with it 💞 

 #haircareroutine #longhair #haircare 

Hope these healthy hair tips are helpful and find lots of heatless hairstyles on my channel. Products all linked below! 

Timestamps🛁

0:00 Let the Hair Secrets Begin!
0:31 My Hair type: Fine & Medium Density
0:57 Scalp Massage & Shower Routine
1:10 High End Shampoo: Kérastase Bain Densité Shampoo
1:37 Favorite DETOX Shampoo: OUAI
2:02 iRestore - What is it & Who's it for?
4:10 iRestore Discount Code: ELITEJACKIE for $625 off!
4:23 My Drugstore Favorites: OGX Biotin & Collagen
5:00 Scalp & Hair Mask Favorites (Coco & Eve & Briogeo)
5:37 Drugstore Hair Mask
6:10 Detangler Options! Fable & Mane 🌴 
6:21 Hair Oils
7:00 Styling & Hair Fragrance! 🌸 
7:40 BEST Dry Shampoo: Living Proof Perfect Hair Day
9:11 Additional Hair Types & My Hair Philosophy 🙂‍↕️ 

 🎀INSTAGRAM: https://www.instagram.com/jackiewyers/
 🎀VLOG CHANNEL: https://www.youtube.com/watch?v=qQGjPdTekyA&t=378s
🎀TIKTOK: https://www.tiktok.com/@jackie.wyers
🎀PINTEREST: https://www.pinterest.ca/jackiewyers/

Head over to my brand new website jackiewyers.beauty for all the pop culture tutorials & more information on each hair care products.https://www.jackiewyers.beauty/articles/hair-growth-secrets 
You’ll also find quizzes, beauty articles, product reviews, diary posts, and travel recommendations🌸  https://www.jackiewyers.beauty (hit subscribe on the right hand corner for the weekly newsletter!)

If you are reading this... comment the...
🗝POP CULTURE PASSWORD🗝
“Hannah Marin’s mom slays""

All Products:
Favorite HIgh End Shampoo & Conditioner I invest in:
Kérastase Bain Densité Shampoo:
https://go.magik.ly/ml/26fjq/

Kérastase Fondant Densité Conditioner
https://go.magik.ly/ml/26fjt/

Favorite detox shampoo - only use this once every 2 weeks if needed:
OUAI Detox Shampoo
https://go.magik.ly/ml/26fjv/

Favorite Masks:
Coco & Eve Pro Youth Hair & Scalp Mask 
https://amzn.to/4eXSpfN

Briogeo
Don't Despair, Repair!™ Deep Conditioning Hair Mask Limited Edition Vanilla Birthday Cake Scent
https://go.magik.ly/ml/26fk1/

Fable & Mane
MahaMane™ Detangling Leave-in Conditioner
https://go.magik.ly/ml/26fk4/

(Fable & Mane has great scent, I tried the Volumizing Shampoo, Conditioner made for all hair types, but they also have one for fine hair that would have suited me better!)

Kérastase Mini Elixir Ultime Hydrating Hair Oil
https://go.magik.ly/ml/26fkd/

Gisou Honey Infused Wild Rose Hair Perfume
https://go.magik.ly/ml/26fkf/

Living Proof Perfect Hair Day Dry Shampoo (I prefer this formula linked)
https://go.magik.ly/ml/26fkg/

Kenra Volume Spray 25 (high hold, but crushable)
https://amzn.to/3AghJOW

If you find your hair doesn't hold curl & don't mind a higher hold texture, try OGX Bodifying + Fiber Full Big Hair Spray.
https://shop-links.co/chrT5lEsO3F

Other products mentioned 🌟 
Irresistible Me Extensions - code IM_JACKIEWYERS for 10% off
https://go.shopmy.us/p-7231412

I also love for more relaxed curls/ waves the T3Micro wands (specifically the Interchangeable Styling Wand
T3 WHIRL TRIO:
Use code JACKIEWT320 to get 20% off hot tools from T3 Micro
https://go.magik.ly/ml/26fl0/

Best MicroFiber Towel: 
https://amzn.to/4fHWHrk

Hairline Makeup I love:
https://amzn.to/3ABz84N

Disclaimer: A portion of today’s video is sponsored by iRESTORE! Since I have struggled with hair loss and so have people closest to me, I was excited to try this product and will continue using and update results! Link affiliated meaning any purchase made through them earns me a very small commission that I use towards props for the channel. Thanks for the support and for watching!",818,49206,1606,105,2024-11-11T18:54:58Z,Howto & Style,hair care|hair care routine|long hair care routine|how to grow hair long|best shampoo and conditioner for fine hair|fine hair products|Jackie Wyers|Jackie Wyers hair|Jackie Wyers hair care routine|haircare routine 2024|haircare routine 2025|best drugstore shampoo|best drugstore conditioner|hair growth|irestore|irestore review|hair loss|best haircare|best hair products 2024|Kérastase|kerastase shampoo and conditioner|kerastase review,Jackie Wyers,@jackiewyers,UCF8jAZoTZBReXwoj8vu9HWA,981000,686,False,beauty,video,https://www.youtube.com/watch?v=EeQSFriqG4A,en,2026-09-11
4BV2JQ_4MaY,🩵MALE VS. FEMALE🩷 GAZE MAKEUP! Which Are You? 👀 + Sephora Haul!,"Thank you to @Sephora  for sponsoring this video! If you haven’t already, sign up to become a Sephora Beauty Insider here: https://go.magik.ly/ml/26imh/ In this video, we are diving into my take on the male gaze vs. female gaze makeup trend using my favorites from Sephora!

 #sephora #sephorahaul #SephoraPartner

INSIDE SCOOP: Sephora is dropping new holiday sets on the Sephora app first every Friday through 10/25. App users will get the chance to shop the hottest holiday sets 24 hours before anyone else. Download the Sephora app, it’s the only way to grab these holiday sets before everyone else does!
 
When shopping, get free Standard 1-3 Day Shipping on all US merchandise orders for Beauty Insider members, no minimum purchase required. Guest checkout orders receive FREE standard 1–3 day shipping with $50 minimum purchase.

Check out Sephora's Buy Online Pickup In-Store options here: https://www.sephora.com/beauty/pick-up-delivery

💞My brand new Sephora Haul Items💞 
Hourglass Ambient Lighting Edit Unlocked Palette (Dragon) - https://go.magik.ly/ml/266o5/

KAYALI THE WEDDING SILK SANTAL | 36 Eau de Parfum - https://go.magik.ly/ml/266op/

Fenty Beauty by Rihanna It’s Riri Szn 3-Piece Lip Set - https://go.magik.ly/ml/266p4/

All other products linked in order, all found on sephora.com
💁🏽‍♂️👀 MALE GAZE LOOK / ELEVATED NO MAKEUP MAKEUP👀💁🏽‍♂️ 

Charlotte Tilbury Unreal Skin Sheer Glow Tint Hydrating Foundation Stick - https://go.magik.ly/ml/266nm/

Armani Beauty Luminous Silk Face and Under-Eye Concealer - https://go.magik.ly/ml/266np/

MAKEUP BY MARIO SoftSculpt® Cream Contour & Bronzer Stick - https://go.magik.ly/ml/266nz/

Hourglass Ambient Lighting Edit Unlocked Palette (Dragon) - https://go.magik.ly/ml/266o5/

LAWLESS Shape Up Soft Fill Eyebrow Pencil - https://go.magik.ly/ml/266o6/

Charlotte Tilbury Beauty Highlighter Wand - https://go.magik.ly/ml/266o0/

MAKE UP FOR EVER Artist Color Pencil Longwear Eyeliner - https://go.magik.ly/ml/266oc/

Saie Mascara 101 Lengthening and Lifting - https://go.magik.ly/ml/26j3n/

Velour Lashes Velour-Xtensions™ False Lash Clusters - https://go.magik.ly/ml/266oe/

Charlotte Tilbury Lip Cheat Lip Liner Iconic Nude - https://go.magik.ly/ml/266og/

YSL Candy Glaze Lip Gloss Duo Set - https://go.magik.ly/ml/266oh/
SCENT: 💁🏽‍♂️👀
KAYALI THE WEDDING SILK SANTAL | 36 Eau de Parfum - https://go.magik.ly/ml/266op/

💁🏽‍♀️👀FEMALE GAZE LOOK / Deep Plum Lips👀💁🏽‍♀️

ONE/SIZE by Patrick Starrr Turn Up the Base Full Beat Waterproof Liquid Foundation - https://go.magik.ly/ml/266or/

MAKE UP FOR EVER - HD Skin Cream Contour and Highlight Sculpting Palette - https://go.magik.ly/ml/26fzg/

Benefit Cosmetics Precisely, My Brow Pencil Waterproof Eyebrow Definer - https://go.magik.ly/ml/266oy/

Hourglass Ambient Lighting Edit Unlocked Palette (Dragon) - https://go.magik.ly/ml/266o5/

MAKE UP FOR EVER Artist Color Pencil Longwear Eyeliner - https://go.magik.ly/ml/266oc/

Danessa Myricks BeautyDew Wet Hydrating and Highlighting Balm -
https://go.magik.ly/ml/266ox/

Fenty Beauty by Rihanna It’s Riri Szn 3-Piece Lip Set - https://go.magik.ly/ml/266p4/

SCENT 💁🏽‍♀️👀
Yves Saint Laurent Black Opium Eau de Parfum - https://go.magik.ly/ml/266ri/

On my wish list:
Maison Margiela ‘REPLICA’ By the Fireplace Eau de Toilette with Chestnut & Smoky Vanilla - https://go.magik.ly/ml/266r0/

💁🏽‍♂️👀 For the male gaze: Picture the ""girl next door"" from your favorite TV show—she looks natural and effortless. But as we know, achieving that “naturally glam” look actually requires a bit of makeup magic.

💁🏽‍♀️👀 For the female gaze: I went for something different: glossy skin and lids, no mascara, and a deep plum lip for fall. It’s trendy, fashion-forward, and fun—a look that makeup lovers will see as bold and refreshing, even if men might call “too much” if asked their opinion.🤣 

Which look was your favorite/ would you wear yourself? 
Take the quiz on jackiewyers.beauty to find out: https://www.jackiewyers.beauty/quiz/male-female-gaze

timestamps🎀
0:00 Male Gaze Makeup Tutorial🩵  
7:56 Female Gaze Makeup Tutorial🩷 
15:23 Take the Male vs. Female Gaze QUIZ! jackiewyers.beauty 

On my channel find iconic POP CULTURE beauty moments and how to re-create the look on yourself! The goal of my tutorials is to teach practical makeup & hair tips and tricks so you can Switch Up Your Style With Confidence while celebrating what you love. 

My links: 🎀 INSTAGRAM: https://www.instagram.com/jackiewyers/
🎀 VLOG CHANNEL: https://www.youtube.com/watch?v=qQGjPdTekyA&t=378s
🎀 TIKTOK: https://www.tiktok.com/@jackie.wyers
🎀 PINTEREST: https://www.pinterest.ca/jackiewyers/

If you are reading this... comment the
🗝POP CULTURE
PASSWORD🗝
I’m sooo for the female gaze 💋 

FTC Disclaimer: Sponsored by Sephora x MagicLinks! Links above are affiliate links from which I get a small commission. This does not affect you as a customer at all, but helps me keep on making videos for you guys! All opinions are my own :)",951,39699,1516,96,2024-10-30T22:15:08Z,Howto & Style,Jackie Wyers|male gaze makeup|female gaze makeup|male vs. female gaze|male vs. female gaze makeup|male gaze makeup tutorial|female gaze makeup tutorial|female vs male gaze|female vs male gaze tiktok|female vs male gaze tiktok trend|don't look at me with those eyes|Jackie Wyers makeup|makeup trends|sephora|sephora haul|sephora November sale|makeup trends 2024|everyday makeup|natural everyday makeup|makeup for the male gaze|makeup for the female gaze,Jackie Wyers,@jackiewyers,UCF8jAZoTZBReXwoj8vu9HWA,981000,686,False,beauty,video,https://www.youtube.com/watch?v=4BV2JQ_4MaY,en,2026-09-11
hRtIux714T0,WICKED MAKEUP💖💚 Ariana Grande’s GLINDA & YASSified ELPHABA🫦,"Hey, it’s Jackie Wyers & welcome back for another POP CULTURE tutorial! With Ariana Grande set to play Glinda in Wicked, I’m showing you how to recreate her look step-by-step. Plus, a “yassified” Elphaba that’s perfect for duo costumes—no full green needed! I go all-out at the end, but green eyeshadow might be easier for Halloween 2024 😉. Whether you’re bubbly Glinda or the baddest witch of the West, you and your bestie will look gorg.

SHOP BEST WICKED COLLABS HERE: https://shopmy.us/collections/984168

#Glinda #Wicked #ITCosmeticsPartner

I worked with IT Cosmetics on IG to share their Wicked-inspired brushes, which was such a dream sponsorship. Come say hello on IG! All product links are below to help you recreate the magic, and don't forget to tag me in your looks—whether it’s for Halloween or everyday Glinda vibes 🫧.

Ariana Grande’s REM Beauty x Wicked line is out now! You can easily replicate these looks with the collection here: https://go.shopmy.us/p-8376716

My links: 🎀 INSTAGRAM: https://www.instagram.com/jackiewyers/
🎀 VLOG CHANNEL: https://www.youtube.com/watch?v=qQGjPdTekyA&t=378s
🎀 TIKTOK: https://www.tiktok.com/@jackie.wyers
🎀 PINTEREST: https://www.pinterest.ca/jackiewyers/

Head over to my new website, jackiewyers.beauty, for all my pop culture tutorials! You’ll also find quizzes, beauty articles, product reviews, diary posts, and travel recommendations 🌸. Hit subscribe on the right-hand corner for the weekly newsletter!

CONTACTS:  https://www.aprileye.com?aff=4649
Jackie10 for discount!

GLINDA 🌸 🎀🫧
(Check out Ariana Grande’s REM Beauty x Wicked line here: https://go.shopmy.us/p-8376716)

ONE/SIZE BY PATRICK STARRR | Secure The Glow Tacky Hydrating Primer
https://go.shopmy.us/p-8118975

IT COSMETICS | Your Skin But Better CC+ Cream with SPF 50+ - Neutral Medium
https://go.shopmy.us/p-8119030

YENSA | Super Serum Silk Concealer
https://go.shopmy.us/p-8119035

ROSE INC | Solar Infusion Moisturizing Cream Bronzer - Seychelles
https://go.shopmy.us/p-8119044

IT COSMETICS | Glow With Confidence Sun Cream Blush - Sun Blossom
https://go.shopmy.us/p-8236599

BEN NYE | Fair Translucent Powder
https://go.shopmy.us/p-8119053

O/S X WICKED | Spotlight Highlighter
https://go.shopmy.us/p-8119070

O/S X Wicked | Unlimited Eye & Face Palette
https://go.shopmy.us/p-8119067

lilybyred | AM9 To PM9 Survival Penliner
https://go.shopmy.us/p-8119189

MAKE UP FOR EVER | Artist Color Pencil
https://go.shopmy.us/p-8119220

ISOPIA False Eyelashes | Echo
https://go.shopmy.us/p-8119240

O/S X Wicked | Off The Handle Complexion Blush
https://go.shopmy.us/p-8119075

COLOURPOP | Ctrl
https://go.shopmy.us/p-8119374

Lip Combo: Try the new R.E.M. BEAUTY Galinda Makeup Set! I watched Ari swatch it, and it was the same lip combo with the Glinda products 🫧.
https://go.shopmy.us/p-8357790

O/S X Wicked | Popular Glitter On 'til Dawn Setting Spray
https://go.shopmy.us/p-8119073

Costume Idea: https://go.shopmy.us/p-8236869

ELPHABA 💚🧙‍♀️🧹

IT COSMETICS | Your Skin But Better CC+ Cream Matte with SPF 40 - Fair
https://go.shopmy.us/p-8365703

ARMANI | Luminous Silk Concealer
https://go.shopmy.us/p-8365719

FLORASIS | Flawless Jade Breathable Setting Powder - Peach
https://go.shopmy.us/p-8365731

Chocolate Wonder-Shop | Highlighter & Contour
https://go.shopmy.us/p-8365765

HALF MAGIC | Glitterpill - Goblin
https://go.shopmy.us/p-8365828

HOUSE OF LASHES | Cruelty-Free Faux Mink Volumizing False Eyelashes
https://go.shopmy.us/p-8365847

ELPHABA Costume Idea: https://go.shopmy.us/p-8368512

Amazon paint I tried: https://amzn.to/3Ngm6wq (totally works but is a bit harder to blend over top after it's set!) Mine was a little patchy and I gave up lol

Comment the 🔑 POP CULTURE PASSWORD 🔑 + your IG handle to win!
YASSIFIED ELPHABA slays 💚

Disclaimer: Not a sponsored video, but I was sponsored by IT Cosmetics x WICKED and ONE/SIZE x Wicked earlier this year on Instagram and TikTok. I chose to make a talk-through tutorial because I thought you'd love to see the whole look step-by-step! Hope you enjoy xo",986,62070,1826,119,2024-10-10T16:18:07Z,Howto & Style,Ariana Grande Glinda makeup|Glinda makeup tutorial|Elphaba makeup tutorial|Ariana Grande Wicked makeup|Halloween Glinda makeup 2024|Glinda Halloween makeup|Wicked inspired makeup|Ariana Grande REM Beauty Wicked|Wicked duo costume makeup|Broadway Wicked makeup|Ariana Grande makeup look|Glinda good witch makeup|Elphaba Wicked witch makeup|Wicked costume ideas 2024|Wicked makeup for Halloween|Glinda vs Elphaba makeup tutorial.|Jackie Wyers|wicked makeup,Jackie Wyers,@jackiewyers,UCF8jAZoTZBReXwoj8vu9HWA,981000,686,False,beauty,video,https://www.youtube.com/watch?v=hRtIux714T0,en,2026-09-11
Bkt-bffs_aQ,FRANCESCA BRIDGERTON Inspired Soft Glam Makeup Tutorial🫖,"Hey it’s Jackie & I’m finally bringing you another wearable pop culture tutorial inspired by Francesca Bridgerton from Season 3! We’ll also be diving into a Bridgerton-inspired haul, giveaway and a quick regency inspired hairstyle tutorial 🫖 Who do I look more like, Francesca, or Daphne with this look?! 👩🏼‍🦰👩🏼‍🦰

Usually when a new season of Bridgerton drops, I’m right there with a dedicated tutorial. This summer has been a whirlwind of wedding planning, and many video ideas have been pushed aside. But here we are—hopefully, I’m not too late, and you’re still excited for this beautiful Francesca-inspired look from Season 3! This look is great for work, back to school or if you dont normally wear a lot of makeup, a date or event. Plus, the pop of cranberry in the eye totally work for fall!

#FrancescaBridgerton #Bridgerton #PopCultureMakeup  

The key features of this look: a natural matte base with a dewy highlight, bold blush really enhancing the apples of the cheeks and cheekbones, with medium pink toned lip & a pop of cranberry to the crease. Add individual lashes or clusters to complete the look! 

Follow the real makeup artists on set!
 @faithmakeupartist did Francesca’s makeup for the latter half of Season 3 designed by Erika Okvist, and today I’m recreating her look from the very last episode, pulling from some actual products used and some favorites from my own kit. https://www.instagram.com/faithmakeupartist/

my links!
 🎀INSTAGRAM: https://www.instagram.com/jackiewyers/
 🎀VLOG CHANNEL: https://www.youtube.com/watch?v=qQGjPdTekyA&t=378s
🎀TIKTOK: https://www.tiktok.com/@jackie.wyers
🎀PINTEREST: https://www.pinterest.ca/jackiewyers/

Head over to my brand new website jackiewyers.beauty for all the pop culture tutorials! You’ll also find quizzes, beauty articles, product reviews, diary posts, and travel recommendations🌸  https://www.jackiewyers.beauty (hit subscribe on the right hand corner for the weekly newsletter!)

DRESS & PEARLS:

IVYCITYCO Tessie Dress In Champagne:
https://go.shopmy.us/p-7412116

Biwako 「Wave」baroque Choker featured 
https://www.ibiwako.com/ 
Code: Jackie15 for a discount!

CONTACTS:
April Eye: https://www.aprileye.com?aff=4649
Use code Jackie10

NAILS:
OLIVE & JUNE: https://go.shopmy.us/p-7491642
(milky syrup gradient glue ons)

SKINCARE & MAKEUP:

PACIFICA | Future Youth Gravity Rebound Serum:
https://go.shopmy.us/p-7412140

PACIFICA | Future Youth Super Cream Face Moisturizer:
https://go.shopmy.us/p-7000635

CHARLOTTE TILBURY | Hollywood Flawless Filter - Fair:
https://go.shopmy.us/p-7000656

MAYBELLINE | super Stay 24hr Skin Tint (110):
https://go.shopmy.us/p-7412029

Yensa Super Serum Silk Concealer (Fair 2)
https://go.shopmy.us/p-7000957

What was used on set - fabulous high end foundation worth the splurge!
Armani Beauty Luminous Silk Perfect Glow Flawless Oil-Free Foundation:
https://go.shopmy.us/p-7000902

CHARLOTTE TILBURY | Beauty Light Wand - Spotlight:
https://go.shopmy.us/p-7001015

CHARLOTTE TILBURY | Beauty Light Wand - Peachgasm:
https://go.shopmy.us/p-7001025

CHARLOTTE TILBURY | Beauty Light Wand - Pinkgasm:
https://go.shopmy.us/p-7001035

FLORASIS | Fairy Peach Blossom Pressed Powder (Porch Window Edition):
https://go.shopmy.us/p-7001068

JUNG SAEM MOOL - Skin Nuder Shading Pact:
https://go.shopmy.us/p-7412044

ANNABELLE Skinny Brow Liner, Get Perfectly Sculpted Brows!:
https://go.shopmy.us/p-7412035

RÈPHR | Brush 04:
https://go.shopmy.us/p-7412057

PAT MCGRATH LABS | Bridgerton Blushing Delights Blush + Highlighter Palette:
https://go.shopmy.us/p-7001094

RÈPHR | Alexandra's Fav Eye Brushes Set:
https://go.shopmy.us/p-7412049

CHARLOTTE TILBURY | Luxury Eyeshadow Palette - Pillow Talk:
https://go.shopmy.us/p-7001906

SUPERGOOP | Golden Hour: Brushed gold:
https://go.shopmy.us/p-7486572

PAT MCGRATH LABS | Pat McGrath X Bridgerton Mthrshp: Belle Of The Ball Eyeshadow Palette:
https://go.shopmy.us/p-7001098

MAKE UP FOR EVER | Artist Color Pencil - Dimensional Dark Brown:
https://go.shopmy.us/p-7412063

RÈPHR | Eyelash Curler:
https://go.shopmy.us/p-7412070

new CHARLOTTE TILBURY | Exagger-Eyes Volume Mascara:
https://go.shopmy.us/p-7412074

ISO-CHIC DIY Cluster Lashes:
https://go.shopmy.us/p-7412077

CHARLOTTE TILBURY | Lip Cheat Lip Liner in Supersize Me:
https://go.shopmy.us/p-7002730

VULOX VANITY | Glamour Lipstick In Royal Pink:
https://go.shopmy.us/p-7002836

BENEFIT COSMETICS | Sunny Warm Coral Blush:
https://go.shopmy.us/p-7412087

WINKY LUX | Cheeky Rose Highlighter:
https://go.shopmy.us/p-7412088

BRIDGERTON HAUL / giveaway!
comment the 
🔑 POP CULTURE PASSWORD🔑 + your IG handle to win!
 👩🏼‍🦰Francesca is Daphne's Twin 👩🏼‍🦰 

KITSCH | Bridgerton X King Satin Pillowcase:
https://go.shopmy.us/p-7412097

BRIDGERTON CANDLES:
https://go.shopmy.us/p-7491679

Disclaimer: Not a sponsored video! Links to makeup items are affiliated, meaning if you purchase through them, I earn a small commission at no extra cost to you. Biwako jewelry was gifted!",1005,42783,1787,152,2024-09-04T17:40:25Z,Howto & Style,FRANCESCA BRIDGERTON inspired makeup tutorial🎀 jackie wyers|Francesca Bridgerton|Francesca Bridgerton edit|Francesca Bridgerton makeup|Francesca Bridgerton makeup tutorial|Hannah Dodd|Hannah dodd makeup|Jackie Wyers|Bridgerton|bridgerton tutorial|bridgerton halloween costume|bridgerton makeup|bridgerton makeup tutorial|regency era|regency makeup|modern regency|Jackie Wyers bridgerton|Jackie Wyers bridgerton tutorial|bridgerton hair tutorial|bridgerton dress,Jackie Wyers,@jackiewyers,UCF8jAZoTZBReXwoj8vu9HWA,981000,686,False,beauty,video,https://www.youtube.com/watch?v=Bkt-bffs_aQ,en,2026-09-11
HWTllV6gY-Q,"GRWM: WEDDING DAY VLOG🧚‍♂️ Bridal Makeup, Hair & Our Fairytale Wedding in Italy","Hello, beautiful people! 🧚‍♂️ Welcome back to my channel for an extra special video—our fairytale wedding day vlog in the dreamy Sorrento, Italy! 🇮🇹 Join us as we spend a few magical days leading up to our big day. I couldn’t resist filming a Get Ready With Me on the wedding day, where I did my own bridal makeup and hair👰🏽‍♀️

#fairytalewedding #bridalmakeup #sorrento

my links!
 🎀VLOG CHANNEL: https://www.youtube.com/watch?v=qQGjPdTekyA&t=378s
 🎀INSTAGRAM: https://www.instagram.com/jackiewyers/
🎀TIKTOK: https://www.tiktok.com/@jackie.wyers
🎀PINTEREST: https://www.pinterest.ca/jackiewyers/

Want to dive into all the wedding details and see the gorgeous photos sprinkled throughout the video? 

Head over to my brand new website jackiewyers.beauty for all the bridal goodness! You’ll find quizzes, beauty articles, product reviews, diary posts, and travel recommendations🌸 Subscribe to the newsletter to be notified weekly about new articles.

More About Our Fairytale Wedding Overlooking Sorrento, Italy: https://www.jackiewyers.beauty/fairytalewedding

We kept the wedding intimate, with just 13 guests—close family and lifelong friends. Our beautiful stone villa up in the mountains, overlooking Sorrento, was the perfect setting. The gardens were filled with vibrant flowers and stunning olive trees, creating a fairytale backdrop without needing much decor. 🌿✨

take the find your bridal style quiz: https://www.jackiewyers.beauty/quiz

Photographer: Shivani Sharma @ModernDayShivalry  captured all the magic beautifully. She’s the best! https://www.instagram.com/moderndayshivalry/

Wedding Dress: The stunning ""Elizabeth"" by Verander West—an innovative 2-piece couture creation! https://www.instagram.com/veranderwest/
Bought at Natalie Rose Bridal in NZ

Veil: See DIY here: https://www.jackiewyers.beauty/diy-flowers

MORE BRIDAL CONTENT:

Curious about the other dresses I fell in love with but didn’t choose? Take a trip with me and my mom as we go wedding dress shopping in New Zealand—it's a must-watch! 💕 https://www.youtube.com/watch?v=UQU9Fufug4M&t=890s

Bridal Makeup Playlist: https://www.youtube.com/watch?v=WuK6DOdvOug&list=PL-_qSuEl3UwGLgzKrIXRz6id_mQPyd6Co

BEAUTY DETAILS:

Shop everything mentioned in this video here: https://shopmy.us/collections/755596

VALMONT | Deto2x Eye:
https://go.shopmy.us/p-7231303

CHARLOTTE TILBURY Beautiful Skin Foundation:
https://go.shopmy.us/p-7231306

Yensa Super Serum Silk Concealer:
https://go.shopmy.us/p-7231307

MAYBELLINE Instant Age Rewind Eraser:
https://go.shopmy.us/p-7231309

SAIE | Glow Sculpt - Mauveglow:
https://go.shopmy.us/p-7231333

MAKEUP BY MARIO | Soft Sculpt Shaping Stick:
https://go.shopmy.us/p-7231319

FLORASIS | Fairy Peach Blossom Pressed Powder:
https://go.shopmy.us/p-7231318

MAKEUP BY MARIO | Soft Sculpt Bronzer:
https://go.shopmy.us/p-7231322

FLORASIS | Luodai Floral Eyebrow Pencil:
https://go.shopmy.us/p-7231326

TOO FACED | Natural Eyes Eyeshadow Palette:
https://go.shopmy.us/p-7231325

Lilybyred AM9 To PM9 Survival Penliner :
https://go.shopmy.us/p-7231327

BENEFIT COSMETICS | 24-HR Brow Setter:
https://go.shopmy.us/p-7231346

CHARLOTTE TILBURY | Eyes To Mesmerize Cream Eyeshadow - Champagne:
https://go.shopmy.us/p-7231351

MAKE UP FOR EVER | Artist Color Pencil - Dimensional Dark Brown:
https://go.shopmy.us/p-7231362

ABH Soft Glam Eyeshadow Palette:
https://go.shopmy.us/p-7232420

RÈPHR | Alexandra's Fav Eye Brushes Set:
https://go.shopmy.us/p-7231367

RÈPHR | Eyelash Curler:
https://go.shopmy.us/p-7231368

MAC | MACstack Mascara - Chestnut:
https://go.shopmy.us/p-7231376

LILLY LASHES | enticing lashes
https://go.shopmy.us/p-7262610

FLOWER BEAUTY | Spotlight Liquid Highlighter - Opal:
https://go.shopmy.us/p-7231381

CHARLOTTE TILBURY | Lip Cheat Lip Liner - Iconic Nude:
https://go.shopmy.us/p-7231341

CHARLOTTE TILBURY | Nude Romance Lipstick:
https://go.shopmy.us/p-7231390

CHARLOTTE TILBURY | Wedding Belles:
https://go.shopmy.us/p-7231399

BENEFIT COSMETICS | Terra Golden Brick-Red Blush:
https://go.shopmy.us/p-7231402

ARMANI | Luminous Silk Glow Blush - Amore:
https://go.shopmy.us/p-7231406

O/S On 'Til Dawn Mattifying Waterproof Setting Spray:
https://go.shopmy.us/p-7231428

Irrisistbible Me Clip-In Hair Extensions 
Code 
https://go.shopmy.us/p-7231412

BED HEAD | Curlipops 1/2'' Tourmaline + Ceramic Curling Wand:
https://go.shopmy.us/p-7231418

MY WEDDING DAY FRAGRANCE: PENHALIGON'S Legacy Of Petra 
https://go.shopmy.us/p-7231414

WEDDING DAY HEELS: thrifted Manolo Blahnik heels to match my bridesmaids’ green dresses from Sororite Vintage 

If you are reading this... comment “Tyler would loose his ring on the wedding night lol""

My vlog camera - Nikon Z30: https://amzn.to/3s9BfoA

Disclaimer: Not a sponsored vlog! Links to makeup items are affiliated, meaning if you purchase through them, I earn a small commission at no extra cost to you.",1323,35313,1742,199,2024-08-25T14:18:33Z,Howto & Style,Jackie Wyers|Jackie Wyers wedding|THE WEDDING WEEKEND VLOG|WEDDING VLOG|ITALY WEDDING VLOG|THE WEDDING DAY VLOG|the wedding day vlog|behind the scenes of the entire day|our wedding video|our wedding day vlog|wedding video|Jackie Wyers bridal|Jackie Wyers wedding makeup|Jackie Wyers husband|2024 bride|2025 bride|bridal inspiration|fairytale wedding|GRWM: WEDDING DAY VLOG🧚‍♂️ Whimsical Makeup|Hair & Our Fairytale Wedding in Italy|wedding makeup tutorial,Jackie Wyers,@jackiewyers,UCF8jAZoTZBReXwoj8vu9HWA,981000,686,False,beauty,video,https://www.youtube.com/watch?v=HWTllV6gY-Q,en,2026-09-11
UQU9Fufug4M,WEDDING DRESS SHOPPING🕊️& Bridal Makeup Trial🎀,"Hey, it's Jackie & welcome back for a video documenting my experience WEDDING DRESS SHOPPING🕊️ & Bridal Makeup Trial 🎀  I flew all the way across the world to New Zealand to see parts of my dress being custom made from a brand new designer and to try on Eva Lendel’s new designs while enjoying a mother-daughter trip & I hope you enjoy coming along👰🏽‍♀️ ✈️ 🌎 

I had the most magical appointment at Natalie Rose Bridal in Parnell, Auckland, New Zealand and huge thank you to Natalie for picking out dresses for me to try on as well as Layton & my mom for shooting some BTS! See more on IG: https://www.instagram.com/jackiewyers/

#WeddingDresses #BridalAppointment #BrideToBe

I hope my bridal makeup trial was helpful if you are looking for glam makeup inspiration or if you are doing your own makeup as a bride. 

I also covered DIY Bridesmaid Proposal boxes in this video—I love going for a whimsical aesthetic! 
Read more on my blog here: https://www.jackiewyers.beauty/bridesmaidboxes

Full New Zealand Vlog on my second travel channel, Jackie Vlogs: https://www.youtube.com/watch?v=-eLreMotKEs&t=1347s

MAKEUP DETAILS: 

Valmont Prime Renewing Pack 40 Years Edition:
https://go.shopmy.us/p-5954010

Valmont Valmont Deto2x Cream:
https://go.shopmy.us/p-5954013

Charlotte Tilbury Charlotte's Beautiful Skin Foundation:
https://go.shopmy.us/p-5954029

Yensa Super Serum Silk Concealer:
https://go.shopmy.us/p-5954032

Makeup by Mario Soft Sculpt Shaping Stick:
https://go.shopmy.us/p-5954036

Florasis Fairy Peach Blossom Ultra-Light Setting Powder Spf25 Pa++ (Porch Window Edition):
https://go.shopmy.us/p-5954040

Makeup by Mario Soft Sculpt Bronzer - Medium:
https://go.shopmy.us/p-5954049

Rare Beauty Soft Pinch Luminous Powder Blush - Happy:
https://go.shopmy.us/p-5954045

Charlotte Tilbury Beauty Light Wand - Spotlight:
https://go.shopmy.us/p-5954053

Florasis Luodai Floral Eyebrow Pencil:
https://go.shopmy.us/p-5954056

Benefit Cosmetics 24-Hr Brow Setter Eyebrow Gel:
https://go.shopmy.us/p-5954059

Cinderella Eye Shadow Palette X 6: Stroke of Midnight:
https://go.shopmy.us/p-5954065

Bareminerals Mineralist Lasting Eyeliner - Onyx:
https://go.shopmy.us/p-5954088

Lilybyred Am9 to Pm9 Survival Penliner :
https://go.shopmy.us/p-5954069

Too Faced Better than Sex Mascara - Waterproof:
https://go.shopmy.us/p-5954080

Velour Beauty Magnetic Effortless - No Trim Natural Lash Collection:
https://go.shopmy.us/p-5954100 - switch

Charlotte Tilbury Lip Cheat Lip Liner - Iconic Nude:
https://go.shopmy.us/p-5954216

Lawless Forget the Filler Lip Plumping Line Smoothing Gloss - Nudie:
https://go.shopmy.us/p-5954218

One/size by Patrick Starrr on 'Til Dawn Mattifying Waterproof Setting Spray:
https://go.shopmy.us/p-5954219

Kiko Milano Perfecting and Volumising Lip Cream - Tutu Rose:
https://go.shopmy.us/p-5954475

HAIR DETAILS:

Wearing IrrisitableMe Hair Extensions: https://www.irresistibleme.com/?rfsn=...
code IM_JACKIEWYERS for 10% off!

Bed Head Curlipops 1/2'' Tourmaline + Ceramic Curling Wand:
https://go.shopmy.us/p-5954070

DRESS DETAILS
All gowns by ‪@evalendel LESS IS MORE IV collection (2024/2025 bride) 
https://evalendel.com/lessismoreiv/

1. Bacarra

""The Bacarra dress features a lace-up A-silhouette design with cold-shoulder lace sleeves and a split skirt that naturally creates folds over the delicate lace undergown​""

2. Porsha

""Porsha – beaded all-over strapless ballerina neckline detailed corset dress with basque waistline and straight skirt. Complemented with a detachable tuille overskirt decorated with voluminous flowers on the edges.""

3. Abril

""Abril – guipure lace-up detailed corset base dress with smooth heart-shaped neckline and cold-shoulder long sleeves made of guipure.""

4. Percy

""Percy – ballerina neckline dress with asymmetric wrap over the waistline and complemented with a smooth voluminous overskirt.""

5. Ora

""Ora – pearl-strapped trumpet dress with draped pearl necklace style top and lace-up back.""

6. Zara

""Zara – mermaid tail silhouette with strapless detailed corset and pleated bottom part of the skirt. Complemented with a voluminous tuille ruched bolero with a simple veil extension.""

See more on NatalieRoseBridal IG:  https://www.instagram.com/natalierosebridal/
Shot by Layton Video:  https://www.instagram.com/layton_video/

my links
 🎀INSTAGRAM: https://www.instagram.com/jackiewyers/
🎀TIKTOK: https://www.tiktok.com/@jackie.wyers
🎀PINTEREST: https://www.pinterest.ca/jackiewyers/

BRIDESMAID BOXES:
Fable England Gifts from the Whispering Sands Collection:
https://www.fableengland.com/search?q=whispering+sands&type=product

Studio in Toronto: https://www.instagram.com/iconstudiospace/

If you are reading this... comment “OMG 2 weeks away!👰🏽‍♀️""

My vlog camera - Nikon Z30: https://amzn.to/3s9BfoA

Disclaimer: Not a sponsored vlog! Links to makeup items are affiliated, meaning if you purchase through them, I earn a small commission at no extra cost to you.",1037,40219,1692,158,2024-06-29T16:18:22Z,Howto & Style,Wedding Dress Shopping|Bridal Makeup|Wedding Gowns|Wedding Dress Try-On|Bridal Appointment|Bride to Be|Wedding Planning|Bridal Inspiration|DIY Bridesmaid Proposal|Bridal Hair|Glam Bridal Makeup|Wedding Vlog|Custom Wedding Dress|Eva Lendel Dresses|Wedding Dress Designer|Bridal Shop|Bridal Lookbook|Wedding Day Prep|Destination Wedding|Bridal Accessories|Wedding Dress Trends|Jackie Wyers|Natalie rose bridal|wedding dresses|finding a wedding dress,Jackie Wyers,@jackiewyers,UCF8jAZoTZBReXwoj8vu9HWA,981000,686,False,beauty,video,https://www.youtube.com/watch?v=UQU9Fufug4M,en,2026-09-11
hIGr8Gj4kQA,Find YOUR Animal Face Type & Best Makeup Look 🐰 🐈‍⬛ 🦊 🦌 jackie wyers,"Hey it’s Jackie Wyers & welcome back for Find YOUR Animal Face Type & Best Makeup Look 🐰 🐈‍⬛ 🦊 🦌 #AnimalFaceTypes ....Not sure where which #TypeOfPretty you are? Take the quiz on my new website: https://www.jackiewyers.beauty to find your best makeup routine to suit your vibe

I’m so excited about my website!!! This has been in the works for months & more is coming. Enjoy weekly updates by signing up for my newsletter - a mini beauty mag to your inbox every Sunday ☕️ I mentioned back in 2020 that I dreamed of starting a blog and it’s finally live😊 

timestamps🎀
0:00 NEW WEBSITE! visit jackiewyers.beauty 
0:42 deer 🦌 
5:31 bunny 🐰 
11:28 THE viral bunny tongue lip gloss 🐇 👅 
13:20 fox 🦊 
17:50 cat 🐈‍⬛ 

On my channel find iconic POP CULTURE beauty moments and how to re-create the look on yourself! The goal of my tutorials is to teach practical makeup & hair tips and tricks so you can Switch Up Your Style With Confidence while celebrating what you love. 

For new 🍿POP CULTURE🍿 & 🎀VINTAGE VIBES🎀 tutorials - subscribe so you don’t miss an upload every week & tag me if you try out a look so I can feature you in my next upload! xo Jackie

m y   m a i n     l i n k s : 
❣ INSTAGRAM: http://instagram.com/jackiewyers

❣TIKTOK: https://www.tiktok.com/@jackie.wyers 

❣PINTEREST: https://www.pinterest.ca/jackiewyers/

❣ VLOG CHANNEL: https://www.youtube.com/watch?v=nZgnE1mtIpA&t=19s

If you are reading this... comment the
🗝POP CULTURE
PASSWORD🗝
comment which animal pretty you are! 
🐰 🐈‍⬛ 🦊 🦌

p r o d u c t s    u s e d:
Deer Pretty: Soft and Ethereal 🦌
YSL Touche Éclat Blur Primer: 
https://go.shopmy.us/p-5077478

Charlotte Tilbury Beautiful Skin Foundation: 
https://go.shopmy.us/p-5077481

MUFE HD Skin Sculpting Palette: 
https://go.shopmy.us/p-5077482

Makeup by Mario Soft Pop Powder Blush: 
https://go.shopmy.us/p-4300977

Anna Sui Loose Face Powder: 
https://go.shopmy.us/p-5077504

Winky Lux Cheeky Rose Highlighter: 
https://go.shopmy.us/p-5078099

Florasis Luodai Floral Eyebrow Pencil: 
https://go.shopmy.us/p-5077533

Makeup by Mario Master Mattes The Neutrals: 
https://go.shopmy.us/p-5077517

MUFE Artist Color Pencil - Dimensional Dark Brown &  Boundless Bisque: 
https://go.shopmy.us/p-5077549

Fairy Drops Mascara
https://go.shopmy.us/p-5078003

Charlotte Tilbury Iconic Nude: 
https://go.shopmy.us/p-5077565

Banila Co Smudging Lip Pencil (Coral Choux): 
https://go.shopmy.us/p-5077567

Isopia False Eyelashes TOUCH
https://go.shopmy.us/p-5077598

CHECK OUT FABLE ENGLAND for animal themed jewlery & accessories
🦌 Fawn Embroidered Round Saddle Bag: 
https://go.shopmy.us/p-5077701

🐰 Enamel Rabbit Stud Earrings: 
https://go.shopmy.us/p-5079344

🦊 Fox & Mushroom Velvet Saddle Bag: 
https://go.shopmy.us/p-5077910

🐈 Enamel Bengal Cat Stud Earrings: 
https://go.shopmy.us/p-5079337

Bunny Pretty: Cute and Angelic 🐰 
MUFE HD Skin Undetectable Longwear Foundation: 
https://go.shopmy.us/p-5077715

Slmissglam Pink Dual Brush Collection: 
https://go.shopmy.us/p-5077719

Yensa Super Serum Silk Concealer: 
https://go.shopmy.us/p-5077750

MUFE HD Skin All-in-One Face Palette: 
https://go.shopmy.us/p-5077729

Benefit Cosmetics Precisely, My Brow:
https://go.shopmy.us/p-5077755

Skinfood Peach Cotton Multi Finish Powder: 
https://go.shopmy.us/p-5077758

Milani Rose Powder Blush - Coral Cove: 
https://go.shopmy.us/p-5077764

Rare Beauty Soft Pinch Luminous Powder Blush - Happy: 
https://go.shopmy.us/p-5077767

Charlotte Tilbury Pillow Talk Eyeshadow Palette: 
https://go.shopmy.us/p-5077775

Sephora Collection Outrageous Plumping Lip Gloss - Pink Pout: 
https://go.shopmy.us/p-5077818

Rare Beauty Positive Light Liquid Luminizer Highlight - Enlighten: 
https://go.shopmy.us/p-5077772

Isopia False Eyelashes HARMONY
https://go.shopmy.us/p-5077800

Fox Pretty: Rustic and Earthy 🦊
Nudestix Mini Nudies Roses 'N Honey Nudes: 
https://go.shopmy.us/p-5077831

Ben Nye Fair Translucent Powder: 
https://go.shopmy.us/p-5077872

Benefit Cosmetics Precisely, My Brow:
https://go.shopmy.us/p-5077841

Bareminerals Warmth Mineralist Eye Palette: 
https://go.shopmy.us/p-5077884

MUFE Artist Color Pencil: 
https://go.shopmy.us/p-5077890

Charlotte Tilbury Pillow Talk Medium Lip Cheat Lip Liner: 
https://go.shopmy.us/p-5077919

Nyx Lalaland Lipstick : 
https://go.shopmy.us/p-5077954

Isopia False Eyelashes HEALING: 
https://go.shopmy.us/p-5077997

Cat Pretty: Bold and Intense 🐈‍⬛ 

ABH Dipbrow Pomade - Granite: 
https://go.shopmy.us/p-5078590

Rèphr the Crease Bundle: 
https://go.shopmy.us/p-5079260

Victoria Beckham Beauty Smoky Eye Brick - Tuxedo: 
https://go.shopmy.us/p-5078596

Lilybyred Am9 to Pm9 Survival Penliner : 
https://go.shopmy.us/p-5079188

Invasion - Hydramatte Liquid Lipstick: 
https://go.shopmy.us/p-5079243

Colourpop Ctrl: 
https://go.shopmy.us/p-5079239

Nyx Professional Makeup Butter Gloss: 
https://go.shopmy.us/p-5079246

Isopia False Eyelashes - Echo: 
https://go.shopmy.us/p-5079234",1390,119776,3192,167,2024-05-31T10:20:03Z,Howto & Style,animal face types|how to find your animal face type|what type of pretty am I|types of pretty|deer pretty|bunny pretty|cat pretty|fox pretty|deer pretty makeup|bunny pretty makeup|cat pretty makeup|fox pretty makeup|everyday makeup|makeup tutorial|Jackie Wyers|animal face type quiz|animal face types quiz|bunny Tongue|bunny tongue lip gloss|bunny tongue sephora gloss|best bunny Tongue lip gloss|red hair|brunette|blonde|colour seasons,Jackie Wyers,@jackiewyers,UCF8jAZoTZBReXwoj8vu9HWA,981000,686,False,beauty,video,https://www.youtube.com/watch?v=hIGr8Gj4kQA,en,2026-09-11
S_IdqY01TsY,"BEAUTY MAINTENANCE🧼🎀🚿 + My Filler Experience👀  IPL, Self-Tan, Hair Care & More","Hey it’s Jackie Wyers & welcome back for this Ultimate BEAUTY MAINTENANCE ROUTINE🧼🎀🚿 I’ve never talked about the beauty tools and treatments I do behind the scenes, so I hope this is helpful! I love an at home glow up for 2024 on a budget from IPL hair removal, skincare, self tanning, teeth whitening & more. Read more about the SELF CARE ROUTINE below🎀

#PamperRoutine #SelfCare #BeautyMaintenance

Consider this  NEW IPL hair removal device from Ulike!

Use my code ""JackieUlike"" to save $100 on both Ulike website and Amazon page(you can get the New Air10 for $299)

Shop on Website: https://us.ulike.com/3WkgczZ
Buy on Amazon: https://amzn.to/3PYB9fE
Enjoy 90-day Money-back Guarantee, Just Feel Free to Try it!
#LaserHairRemovalAtHome
#IPLHairRemoval
#UlikeHairRemoval
#ulike 

My experience:
I personally was never interested in laser or waxing due to the pain and expense, but the ULIKE IPL treatment has been a super positive experience especially at home! The use of broader light spectrum allows for quicker, pain-free sessions still with noticeable results gradually. 

info about the modes as I only briefly touched on them: 
Fast Mode. Best for maintenance and small touch-ups.
Normal Mode. Best for removal of finer to normal hair.
High Mode. Best for removal of thicker hair.
SHR Mode. High-intensity treatment to eliminate stubborn hair.
AutoGlide Mode. Full-body treatment in 10 minutes (*Not available on SHR Mode)

FILLER TALK:
In this video I also wanted to chat fillers once my soda kicked in LOL. I  know that now more than ever it seems like injectables are no big deal in beauty maintenance routines, but I had an injectable experience that I don’t regret per say, but have thoughts on in hindsight I’d love to share. I hope the chit chat was helpful and I’m NOT critiquing anyone who enjoys fillers or medical spa beauty treatments, it can look great! I do caution if you are young AND hyper self-critical because it’s so hard to see your own beauty instead of a set of features and flaws (speaking from experience.) Love y’all and little AT HOME SPA DAY for a relaxing pamper routine can give a confidence boost without risks or complications! 💕 

Comment your fav beauty maintenance routine steps / Sunday pampering & if you have anything to add about the filler convo, please let me know your thoughts!

All products linked below 

Don't forget to subscribe :)

timestamps 🧼🎀🚿 
0:00 My Beauty Maintenance Routine🎀 
0:40 At Home Hair Removal (IPL)
1:43 My Hair Insecurity (armpits hehe)
2:42 Fav Body Cream (EOS Vanilla Cashmere)
3:40 Ulike Code for 100$ off!
3:58 Best Self Tanner (Coco & Eve)
4:48 Preferred Face Tan
5:09 At Home Facial (ZIIP HALO)
6:40 Teeth Whitening
7:15 My Hair Care & Why I Skip Scalp Oiling!
8:20 Fav Lip Plumping Gloss
8:55 My Experience with Fillers & What I Wish I Had Known!

On my channel find iconic POP CULTURE beauty moments and how to re-create the look on yourself! The goal of my tutorials is to teach practical makeup & hair tips and tricks so you can Switch Up Your Style With Confidence while celebrating what you love. 

For new 🍿POP CULTURE🍿 & 🎀VINTAGE VIBES🎀 tutorials - subscribe so you don’t miss an upload every week & tag me if you try out a look so I can feature you in my next upload! xo Jackie

m y   m a i n     l i n k s : 
❣ INSTAGRAM: http://instagram.com/jackiewyers

❣TIKTOK: https://www.tiktok.com/@jackie.wyers 

❣PINTEREST: https://www.pinterest.ca/jackiewyers/

❣ VLOG CHANNEL: https://www.youtube.com/watch?v=nZgnE1mtIpA&t=19s

If you are reading this... comment the
🗝POP CULTURE
PASSWORD🗝
lol intimate armpit moment 💞 

p r o d u c t s    u s e d:

Shop everything mentioned in this video here: https://shopmy.us/collections/514331

Ulike Air10:

SELF PAMPERING DAY - fav cream
Eos Shea Better Moisture Body Lotion:
https://go.shopmy.us/p-4830074

Coco & Eve Sunny Honey Bali Bronzing Bundle:
JACKIE15 on their site for discount!
https://go.shopmy.us/p-4830071

Loving Tan Deluxe Face Tan Tinted Self-Tanning Cream:
https://go.shopmy.us/p-4830065

Ziip Halo:
https://go.shopmy.us/p-4830054

 SHOWER ROUTINE
Kérastase Densifique Fondant Densité Conditioner:
https://go.shopmy.us/p-4830083

Kérastase Densifique Bain Densité Shampoo:
https://go.shopmy.us/p-4830089

Pmd Kiss Lip Plumping System:
https://go.shopmy.us/p-4830097

Lawless Forget the Filler Lip Plumping Line Smoothing Gloss:
https://go.shopmy.us/p-4830100

Lawless Forget the Filler Overnight Lip Plumping Mask:
https://go.shopmy.us/p-4830103

Shop more of my favorite products here: https://shopmy.us/jackiewyers

Disclaimer: A portion of this video is sponsored by ULIKE! I've wanted to treat my armpits for quite some time but am a big baby with pain so this was the perfect solution for me. I hope this helped explain the IPL process! The Ziip halo was gifted, but all opinions are my own of course!",791,27360,1243,121,2024-05-02T19:23:59Z,Howto & Style,Laser Hair Removal At Home|IPL Hair Removal|Ulike Hair Removal|ulike|ulike air 10|ulike air 10 how to|how to use ulike air 10|Jackie Wyers|pamper routine|sunday reset|beauty maintenance routine|beauty maintenance|best self tanner|best tanning mousse|coco and eve self tanner|beauty video|how to glow up|how to glow up 2024|summer glow up|in depth pamper routine|sunday pamper routine|at home spa day,Jackie Wyers,@jackiewyers,UCF8jAZoTZBReXwoj8vu9HWA,981000,686,False,beauty,video,https://www.youtube.com/watch?v=S_IdqY01TsY,en,2026-09-11
U0EoWuwdzGA,Ultimate Face Map - BRONZER & BLUSH PLACEMENT - Easiest way to master your everyday makeup!,"Hi!  In today's video, I'm sharing a simple and effective way to use powder bronzer and powder blush for your everyday makeup look. If you're looking for a fast and easy routine that gives you a natural, sun-kissed glow, you're in the right place! 

I'll walk you through the face map technique—a game-changer for anyone who struggles with layering products or figuring out where to place blush and bronzer. This method helps you remember exactly where to apply each product for a perfectly balanced, effortless look every time.

In this tutorial, you'll learn:

How to use powder bronzer to create depth and dimension
The best spots to apply powder blush for a fresh, lifted look
The face map technique that makes makeup layering so much easier
Tips for blending and building for a flawless finish
If you’re all about that natural, glowing makeup look that’s easy to achieve, this video is for you! Don’t forget to hit subscribe for more beauty tips, makeup tutorials, and everyday glam inspiration. 

Products Mentioned:
Powder Blush - @patricktabeauty Major Headlines Double Take Creme & Powder Blush Duo (Shade: She Goes to the Gym)
Powder Bronzer - @ArmaniBeauty Luminous Silk Bronzer (Shade 120)
Blending Tools - Morphe x Ariel brushes

Follow Me on TikTok & Instagram: @adityamadiraju 

#MakeupTutorial #BlushAndBronzer #PowderBlush #PowderBronzer #MakeupTips #EverydayMakeup #BeautyRoutine #FaceMapTechnique #NaturalMakeup #MakeupForBeginners #EffortlessMakeup",379,175942,9605,544,2025-01-24T15:27:17Z,People & Blogs,makeup|blush|bronzer|blush tutorial|bronzer tutorial|easy makeup|beginners makeup|brown-skin makeup,Aditya Madiraju,@adityamadiraju,UCkl_XiJromwpLF337t_8YfQ,688000,256,False,beauty,video,https://www.youtube.com/watch?v=U0EoWuwdzGA,en,2026-09-11
4dYXuxyJLdo,EASIEST WING LINER Tutorial - Learn to master eyeliner like a pro!,"How to Master Winged Eyeliner Like a Pro | Easy Step-by-Step Makeup Tutorial for Beginners

Description:
Want to master the perfect winged eyeliner but not sure where to start? This easy-to-follow makeup tutorial is designed for beginners who want to create flawless winged eyeliner without the stress. I break down simple tips and tricks to help you get that sharp, clean wing every time—whether you’re just starting out or looking to refine your technique!

In this video, I'll walk you through:

- Beginner-friendly tips for perfect winged eyeliner
- The best eyeliner tools and products for beginners
- How to create a sharp, symmetrical wing every time
- Simple tricks for cleaning up mistakes and perfecting the shape
- Plus, I’ll show you how to keep it easy so you can master the wing like a pro!

Products Used:
 @makeupbymario Mattes® Liquid Liner

Follow Me On TikTok & Instagram: @adityamadiraju

#wingedlinertutorial  #makeuptutorial #eyeliner #makeupbymario",360,93540,5263,255,2025-01-21T13:59:07Z,People & Blogs,makeup tutorial|eyeliner|wingliner tutorial|how to do a wing|makeup for beginners|eye makeup|makeup by mario,Aditya Madiraju,@adityamadiraju,UCkl_XiJromwpLF337t_8YfQ,688000,256,False,beauty,video,https://www.youtube.com/watch?v=4dYXuxyJLdo,en,2026-09-11
pSPN9vP__ZQ,GET TO KNOW ME AS A MAKEUP CREATOR - Is TikTok banned?,"I’m back! After building my amazing community on TikTok and Instagram over the last couple of years, I’m finally ready to dive into some longer-form content here on YouTube. In today’s video, I’ll be sharing my favorite brown-skin-friendly makeup tips and tricks that I’ve picked up over the years—everything from flawless foundation application to the best products for melanin-rich skin.

If you’ve been following me on social media, you know that I’m all about helping you achieve that glowing, confident look with makeup that complements your beautiful skin tone. Whether you have deep, medium, or tan skin, these tips are perfect for anyone looking to enhance their natural beauty without feeling like you're compromising on color match or texture.

In this tutorial, get to know me as I walk you through my full face of makeup while discussing my favorite products that work wonders on brown skin. From foundation shades to concealers that won’t leave you looking ashy, I’ve got you covered!

Products Used in This Video:
- @nyxcosmetics  MICRO BROW PENCIL
- @Hudabeauty  Easy Blur Primer 
- Dior Backstage Foundation
- @nyxcosmetics  BLUE CORRECTOR 
- Dior Backstage Concealer 
- @toofaced  Chocolate Soleil Melting Bronzing & Sculpting Stick
- @Hudabeauty  Beauty Easy Bake Cherry Blossom Powder 
- @Hudabeauty  Icy Nude Eye Palette
- @maccosmetics  Brushstroke 24-Hour Liquid Eyeliner Pen
- @fentybeauty  You Mist Setting Spray
- @ONESIZEBeauty  On Til Dawn Setting Spray
- @mac@maccosmetics Chestnut Lip Pencil
- @maccosmetics  Sweet deal

#BrownSkinMakeup #MelaninMakeup #GetToKnowMe #TikTokBan #MakeupTutorial

Follow Me on Instagram:  @adityamadiraju",338,71649,4298,454,2025-01-18T03:35:06Z,People & Blogs,makeup|brown skin makeup|tiktok ban|beauty creator|makeup tutorial|get to know me,Aditya Madiraju,@adityamadiraju,UCkl_XiJromwpLF337t_8YfQ,688000,256,False,beauty,video,https://www.youtube.com/watch?v=pSPN9vP__ZQ,en,2026-09-11
ko4I8spA_qo,3 MAKEUP BRUSHES - FULL FACE MAKEUP,"Full face makeup using 3 Makeup Brushes + Powder Puff !!!! de Brushes are important but technique is MORE critical!

@makeupbymario F3 and F4 Brush
@Sephora Pro Crease Brush 26 and Powder Puff

#makeupbrushes  #makeuptools  #makeuptutorial  #fullfacemakeup  #makeupbrushesforbeginners",249,136772,4003,148,2024-12-15T02:05:42Z,People & Blogs,,Aditya Madiraju,@adityamadiraju,UCkl_XiJromwpLF337t_8YfQ,688000,256,False,beauty,video,https://www.youtube.com/watch?v=ko4I8spA_qo,,2026-09-11
YFQcasbU0sc,BEGINNERS WING EYELINER TUTORIAL 👀👍🏽,"Easy eyeliner tutorial for beginners in makeup. It can be very scary when you are starting out but with the right guidance and practice it will soon become muscle memory. I hope this wing eyeliner tutorial helps! 👍🏽✨

Please share, follow and subscribe to my YouTube channel for relatable makeup content. Follow me on IG/ TIKTOK @adityamadiraju 💕🤗
#makeup #makeuptutorial #wingeyeliner #eyelinertutorial 

Eyeshadow Palette @makeupbymario Master Mattes
Eyeliner @tartecosmetics Maneater emphasEYES Liner",213,11087,741,43,2024-04-16T22:43:21Z,People & Blogs,,Aditya Madiraju,@adityamadiraju,UCkl_XiJromwpLF337t_8YfQ,688000,256,False,beauty,video,https://www.youtube.com/watch?v=YFQcasbU0sc,,2026-09-11
bNNuArr3Go0,FULL FACE EASY MAKEUP ROUTINE,"My goto makeup tutorial for everyday makeup 👍🏽 This routine works every time and the result are beautiful. It’s easy, it’s fast and it’s beginners friendly. You don’t have to use expensive products to achieve this look. It’s the blending technique and product placement that  is important. All poducts I used below:⬇️ #makeup  #makeuptips  #beginnersmakeuptutorial #makeuptutorial #makeuproutine 


Caudalie VinoPerfect Serum
Supergoop Protec(tint) 340C
Lancôme Serum Concealer 425C
LYS bronzer stick
Huda Beauty Peach Pie Powder
RARE BEAUTY Soft Pinch Blush Lucky and Love
Hourglass Ambient Light Bronzer
HAUS LABS Color Fuse Blush Pomelo Peach 
Benefit Cosmetics Precisely Brow Detailer 
SKKN by Kim Lip Liners Nude 13 and 15
Charlotte Tilbury Plumpgasm Gloss Medium Dark 
Morphe Continuous Setting Spray 
One size On TIL Dawn Setting Spray 
Makeup by Mario Master Mattes Palette 
Rephr.to Makeup brushes",459,65640,2592,114,2024-04-12T05:08:17Z,People & Blogs,,Aditya Madiraju,@adityamadiraju,UCkl_XiJromwpLF337t_8YfQ,688000,256,False,beauty,video,https://www.youtube.com/watch?v=bNNuArr3Go0,,2026-09-11
4WNtP4lL3DA,Fool Proof Full Face Makeup‼️,"This makeup routine is my goto and it always works. I have mastered this routine over years and hope this helps you as well. You can recreate this makeup look using any products and can add or skip some steps!!👍🏽♥️

#makeup #makeuptutorial #fullfacemakeup #brownskinmakeup 

Product details below 👇🏾 

- Morphe Continous Setting Spray
- Tula Gold Glow Eye Brightner 
- Nudeskin Vitamin C moisturizer
- Rhode Glazing Fluid
- Pat McGrath Sublime Perfection Hydrating Primer
- Lancôme TEINT IDOLE ULTRA WEAR FOUNDATION shade 450W
- MAKEUP BY MARIO SurrealSkin™ Awakening Concealer
- Haus Labs Bronzer shade Medium Level 8
- Laura Mercier Translucent Setting Powder 
- L’Oreal Infallible Matte Powder Blush shade Legendary Berry
- Make Up For Ever Artist Color Pencils
- Stilla Stay All Day Mascara
- Valentino Beauty Lip & Cheek",200,9372,,17,2023-08-18T13:58:49Z,People & Blogs,,Aditya Madiraju,@adityamadiraju,UCkl_XiJromwpLF337t_8YfQ,688000,256,False,beauty,video,https://www.youtube.com/watch?v=4WNtP4lL3DA,,2026-09-11
Be_BqsENxiE,Gender Neutral Makeup | Aditya Madiraju,"With so many products out there, makeup can be intimidating for many of us. Let me start by saying that makeup is for everyone, and no one needs to be scared of it. No matter what gender you identify as, we all want to look and feel better about ourselves. If you've never tried makeup, this is going to be your go-to video. I am sharing with you my easy makeup techniques. to help you create that ""No Makeup"" look everyone strives to achieve. Give it a go and share your finished looks with me. I can't wait for you to try!

PRODUCTS USED IN THIS VIDEO
MILK MAKEUP Hydro Grip Primer
Price: $32.00
https://www.sephora.com/product/hydro-grip-primer-P441813

PRO FILT'R INSTANT RETOUCH CONCEALER
Shade: 385 and 350
Price: $26
https://www.fentybeauty.com/pro-filtr-instant-retouch-concealer/FB30010.html?dwvar_FB30010_color=FB1150&cgid=makeup-face-concealer

Rare Beauty by Selena Gomez
LIQUID TOUCH WEIGHTLESS FOUNDATION
Shade: 450N
Price: $29
https://www.sephora.com/product/rare-beauty-by-selena-gomez-liquid-touch-weightless-foundation-P49848448

Fendy Beauty MATCH STIX CONTOUR SKINSTICK
Shade: Espresso
Price: $26
https://www.fentybeauty.com/match-stix-contour-skinstick/FB30029.html?dwvar_FB30029_color=FB3008&cgid=makeup-face-contour

Fenty Beauty CHEEKS OUT FREESTYLE CREAM BLUSH
Shade: Summertime Wine
Price: $20
https://www.fentybeauty.com/cheeks-out-freestyle-cream-blush/FB30022.html?dwvar_FB30022_color=FB9050&cgid=makeup-blush

Charlotte Tilbury AIRBRUSH FLAWLESS SETTING SPRAY
Price: $35
https://www.sephora.com/product/charlotte-tilbury-airbrush-flawless-setting-spray-P461147?om_mmc=ppc-GG_6570985830_80367644562_aud-310433652370:dsa-822567343668__385733332717_9004032_c&country_switch=us&lang=en&gclid=Cj0KCQjw7pKFBhDUARIsAFUoMDYpvb1MLC_lrMJ6e0RZuEn4v8SlVRop5WAVG0juqqfOCyeG-KwEnhcaAvKHEALw_wcB&gclsrc=aw.ds

MORE OF ME
Instagram • @adityamadiraju
TikTok • @adityamadiraju
My Other Youtube (with my husband) • Youtube.com/amitadityaTV",938,15407,701,50,2021-05-20T03:36:08Z,People & Blogs,no makeup look|makeup for men|gender neutral makeup|natural makeup|aditya madiraju|makeup|mens makeup|male beauty|male grooming|fenty beauty|beauty blogger|rare beauty|foundation|concealer|makeup for beginners|makeup tutorial,Aditya Madiraju,@adityamadiraju,UCkl_XiJromwpLF337t_8YfQ,688000,256,False,beauty,video,https://www.youtube.com/watch?v=Be_BqsENxiE,,2026-09-11
0Dvm3HeVpxY,Honest Review • Fenty Beauty Eaze Drop/Bright Fix,"Hi Youtube! It's my first video and I'm excited to share my thoughts on Fenty Beauty's Eaze Drop and Bright Fix. Fenty Beauty has been one of my favorite brands because it caters to all skin types and colors. I had to share my thoughts on these two products with you! Please let me know if you found this makeup review helpful and I'll be posting more often. It's my first go as a solo Youtuber, so please give me some love and subscribe to my channel. Thanks for your love and support!
- Aditya Madiraju

PRODUCTS USED IN THIS VIDEO
Fenty Beauty Eaze Drop Blurring Skin Tint
Shade: 17
Price: $28.50
https://www.fentybeauty.com/eaze-drop-blurring-skin-tint/FB30031.html

Fenty Beauty Bright Fix
Shade: Almond Butter
Price: $25
https://www.fentybeauty.com/bright-fix-eye-brightener/FB30032.html?dwvar_FB30032_color=FB3014

Fenty Beauty Pro Filt'r Instant Setting Powder
Shade: Honey
Price: $32
https://www.fentybeauty.com/pro-filtr-instant-retouch-setting-powder/32992.html

Fendy Beauty Refreshing Spray - What It Dew
Price: 30
https://www.fentybeauty.com/what-it-dew-makeup-refreshing-spray/FB30021.html

Check out the Fenty Beauty Youtube Channel: https://www.youtube.com/channel/UC0HVR9T6oFS3veefhGCGEsw

MORE OF ME
Instagram • @adityamadiraju
My Other Youtube (with my husband) • Youtube.com/amitadityaTV",916,12263,532,59,2021-05-11T13:00:01Z,People & Blogs,Makeup|Fentybeauty|Makeupreviews|Makeup artist|Indianmakeup|Brown skin|Male makeup|Makeup blogger|Beauty blogger|Flawless makeup|Makeup tips|Makeup tutorial|James Charles|Jeffrey star|Elf|Tarte makeup|Makeup addict|Men’s makeup|Dewy makeup|Beauty|Beauty influence|Makeupyoutuber|fenty beauty|eaze drop|bright fix|rihanna,Aditya Madiraju,@adityamadiraju,UCkl_XiJromwpLF337t_8YfQ,688000,256,False,beauty,video,https://www.youtube.com/watch?v=0Dvm3HeVpxY,,2026-09-11
Zu6nOzRGCl0,Tamales de Rajas con Queso Cheese Tamales Easy Step-by-Step Recipe,"𝐒𝐔𝐁𝐒𝐂𝐑𝐈𝐁𝐄 ᕼEᖇE! ➡ https://bit.ly/2rNLvXR
Business Email ➡ ********************

Nothing beats Tamales de Rajas con Queso on a chilly day 😋 Easy to make, incredibly delicious, and perfect for sharing during the holidays. Pair them with coffee, champurrado, or chocolate Abuelita for the ultimate cozy combo 🥰

TAMALES DE RAJAS CON QUESO INGREDIENTS:
For the masa:
► 1 1/2 cups lard 
► 2 tsp salt
► 5 tsp baking powder
► 6 cups masa (I'm using Maseca for Tamales)
► 4 cups chicken broth 
► 2 cups of water (add more if needed)
For the tamales:
► Some corn husks
► Monterrey Jack cheese (or cheese of choice)
► Canned jalapeños
► Fresh jalapeños (optional)

♡ MORE KARI:
YouTube Recetas en Español ➡ https://youtube.com/@KariReceta
Instagram ➡ https://www.instagram.com/lov.kari/
Facebook ➡ https://www.facebook.com/lov.kari/
TikTok ➡ https://www.tiktok.com/@lov.kari

VIDEOS YOU MIGHT LIKE: 
⟡ Tamales Rojos de Puerco: https://youtu.be/hirS3k60Eu4
⟡ Tamales Verdes de Pollo: https://youtu.be/ZTNK_VUzfbo
⟡ Chile Rellenos Beef Casserole: https://youtu.be/XHZw6wdxUmY

♡ SHOP MY PRODUCTS!
⟡ CAROTE White Pan Set: https://amzn.to/3xrbwOB
⟡ HEXCLAD PAN: https://amzn.to/3UGFsfk
⟡ HEXCLAD POT: https://amzn.to/3BhmrcE
⟡ Our Place Pans: https://glnk.io/r5y0n/lovkari4wt

DISCLAIMER: Links included in this description might be affiliate links. If you purchase a product or service with the links that I provide I may receive a small commission. There is no additional charge to you! Thank you for supporting my channel so I can continue to provide you with free content each week!

I have a PO BOX now!!! 
If you want to write me a letter or send me something:

Karina Valladares
P.O. BOX #8632
Rancho Cucamonga, CA 91701-9998",198,13227,717,41,2025-12-20T00:00:48Z,Howto & Style,love kari|mexican recipes|easy recipes|mexican food|recetas mexicanas|recetas navideñas|thanksgiving recipes|tamales|tamal|tamales de queso|receta facil de tamales|easy tamal recipe|easy tamale recipe|cheese tamal|cheese tamales|tamales de rajas con queso|rajas|rajas con queso|cheesy tamales|tamales recipe|how to make masa|how to make masa for tamales|tamales receta facil|tamales easy recipe|the best tamales,Love Kari Cooking,@lovekaricooking,UCbCGGKbrNrOGEEadi48CFzA,945000,1094,False,food,video,https://www.youtube.com/watch?v=Zu6nOzRGCl0,en-US,2026-09-11
hirS3k60Eu4,The best Tamales Rojos de Puerco con Chile Colorado Red Pork Tamale Recipe,"𝐒𝐔𝐁𝐒𝐂𝐑𝐈𝐁𝐄 ᕼEᖇE! ➡ https://bit.ly/2rNLvXR
Business Email ➡ ********************

Today I’m sharing my Tamales Rojos de Puerco (Red Pork Tamales) made step by step 🥰 I focus on a juicy, flavorful pork filling that makes these tamales soft, moist, and irresistible. They’re perfect for any gathering, but especially during the holiday season when tamales bring everyone together 😋 This recipe makes about 36 tamales, so there’s plenty to enjoy and share!

TAMALES DE PUERCO INGREDIENTS:
For the pork picadillo:
► 6 lb. pork shoulder butt with bone
► 12 cups boiling water
► 1 whole onion
► 2 garlic heads
► Salt and pepper to taste
► 3 minced garlic cloves
► 1/2 white onion
► 2 jalapeños
► 6 roma tomatoes
► 2 1/2 tbsp chicken bouillon
For the sauce:
► 20 chile guajillo
► 2 chile ancho
► 3 cups of broth (from where we cooked the meat)
► 7 garlic cloves
For the masa:
► 1 1/2 cups lard
► 2 tsp salt
► 5 tsp baking powder
► 6 cups masa (I'm using Maseca for Tamales)
► 7 cups of broth (from where we cooked the meat)
► 1 cup of warm water
► Some corn husks

♡ MORE KARI:
YouTube Recetas en Español ➡ https://youtube.com/@KariReceta
Instagram ➡ https://www.instagram.com/lov.kari/
Facebook ➡ https://www.facebook.com/lov.kari/
TikTok ➡ https://www.tiktok.com/@lov.kari

VIDEOS YOU MIGHT LIKE: 
⟡ Tamales Verdes de Pollo: https://youtu.be/ZTNK_VUzfbo
⟡ Chile Rellenos Beef Casserole: https://youtu.be/XHZw6wdxUmY
⟡ Pozole Rojo de Pollo: https://youtu.be/0K0MjlhgHeY

♡ SHOP MY PRODUCTS!
⟡ CAROTE White Pan Set: https://amzn.to/3xrbwOB
⟡ HEXCLAD PAN: https://amzn.to/3UGFsfk
⟡ HEXCLAD POT: https://amzn.to/3BhmrcE
⟡ Our Place Pans: https://glnk.io/r5y0n/lovkari4wt

DISCLAIMER: Links included in this description might be affiliate links. If you purchase a product or service with the links that I provide I may receive a small commission. There is no additional charge to you! Thank you for supporting my channel so I can continue to provide you with free content each week!",277,26718,1089,76,2025-12-18T00:00:51Z,Howto & Style,easy tamales recipe|tamal|tamale|mexican food|homemade tamales|tamales|food trends|viral recipe|tamale recipe|authentic mexican tamales|como hacer tamales|tamales receta facil|tamales receta|recipe for tamales|tamales rojos|pork tamales|como hacer tamales rojos|tamales rojos de puerco|pork tamales recipe|mexican tamales|red pork tamales|how to make tamales|red tamales|authentic tamales|traditional tamales|tamales mexicanos|best tamales,Love Kari Cooking,@lovekaricooking,UCbCGGKbrNrOGEEadi48CFzA,945000,1094,False,food,video,https://www.youtube.com/watch?v=hirS3k60Eu4,en-US,2026-09-11
ZTNK_VUzfbo,How to make Tamales Verdes de Pollo (Chicken Tamales) Easy Recipe They're so moist!,"Making Tamales Verdes de Pollo (Chicken Tamales) again this year because you all loved them! 😋 This recipe is beginner-friendly, full of flavor, and perfect for bringing the family together in the kitchen. Whether you make them for a special dinner or the holiday season, these tamales always feel like home 🥰

GREEN CHICKEN TAMALES INGREDIENTS:
For the chicken filling
► 8 garlic cloves
► 1 cup of water
► 6 lb chicken thighs
► 1 whole onion
► 1 garlic head
► 1 tsp whole black pepper
► 2 bay leaves 
► 1 tbsp salt
► 1/2 white onion
► Some black pepper
For the green salsa:
► 3 Anaheim peppers
► 2 poblano peppers
► 12 tomatillos
► 2 serrano peppers
► 1 jalapeño
► Some cilantro
► 3 garlic cloves
► 1/2 white onion
► 1/2 tsp oregano
► 1/2 tsp black pepper
► 1/2 tsp cumin
► 2 1/2 tbsp chicken bouillon
► 1 cup of water from tomatillos
For the masa
► 1 1/2 cups lard
► 2 tsp salt
► 5 tsp baking powder
► 6 cups masa (I'm using Maseca for Tamales)
► 4 cups chicken broth (from where we cooked the chicken)
► 2-3 cups of water
► Some corn husks

#holidayrecipes #tamales #tamalesmexicanos #mexicanrecipes",285,34792,1498,163,2025-12-09T00:00:43Z,Howto & Style,easy tamales recipe|tamal|tamale|chicken tamales|mexican food|homemade tamales|green chile tamales|tamales|cooking|food trends|viral recipe|tamale recipe|green chicken tamales|tamales verdes|tamales verdes de pollo|chicken tamales recipe easy|green tamales|tamal verde|chicken tamales recipe authentic|chile verde|authentic mexican tamales|como hacer tamales|tamales receta facil|tamales receta|tamal recipe|recipe for tamales,Love Kari Cooking,@lovekaricooking,UCbCGGKbrNrOGEEadi48CFzA,945000,1094,False,food,video,https://www.youtube.com/watch?v=ZTNK_VUzfbo,en-US,2026-09-11
XHZw6wdxUmY,Chile Rellenos Beef Casserole Super Easy Recipe and No Frying!,"You asked for it, here it is! Today I’m sharing my Chile Relleno Beef Casserole 😋 Easy to make, full of flavor, and no frying needed! 🥰
Do you prefer your Chile Rellenos with meat or without? Let me know in the comments!👇

CHILE RELLENOS BEEF CASSEROLE INGREDIENTS:
For the meat:
► Avocado oil
► 1 lb. ground beef
► 3 minced garlic cloves
► 1/4 white onion
► 1/2 jalapeño
► Salt and pepper to taste
► 2 roma tomatoes
For the casserole:
► 6 poblano peppers
► 20 oz Oaxaca cheese
► Cooking spray
For the egg batter:
► 8 eggs (at room temperature)
► 1/3 cup all purpose flour
► 1/2 tsp baking powder
► 1/4 cup of milk
► Salt and pepper to taste
For the salsa:
► 5 roma tomatoes
► 1 jalapeño pepper
► 1/4 white onion
► 2 garlic cloves
► 1 tortilla
► 2 tsp chicken bouillon
► 1/2 tsp oregano
► 1/3 cup water
► Salt to taste

#mexicanrecipes #easyrecipes #chilesrellenos #casserole",190,15132,1167,52,2025-12-04T00:00:43Z,Howto & Style,chiles rellenos english recipe|how to make chiles rellenos|how to make chile rellenos|chile rellenos|chile relleno recipe|receta de chiles rellenos|easy chiles rellenos|chiles rellenos con queso|perfect chile rellenos|chiles rellenos|como hacer chiles rellenos|chiles rellenos receta|chiles relleno|receta de chile relleno|como hacer chile relleno|chiles rellenos paso a paso|casserole|chile relleno casserole|chiles rellenos casserole,Love Kari Cooking,@lovekaricooking,UCbCGGKbrNrOGEEadi48CFzA,945000,1094,False,food,video,https://www.youtube.com/watch?v=XHZw6wdxUmY,en-US,2026-09-11
pgAxZT1Pbno,Pan de Muerto Easy Bread Recipe,"#FOOD4LESSPartner Día de los Muertos is a time to honor our loved ones and celebrate with food, flowers, and family 🥰 This year I made Pan de Muerto 😋 and created a meaningful altar with the help of FOOD4LESS. From fresh flowers to affordable ingredients, FOOD4LESS has everything you need in one place to keep traditions alive.
#Food4Less #DiaDeLosMuertos #easyrecipes #recetafacil

PAN DE MUERTO INGREDIENTS:
To activate yeast:
► 1/3 cup warm milk
► 1 tsp sugar
► 2 1/2 tbsp yeast
For the dough:
► 4 1/2 cups sifted all-purpose flour
► 1/3 cup sugar
► 1 tbsp cinnamon
► 1 tsp orange blossom water
► Zest of 1 orange
► 6 eggs (at room temperature)
► 2 sticks butter (at room temperature)
► Some melted butter
► Some granulated sugar
For the egg wash:
► 1 egg
► 1 tsp milk",182,21418,1101,87,2025-10-08T21:01:01Z,Howto & Style,easy dessert recipe|dessert|postre|easy dessert|postre facil|flan|Mexican dessert|postre mexicano|receta facil|easy recipe|pan|bread|easy bread|pan receta facil|receta facil de pan,Love Kari Cooking,@lovekaricooking,UCbCGGKbrNrOGEEadi48CFzA,945000,1094,False,food,video,https://www.youtube.com/watch?v=pgAxZT1Pbno,en-US,2026-09-11
e8DdlMqiBic,How to make Barbacoa al estilo Sinaloa Easy Recipe Sinaloense,"𝐒𝐔𝐁𝐒𝐂𝐑𝐈𝐁𝐄 ᕼEᖇE! ➡ https://bit.ly/2rNLvXR
Business Email ➡ ********************

This Barbacoa Sinaloense is pure tradition 😋 A dish from Sinaloa that’s always served at weddings, quinceañeras, and family celebrations. I grew up eating it, and now I get to share it with you. I paired it with sopa fría and frijoles puercos, just like back home. Want me to share those recipes too? Let me know in the comments! 
If you enjoy this recipe please don’t forget to give me a big thumbs up and if you are not subscribed, please subscribe to become part of our family 💕

BARBACOA SINALOENSE INGREDIENTS:
For the salsa
► 10 guajillo peppers
► 3 chile anchos
► 1/2 white onion
► 5 garlic cloves
► 1/4 tsp allspice
► 1 tsp oregano
► 1/2 tsp black pepper
► 2 tbsp beef bouillon
► 1/2 tbsp chicken bouillon
For the barbacoa:
► 8 lbs. of meat (shank, oxtail, chuck roast)
► Salt and black pepper to taste
► 5 roma tomatoes
► 1/2 red onion
► 1/2 white onion
► 2 poblano peppers
► 24 oz papas cambray (baby potatoes)
► 4 carrots
► Some olives
► 1 can El Pato tomato sauce
► Some pickled jalapeños
► Some bay leaves
► 1 beer of choice
► 2 tbsp white vinegar

♡ MORE KARI:
YouTube Recetas en Español ➡ https://youtube.com/@KariReceta
Instagram ➡ https://www.instagram.com/lov.kari/
Facebook ➡ https://www.facebook.com/lov.kari/
TikTok ➡ https://www.tiktok.com/@lov.kari

VIDEOS YOU MIGHT LIKE: 
⟡ Tamales Rojos de Puerco: https://youtu.be/OzUl7g5JY6g
⟡ Caldo de Albóndigas: https://youtu.be/eTTZq99n7c4
⟡ Pozole Rojo: https://youtu.be/yIfyhJO2A5Q

♡ SHOP MY PRODUCTS!
⟡ CAROTE White Pan Set: https://amzn.to/3xrbwOB
⟡ HEXCLAD PAN: https://amzn.to/3UGFsfk
⟡ HEXCLAD POT: https://amzn.to/3BhmrcE
⟡ Our Place Pans: https://glnk.io/r5y0n/lovkari4wt

DISCLAIMER: Links included in this description might be affiliate links. If you purchase a product or service with the links that I provide I may receive a small commission. There is no additional charge to you! Thank you for supporting my channel so I can continue to provide you with free content each week!",190,14180,1036,127,2025-09-02T23:00:42Z,Howto & Style,love kari|cooking|food|recipes|mexican recipes|cooking channel|easy recipes|mexican food|mexican food recipes|mexican food cooking|comida mexicana|receta|comida|barbacoa|estilo sinaloa|sinaloense|baracoa al estilo sinaloa|barbacoa recipe|receta de barbacoa|barbacoa facil|barbacoa from sinaloa|sinaloa barbacoa,Love Kari Cooking,@lovekaricooking,UCbCGGKbrNrOGEEadi48CFzA,945000,1094,False,food,video,https://www.youtube.com/watch?v=e8DdlMqiBic,en-US,2026-09-11
OzUl7g5JY6g,How to make the best Tamales Rojos de Puerco con Chile Colorado Red Pork Tamale Easy Recipe,"𝐒𝐔𝐁𝐒𝐂𝐑𝐈𝐁𝐄 ᕼEᖇE! ➡ https://bit.ly/2rNLvXR
Business Email ➡ ********************

Today I’ll show you step by step how to make delicious Tamales Rojos de Puerco (Red Pork Tamales) 🥰 I love making the pork filling juicy and flavorful—perfect for moist, irresistible tamales. These tamales are great for any occasion but especially shine during the holidays, like Thanksgiving and Christmas 😋 This recipe makes about 36 tamales, so there’s plenty to share! If you enjoy this recipe please don’t forget to give me a big thumbs up and if you are not subscribed, please subscribe to become part of our family 💕

TAMALES DE PUERCO INGREDIENTS:
For the pork picadillo:
► 6 lb. pork butt with bone
► Salt and pepper to taste
► 1 whole onion
► 1 garlic head
► 2 chile ancho
► 20 chile guajillo
► 7 garlic cloves
► 3 minced garlic cloves
► 1 white onion
► 2 jalapeños
► 6 roma tomatoes
► 2 1/2 tbsp chicken bouillon
For the masa:
► 1 1/2 cups lard
► 2 tsp salt
► 5 tsp baking powder
► 6 cups masa (I'm using Maseca for Tamales)
► 7 cups of broth (from where we cooked the meat)
► 1 cup of warm water
► Some corn husks

♡ MORE KARI:
YouTube Recetas en Español ➡ https://youtube.com/@KariReceta
Instagram ➡ https://www.instagram.com/lov.kari/
Facebook ➡ https://www.facebook.com/lov.kari/
TikTok ➡ https://www.tiktok.com/@lov.kari

VIDEOS YOU MIGHT LIKE: 
⟡ Tamales Verdes de Pollo: https://youtu.be/TSc5s-LlDN4
⟡ Tamales de Piña: https://youtu.be/OrbyMBIFQfs
⟡ Tamales de Rajas con Queso: https://youtu.be/iGl0FeO1dNw

♡ SHOP MY PRODUCTS!
⟡ CAROTE White Pan Set: https://amzn.to/3xrbwOB
⟡ HEXCLAD PAN: https://amzn.to/3UGFsfk
⟡ HEXCLAD POT: https://amzn.to/3BhmrcE
⟡ Our Place Pans: https://glnk.io/r5y0n/lovkari4wt

DISCLAIMER: Links included in this description might be affiliate links. If you purchase a product or service with the links that I provide I may receive a small commission. There is no additional charge to you! Thank you for supporting my channel so I can continue to provide you with free content each week!",251,64343,1708,83,2024-12-20T22:00:23Z,Howto & Style,easy tamales recipe|tamal|tamale|mexican food|homemade tamales|tamales|food trends|viral recipe|tamale recipe|authentic mexican tamales|como hacer tamales|tamales receta facil|tamales receta|recipe for tamales|tamales rojos|pork tamales|como hacer tamales rojos|tamales rojos de puerco|pork tamales recipe|mexican tamales|red pork tamales|how to make tamales|red tamales|authentic tamales|traditional tamales|tamales mexicanos|best tamales,Love Kari Cooking,@lovekaricooking,UCbCGGKbrNrOGEEadi48CFzA,945000,1094,False,food,video,https://www.youtube.com/watch?v=OzUl7g5JY6g,en-US,2026-09-11
TSc5s-LlDN4,How to make Tamales Verdes de Pollo Chicken Tamales Easy Recipe,"𝐒𝐔𝐁𝐒𝐂𝐑𝐈𝐁𝐄 ᕼEᖇE! ➡ https://bit.ly/2rNLvXR
Business Email ➡ ********************

Today I’m making Tamales Verdes de Pollo (Chicken Chile Verde Tamales) 😋 Perfect for beginners or anyone wanting an easy homemade recipe! While it takes time, bringing the family together makes it worthwhile. Ideal for any occasion but especially during the holidays, Thanksgiving and Christmas, you'll love them 🥰 This recipe makes about 30 tamales. If you enjoy this recipe please don’t forget to give me a big thumbs up and if you are not subscribed, please subscribe to become part of our family 💕

GREEN CHICKEN TAMALES INGREDIENTS:
For the chicken filling
► 8 garlic cloves
► 1 cup of water
► 6 lb chicken 
► 1 whole onion
► 1 garlic head
► 2 bay leaves 
► 1 tsp whole black pepper
► 1 tbsp salt
► 1/2 white onion
► Some black pepper
► 1 tbsp chicken bouillon
For the green salsa:
► 12 tomatillos
► 2 serrano peppers
► 1 jalapeño
► 3 Anaheim peppers
► 2 poblano peppers
► Some cilantro
► 3 garlic cloves
► 1/2 white onion
► 1/2 tsp oregano
► 1/2 tsp black pepper
► 1/2 tsp cumin
► 1 tbsp chicken bouillon
► 1 cup of water from tomatillos
For the masa
► 1 1/2 cups lard
► 2 tsp salt
► 5 tsp baking powder
► 6 cups masa (I'm using Maseca for Tamales)
► 4 cups chicken broth (from where we cooked the chicken)
► 2-3 cups of water
► Some corn husks

♡ MORE KARI:
YouTube Recetas en Español ➡ https://youtube.com/@KariReceta
Instagram ➡ https://www.instagram.com/lov.kari/
Facebook ➡ https://www.facebook.com/lov.kari/
TikTok ➡ https://www.tiktok.com/@lov.kari

VIDEOS YOU MIGHT LIKE: 
⟡ Pozole Verde: https://youtu.be/tmpRLdYfmKY
⟡ Tamales de Piña: https://youtu.be/OrbyMBIFQfs
⟡ Tamales de Rajas con Queso: https://youtu.be/iGl0FeO1dNw

♡ SHOP MY PRODUCTS!
⟡ CAROTE White Pan Set: https://amzn.to/3xrbwOB
⟡ HEXCLAD PAN: https://amzn.to/3UGFsfk
⟡ HEXCLAD POT: https://amzn.to/3BhmrcE
⟡ Our Place Pans: https://glnk.io/r5y0n/lovkari4wt

DISCLAIMER: Links included in this description might be affiliate links. If you purchase a product or service with the links that I provide I may receive a small commission. There is no additional charge to you! Thank you for supporting my channel so I can continue to provide you with free content each week!",249,51422,1725,70,2024-12-20T00:00:16Z,Howto & Style,easy tamales recipe|tamal|tamale|chicken tamales|mexican food|homemade tamales|green chile tamales|tamales|tamale recipe|green chicken tamales|tamales verdes|tamales verdes de pollo|chicken tamales recipe easy|green tamales|tamal verde|chicken tamales recipe authentic|chile verde|authentic mexican tamales|como hacer tamales|tamales receta facil|tamales receta|tamal recipe|recipe for tamales|chile verde tamales|tamales de pollo|tamales rapido,Love Kari Cooking,@lovekaricooking,UCbCGGKbrNrOGEEadi48CFzA,945000,1094,False,food,video,https://www.youtube.com/watch?v=TSc5s-LlDN4,en-US,2026-09-11
iGl0FeO1dNw,How to make Tamales de Rajas con Queso Cheese Tamales Recipe,"𝐒𝐔𝐁𝐒𝐂𝐑𝐈𝐁𝐄 ᕼEᖇE! ➡ https://bit.ly/2rNLvXR
Business Email ➡ ********************

Today, I’m making one of my all-time favorites: tamales de rajas con queso! 😋 These tamales are incredibly easy to make and absolutely delicious. Perfect for any occasion, but especially during the holidays like Thanksgiving and Christmas. Pair them with a hot cup of coffee, champurrado, or chocolate abuelita to stay cozy in this chilly weather. You’re going to love them! 🥰 If you enjoy this recipe please don’t forget to give me a big thumbs up and if you are not subscribed, please subscribe to become part of our family 💕

TAMALES DE RAJAS CON QUESO INGREDIENTS:
For the masa:
► 1 1/2 cups lard 
► 2 tsp salt
► 5 tsp baking powder
► 6 cups masa (I'm using Maseca for Tamales)
► 4 cups chicken broth 
► 2 cups of water (add more if needed)
For the tamales:
► Some corn husks
► Monterrey Jack cheese (or cheese of choice)
► Canned jalapeños
► Fresh jalapeños (optional)

♡ MORE KARI:
YouTube Recetas en Español ➡ https://youtube.com/@KariReceta
Instagram ➡ https://www.instagram.com/lov.kari/
Facebook ➡ https://www.facebook.com/lov.kari/
TikTok ➡ https://www.tiktok.com/@lov.kari

VIDEOS YOU MIGHT LIKE: 
⟡ Pozole Verde: https://youtu.be/tmpRLdYfmKY
⟡ Pozole Rojo: https://youtu.be/yIfyhJO2A5Q
⟡ Caldo de Albóndigas: https://youtu.be/eTTZq99n7c4

♡ SHOP MY PRODUCTS!
⟡ CAROTE White Pan Set: https://amzn.to/3xrbwOB
⟡ HEXCLAD PAN: https://amzn.to/3UGFsfk
⟡ HEXCLAD POT: https://amzn.to/3BhmrcE
⟡ Our Place Pans: https://glnk.io/r5y0n/lovkari4wt

DISCLAIMER: Links included in this description might be affiliate links. If you purchase a product or service with the links that I provide I may receive a small commission. There is no additional charge to you! Thank you for supporting my channel so I can continue to provide you with free content each week!

I have a PO BOX now!!! 
If you want to write me a letter or send me something:

Karina Valladares
P.O. BOX #8632
Rancho Cucamonga, CA 91701-9998",200,56574,2182,128,2024-11-19T00:00:27Z,Howto & Style,love kari|mexican recipes|easy recipes|mexican food|recetas mexicanas|recetas navideñas|thanksgiving recipes|tamales|tamal|tamales de queso|receta facil de tamales|easy tamal recipe|easy tamale recipe|cheese tamal|cheese tamales|tamales de rajas con queso|rajas|rajas con queso|cheesy tamales|tamales recipe|how to make masa|how to make masa for tamales|tamales receta facil|tamales easy recipe|the best tamales,Love Kari Cooking,@lovekaricooking,UCbCGGKbrNrOGEEadi48CFzA,945000,1094,False,food,video,https://www.youtube.com/watch?v=iGl0FeO1dNw,en-US,2026-09-11
tmpRLdYfmKY,How to Make Pozole Verde de Pollo Green Chicken Pozole,"𝐒𝐔𝐁𝐒𝐂𝐑𝐈𝐁𝐄 ᕼEᖇE! ➡ https://bit.ly/2rNLvXR
Business Email ➡ ********************

Excited to share my Pozole Verde con Pollo recipe! 🥰 This dish is extra special to me—my best friend made it for my birthday a few years ago, and it’s been a favorite ever since 😋 If you haven’t tried it yet, you're in for a delicious surprise! If you enjoy this recipe please don’t forget to give me a big thumbs up and if you are not subscribed, please subscribe to become part of our family 💕

POZOLE VERDE INGREDIENTS:
For the Pozole:
► 1 whole white onion
► 2 garlic heads
► 3 tbsp salt
► 5 lbs. chicken
► 5 bay leaves
► 110 oz White Hominy (Maíz Blanco)
► Some cabbage
► Some radish
► Some white onion
► Some cilantro
► Some salsa macha (optional)
Pozole Sauce:
► 2 poblano peppers
► 1 Anaheim pepper
► 12 tomatillos
► Bunch of spinach
► Small bunch of radish leaves
► Small bunch of cilantro
► 1 tsp of oregano
► 1 tsp of black peppercorn
► 3 cups chicken broth (from the pot)
Pozole mixture:
► 3 cups Hominy
► 1 cup chicken broth (from the pot)
► 2 jalapeños
► 3 tbsp chicken bouillon
► 5 garlic cloves

♡ MORE KARI:
YouTube Recetas en Español ➡ https://youtube.com/@KariReceta
Instagram ➡ https://www.instagram.com/lov.kari/
Facebook ➡ https://www.facebook.com/lov.kari/
TikTok ➡ https://www.tiktok.com/@lov.kari

VIDEOS YOU MIGHT LIKE: 
⟡ Lentejas en su Jugo: https://youtu.be/FFKt0dLOZC8
⟡ Caldo de Albóndigas: https://youtu.be/eTTZq99n7c4
⟡ Carne en su Jugo: https://youtu.be/Q-U3w7K4Lsc

♡ SHOP MY PRODUCTS!
⟡ CAROTE White Pan Set: https://amzn.to/3xrbwOB
⟡ HEXCLAD PAN: https://amzn.to/3UGFsfk
⟡ HEXCLAD POT: https://amzn.to/3BhmrcE
⟡ Our Place Pans: https://glnk.io/r5y0n/lovkari4wt

DISCLAIMER: Links included in this description might be affiliate links. If you purchase a product or service with the links that I provide I may receive a small commission. There is no additional charge to you! Thank you for supporting my channel so I can continue to provide you with free content each week!

I have a PO BOX now!!! 
If you want to write me a letter or send me something:

Karina Valladares
P.O. BOX #8632
Rancho Cucamonga, CA 91701-9998",182,171331,4989,132,2024-10-30T23:00:48Z,Howto & Style,love kari|mexican recipes|easy recipes|mexican food|pozole verde|como hacer pozole|pozole verde de pollo|recetas mexicanas|pozole de pollo|pozole verde de puerco|pozole rojo de pollo|pozole rojo de puerco|como hacer pozole rojo|como hacer pozole verde|making pozole verde|recetas navideñas|green pozole with chicken|posole|pozole verde recipe|green pozole|how to make pozole|pozole recipe|chicken pozole verde|chicken pozole|how to make pozole verde,Love Kari Cooking,@lovekaricooking,UCbCGGKbrNrOGEEadi48CFzA,945000,1094,False,food,video,https://www.youtube.com/watch?v=tmpRLdYfmKY,en-US,2026-09-11
FFKt0dLOZC8,Lentejas en su Jugo (Mexican Lentil Soup),"𝐒𝐔𝐁𝐒𝐂𝐑𝐈𝐁𝐄 ᕼEᖇE! ➡ https://bit.ly/2rNLvXR
Business Email ➡ ********************

I recently made Carne en su Jugo, a delicious dish where the meat is cooked in its own juices 😋 and a lot of you asked for a version with lentils. So today, I’m making Lentejas en su Jugo—a rich, comforting soup with tender meat and hearty lentils that's sure to become a family favorite 🥰 If you enjoy this recipe please don’t forget to give me a big thumbs up and if you are not subscribed, please subscribe to become part of our family 💕

LENTEJAS EN SU JUGO INGREDIENTS:
For the lentils:
► 7 cups of water
► 1 lb lentils
► Salt to taste
For the carne en su jugo:
► 1 lb bacon
► 5 chiles gueros (yellow peppers)
► 8 green onions
► 2 lbs carne ranchera
► Blend seasoning (black pepper, salt and garlic)
For the salsa
► 1 1/2 lbs tomatillo
► 4 jalapeños
► 2 cups of water from where we boiled tomatillos
► Small bunch of cilantro
► 1/4 small white onion
► 3 garlic cloves
► 2 tbsp chicken bouillon
To serve
► Cilantro
► White onion
► Radish
► Avocado

♡ MORE KARI:
YouTube Recetas en Español ➡ https://youtube.com/@KariReceta
Instagram ➡ https://www.instagram.com/lov.kari/
Facebook ➡ https://www.facebook.com/lov.kari/
TikTok ➡ https://www.tiktok.com/@lov.kari

VIDEOS YOU MIGHT LIKE: 
⟡ Chilaquiles Verdes Rellenos: https://youtu.be/3lFxOjaYsGE
⟡ Carne en su Jugo: https://youtu.be/Q-U3w7K4Lsc
⟡ Ceviche de Camarón: https://youtu.be/sQ--CVtKoUw

♡ SHOP MY PRODUCTS!
⟡ CAROTE White Pan Set: https://amzn.to/3xrbwOB
⟡ HEXCLAD PAN: https://amzn.to/3UGFsfk
⟡ HEXCLAD POT: https://amzn.to/3BhmrcE
⟡ Our Place Pans: https://glnk.io/r5y0n/lovkari4wt

DISCLAIMER: Links included in this description might be affiliate links. If you purchase a product or service with the links that I provide I may receive a small commission. There is no additional charge to you! Thank you for supporting my channel so I can continue to provide you with free content each week!

I have a PO BOX now!!! 
If you want to write me a letter or send me something:

Karina Valladares
P.O. BOX #8632
Rancho Cucamonga, CA 91701-9998",181,27842,1302,60,2024-10-07T23:00:09Z,Howto & Style,carne en su jugo|lentejas en su jugo|carne en salsa verde|lentejas en salsa verde|lentil soup|sopa de lentejas|lentils|lentil recipe|receta de lentejas|hearty recipes|hearty dish|hearty meal|como hacer lentejas|how to make lentils|how to cook lentils,Love Kari Cooking,@lovekaricooking,UCbCGGKbrNrOGEEadi48CFzA,945000,1094,False,food,video,https://www.youtube.com/watch?v=FFKt0dLOZC8,en-US,2026-09-11
eTTZq99n7c4,Caldo de Albóndigas (Mexican Meatball Soup),"𝐒𝐔𝐁𝐒𝐂𝐑𝐈𝐁𝐄 ᕼEᖇE! ➡ https://bit.ly/2rNLvXR
Business Email ➡ ********************

Caldo de Albóndigas is the ultimate comfort food, hearty and satisfying in every bite 😋 It's one of many beloved Mexican stews, like Birria de Res, Frijoles Charros, Pozole and Menudo. Perfect for lunch or dinner! If you enjoy this recipe please don’t forget to give me a big thumbs up and if you are not subscribed, please subscribe to become part of our family 💕

CALDO DE ALBÓNDIGAS INGREDIENTS:
For the Albóndigas:
► 2 lbs ground beef
► Salt and pepper to taste
► Some chopped mint leaves
► 1 cup uncooked rice
► 2 eggs at room temperature
For the caldo:
► 1/2 white onion
► 3 garlic cloves
► 2 chile morita
► 5 roma tomatoes
► 10 cups hot water
► 2 tbsp chicken bouillon
► 3 carrots
► 2 potatoes
► 2 calabacitas
► Small bunch of cilantro

♡ MORE KARI:
YouTube Recetas en Español ➡ https://youtube.com/@KariReceta
Instagram ➡ https://www.instagram.com/lov.kari/
Facebook ➡ https://www.facebook.com/lov.kari/
TikTok ➡ https://www.tiktok.com/@lov.kari

VIDEOS YOU MIGHT LIKE: 
⟡ Chilaquiles Verdes Rellenos: https://youtu.be/3lFxOjaYsGE
⟡ Carne en su Jugo: https://youtu.be/Q-U3w7K4Lsc
⟡ Ceviche de Camarón: https://youtu.be/sQ--CVtKoUw

♡ SHOP MY PRODUCTS!
⟡ CAROTE White Pan Set: https://amzn.to/3xrbwOB
⟡ HEXCLAD PAN: https://amzn.to/3UGFsfk
⟡ HEXCLAD POT: https://amzn.to/3BhmrcE
⟡ Our Place Pans: https://glnk.io/r5y0n/lovkari4wt

DISCLAIMER: Links included in this description might be affiliate links. If you purchase a product or service with the links that I provide I may receive a small commission. There is no additional charge to you! Thank you for supporting my channel so I can continue to provide you with free content each week!

I have a PO BOX now!!! 
If you want to write me a letter or send me something:

Karina Valladares
P.O. BOX #8632
Rancho Cucamonga, CA 91701-9998",189,117040,4106,144,2024-09-09T23:00:24Z,Howto & Style,albondigas|receta de albondigas|caldo|soup|meatball soup|mexican meatball|mexican meatball soup|caldo de albondigas|albondigas de res|caldo weather|caldo season|caldillo|caldos|los mejores caldos|carne molida|albondigas con arroz|albondigas con verdura|albondigas recipe|albondigas recipe in english|albondigas receta|receta facil como hacer albondigas|como hacer albondigas|how to make albondigas,Love Kari Cooking,@lovekaricooking,UCbCGGKbrNrOGEEadi48CFzA,945000,1094,False,food,video,https://www.youtube.com/watch?v=eTTZq99n7c4,en-US,2026-09-11
Q-U3w7K4Lsc,Carne en su Jugo Super Easy Recipe!,"𝐒𝐔𝐁𝐒𝐂𝐑𝐈𝐁𝐄 ᕼEᖇE! ➡ https://bit.ly/2rNLvXR
Business Email ➡ ********************

Carne en su jugo, or meat cooked in its juice, is a special dish from Jalisco, Mexico that my husband absolutely loves! 🥰 He's been asking me to make it again, so today I'm going to show you how to make this delicious recipe that will become a family favorite 😋 If you enjoy this recipe please don’t forget to give me a big thumbs up and if you are not subscribed, please subscribe to become part of our family 💕

CARNE EN SU JUGO INGREDIENTS:
For the meat
► 1 lb bacon
► 7 chiles gueros (yellow peppers)
► 5 green onions
► 2 1/2 lbs carne ranchera
► Blend seasoning (black pepper, salt and garlic)
► Some chicken bouillon
For the salsa
► 1 1/2 lbs tomatillo
► 5 chiles serrano 
► 2 cups of water from where we boiled tomatillos
► Small bunch of cilantro
► 1/4 small white onion
► 3 garlic cloves
► 1 tbsp chicken bouillon
To serve
► Some frijoles de la olla
► Some cilantro
► Some white onion
► Radish

♡ MORE KARI:
YouTube Recetas en Español ➡ https://youtube.com/@KariReceta
Instagram ➡ https://www.instagram.com/lov.kari/
Facebook ➡ https://www.facebook.com/lov.kari/
TikTok ➡ https://www.tiktok.com/@lov.kari

VIDEOS YOU MIGHT LIKE: 
⟡ Chile Rellenos Casserole: https://youtu.be/LD8lOSMAHjA
⟡ Ceviche de Camarón: https://youtu.be/sQ--CVtKoUw
⟡ Sopa de Fideo: https://youtu.be/yNYxYJ3V__4

♡ SHOP MY PRODUCTS!
⟡ CAROTE White Pan Set: https://amzn.to/3xrbwOB
⟡ HEXCLAD PAN: https://amzn.to/3UGFsfk
⟡ HEXCLAD POT: https://amzn.to/3BhmrcE
⟡ Our Place Pans: https://glnk.io/r5y0n/lovkari4wt

DISCLAIMER: Links included in this description might be affiliate links. If you purchase a product or service with the links that I provide I may receive a small commission. There is no additional charge to you! Thank you for supporting my channel so I can continue to provide you with free content each week!

I have a PO BOX now!!! 
If you want to write me a letter or send me something:

Karina Valladares
P.O. BOX #8632
Rancho Cucamonga, CA 91701-9998",207,36356,1494,65,2024-09-05T23:00:26Z,Howto & Style,love kari|cooking|food|recipes|mexican recipes|cooking channel|easy recipes|mexican food|mexican food recipes|mexican food cooking|comida mexicana|receta|comida|carne en su jugo|receta autentica|receta tradicional|jalisco|jalisco mexico|mexican recipe|super easy recipe|frijoles|frijoles de la olla|beans|frijolitos,Love Kari Cooking,@lovekaricooking,UCbCGGKbrNrOGEEadi48CFzA,945000,1094,False,food,video,https://www.youtube.com/watch?v=Q-U3w7K4Lsc,en-US,2026-09-11
sQ--CVtKoUw,Ceviche de Camarón Quick and Easy Shrimp Recipe Perfect for Summer Gatherings,"In partnership with FOOD4LESS® 
Shrimp Ceviche is a refreshing and easy dish, ready in under 30 minutes. Before we dive in, let's head to @myfood4less.
FOOD4LESS® has all the fresh ingredients I need at unbeatable prices! DOWNLOAD APP TODAY! (https://bit.ly/4dUFE5l) 

CEVICHE DE CAMARON INGREDIENTS:
► 1 1/2 lbs. of shrimp
► 10 limes
► Salt and pepper to taste
► 4 tomatoes
► 1/2 white onion
► 1/2 red onion
► 1 serrano pepper
► 2 cucumbers
► Some cilantro
► 5 chiles de arbol
► 6 chiles tepin
► Some salt
► 1 tbsp soy sauce
► 1 salsa negra for mariscos
► 1 avocado

♡ MORE KARI:
Instagram ➡ https://www.instagram.com/lov.kari/
Facebook ➡ https://www.facebook.com/lov.kari/
TikTok ➡ https://www.tiktok.com/@lov.kari

VIDEOS YOU MIGHT LIKE: 
⟡ Taquitos Dorados Ahogados: https://youtu.be/XnSwxaMnElg
⟡ Chile Rellenos Casserole: https://youtu.be/LD8lOSMAHjA
⟡ Chilaquiles Verdes Rellenos: https://youtu.be/3lFxOjaYsGE

DISCLAIMER: Links included in this description might be affiliate links. If you purchase a product or service with the links that I provide I may receive a small commission. There is no additional charge to you! Thank you for supporting my channel so I can continue to provide you with free content each week!

I have a PO BOX now!!! 
If you want to write me a letter or send me something:

Karina Valladares
P.O. BOX #8632
Rancho Cucamonga, CA 91701-9998",192,91849,2661,117,2024-07-15T23:00:33Z,Howto & Style,ceviche|ceviche de camaron|camaron|camarones|shrimp|shrimp ceviche|mariscos|receta de mariscos|receta de camaron|receta rapida|receta facil|easy recipe|easy recipes|easy shrimp recipe|receta de camaron facil|receta de camarones|seafood recipe|seafood|easy seafood recipe|el major ceviche|the best ceviche,Love Kari Cooking,@lovekaricooking,UCbCGGKbrNrOGEEadi48CFzA,945000,1094,False,food,video,https://www.youtube.com/watch?v=sQ--CVtKoUw,en-US,2026-09-11
LD8lOSMAHjA,Chile Rellenos Casserole Super Easy Recipe And No Frying!,"𝐒𝐔𝐁𝐒𝐂𝐑𝐈𝐁𝐄 ᕼEᖇE! ➡ https://bit.ly/2rNLvXR
Business Email ➡ ********************

Today, I'm sharing the ultimate Chile Relleno Casserole recipe! Perfect for a delicious family breakfast, this dish offers all the flavors of traditional Chile Rellenos without the hassle of frying. A healthier, mouthwatering twist on a classic favorite! 😋 If you enjoy this recipe please don’t forget to give me a big thumbs up and if you are not subscribed, please subscribe to become part of our family 💕

CHILE RELLENOS CASSEROLE INGREDIENTS:
For the casserole:
► 6 poblano peppers
► 20 oz Oaxaca cheese
► Cooking spray
For the egg batter:
► 6 eggs (at room temperature)
► 1/2 tsp baking powder
► 1/3 cup all purpose flour
► 1/4 cup of milk
► Salt and pepper to taste
For the salsa:
► 5 tomatoes
► 1/4 white onion
► 1 jalapeño pepper
► 2 garlic cloves
► 1 tortilla
► 2 tsp chicken bouillon
► 1/2 tsp oregano
► 1/3 cup water
► Salt to taste

♡ MORE KARI:
YouTube Recetas en Español ➡ https://youtube.com/@UCP-BSEjlV-EQ9vl2DFLuHUg 
Instagram ➡ https://www.instagram.com/lov.kari/
Facebook ➡ https://www.facebook.com/lov.kari/
TikTok ➡ https://www.tiktok.com/@lov.kari

VIDEOS YOU MIGHT LIKE: 
⟡ Taquitos Dorados Ahogados: https://youtu.be/XnSwxaMnElg
⟡ Chile Rellenos: https://youtu.be/acr1WRvJTtI
⟡ Chilaquiles Verdes Rellenos: https://youtu.be/3lFxOjaYsGE

♡ SHOP MY PRODUCTS!
⟡ CAROTE Whte Pan Set: https://amzn.to/3xrbwOB
⟡ HEXCLAD PAN: https://amzn.to/3UGFsfk
⟡ HEXCLAD POT: https://amzn.to/3BhmrcE
⟡ Our Place Pans: https://glnk.io/r5y0n/lovkari4wt

DISCLAIMER: Links included in this description might be affiliate links. If you purchase a product or service with the links that I provide I may receive a small commission. There is no additional charge to you! Thank you for supporting my channel so I can continue to provide you with free content each week!

I have a PO BOX now!!! 
If you want to write me a letter or send me something:

Karina Valladares
P.O. BOX #8632
Rancho Cucamonga, CA 91701-9998",220,640837,32925,1208,2024-06-13T23:00:09Z,Howto & Style,chiles rellenos english recipe|how to make chiles rellenos|how to make chile rellenos|chile rellenos|chile relleno recipe|receta de chiles rellenos|easy chiles rellenos|chiles rellenos con queso|perfect chile rellenos|chiles rellenos|como hacer chiles rellenos|chiles rellenos receta|chiles relleno|receta de chile relleno|como hacer chile relleno|chiles rellenos paso a paso|casserole|chile relleno casserole|chiles rellenos casserole,Love Kari Cooking,@lovekaricooking,UCbCGGKbrNrOGEEadi48CFzA,945000,1094,False,food,video,https://www.youtube.com/watch?v=LD8lOSMAHjA,en-US,2026-09-11
P-uI30mwFjo,"Chicken Lovers, This One’s for You! | 3 Irresistible Chicken Recipes #chicken  #everydayisfeastday",some chicken inspiration for your weekend cooking!,344,5299,313,15,2026-03-27T13:36:14Z,Education,,everydayisfeastday,@everydayisfeastday,UCim1nv8VG_ituPkCll4v4eQ,333000,1246,False,food,video,https://www.youtube.com/watch?v=P-uI30mwFjo,,2026-09-11
paPw9-eBvt0,How to sharpen your kitchen knives #culinaryschool #howto #knifesharpening #chef #everydayisfeastday,stay sharp out there!,250,4093,291,17,2026-01-22T14:29:43Z,Education,,everydayisfeastday,@everydayisfeastday,UCim1nv8VG_ituPkCll4v4eQ,333000,1246,False,food,video,https://www.youtube.com/watch?v=paPw9-eBvt0,,2026-09-11
3xoZrHF1M1E,My basic kitchen tools #professionalchef #cooking #kitchentools #musthave #everydayisfeastday,setting yourself up for success in the kitchen doesn't have to be expensive!,250,3636,250,11,2026-01-10T16:21:30Z,Education,,everydayisfeastday,@everydayisfeastday,UCim1nv8VG_ituPkCll4v4eQ,333000,1246,False,food,video,https://www.youtube.com/watch?v=3xoZrHF1M1E,,2026-09-11
wGWCqgIyrbM,George Saunders Says Breaking These 3 Delusions Can Save You | The Interview,"When George Saunders was awarded a medal by the National Book Foundation last year, he was introduced as “the ultimate teacher of kindness and of craft.” He has written 13 books, including “Lincoln in the Bardo,” which won the 2017 Booker Prize. His latest novel, “Vigil,” is out this month, and is about an oil tycoon on his deathbed.

But Saunders' reputation as a sort of guru of goodness comes from his 2013 convocation speech at Syracuse University, in which he extolled the importance of being kind. That speech went viral and was repackaged as a book, ""Congratulations, by the Way,"" which became a best seller. Saunders joined David Marchese to talk about what it's like to be thought of as a kindness expert, his new book and some of life's deeper questions.  

Read more: https://www.nytimes.com/2026/01/10/magazine/george-saunders-interview.html

[00:00:03] Introducing George Saunders
[00:03:01] “Vigil,” His’ New Book
[00:10:39] Was It Inevitable for Saunders To Write?
[00:13:40] After Voting for Reagan, a Shift in Perspective
[00:16:29] Empathy and Writing - Could You Write a Fictional Version of Trump?
[00:22:48] When Do You Struggle With Kindness?
[00:26:53] Some Things White House Says Are Post-Orwell, Post-Kafka
[00:27:21] Links Between Buddhism, Kindness and Art
[00:31:49] “I’ve Always Been Death Obsessed.”
[00:39:55] How Does Reading Literature Change Us?
[00:44:52] Fiction’s Impact on Our Culture
[00:52:41] Reflecting on His Life and Success

“The Interview” features conversations with the world’s most fascinating people. Each week, co-hosts David Marchese and Lulu Garcia-Navarro talk to compelling, influential figures in culture, politics, business, sports and beyond — illuminating who they are, why they do what they do and how they impact the rest of us.  

Subscribe to “The Interview”: https://www.youtube.com/@theinterviewpodcast
Download the New York Times app: https://bit.ly/4gZdoip
#theinterview",3338,418599,6997,415,2026-01-10T10:01:35Z,Entertainment,george saunders|george saunders interview|lincoln in the bardo|kindness|the interview|Podcast|New York Times Podcasts|NYT Podcasts|New York Times|nytimes|nyt|author|literature|writing|writer|fiction|book,The Interview,@theinterviewpodcast,UCPwWvr4tFnmOLpjzmIbDMgQ,247000,304,False,finance,video,https://www.youtube.com/watch?v=wGWCqgIyrbM,en,2026-09-11
X9sfKRdydX0,"Tina Brown on Ghislaine Maxwell, the Royals and the Worst People in Media Right Now | The Interview","Tina Brown was one of the most prominent media figures in the 1980s and ’90s, serving as the top editor at Vanity Fair and then The New Yorker. She later launched The Daily Beast, which ran one of the first national series on the convicted sex offender Jeffrey Epstein. She answered questions about that coverage, her career, the royal family and more on “The Interview” with Lulu Garcia-Navarro.

Read more: https://www.nytimes.com/2025/11/15/magazine/tina-brown-interview.html

“The Interview” features conversations with the world’s most fascinating people. Each week, co-hosts David Marchese and Lulu Garcia-Navarro talk to compelling, influential figures in culture, politics, business, sports and beyond — illuminating who they are, why they do what they do and how they impact the rest of us. 
Subscribe to “The Interview”: https://www.youtube.com/@theinterviewpodcast
Subscribe to New York Times audio: https://bit.ly/3Qz3GZu
Download the New York Times app: https://bit.ly/4gZdoip
#theinterview",2748,341347,7614,749,2026-01-03T13:45:09Z,News & Politics,Tina Brown|tina brown interview|donald trump|epstein|jeffrey epstein|trump epstein|epstein trump|meghan markle|prince harry|vanity fair|the new yorker|journalism|the interview|Podcast|New York Times Podcasts|NYT Podcasts|New York Times|nytimes|nyt|news|ghislaine maxwell,The Interview,@theinterviewpodcast,UCPwWvr4tFnmOLpjzmIbDMgQ,247000,304,False,finance,video,https://www.youtube.com/watch?v=X9sfKRdydX0,en,2026-09-11
zdtxwoP00N4,One Palestinian Writer’s Lifelong Quest to Get Israelis to See Him | The Interview,"At the end of another year of strife and suffering, with a cease-fire between Israel and Hamas in place but a plan for what’s next for Gaza still unclear, “The Interview” host David Marchese thought it would be useful to speak with Raja Shehadeh, a writer, lawyer and human rights activist. Shehadeh is 74 and has spent most of his life living in Ramallah, a city in the Israeli-occupied West Bank. 

Shehadeh’s 2007 book, “Palestinian Walks: Forays Into a Vanishing Landscape,” won Britain’s Orwell Prize for political writing. In the United States, his book, “We Could Have Been Friends, My Father and I,” was a finalist for the 2023 National Book Award. He’s also a co-founder of Al-Haq, a human rights organization — recently hit with sanctions by the United States government — that has documented abuses against Palestinians in the occupied territories for over 45 years. 

Shehadeh believes that peace remains possible. But he also maintains that for peace to have any chance of prevailing, there’s so much — the stories told about the region, even the basic facts — that needs to be fundamentally reconsidered.

Read more: https://www.nytimes.com/2025/12/20/magazine/raja-shehadeh-interview.html

“The Interview” features conversations with the world’s most fascinating people. Each week, co-hosts David Marchese and Lulu Garcia-Navarro talk to compelling, influential figures in culture, politics, business, sports and beyond — illuminating who they are, why they do what they do and how they impact the rest of us. 

Subscribe to “The Interview”: https://www.youtube.com/@theinterviewpodcast
Subscribe to New York Times audio: https://bit.ly/3Qz3GZu
Download the New York Times app: https://bit.ly/4gZdoip
#theinterview",2838,12910,215,103,2025-12-20T10:01:52Z,News & Politics,,The Interview,@theinterviewpodcast,UCPwWvr4tFnmOLpjzmIbDMgQ,247000,304,False,finance,video,https://www.youtube.com/watch?v=zdtxwoP00N4,,2026-09-11
Gc1dV1ojozM,What Will It Take for the Senate to Stand Up to Trump? | The Interview,"The United States Senate is at a precarious moment. From tariffs to agency funding to foreign affairs, the Senate’s check on the executive branch is arguably weaker than ever, with some critics, and some senators, warning that the body is abandoning its constitutionally prescribed role.

With that in mind, “The Interview” host Lulu Garcia-Navarro invited three politicians, all of whom decided to leave the Senate at some point during the Trump era, to discuss the problems they see. Joining her are: Tina Smith, a Democratic senator from Minnesota who is not running for re-election; Jeff Flake, a former Republican senator from Arizona; and Joe Manchin, a former senator from West Virginia, who was a Democrat and later a registered independent. “Congress has abdicated its responsibility,” Flake says.

Read more: https://www.nytimes.com/2025/12/13/magazine/senators-manchin-flake-smith-interview.html

“The Interview” features conversations with the world’s most fascinating people. Each week, co-hosts David Marchese and Lulu Garcia-Navarro talk to compelling, influential figures in culture, politics, business, sports and beyond — illuminating who they are, why they do what they do and how they impact the rest of us. 

Subscribe to “The Interview”: https://www.youtube.com/@theinterviewpodcast
Subscribe to New York Times audio: https://bit.ly/3Qz3GZu
Download the New York Times app: https://bit.ly/4gZdoip
#theinterview",2373,125461,2353,637,2025-12-13T10:00:33Z,News & Politics,trump|venezuela|senate|congress|republicans|jeff flake|tina smith|joe manchin|interview|tariffs|politics|the interview|Podcast|New York Times Podcasts|NYT Podcasts|New York Times|nytimes|nyt|news,The Interview,@theinterviewpodcast,UCPwWvr4tFnmOLpjzmIbDMgQ,247000,304,False,finance,video,https://www.youtube.com/watch?v=Gc1dV1ojozM,,2026-09-11
YY5tIJpH0YE,Kristen Stewart Thinks Hollywood Is Stuck in ‘Capitalist Hell’ | The Interview,"Kristen Stewart shot to stardom in her late teens and early 20s, acting in big-budget films like the “Twilight” series and “Snow White and the Huntsman.” She also became a target of the tabloid press, notably for her relationship with her “Twilight” co-star Robert Pattinson. In her mid-20s, she began to choose more independent work, and was nominated for an Academy Award in 2022 for her role as Princess Diana in “Spencer.”  

Now 35, Stewart has directed her first full-length feature, “The Chronology of Water,” which is in select theaters. She and ""The Interview"" host David Marchese spoke about fame, filmmaking and the stories we choose to tell about ourselves.

Read more: https://www.nytimes.com/2025/12/06/magazine/kristen-stewart-interview.html

“The Interview” features conversations with the world’s most fascinating people. Each week, co-hosts David Marchese and Lulu Garcia-Navarro talk to compelling, influential figures in culture, politics, business, sports and beyond — illuminating who they are, why they do what they do and how they impact the rest of us. 

Subscribe to The Interview: https://www.youtube.com/@theinterviewpodcast
Subscribe to New York Times audio: https://bit.ly/3Qz3GZu
Download the New York Times app: https://bit.ly/4gZdoip
#theinterview",3052,620875,25428,3231,2025-12-06T10:01:04Z,News & Politics,kristen stewart|kristen stewart interview|the chronology of water|movies|hollywood|actors|method acting|sex scenes|women|directing|the interview|celebrity news|Podcast|New York Times Podcasts|NYT Podcasts|New York Times|nytimes|nyt,The Interview,@theinterviewpodcast,UCPwWvr4tFnmOLpjzmIbDMgQ,247000,304,False,finance,video,https://www.youtube.com/watch?v=YY5tIJpH0YE,,2026-09-11
wrIIJSm7jdQ,The Moment Simon Cowell Learned About Liam Payne’s Death | The Interview,"Simon Cowell, the caustic judge from “American Idol,” “The X Factor” and “America’s Got Talent,” has mellowed. He’s grappled with the death of Liam Payne, one of the singers he discovered and cast in the megafamous boy band One Direction. He also lost both of his parents, became a father and went to therapy. His latest project is a Netflix series called “Simon Cowell: The Next Act.” In it, Cowell goes back to his roots, auditioning and training a group of teenagers to be in his new boy band.

In this conversation with “The Interview” host Lulu Garcia-Navarro, he talks about his life, Payne’s death, his viral walk through the “Spirit Tunnel” on “The Jennifer Hudson Show” and more.

Read more: https://www.nytimes.com/2025/11/29/magazine/simon-cowell-interview.html

“The Interview” features conversations with the world’s most fascinating people. Each week, co-hosts David Marchese and Lulu Garcia-Navarro talk to compelling, influential figures in culture, politics, business, sports and beyond — illuminating who they are, why they do what they do and how they impact the rest of us. 

Subscribe to “The Interview”: https://www.youtube.com/@theinterviewpodcast
Subscribe to New York Times audio: https://bit.ly/3Qz3GZu
Download the New York Times app: https://bit.ly/4gZdoip
#theinterview",3345,439533,5775,822,2025-11-29T10:01:38Z,News & Politics,Simon Cowell|Liam Payne|America’s Got Talent|X Factor|Britain’s Got Talent|American Idol|agt|bgt|The Next Act|music|the interview|Podcast|New York Times Podcasts|NYT Podcasts|New York Times|nytimes|nyt,The Interview,@theinterviewpodcast,UCPwWvr4tFnmOLpjzmIbDMgQ,247000,304,False,finance,video,https://www.youtube.com/watch?v=wrIIJSm7jdQ,,2026-09-11
9zDAGzA5stQ,How John Green Fights Despair Every Day | The Interview,"John Green’s young-adult novels, including the mega-best-selling “The Fault in Our Stars,” have shown his gift for both capturing and speaking the emotional language of teenagers. More recently, John has turned his attention to global health, with this year’s nonfiction best-seller “Everything Is Tuberculosis.” 

On YouTube, he and his younger brother, Hank Green, post earnest and wonky videos under the Vlogbrothers banner for a devoted audience of millions. They explore all sorts of weighty subjects: mental health, religion, the meaning of life, and more. In this conversation with “The Interview” host David Marchese, John talks about how his writing has evolved, where he finds hope and more. 

Read more: https://www.nytimes.com/2025/11/22/magazine/john-green-interview.html

“The Interview” features conversations with the world’s most fascinating people. Each week, co-hosts David Marchese and Lulu Garcia-Navarro talk to compelling, influential figures in culture, politics, business, sports and beyond — illuminating who they are, why they do what they do and how they impact the rest of us. 

Subscribe to “The Interview”: https://www.youtube.com/@theinterviewpodcast
Subscribe to New York Times audio: https://bit.ly/3Qz3GZu
Download the New York Times app: https://bit.ly/4gZdoip
#theinterview",2897,120574,3937,331,2025-11-22T10:00:17Z,News & Politics,john green|john green interview|hank green|vlogbrothers|the fault in our stars|everything is tuberculosis|the interview|Podcast|New York Times Podcasts|NYT Podcasts|New York Times|nytimes|nyt,The Interview,@theinterviewpodcast,UCPwWvr4tFnmOLpjzmIbDMgQ,247000,304,False,finance,video,https://www.youtube.com/watch?v=9zDAGzA5stQ,,2026-09-11
fKVZC5lhhok,Why Greg Gutfeld Isn’t Afraid of Being Canceled | The Interview,"On Fox News, Greg Gutfeld’s 10 p.m. show averages over 3 million viewers a night, surpassing the ratings for “The Daily Show” and other late-night shows hosted by Stephen Colbert, Jimmy Kimmel and Seth Meyers. Gutfeld can also be seen on the daytime show “The Five,” alongside Dana Perino and Jesse Watters.  

Gutfeld joined “The Interview” to talk about the success of his insult-heavy, pro-conservative approach. “I have this thing called the hierarchy of smears, and that means if you call somebody a fascist who’s going to destroy the world, I can call you anything,” he said. He and “The Interview” host David Marchese delved into the state of late-night television, Gutfeld’s career and more.

Read more: https://www.nytimes.com/2025/11/08/magazine/greg-gutfeld-interview.html

“The Interview” features conversations with the world’s most fascinating people. Each week, co-hosts David Marchese and Lulu Garcia-Navarro talk to compelling, influential figures in culture, politics, business, sports and beyond — illuminating who they are, why they do what they do and how they impact the rest of us. 

Subscribe to “The Interview”: https://www.youtube.com/@theinterviewpodcast
Subscribe to New York Times audio: https://bit.ly/3Qz3GZu
Download the New York Times app: https://bit.ly/4gZdoip
#theinterview",3030,377587,8892,2802,2025-11-08T10:01:07Z,News & Politics,Greg Gutfeld|greg gutfeld interview|gutfeld|gutfeld!|the five|fox news|the interview|stephen colbert|jimmy kimmel|seth myers|Podcast|New York Times Podcasts|NYT Podcasts|New York Times|nytimes|nyt,The Interview,@theinterviewpodcast,UCPwWvr4tFnmOLpjzmIbDMgQ,247000,304,False,finance,video,https://www.youtube.com/watch?v=fKVZC5lhhok,,2026-09-11
9D2yXJOvTIo,Why Jennifer Lawrence Regrets Everything She’s Ever Said or Done | The Interview,"By the time she was 22, Jennifer Lawrence had already won an Oscar for “Silver Linings Playbook” and starred in two major franchises, “The Hunger Games” and “X-Men.” Despite the accolades and public adulation, Lawrence tells “The Interview” host Lulu Garcia-Navarro that privately, she was always waiting for the backlash. After taking a break and doing some soul-searching, Lawrence is back in the movie “Die My Love,” co-starring Robert Pattinson, in which she plays a woman being driven mad by motherhood. 

Read more: https://www.nytimes.com/2025/11/01/magazine/jennifer-lawrence-interview.html

The credits for this episode incorrectly omit Thomas Trudeau, who also contributed camerawork.

“The Interview” features conversations with the world’s most fascinating people. Each week, co-hosts David Marchese and Lulu Garcia-Navarro talk to compelling, influential figures in culture, politics, business, sports and beyond — illuminating who they are, why they do what they do and how they impact the rest of us. 

Subscribe to “The Interview”: https://www.youtube.com/@theinterviewpodcast
Subscribe to New York Times audio: https://bit.ly/3Qz3GZu
Download the New York Times app: https://bit.ly/4gZdoip
#theinterview",2202,544798,10437,1759,2025-11-01T09:00:22Z,News & Politics,Jennifer Lawrence|Jennifer Lawrence interview|Die My Love|celebrity interviews|parenting|postpartum depression|depression|mental health|acting|actor|movies|the interview|Podcast|New York Times Podcasts|NYT Podcasts|New York Times|nytimes|nyt,The Interview,@theinterviewpodcast,UCPwWvr4tFnmOLpjzmIbDMgQ,247000,304,False,finance,video,https://www.youtube.com/watch?v=9D2yXJOvTIo,,2026-09-11
1mbe4F3YBqw,The Day Anthony Hopkins Quit Drinking | The Interview,"The Academy Award-winning actor Anthony Hopkins talks to “The Interview” host David Marchese about his storied career, including how he created iconic characters like Hannibal Lecter in “The Silence of the Lambs.” Hopkins’s new memoir, “We Did OK, Kid,” dives into the actor’s tough upbringing in Wales, his estrangement from his only child and the epiphany that led him to quit drinking. Now 87, Hopkins shares how he’s wrestling with life’s big questions.

Read more: https://www.nytimes.com/2025/10/25/magazine/anthony-hopkins-interview.html

“The Interview” features conversations with the world’s most fascinating people. Each week, co-hosts David Marchese and Lulu Garcia-Navarro talk to compelling, influential figures in culture, politics, business, sports and beyond — illuminating who they are, why they do what they do and how they impact the rest of us. 

Subscribe to “The Interview”: https://www.youtube.com/@theinterviewpodcast
Subscribe to New York Times audio: https://bit.ly/3Qz3GZu
Download the New York Times app: https://bit.ly/4gZdoip
#theinterview",2534,769849,18192,2108,2025-10-25T09:00:06Z,News & Politics,Anthony Hopkins|anthony hopkins interview|anthony hopkins book|acting|alcoholism|religion|god|celebrity news|the interview|Podcast|New York Times Podcasts|NYT Podcasts|New York Times|nytimes|nyt,The Interview,@theinterviewpodcast,UCPwWvr4tFnmOLpjzmIbDMgQ,247000,304,False,finance,video,https://www.youtube.com/watch?v=1mbe4F3YBqw,en-US,2026-09-11
xxTiAV52Mbk,The Floor & Enjoy Retirement Strategy (FQF),"In today's Five Question Friday (FQF) video, we cover these questions: 

1. Floor & Enjoy Retirement Strategy
2. Target Date Funds
3. Paying Taxes on Roth Conversions
4. Vanguard’s New BondBuilder ETFs
5. Boldin vs. Empower

Resources From Video
Empower: https://go.robberger.com/empower/yt-fqf
Boldin: https://go.robberger.com/boldin/yt-fqf
https://longevity.stanford.edu/wp-content/uploads/2017/11/Optimizing-Retirement-Income-Solutions-November-2017-SCL-Version.pdf
https://robberger.com/spend-safely-in-retirement-strategy/
https://fundresearch.fidelity.com/mutual-funds/composition/315792416
https://fundresearch.fidelity.com/mutual-funds/composition/315793869
https://advisors.vanguard.com/tax-center/tools/roth-betr-calculator/
https://investor.vanguard.com/investor-resources-education/news/vanguards-new-target-maturity-corporate-bond-etf-suite

*Join the Newsletter. It's Free:*
https://robberger.com/newsletter/?utm_source=Rob+Berger&utm_medium=ATF+Link&utm_campaign=Newsletter&utm_id=YouTube

*Financial tools I use:*

*I track all of my investments, performance, fees, and asset allocation with Empower. It's Free:*
https://go.robberger.com/empower/yt-

*I use Monarch Money to manage our budget:* https://go.robberger.com/monarch-yt/yt-desc

*My retirement plan comes from Boldin, the most robust retirement planner available at a reasonable cost:*
https://go.robberger.com/boldin/yt-

*I used Capitalize for my last 401(k) rollover. They did all of the work, and it's Free:*
https://go.robberger.com/capitalize/yt-

*My Book (Retire Before Mom and Dad):*
https://amzn.to/4d9qbhA

#retirement #investing #robberger

ABOUT ME 

While still working as a trial attorney in the securities field, I started writing about personal finance and investing In 2007. In 2013 I started the Doughroller Money Podcast, which has been downloaded millions of times. I've since sold my websites, bought them back, and started a new website and this YouTube channel.

I'm also the author of Retire Before Mom and Dad--The Simple Numbers Behind a Lifetime of Financial Freedom (https://amzn.to/3by10EE)

LET'S CONNECT

Youtube: https://www.youtube.com/channel/UC9C17-OMxa-7oRSaCtztObw?sub_confirmation=1

Facebook: https://www.facebook.com/financialfreedomguy/

Twitter: https://twitter.com/Robert_A_Berger

DISCLAIMER: I am not a financial adviser. These videos are for educational purposes only. Investing of any kind involves risk. Your investment and other financial decisions are solely your responsibility. It is imperative that you conduct your own research and seek professional advice as necessary. I am merely sharing my opinions.

*Disclosure*: Some of the links in this description are from partners who compensate us. This means — at no extra cost to you — I may earn money if you click and sign up for a product or open an account. This creates a financial relationship that may influence my recommendations, but I only recommend products and services I believe in and would recommend to my own mom. Advertisers have no control over my content. Read the full advertiser disclosure here: https://robberger.com/how-we-make-money/",1754,67823,1762,202,2026-04-03T15:23:17Z,Education,,Rob Berger,@rob_berger,UC9C17-OMxa-7oRSaCtztObw,298000,911,False,finance,video,https://www.youtube.com/watch?v=xxTiAV52Mbk,en,2026-09-11
WSYGeBxBueU,"How One Retiree Used the Bucket Strategy to Generate $241,098 in Extra Wealth","In today's video, we answer the following question: Can the bucket strategy help you generate income and grow your wealth in retirement, even as you're spending money to live on?

Retirement Manifesto Articles
First Article: https://www.theretirementmanifesto.com/the-60-40-portfolio-vs-the-bucket-strategy/
Second Article: https://www.theretirementmanifesto.com/60-40-vs-buckets-during-the-lost-decade/

*Join the Newsletter. It's Free:*
https://robberger.com/newsletter/?utm_source=Rob+Berger&utm_medium=ATF+Link&utm_campaign=Newsletter&utm_id=YouTube

*Financial tools I use:*

*I track all of my investments, performance, fees, and asset allocation with Empower. It's Free:*
https://go.robberger.com/empower/yt-

*I use Monarch Money to manage our budget:* https://go.robberger.com/monarch-yt/yt-desc

*My retirement plan comes from Boldin, the most robust retirement planner available at a reasonable cost:*
https://go.robberger.com/boldin/yt-

*I used Capitalize for my last 401(k) rollover. They did all of the work, and it's Free:*
https://go.robberger.com/capitalize/yt-

*My Book (Retire Before Mom and Dad):*
https://amzn.to/4d9qbhA

#retirement #investing #robberger 
0:00 Intro
3:16 Whiteboard/Implementing the Bucket Strategy
7:16 The Results
8:14 Why did it come out ahead?
10:15 The Lost Decade
11:57 Rising Equity Glide Path?
13:21 Controlling the risk
16:06 ""Down Market""
17:39 Selling stocks after a downturn
20:54 Final thoughts

ABOUT ME 

While still working as a trial attorney in the securities field, I started writing about personal finance and investing In 2007. In 2013 I started the Doughroller Money Podcast, which has been downloaded millions of times. I've since sold my websites, bought them back, and started a new website and this YouTube channel.

I'm also the author of Retire Before Mom and Dad--The Simple Numbers Behind a Lifetime of Financial Freedom (https://amzn.to/3by10EE)

LET'S CONNECT

Youtube: https://www.youtube.com/channel/UC9C17-OMxa-7oRSaCtztObw?sub_confirmation=1

Facebook: https://www.facebook.com/financialfreedomguy/

Twitter: https://twitter.com/Robert_A_Berger

DISCLAIMER: I am not a financial adviser. These videos are for educational purposes only. Investing of any kind involves risk. Your investment and other financial decisions are solely your responsibility. It is imperative that you conduct your own research and seek professional advice as necessary. I am merely sharing my opinions.

*Disclosure*: Some of the links in this description are from partners who compensate us. This means — at no extra cost to you — I may earn money if you click and sign up for a product or open an account. This creates a financial relationship that may influence my recommendations, but I only recommend products and services I believe in and would recommend to my own mom. Advertisers have no control over my content. Read the full advertiser disclosure here: https://robberger.com/how-we-make-money/",1322,52731,1629,218,2026-04-02T20:43:16Z,Education,,Rob Berger,@rob_berger,UC9C17-OMxa-7oRSaCtztObw,298000,911,False,finance,video,https://www.youtube.com/watch?v=WSYGeBxBueU,en,2026-09-11
XfDYv4jXZCQ,House of the Dragon Season 3 Episode 3 BREAKDOWN & Connections to Game of Thrones!,"In this video we take a deep dive, review, and explain season 3 episode 3 of HBO's fantasy series by George RR Martin HOUSE OF THE DRAGON based off the book Fire & Blood.

Queen Rhaenyra Targaryen has finally taken the Iron Throne, but the Dance of the Dragons is far from over! In this deep-dive House of the Dragon episode breakdown, we analyze the 13 crucial decisions Rhaenyra makes to secure her fragile reign in King's Landing, from navigating Ormund Hightower’s tense surrender and the shocking mystery of the ""imposter"" Daeron Targaryen, to the simmering political tensions with the Dragonseeds, Hugh Hammer and Ulf the White. We break down all the hidden Fire & Blood book lore you might have missed, including Daemon Targaryen's terrifying ambitions to conquer Essos, Corlys Velaryon's fight to legitimize Addam and Alyn, Alicent's tragic imprisonment, and the looming hostage crisis at Tumbleton that threatens to upend the entire Targaryen civil war. Discover all the hidden easter eggs, secret plots, and political betrayals from this pivotal episode, and be sure to like and subscribe to join the discussion on what Aemond and Vhagar's next deadly move at Harrenhal will be!

House of the Dragon Season 3 Episode 8 Breakdown: https://youtu.be/_MbXeiPNcrA
House of the Dragon Season 3 Episode 7 Breakdown: https://youtu.be/3Jf5bHPI4-Q
House of the Dragon Season 3 Episode 6 Breakdown: https://youtu.be/T4PCKMVOsp8
House of the Dragon Season 3 Episode 5 Breakdown: https://youtu.be/GO_brVB1lmM
House of the Dragon Season 3 Episode 4 Breakdown: https://youtu.be/Q3u1eEQHDd4
House of the Dragon Season 3 Episode 3 Breakdown: https://youtu.be/XfDYv4jXZCQ
House of the Dragon Season 3 Episode 2 Breakdown: https://youtu.be/CUj7c50hq5g
House of the Dragon Season 3 Episode 1 Breakdown: https://youtu.be/sLEk9AFZyYc
House of the Dragon Season 2 Ending Explained: https://youtu.be/1NDSQDynyPI
House of the Dragon Season 1 Ending Explained: https://youtu.be/PuPK4rJsQqo
A Knight of the Seven Kingdoms Ending Explained: https://youtu.be/O6GG0Pr5HYI
Game of Thrones Season 8 Ending Explained: https://youtu.be/vcqs86k0OlQ
How Game of Thrones Should Have Ended: https://youtu.be/G0mncEl4nVU

FOLLOW ME: 
Twitter: https://www.twitter.com/thinkstoryYT 
Instagram: https://www.instagram.com/thinkstoryYT 
TikTok: https://www.tiktok.com/@thinkstory 
Facebook: https://www.facebook.com/profile.php?id=100086789333941

#HOTD #HouseoftheDragon #GameofThrones",1691,282038,6477,601,2026-07-06T02:00:39Z,Film & Animation,house of the dragon|house of the dragon season 3|house of the dragon season 3 episode 3|rhaenyra targaryen|daeron targaryen|house of the dragon season 3 episode 3 breakdown|house of the dragon season 3 episode 3 ending explained|house of the dragon season 3 episode 3 recap|house of the dragon explained|house of the dragon episode 303|hotd|house of the dragon 303 breakdown|house of the dragon season 3 episode 3 review|house of the dragon episode breakdown,Think Story,@thinkstory,UC34Qdd5Z5KN30A8aJ2eIMPA,829000,1743,False,education,video,https://www.youtube.com/watch?v=XfDYv4jXZCQ,en,2026-09-11
CUj7c50hq5g,House of the Dragon Season 3 Episode 2 BREAKDOWN & Connections to Game of Thrones!,"In this video we take a deep dive, review, and explain season 3 episode 2 of HBO's fantasy series by George RR Martin HOUSE OF THE DRAGON based off the book Fire & Blood.

We delve into devastating aftermath of the Battle of the Gullet and Rhaenyra Targaryen’s fiery conquest of King’s Landing. Exploring major departures from the Fire & Blood book lore, we analyze Jacaerys’ tragic fate, Aemond’s bloody return to Harrenhal to face Alys Rivers, and Larys Strong’s calculated betrayal of Aegon II. From Daemon’s ominous visions to Rhaenyra claiming the Iron Throne and wielding Dark Sister against Otto Hightower, discover exactly what these massive changes mean for the future of the Dance of the Dragons.

House of the Dragon Season 3 Episode 8 Breakdown: https://youtu.be/_MbXeiPNcrA
House of the Dragon Season 3 Episode 7 Breakdown: https://youtu.be/3Jf5bHPI4-Q
House of the Dragon Season 3 Episode 6 Breakdown: https://youtu.be/T4PCKMVOsp8
House of the Dragon Season 3 Episode 5 Breakdown: https://youtu.be/GO_brVB1lmM
House of the Dragon Season 3 Episode 4 Breakdown: https://youtu.be/Q3u1eEQHDd4
House of the Dragon Season 3 Episode 3 Breakdown: https://youtu.be/XfDYv4jXZCQ
House of the Dragon Season 3 Episode 2 Breakdown: https://youtu.be/CUj7c50hq5g
House of the Dragon Season 3 Episode 1 Breakdown: https://youtu.be/sLEk9AFZyYc
House of the Dragon Season 2 Ending Explained: https://youtu.be/1NDSQDynyPI
House of the Dragon Season 1 Ending Explained: https://youtu.be/PuPK4rJsQqo
A Knight of the Seven Kingdoms Ending Explained: https://youtu.be/O6GG0Pr5HYI
Game of Thrones Season 8 Ending Explained: https://youtu.be/vcqs86k0OlQ
How Game of Thrones Should Have Ended: https://youtu.be/G0mncEl4nVU

FOLLOW ME: 
Twitter: https://www.twitter.com/thinkstoryYT 
Instagram: https://www.instagram.com/thinkstoryYT 
TikTok: https://www.tiktok.com/@thinkstory 
Facebook: https://www.facebook.com/profile.php?id=100086789333941

#HOTD #HouseoftheDragon #GameofThrones",1303,200149,4072,401,2026-06-29T02:10:10Z,Film & Animation,house of the dragon season 3|house of the dragon|game of thrones|house of the dragon season 3 episode 2 breakdown|house of the dragon ending explained|house of the dragon season 3 episode 2 explained|house of the dragon episode 302|rhaenyra targaryen|house of the dragon 302 breakdown|house of the dragon review|house of the dragon season 3 episode 2 review|house of the dragon episode breakdown,Think Story,@thinkstory,UC34Qdd5Z5KN30A8aJ2eIMPA,829000,1743,False,education,video,https://www.youtube.com/watch?v=CUj7c50hq5g,en,2026-09-11
PRdOgQD0c5U,FROM Season 4 Ending Explained!,"In this video we take a deep dive, review, and explain the ending to season 4 of MGM's mystery filled show by the creators of LOST, FROM.

Dive into our ultimate breakdown of the FROM Season 4 finale as we explain why Tabitha and Jade's bone ritual failed and how the mysterious Lake of Tears might be the real key to breaking the town's cycle. In this video, we explore the biggest FROM theories and unanswered questions, including the eternal tug-of-war between the Boy in White and the Man in Yellow, the truth behind the sudden daytime darkness, and Sophia's potential plot to hijack Elgin's identity. We also unpack the episode's most shocking twists: Julie's crucial need to master ""storywalking,"" Henry's heartbreaking, blood-induced betrayal of Victor, and Fatima's tragic transformation into a creature—could she actually be the next cycle's Kimono Woman? 

FROM Season 4 Episode 10 Breakdown: https://youtu.be/PRdOgQD0c5U
FROM Season 4 Episode 9 Breakdown: https://youtu.be/0syzh0o_aw8
FROM Season 4 Episode 8 Breakdown: https://youtu.be/Xo8RiVPROI8
FROM Season 4 Episode 7 Breakdown: https://youtu.be/m0XO6eKBl4Y
FROM Season 4 Episode 6 Breakdown: https://youtu.be/7DzvO9-zr_8
FROM Season 4 Episode 5 Breakdown: https://youtu.be/9LI-waS0cLs
FROM Season 4 Episode 4 Breakdown: https://youtu.be/ajd80Fz14bY
FROM Season 4 Episode 3 Breakdown: https://youtu.be/b189H4jIoPw
FROM Season 4 Episode 2 Breakdown: https://youtu.be/BSaxCWDqcoc
FROM Season 4 Episode 1 Breakdown: https://youtu.be/o_2o6oaih4w
FROM Season 4 Trailer Breakdown: https://youtu.be/V5znUyjntjA
FROM Season 3 Ending Explained: https://youtu.be/gu6n0UXdYfk
FROM Season 2 Ending Explained: https://youtu.be/p0gNeojMScU
FROM Season 1 Ending Explained: https://youtu.be/6MsZXZjJGLY

FOLLOW ME: 
Twitter: https://www.twitter.com/thinkstoryYT 
Instagram: https://www.instagram.com/thinkstoryYT 
TikTok: https://www.tiktok.com/@thinkstory 
Facebook: https://www.facebook.com/profile.php?id=100086789333941

#FROM #fromily #FromMGM",1057,814938,14412,4265,2026-06-28T05:00:21Z,Film & Animation,from|from mgm|from man in yellow|man in yellow|sophia|from sophia|from season 4|from season 4 ending explained|from season 4 breakdown|from season 4 episode 10|anghkooey|from 410|from breakdown|from storywalking|jade|victor|tabitha|from season 4 episode 10 ending explained|from theories|from season 4 theories|from season 4 episode 10 theories|from season 4 episode 10 explained|from review|from season 4 episode 10 breakdown|from season 4 episode 10 review,Think Story,@thinkstory,UC34Qdd5Z5KN30A8aJ2eIMPA,829000,1743,False,education,video,https://www.youtube.com/watch?v=PRdOgQD0c5U,en,2026-09-11
sLEk9AFZyYc,House of the Dragon Season 3 Episode 1 BREAKDOWN & Connections to Game of Thrones!,"Dive into the explosive Season 3 premiere of House of the Dragon as we break down the devastating Battle of the Gullet and its massive ramifications for the Dance of the Dragons! In this episode recap, we explore the show's shocking departures from the Fire & Blood source material, including Rhaena Targaryen's desperate quest to tame the wild dragon Sheepstealer, Larys Strong smuggling a wounded Aegon II out of King’s Landing, and Alicent's dark, twisted manipulation of a newly emboldened Aemond Targaryen. From the eerie, magical lore of Alys Rivers at the God's Eye to the brutal, fiery naval clash that seals the tragic fate of Prince Jacaerys Velaryon, we cover every detail of Rhaenyra's impending march on the capital. Watch now for a complete breakdown of the Targaryen civil war, and be sure to like and subscribe for weekly HOTD lore videos and reviews!

House of the Dragon Season 3 Episode 8 Breakdown: https://youtu.be/_MbXeiPNcrA
House of the Dragon Season 3 Episode 7 Breakdown: https://youtu.be/3Jf5bHPI4-Q
House of the Dragon Season 3 Episode 6 Breakdown: https://youtu.be/T4PCKMVOsp8
House of the Dragon Season 3 Episode 5 Breakdown: https://youtu.be/GO_brVB1lmM
House of the Dragon Season 3 Episode 4 Breakdown: https://youtu.be/Q3u1eEQHDd4
House of the Dragon Season 3 Episode 3 Breakdown: https://youtu.be/XfDYv4jXZCQ
House of the Dragon Season 3 Episode 2 Breakdown: https://youtu.be/CUj7c50hq5g
House of the Dragon Season 3 Episode 1 Breakdown: https://youtu.be/sLEk9AFZyYc
House of the Dragon Season 2 Ending Explained: https://youtu.be/1NDSQDynyPI
House of the Dragon Season 1 Ending Explained: https://youtu.be/PuPK4rJsQqo
A Knight of the Seven Kingdoms Ending Explained: https://youtu.be/O6GG0Pr5HYI
Game of Thrones Season 8 Ending Explained: https://youtu.be/vcqs86k0OlQ
How Game of Thrones Should Have Ended: https://youtu.be/G0mncEl4nVU

FOLLOW ME: 
Twitter: https://www.twitter.com/thinkstoryYT 
Instagram: https://www.instagram.com/thinkstoryYT 
TikTok: https://www.tiktok.com/@thinkstory 
Facebook: https://www.facebook.com/profile.php?id=100086789333941

#HOTD #HouseoftheDragon #GameofThrones",1312,270401,8048,735,2026-06-22T02:10:24Z,Film & Animation,house of the dragon|hotd|game of thrones|house of the dragon ending explained|house of the dragon season 3 episode 1 explained|house of the dragon episode 301|battle of the gullet|house of the dragon season 3 episode 1 breakdown|house of the dragon 301 breakdown|hotd season 3 episode 1 ending explained|house of the dragon review|house of the dragon season 3 episode 1 review|hotd 301|house of the dragon episode breakdown,Think Story,@thinkstory,UC34Qdd5Z5KN30A8aJ2eIMPA,829000,1743,False,education,video,https://www.youtube.com/watch?v=sLEk9AFZyYc,en,2026-09-11
0syzh0o_aw8,"FROM Season 4 Episode 9 Breakdown, Theories & Clues!","In this video we take a deep dive, review, and explain season 4 episode 9 of MGM's mystery filled show by the creators of LOST, FROM.

Dive deep into the latest episode of FROM as we break down the shocking reveals surrounding the shapeshifting Man in Yellow and his dark history with Sophia! In this full episode analysis, we explore the high-stakes bone ritual in the tunnels with Tabitha and Jade, untangle the chilling theories behind Fatima’s mysterious monster transformation, and examine the hidden meanings behind the talisman symbols. With Boyd risking everything at the bottle tree and Henry facing a horrifying choice regarding Victor, watch to catch every missed clue, timeline theory, and Easter egg before the explosive season finale!

FROM Season 4 Episode 10 Breakdown: https://youtu.be/PRdOgQD0c5U
FROM Season 4 Episode 9 Breakdown: https://youtu.be/0syzh0o_aw8
FROM Season 4 Episode 8 Breakdown: https://youtu.be/Xo8RiVPROI8
FROM Season 4 Episode 7 Breakdown: https://youtu.be/m0XO6eKBl4Y
FROM Season 4 Episode 6 Breakdown: https://youtu.be/7DzvO9-zr_8
FROM Season 4 Episode 5 Breakdown: https://youtu.be/9LI-waS0cLs
FROM Season 4 Episode 4 Breakdown: https://youtu.be/ajd80Fz14bY
FROM Season 4 Episode 3 Breakdown: https://youtu.be/b189H4jIoPw
FROM Season 4 Episode 2 Breakdown: https://youtu.be/BSaxCWDqcoc
FROM Season 4 Episode 1 Breakdown: https://youtu.be/o_2o6oaih4w
FROM Season 4 Trailer Breakdown: https://youtu.be/V5znUyjntjA
FROM Season 3 Ending Explained: https://youtu.be/gu6n0UXdYfk
FROM Season 2 Ending Explained: https://youtu.be/p0gNeojMScU
FROM Season 1 Ending Explained: https://youtu.be/6MsZXZjJGLY

FOLLOW ME: 
Twitter: https://www.twitter.com/thinkstoryYT 
Instagram: https://www.instagram.com/thinkstoryYT 
TikTok: https://www.tiktok.com/@thinkstory 
Facebook: https://www.facebook.com/profile.php?id=100086789333941

#FROM #fromily #FromMGM",1057,398857,9016,2288,2026-06-21T04:50:11Z,Film & Animation,from|from clara|from mgm|from season 4|from sophia|man in yellow|from man in yellow|anghkooey|from season 4 episode 9|from 409|from breakdown|from storywalking|jade|victor|tabitha|from season 4 episode 9 ending explained|from theories|from season 4 theories|from season 4 episode 9 theories|from season 4 episode 9 explained|from review|from season 4 review|from season 4 episode 9 breakdown|from season 4 episode 9 review|from episode 409|from explained,Think Story,@thinkstory,UC34Qdd5Z5KN30A8aJ2eIMPA,829000,1743,False,education,video,https://www.youtube.com/watch?v=0syzh0o_aw8,en,2026-09-11
Xo8RiVPROI8,"FROM Season 4 Episode 8 Breakdown, Theories & Clues!","In this video we take a deep dive, review, and explain season 4 episode 8 of MGM's mystery filled show by the creators of LOST, FROM.

Dive deep into the latest mysteries of the town in this comprehensive episode breakdown, where we explore Sophia's chilling resurrection of Roger and her sinister manipulation of Henry's hospital visions as the elusive Man in Yellow. We uncover the dark truth behind Fatima's dangerous tethering to Smiley at Colony House, analyze Victor's eerie survival lessons for Ethan as the cycle's next potential survivor, and break down the terrifying implications of the Nightmare Dolls. With Boyd battling escalating hallucinations and Tabitha facing a deadly confrontation with her husband's killer in the RV, the stakes have never been higher. Will Jade's risky new plan to uproot the bottle tree and retrieve the children's bones from the monster tunnels finally offer an escape, or will it unleash unimaginable suffering? Join us as we unpack all the hidden clues, Emily Dickinson references, and our wildest FROM theories as the town inches closer to a devastating fracture.

FROM Season 4 Episode 10 Breakdown: https://youtu.be/PRdOgQD0c5U
FROM Season 4 Episode 9 Breakdown: https://youtu.be/0syzh0o_aw8
FROM Season 4 Episode 8 Breakdown: https://youtu.be/Xo8RiVPROI8
FROM Season 4 Episode 7 Breakdown: https://youtu.be/m0XO6eKBl4Y
FROM Season 4 Episode 6 Breakdown: https://youtu.be/7DzvO9-zr_8
FROM Season 4 Episode 5 Breakdown: https://youtu.be/9LI-waS0cLs
FROM Season 4 Episode 4 Breakdown: https://youtu.be/ajd80Fz14bY
FROM Season 4 Episode 3 Breakdown: https://youtu.be/b189H4jIoPw
FROM Season 4 Episode 2 Breakdown: https://youtu.be/BSaxCWDqcoc
FROM Season 4 Episode 1 Breakdown: https://youtu.be/o_2o6oaih4w
FROM Season 4 Trailer Breakdown: https://youtu.be/V5znUyjntjA
FROM Season 3 Ending Explained: https://youtu.be/gu6n0UXdYfk
FROM Season 2 Ending Explained: https://youtu.be/p0gNeojMScU
FROM Season 1 Ending Explained: https://youtu.be/6MsZXZjJGLY

FOLLOW ME: 
Twitter: https://www.twitter.com/thinkstoryYT 
Instagram: https://www.instagram.com/thinkstoryYT 
TikTok: https://www.tiktok.com/@thinkstory 
Facebook: https://www.facebook.com/profile.php?id=100086789333941

#FROM #fromily #FromMGM",1191,421848,8996,2000,2026-06-14T05:00:00Z,Film & Animation,from|from mgm|from season 4|from smiley|from man in yellow|man in yellow|smiley|tabitha|from season 4 episode 8|from 408|from breakdown|from storywalking|henry|jade|from season 4 episode 8 ending explained|from theories|from season 4 theories|from season 4 episode 8 theories|from season 4 episode 8 explained|from review|from season 4 review|from season 4 episode 8 breakdown|from season 4 episode 8 review|from episode 408|from explained,Think Story,@thinkstory,UC34Qdd5Z5KN30A8aJ2eIMPA,829000,1743,False,education,video,https://www.youtube.com/watch?v=Xo8RiVPROI8,en,2026-09-11
m0XO6eKBl4Y,"FROM Season 4 Episode 7 Breakdown, Theories & Clues!","In this video we take a deep dive, review, and explain season 4 episode 7 of MGM's mystery filled show by the creators of LOST, FROM.

The town threatens to tear itself apart over Jade and Tabitha’s shocking reincarnation theories! In this episode recap, we explore Sophia’s sinister manipulation as the Man in Yellow, Boyd and Kenny’s disastrous attempt to kill a monster using a settlement totem, and Fatima’s terrifying new golem connection to Smiley. From Roger's undead attack on Colony House to Victor's tragic warnings about Ethan's survival, we uncover all the hidden clues, monster lore, and easter eggs you might have missed.

FROM Season 4 Episode 10 Breakdown: https://youtu.be/PRdOgQD0c5U
FROM Season 4 Episode 9 Breakdown: https://youtu.be/0syzh0o_aw8
FROM Season 4 Episode 8 Breakdown: https://youtu.be/Xo8RiVPROI8
FROM Season 4 Episode 7 Breakdown: https://youtu.be/m0XO6eKBl4Y
FROM Season 4 Episode 6 Breakdown: https://youtu.be/7DzvO9-zr_8
FROM Season 4 Episode 5 Breakdown: https://youtu.be/9LI-waS0cLs
FROM Season 4 Episode 4 Breakdown: https://youtu.be/ajd80Fz14bY
FROM Season 4 Episode 3 Breakdown: https://youtu.be/b189H4jIoPw
FROM Season 4 Episode 2 Breakdown: https://youtu.be/BSaxCWDqcoc
FROM Season 4 Episode 1 Breakdown: https://youtu.be/o_2o6oaih4w
FROM Season 4 Trailer Breakdown: https://youtu.be/V5znUyjntjA
FROM Season 3 Ending Explained: https://youtu.be/gu6n0UXdYfk
FROM Season 2 Ending Explained: https://youtu.be/p0gNeojMScU
FROM Season 1 Ending Explained: https://youtu.be/6MsZXZjJGLY

FOLLOW ME: 
Twitter: https://www.twitter.com/thinkstoryYT 
Instagram: https://www.instagram.com/thinkstoryYT 
TikTok: https://www.tiktok.com/@thinkstory 
Facebook: https://www.facebook.com/profile.php?id=100086789333941

#FROM #fromily #FromMGM",1203,417944,10532,2096,2026-06-07T05:00:04Z,Film & Animation,from|from mgm|from season 4|from smiley|smiley|kenny|from kenny|from season 4 episode 7|from 407|from breakdown|from storywalking|henry|jade|tabitha|from season 4 episode 7 ending explained|from theories|from season 4 theories|from season 4 episode 7 theories|from season 4 episode 7 explained|from review|from season 4 review|from season 4 episode 7 review|from episode 407|from explained,Think Story,@thinkstory,UC34Qdd5Z5KN30A8aJ2eIMPA,829000,1743,False,education,video,https://www.youtube.com/watch?v=m0XO6eKBl4Y,en,2026-09-11
7DzvO9-zr_8,"FROM Season 4 Episode 6 Breakdown, Theories & Clues!","In this video we take a deep dive, review, and explain season 4 episode 6 of MGM's mystery filled show by the creators of LOST, FROM.

In this complete breakdown and review of the latest episode of FROM Season 4, we dive deep into the shocking reveals hidden beneath Colony House, starting with Jade’s mind-bending vision and the mysterious underground door leading to the Anghkooey children’s bones! Join us as we explore the terrifying new implications of Fromville's evolving threats, analyze Julie’s bootstrap paradox connection to the Flight of the Cromenockle, and uncover the dark secrets behind Sophia’s chilling, blood-drinking encounter with Henry. We also break down Victor’s tragic memories of the Man in Yellow, the deadly new nightmare dolls terrorizing Tabitha's group, and whether Boyd’s miraculous resuscitation of Donna proves the town can manifest hope just as easily as it weaponizes your darkest fears. If you're looking for the ultimate FROM theories, hidden easter eggs, and a full explanation of the monster lore before the next episode, hit play and subscribe for more weekly breakdowns!

FROM Season 4 Episode 10 Breakdown: https://youtu.be/PRdOgQD0c5U
FROM Season 4 Episode 9 Breakdown: https://youtu.be/0syzh0o_aw8
FROM Season 4 Episode 8 Breakdown: https://youtu.be/Xo8RiVPROI8
FROM Season 4 Episode 7 Breakdown: https://youtu.be/m0XO6eKBl4Y
FROM Season 4 Episode 6 Breakdown: https://youtu.be/7DzvO9-zr_8
FROM Season 4 Episode 5 Breakdown: https://youtu.be/9LI-waS0cLs
FROM Season 4 Episode 4 Breakdown: https://youtu.be/ajd80Fz14bY
FROM Season 4 Episode 3 Breakdown: https://youtu.be/b189H4jIoPw
FROM Season 4 Episode 2 Breakdown: https://youtu.be/BSaxCWDqcoc
FROM Season 4 Episode 1 Breakdown: https://youtu.be/o_2o6oaih4w
FROM Season 4 Trailer Breakdown: https://youtu.be/V5znUyjntjA
FROM Season 3 Ending Explained: https://youtu.be/gu6n0UXdYfk
FROM Season 2 Ending Explained: https://youtu.be/p0gNeojMScU
FROM Season 1 Ending Explained: https://youtu.be/6MsZXZjJGLY

FOLLOW ME: 
Twitter: https://www.twitter.com/thinkstoryYT 
Instagram: https://www.instagram.com/thinkstoryYT 
TikTok: https://www.tiktok.com/@thinkstory 
Facebook: https://www.facebook.com/profile.php?id=100086789333941

#FROM #fromily #FromMGM",1123,336655,7026,1402,2026-05-31T05:00:32Z,Film & Animation,from|from mgm|from season 4|from season 4 episode 6|donna|from 406|from breakdown|from storywalking|lake of tears|from dolls|dolls|from scarecrows|jade|from donna|from season 4 episode 6 ending explained|from theories|from season 6 theories|from season 4 episode 6 explained|from season 5 episode 6 theories|from review|from season 4 review|from season 4 episode 6 review|from episode 406|from explained,Think Story,@thinkstory,UC34Qdd5Z5KN30A8aJ2eIMPA,829000,1743,False,education,video,https://www.youtube.com/watch?v=7DzvO9-zr_8,en,2026-09-11
kwOVc8oji7s,How The Boys Should Have Ended,"Many were disappointed with the ending of The Boys so I took the time to rewrite an alternate, new ending the way I would have liked to see. New plots, fixes, and twists.

THE BOYS Season 5 Episode 7 Breakdown: https://youtu.be/hTOyy_ct7sI
THE BOYS Season 5 Episode 6 Breakdown: https://youtu.be/YXSoEI4GRgs
THE BOYS Season 5 Episode 5 Breakdown: https://youtu.be/TLESRM1lvmw
THE BOYS Season 5 Episode 4 Breakdown: https://youtu.be/pr7_pGFL6kk
THE BOYS Season 5 Episode 3 Breakdown: https://youtu.be/jlIU7XMp40s
THE BOYS Season 5 Episode 1 & 2 Breakdown: https://youtu.be/O-BNAehTh4Y
GEN V Season 2 Ending Explained: https://youtu.be/U4-cq4WjiUE
GEN V Season 1 Ending Explained: https://youtu.be/5upbMyLjXYo
THE BOYS Season 4 Ending Explained: https://youtu.be/szIEbrsklsw
THE BOYS Season 3 Ending Explained: https://youtu.be/4udkNRDcHR0
THE BOYS Season 2 Ending Explained: https://youtu.be/o-Iodcbg_9Y
THE BOYS Season 1 Ending Explained: https://youtu.be/mj_GMYLoz3M

FOLLOW ME: 
Twitter: https://www.twitter.com/thinkstoryYT 
Instagram: https://www.instagram.com/thinkstoryYT 
TikTok: https://www.tiktok.com/@thinkstory 
Facebook: https://www.facebook.com/profile.php?id=100086789333941

#TheBoys #primevideo #TheBoysTV",625,267065,8236,1365,2026-05-21T18:53:13Z,Film & Animation,the boys|the boys ending|the boys season 5|the boys finale|the boys ending explained|the boys rewrite|how the boys should have ended|the boys episode 508|the boys rewritten|the boys new ending|the boys alternate ending|the boys writing|the boys season 5 ending|rewriting the boys|eric kripke|the boys final episode|the boys fan fiction|bad ending|good ending|homelander,Think Story,@thinkstory,UC34Qdd5Z5KN30A8aJ2eIMPA,829000,1743,False,education,video,https://www.youtube.com/watch?v=kwOVc8oji7s,en,2026-09-11
9LI-waS0cLs,"FROM Season 4 Episode 5 Breakdown, Theories & Clues!","In this video we take a deep dive, review, and explain season 4 episode 5 of MGM's mystery filled show by the creators of LOST, FROM.

In this deep-dive breakdown of the latest shocking episode of MGM+’s hit horror series FROM, we unearth the terrifying secrets of the lake and analyze what those nightmare-absorbing underwater scarecrows mean for the survival of Fromville. Join us as we unpack Jade's wild mushroom trip, the tragic history of the town's murdered violin players, and the hidden sacrificial chamber beneath Colony House that might finally reveal how to save the children and escape. We also break down Sophia's sinister manipulation of Marielle, the chilling radio dates (1609 and 1752), Fatima's eerie connection to Smiley, and Kenny’s massive realization about the Man in Yellow. Are the townspeople about to turn on Jade and Tabitha just like they did in past cycles? 

FROM Season 4 Episode 10 Breakdown: https://youtu.be/PRdOgQD0c5U
FROM Season 4 Episode 9 Breakdown: https://youtu.be/0syzh0o_aw8
FROM Season 4 Episode 8 Breakdown: https://youtu.be/Xo8RiVPROI8
FROM Season 4 Episode 7 Breakdown: https://youtu.be/m0XO6eKBl4Y
FROM Season 4 Episode 6 Breakdown: https://youtu.be/7DzvO9-zr_8
FROM Season 4 Episode 5 Breakdown: https://youtu.be/9LI-waS0cLs
FROM Season 4 Episode 4 Breakdown: https://youtu.be/ajd80Fz14bY
FROM Season 4 Episode 3 Breakdown: https://youtu.be/b189H4jIoPw
FROM Season 4 Episode 2 Breakdown: https://youtu.be/BSaxCWDqcoc
FROM Season 4 Episode 1 Breakdown: https://youtu.be/o_2o6oaih4w
FROM Season 4 Trailer Breakdown: https://youtu.be/V5znUyjntjA
FROM Season 3 Ending Explained: https://youtu.be/gu6n0UXdYfk
FROM Season 2 Ending Explained: https://youtu.be/p0gNeojMScU
FROM Season 1 Ending Explained: https://youtu.be/6MsZXZjJGLY

FOLLOW ME: 
Twitter: https://www.twitter.com/thinkstoryYT 
Instagram: https://www.instagram.com/thinkstoryYT 
TikTok: https://www.tiktok.com/@thinkstory 
Facebook: https://www.facebook.com/profile.php?id=100086789333941

#FROM #fromily #FromMGM",1029,405715,7770,1712,2026-05-17T05:00:07Z,Film & Animation,from|from mgm|from season 4|from season 4 episode 5|from 405|from breakdown|from storywalking|lake of tears|from scarecrows|jade|from jade|from season 4 episode 5 ending explained|from theories|from season 5 theories|from season 4 episode 5 explained|from season 4 episode 5 theories|from review|from season 4 review|from season 4 episode 5 review|from episode 405|from explained,Think Story,@thinkstory,UC34Qdd5Z5KN30A8aJ2eIMPA,829000,1743,False,education,video,https://www.youtube.com/watch?v=9LI-waS0cLs,en,2026-09-11
hTOyy_ct7sI,"THE BOYS Season 5 Episode 7 Breakdown, Ending Explained, & Connections to Gen V!","In this video we review, recap, breakdown, analyze theories, and take a deep dive into the ending for season 5 episode 5 of THE BOYS on Prime Video.

How The Boys Should Have Ended: https://youtu.be/kwOVc8oji7s
THE BOYS Season 5 Episode 7 Breakdown: https://youtu.be/hTOyy_ct7sI
THE BOYS Season 5 Episode 6 Breakdown: https://youtu.be/YXSoEI4GRgs
THE BOYS Season 5 Episode 5 Breakdown: https://youtu.be/TLESRM1lvmw
THE BOYS Season 5 Episode 4 Breakdown: https://youtu.be/pr7_pGFL6kk
THE BOYS Season 5 Episode 3 Breakdown: https://youtu.be/jlIU7XMp40s
THE BOYS Season 5 Episode 1 & 2 Breakdown: https://youtu.be/O-BNAehTh4Y
GEN V Season 2 Ending Explained: https://youtu.be/U4-cq4WjiUE
GEN V Season 1 Ending Explained: https://youtu.be/5upbMyLjXYo
THE BOYS Season 4 Ending Explained: https://youtu.be/szIEbrsklsw
THE BOYS Season 3 Ending Explained: https://youtu.be/4udkNRDcHR0
THE BOYS Season 2 Ending Explained: https://youtu.be/o-Iodcbg_9Y
THE BOYS Season 1 Ending Explained: https://youtu.be/mj_GMYLoz3M

Homelander has officially traded his cape for the crown in the Oval Office, and we’re breaking down every shocking twist in this packed analysis of the latest episode of The Boys. From Daveed Diggs making a show-stopping (and sacrilegious) debut as Oh Father to the heartbreaking sacrifice of Frenchie, the stakes for the upcoming finale have never been higher. We dive deep into Ashley Barrett’s ruthless ascension to the Presidency, Sister Sage’s crumbling composure, and the high-stakes experiment to give Kimiko the power of Soldier Boy’s radiation blast. Plus, we explore the Gen V crossover as Marie Moreau and Jordan Li join the fight, the truth behind the V1 compound, and whether Stormfront or Queen Maeve will return for the ""Divine Unveiling."" Whether you’re here for the political satire, the ""big nut"" conspiracy, or to see if Butcher finally chooses the mission over his soul, this breakdown covers all the theories you need to know before the final battle for the soul of America.

FOLLOW ME: 
Twitter: https://www.twitter.com/thinkstoryYT 
Instagram: https://www.instagram.com/thinkstoryYT 
TikTok: https://www.tiktok.com/@thinkstory 
Facebook: https://www.facebook.com/profile.php?id=100086789333941

#TheBoys #primevideo #TheBoysTV",1387,377868,8164,1748,2026-05-13T11:04:44Z,Film & Animation,the boys|the boys season 5|kimiko|frenchie|frenchie death|soldier boy|vought|homelander|v1|the boys season 5 episode 7|the boys season 5 review|the boys season 5 theories|the boys finale|the boys finale theories|the boys theories|the boys season 5 ending explained|the boys 507|the boys episode 507|the boys season 5 episode 7 ending explained|the boys season 5 episode 7 breakdown|the boys 507 breakdown|prime video|the boys season 5 episode 7 review,Think Story,@thinkstory,UC34Qdd5Z5KN30A8aJ2eIMPA,829000,1743,False,education,video,https://www.youtube.com/watch?v=hTOyy_ct7sI,en,2026-09-11
ajd80Fz14bY,"FROM Season 4 Episode 4 Breakdown, Theories & Clues!","In this video we take a deep dive, review, and explain season 4 episode 4 of MGM's mystery filled show by the creators of LOST, FROM.

The shadows in the Sheriff’s office are getting longer as we dive into a massive FROM Season 4 theory: Is the Man in Yellow actually Sophia in a new form, and has he been shapeshifting through cycles since the 1600s? We’re breaking down Julie’s high-stakes ""bookmark"" experiment at the Star Magic motel, the mystery of Boyd’s glitching infinity ring, and Ethan’s heartbreaking search for the Lake of Tears. From the hidden clues in the Adventures of the Grand Gooligog to Fatima’s eerie mud golem and Sophia’s psychological manipulation of Sara, we analyze whether the townspeople can truly change a story that has already been written—or if the cost of knowledge is finally too high to pay.

FROM Season 4 Episode 10 Breakdown: https://youtu.be/PRdOgQD0c5U
FROM Season 4 Episode 9 Breakdown: https://youtu.be/0syzh0o_aw8
FROM Season 4 Episode 8 Breakdown: https://youtu.be/Xo8RiVPROI8
FROM Season 4 Episode 7 Breakdown: https://youtu.be/m0XO6eKBl4Y
FROM Season 4 Episode 6 Breakdown: https://youtu.be/7DzvO9-zr_8
FROM Season 4 Episode 5 Breakdown: https://youtu.be/9LI-waS0cLs
FROM Season 4 Episode 4 Breakdown: https://youtu.be/ajd80Fz14bY
FROM Season 4 Episode 3 Breakdown: https://youtu.be/b189H4jIoPw
FROM Season 4 Episode 2 Breakdown: https://youtu.be/BSaxCWDqcoc
FROM Season 4 Episode 1 Breakdown: https://youtu.be/o_2o6oaih4w
FROM Season 4 Trailer Breakdown: https://youtu.be/V5znUyjntjA
FROM Season 3 Ending Explained: https://youtu.be/gu6n0UXdYfk
FROM Season 2 Ending Explained: https://youtu.be/p0gNeojMScU
FROM Season 1 Ending Explained: https://youtu.be/6MsZXZjJGLY

FOLLOW ME: 
Twitter: https://www.twitter.com/thinkstoryYT 
Instagram: https://www.instagram.com/thinkstoryYT 
TikTok: https://www.tiktok.com/@thinkstory 
Facebook: https://www.facebook.com/profile.php?id=100086789333941

#FROM #fromily #FromMGM",1141,493736,10915,1881,2026-05-10T05:00:02Z,Film & Animation,from|from mgm|from season 4|from season 4 episode 4|from 404|from breakdown|from storywalking|storywalking|bookmark|from season 4 episode 4 ending explained|from theories|from season 4 theories|lake of tears|cromenockle|grand gooligog|from season 4 episode 4 explained|from season 4 episode 4 theories|from review|from season 4 review|from season 4 episode 4 review|from man in yellow|man in yellow|from episode 404|from explained,Think Story,@thinkstory,UC34Qdd5Z5KN30A8aJ2eIMPA,829000,1743,False,education,video,https://www.youtube.com/watch?v=ajd80Fz14bY,en,2026-09-11
YXSoEI4GRgs,"THE BOYS Season 5 Episode 6 Breakdown, Ending Explained, & Connections to Gen V!","In this video we review, recap, breakdown, analyze theories, and take a deep dive into the ending for season 5 episode 5 of THE BOYS on Prime Video.

How The Boys Should Have Ended: https://youtu.be/kwOVc8oji7s
THE BOYS Season 5 Episode 7 Breakdown: https://youtu.be/hTOyy_ct7sI
THE BOYS Season 5 Episode 6 Breakdown: https://youtu.be/YXSoEI4GRgs
THE BOYS Season 5 Episode 5 Breakdown: https://youtu.be/TLESRM1lvmw
THE BOYS Season 5 Episode 4 Breakdown: https://youtu.be/pr7_pGFL6kk
THE BOYS Season 5 Episode 3 Breakdown: https://youtu.be/jlIU7XMp40s
THE BOYS Season 5 Episode 1 & 2 Breakdown: https://youtu.be/O-BNAehTh4Y
GEN V Season 2 Ending Explained: https://youtu.be/U4-cq4WjiUE
GEN V Season 1 Ending Explained: https://youtu.be/5upbMyLjXYo
THE BOYS Season 4 Ending Explained: https://youtu.be/szIEbrsklsw
THE BOYS Season 3 Ending Explained: https://youtu.be/4udkNRDcHR0
THE BOYS Season 2 Ending Explained: https://youtu.be/o-Iodcbg_9Y
THE BOYS Season 1 Ending Explained: https://youtu.be/mj_GMYLoz3M

Join us for an explosive breakdown of The Boys as Homelander finally confronts the natural order in a high-stakes quest for the elusive V1 formula. From the return of The Legend to the tragic, immortal backstories of Bombsight and Golden Geisha, we’re dissecting every twist, including Sister Sage’s failing master plan and the brutal fate of Firecracker. We also dive into the Democratic Church of America showdown, The Deep’s latest betrayal, and how Soldier Boy’s complicated love for Stormfront leads to a game-changing decision that might just make Homelander a literal god. Whether you’re looking for Easter eggs connecting to the Vought Rising spinoff or theories on how Butcher can possibly stop a now-immortal Supe, this recap covers all the chaos, gore, and geopolitical fallout of the Seven’s terrifying new world order!

FOLLOW ME: 
Twitter: https://www.twitter.com/thinkstoryYT 
Instagram: https://www.instagram.com/thinkstoryYT 
TikTok: https://www.tiktok.com/@thinkstory 
Facebook: https://www.facebook.com/profile.php?id=100086789333941

#TheBoys #primevideo #TheBoysTV",1398,417038,7877,1771,2026-05-06T10:14:20Z,Film & Animation,the boys|the boys season 5|golden geisha|bombsight|soldier boy|vought|homelander|v1|the boys season 5 episode 6|the boys season 5 review|the boys season 5 theories|the boys theories|the boys season 5 ending explained|the boys 506|the boys episode 506|the boys season 5 episode 6 ending explained|the boys season 5 episode 6 breakdown|the boys 506 breakdown|prime video|the boys season 5 episode 6 review,Think Story,@thinkstory,UC34Qdd5Z5KN30A8aJ2eIMPA,829000,1743,False,education,video,https://www.youtube.com/watch?v=YXSoEI4GRgs,en,2026-09-11
b189H4jIoPw,"FROM Season 4 Episode 3 Breakdown, Theories & Clues!","In this video we take a deep dive, review, and explain season 4 episode 3 of MGM's mystery filled show by the creators of LOST, FROM.

Dive into our comprehensive breakdown of FROM Season 4 as we analyze the confrontation between Fatima and Elgin, the manipulative schemes of Sophia (the Man in Yellow), and that shocking cliffhanger at Abby’s grave. This episode recap explores the deep lore of the Cromenockle and the Lake of Tears, Jade’s experimental new theory involving mysterious mushrooms, and the ""Teenager in White’s"" cryptic warning to Tabitha regarding the bottle tree. We also examine Victor’s traumatic connection to the Man in Yellow’s clothes, Boyd’s complex bond with newcomer Dani Acosta, and the dark significance of the tooth mementos being collected. Stay tuned for our FROM theories and trailer sleuthing section as we piece together the mystery of the crows, the Lake of Tears, and whether the town is finally about to tear itself apart!

Teflon TV's FROM Trailer: https://www.youtube.com/watch?v=lhVusF1g7-Q

FROM Season 4 Episode 10 Breakdown: https://youtu.be/PRdOgQD0c5U
FROM Season 4 Episode 9 Breakdown: https://youtu.be/0syzh0o_aw8
FROM Season 4 Episode 8 Breakdown: https://youtu.be/Xo8RiVPROI8
FROM Season 4 Episode 7 Breakdown: https://youtu.be/m0XO6eKBl4Y
FROM Season 4 Episode 6 Breakdown: https://youtu.be/7DzvO9-zr_8
FROM Season 4 Episode 5 Breakdown: https://youtu.be/9LI-waS0cLs
FROM Season 4 Episode 4 Breakdown: https://youtu.be/ajd80Fz14bY
FROM Season 4 Episode 3 Breakdown: https://youtu.be/b189H4jIoPw
FROM Season 4 Episode 2 Breakdown: https://youtu.be/BSaxCWDqcoc
FROM Season 4 Episode 1 Breakdown: https://youtu.be/o_2o6oaih4w
FROM Season 4 Trailer Breakdown: https://youtu.be/V5znUyjntjA
FROM Season 3 Ending Explained: https://youtu.be/gu6n0UXdYfk
FROM Season 2 Ending Explained: https://youtu.be/p0gNeojMScU
FROM Season 1 Ending Explained: https://youtu.be/6MsZXZjJGLY

FOLLOW ME: 
Twitter: https://www.twitter.com/thinkstoryYT 
Instagram: https://www.instagram.com/thinkstoryYT 
TikTok: https://www.tiktok.com/@thinkstory 
Facebook: https://www.facebook.com/profile.php?id=100086789333941

#FROM #fromily #FromMGM",1077,345375,6336,1329,2026-05-03T05:00:36Z,Film & Animation,from|from mgm|from season 4|from season 4 episode 3|from 403|from breakdown|from season 4 episode 2 breakdown|from season 4 episode 2 ending explained|from theories|from season 4 theories|lake of tears|cromenockle|from season 4 episode 2 explained|from season 4 episode 2 theories|from review|from season 4 review|from season 4 episode 3 review|from man in yellow|man inyellow|from episode 403|from explained,Think Story,@thinkstory,UC34Qdd5Z5KN30A8aJ2eIMPA,829000,1743,False,education,video,https://www.youtube.com/watch?v=b189H4jIoPw,en,2026-09-11
TLESRM1lvmw,"THE BOYS Season 5 Episode 5 Breakdown, Ending Explained, & Connections to Gen V!","In this video we review, recap, breakdown, analyze theories, and take a deep dive into the ending for season 5 episode 5 of THE BOYS on Prime Video.

How The Boys Should Have Ended: https://youtu.be/kwOVc8oji7s
THE BOYS Season 5 Episode 7 Breakdown: https://youtu.be/hTOyy_ct7sI
THE BOYS Season 5 Episode 6 Breakdown: https://youtu.be/YXSoEI4GRgs
THE BOYS Season 5 Episode 5 Breakdown: https://youtu.be/TLESRM1lvmw
THE BOYS Season 5 Episode 4 Breakdown: https://youtu.be/pr7_pGFL6kk
THE BOYS Season 5 Episode 3 Breakdown: https://youtu.be/jlIU7XMp40s
THE BOYS Season 5 Episode 1 & 2 Breakdown: https://youtu.be/O-BNAehTh4Y
GEN V Season 2 Ending Explained: https://youtu.be/U4-cq4WjiUE
GEN V Season 1 Ending Explained: https://youtu.be/5upbMyLjXYo
THE BOYS Season 4 Ending Explained: https://youtu.be/szIEbrsklsw
THE BOYS Season 3 Ending Explained: https://youtu.be/4udkNRDcHR0
THE BOYS Season 2 Ending Explained: https://youtu.be/o-Iodcbg_9Y
THE BOYS Season 1 Ending Explained: https://youtu.be/mj_GMYLoz3M

Dive into our full The Boys Season 5 Episode 5 breakdown as we analyze Firecracker’s shocking death and her tragic crisis of faith within the newly formed Democratic Church of America. This episode reaches new heights of political satire as Homelander is rebranded as a literal god through nationalist propaganda and AI-generated bibles, while Sister Sage secretly orchestrates her devastating ""World War Supe"" endgame. We follow the shifting, complex dynamic between Soldier Boy and Homelander as they hunt for the immortalizing V1 compound and the elusive Bombsight, leading to a gore-filled showdown at Mr. Marathon’s mansion featuring massive celebrity cameos like Seth Rogen and Misha Collins. From Black Noir’s crushed Broadway dreams to Butcher and Hughie’s moral conflict over the Supe virus, we break down every Easter egg, the Seven Mountains Mandate references, and the explosive implications of Soldier Boy’s growing soft spot for his son.

FOLLOW ME: 
Twitter: https://www.twitter.com/thinkstoryYT 
Instagram: https://www.instagram.com/thinkstoryYT 
TikTok: https://www.tiktok.com/@thinkstory 
Facebook: https://www.facebook.com/profile.php?id=100086789333941

#TheBoys #primevideo #TheBoysTV",1409,277631,5601,1027,2026-04-29T10:00:22Z,Film & Animation,the boys|mr marathon|malchemical|the boys season 5|soldier boy|vought|the boys season 5 episode 5|the boys season 5 review|the boys season 5 theories|the boys theories|the boys season 5 ending explained|the boys 505|the boys episode 505|the boys season 5 episode 5 ending explained|the boys season 5 episode 5 breakdown|the boys 505 breakdown|prime video|homelander,Think Story,@thinkstory,UC34Qdd5Z5KN30A8aJ2eIMPA,829000,1743,False,education,video,https://www.youtube.com/watch?v=TLESRM1lvmw,en,2026-09-11
BSaxCWDqcoc,"FROM Season 4 Episode 2 Breakdown, Theories & Clues!","In this video we take a deep dive, review, and explain season 4 episode 2 of MGM's mystery filled show by the creators of LOST, FROM.

In this comprehensive FROM episode breakdown, we dive into the chilling aftermath of Jim’s death and the shocking revelation that Sophia is the Man in Yellow. We explore the deep lore of the Lake of Tears, analyzing how Ethan’s connection to the Cromenockle and his mysterious seizures might hint at a dark transformation. From Julie’s first attempt at storywalking to save her father to Jade’s intricate timeline of the town’s repeating cycles, we uncover the hidden clues behind the Anghkooey mystery and the entities pulling the strings. Whether it’s Boyd’s desperate cover-up at Colony House or the potential return of Eloise, this video breaks down every FROM theory and Easter egg you need to know to understand the town's true nature.

FROM Season 4 Episode 10 Breakdown: https://youtu.be/PRdOgQD0c5U
FROM Season 4 Episode 9 Breakdown: https://youtu.be/0syzh0o_aw8
FROM Season 4 Episode 8 Breakdown: https://youtu.be/Xo8RiVPROI8
FROM Season 4 Episode 7 Breakdown: https://youtu.be/m0XO6eKBl4Y
FROM Season 4 Episode 6 Breakdown: https://youtu.be/7DzvO9-zr_8
FROM Season 4 Episode 5 Breakdown: https://youtu.be/9LI-waS0cLs
FROM Season 4 Episode 4 Breakdown: https://youtu.be/ajd80Fz14bY
FROM Season 4 Episode 3 Breakdown: https://youtu.be/b189H4jIoPw
FROM Season 4 Episode 2 Breakdown: https://youtu.be/BSaxCWDqcoc
FROM Season 4 Episode 1 Breakdown: https://youtu.be/o_2o6oaih4w
FROM Season 4 Trailer Breakdown: https://youtu.be/V5znUyjntjA
FROM Season 3 Ending Explained: https://youtu.be/gu6n0UXdYfk
FROM Season 2 Ending Explained: https://youtu.be/p0gNeojMScU
FROM Season 1 Ending Explained: https://youtu.be/6MsZXZjJGLY

FOLLOW ME: 
Twitter: https://www.twitter.com/thinkstoryYT 
Instagram: https://www.instagram.com/thinkstoryYT 
TikTok: https://www.tiktok.com/@thinkstory 
Facebook: https://www.facebook.com/profile.php?id=100086789333941

#FROM #fromily #FromMGM",1084,299020,5798,1137,2026-04-26T12:49:50Z,Film & Animation,,Think Story,@thinkstory,UC34Qdd5Z5KN30A8aJ2eIMPA,829000,1743,False,education,video,https://www.youtube.com/watch?v=BSaxCWDqcoc,en,2026-09-11
jq9Dka0zeQs,STRANGER THINGS Tales from 85 Ending Explained & Connections to the Show!,"In this video we review, recap, breakdown, analyze theories, and take a deep dive into the ending for STRANGER THINGS: TALES FROM 85 on Netflix.

43 Unanswered Questions in Stranger Things: https://youtu.be/AiqYI_AnIJA
The Secret Ending You Missed: Why Hawkins Actually Lost: https://youtu.be/sVGzdGJwViQ
STRANGER THINGS Season 5 Volume 2 Explained: https://youtu.be/Vh1fnwzKYVM
STRANGER THINGS Season 5 Volume 1 Explained: https://youtu.be/TMdLc84HQtc
STRANGER THING Season 4 Ending Explained: https://youtu.be/EGH1pqUxhQs
STRANGER THINGS Season 3 Ending Explained: https://youtu.be/f4ttV8NP3Cs

Discover the hidden history of Hawkins in this breakdown of Tales of 85, the bridge between Stranger Things Seasons 2 and 3. Following the closure of the gate in late 1984, a rogue scientist’s secret experiments with a mysterious serum lead to the birth of a rapidly evolving ""Snow Shark"" creature that threatens to reopen the Upside Down. Join Eleven, Dustin, and the gang—alongside new gadget-expert Nikki Baxter—as they track the ""Horde Prime"" hive mind, uncover the mystery of the floating red light, and battle an Alpha monster capable of tearing the world apart. This video explains the full timeline of the Hawkins Investigators Club, the Baxter family’s secret lab, and how these winter events set the stage for the future of the series.

FOLLOW ME: 
Twitter: https://www.twitter.com/thinkstoryYT 
Instagram: https://www.instagram.com/thinkstoryYT 
TikTok: https://www.tiktok.com/@thinkstory 
Facebook: https://www.facebook.com/profile.php?id=100086789333941

#StrangerThings #Netflix",538,28869,749,94,2026-04-24T13:31:54Z,Film & Animation,stranger things|stranger things tales from 85|tales from 85|stranger things tales from85 season 1|stranger things tales from 85 ending explained|stranger things tales from 85 review|stranger things tales from 85 breakdown|stranger things theories|stranger things tales from 85 season 2|nikki baxter|netflix|stranger things netflix|stranger things tales from 85 episode 10,Think Story,@thinkstory,UC34Qdd5Z5KN30A8aJ2eIMPA,829000,1743,False,education,video,https://www.youtube.com/watch?v=jq9Dka0zeQs,en,2026-09-11
pr7_pGFL6kk,"THE BOYS Season 5 Episode 4 Breakdown, Ending Explained, & Connections to Gen V!","In this video we review, recap, breakdown, analyze theories, and take a deep dive into the ending for season 5 episode 4 of THE BOYS on Prime Video.

Season 4 Deleted Scene: https://www.youtube.com/watch?v=c_d1BvDLUF4

How The Boys Should Have Ended: https://youtu.be/kwOVc8oji7s
THE BOYS Season 5 Episode 7 Breakdown: https://youtu.be/hTOyy_ct7sI
THE BOYS Season 5 Episode 6 Breakdown: https://youtu.be/YXSoEI4GRgs
THE BOYS Season 5 Episode 5 Breakdown: https://youtu.be/TLESRM1lvmw
THE BOYS Season 5 Episode 4 Breakdown: https://youtu.be/pr7_pGFL6kk
THE BOYS Season 5 Episode 3 Breakdown: https://youtu.be/jlIU7XMp40s
THE BOYS Season 5 Episode 1 & 2 Breakdown: https://youtu.be/O-BNAehTh4Y
GEN V Season 2 Ending Explained: https://youtu.be/U4-cq4WjiUE
GEN V Season 1 Ending Explained: https://youtu.be/5upbMyLjXYo
THE BOYS Season 4 Ending Explained: https://youtu.be/szIEbrsklsw
THE BOYS Season 3 Ending Explained: https://youtu.be/4udkNRDcHR0
THE BOYS Season 2 Ending Explained: https://youtu.be/o-Iodcbg_9Y
THE BOYS Season 1 Ending Explained: https://youtu.be/mj_GMYLoz3M

In this intense breakdown of The Boys Season 4, Episode 6, the power dynamics of Vought International reach a fever pitch as Homelander is rebranded from a mere celebrity into a divine ""Prophet"" for the newly formed Democratic Church of America. While the search for the elusive V1 serum leads the team into the literal and metaphorical toxicity of Fort Harmony, personal stakes hit home with Starlight’s emotional confrontation with her estranged father and Butcher’s agonizing struggle to find a missing Ryan. Between the return of a shell-shocked Soldier Boy and the mysterious interference of potentially new supes like Bombsight, this episode forces every character to decide whether they are willing to stand by their loved ones or abandon them in the face of a rising, indoctrinated tide.

FOLLOW ME: 
Twitter: https://www.twitter.com/thinkstoryYT 
Instagram: https://www.instagram.com/thinkstoryYT 
TikTok: https://www.tiktok.com/@thinkstory 
Facebook: https://www.facebook.com/profile.php?id=100086789333941

#TheBoys #primevideo #TheBoysTV",1300,210559,4467,630,2026-04-22T11:08:52Z,Film & Animation,the boys|the boys season 5|soldier boy|fort harmony|vought|the boys season 5 episode 4|the boys season 5 review|the boys season 5 theories|the boys theories|the boys season 5 ending explained|the boys season 5 episode 4 ending explained|the boys season 5 episode 4 breakdown|the boys 504|the boys season 504 breakdown|prime video|homelander,Think Story,@thinkstory,UC34Qdd5Z5KN30A8aJ2eIMPA,829000,1743,False,education,video,https://www.youtube.com/watch?v=pr7_pGFL6kk,en,2026-09-11
o_2o6oaih4w,"FROM Season 4 Episode 1 Breakdown, Theories & Clues!","In this video we take a deep dive, review, and explain season 4 episode 1 of MGM's mystery filled show by the creators of LOST, FROM.

This breakdown of the FROM Season 4 premiere, we dive deep into the horrifying return to Fromville. We’re analyzing the ""Story Walking"" phenomenon with Julie, the shocking shapeshifting powers of the Man in Yellow, and what Jim’s death means for the Matthews family.

Is the Cycles Theory finally confirmed? We explore the connection between Jade, Tabitha, and the original tragedy of Christopher and Miranda. Plus, we discuss the mysterious arrival of the Priest, the ""ELOISE"" license plate, and the terrifying rebirth of Smiley through Fatima.

FROM Season 4 Episode 10 Breakdown: https://youtu.be/PRdOgQD0c5U
FROM Season 4 Episode 9 Breakdown: https://youtu.be/0syzh0o_aw8
FROM Season 4 Episode 8 Breakdown: https://youtu.be/Xo8RiVPROI8
FROM Season 4 Episode 7 Breakdown: https://youtu.be/m0XO6eKBl4Y
FROM Season 4 Episode 6 Breakdown: https://youtu.be/7DzvO9-zr_8
FROM Season 4 Episode 5 Breakdown: https://youtu.be/9LI-waS0cLs
FROM Season 4 Episode 4 Breakdown: https://youtu.be/ajd80Fz14bY
FROM Season 4 Episode 3 Breakdown: https://youtu.be/b189H4jIoPw
FROM Season 4 Episode 2 Breakdown: https://youtu.be/BSaxCWDqcoc
FROM Season 4 Episode 1 Breakdown: https://youtu.be/o_2o6oaih4w
FROM Season 4 Trailer Breakdown: https://youtu.be/V5znUyjntjA
FROM Season 3 Ending Explained: https://youtu.be/gu6n0UXdYfk
FROM Season 2 Ending Explained: https://youtu.be/p0gNeojMScU
FROM Season 1 Ending Explained: https://youtu.be/6MsZXZjJGLY

FOLLOW ME: 
Twitter: https://www.twitter.com/thinkstoryYT 
Instagram: https://www.instagram.com/thinkstoryYT 
TikTok: https://www.tiktok.com/@thinkstory 
Facebook: https://www.facebook.com/profile.php?id=100086789333941

#FROM #fromily #FromMGM",868,366647,7069,1054,2026-04-19T13:25:50Z,Film & Animation,from|from mgm|from season 4|from season 4 episode 1|from breakdown|from season 4 episode 1 breakdown|from season 4 episode 1 ending explained|from theories|from season 4 theories|from season 4 episode 1 explained|from season 4 episode 1 theories|from review|from season 4 review|from season 4 episode 1 review|from man in yellow|man in yellow|who is the man in yellow|from 401|from episode 401,Think Story,@thinkstory,UC34Qdd5Z5KN30A8aJ2eIMPA,829000,1743,False,education,video,https://www.youtube.com/watch?v=o_2o6oaih4w,en,2026-09-11
g-Hl6wrjlus,BEEF Season 2 Ending Explained!,"In this video we review, recap, breakdown, and explain the ending to the Netflix's BEEF Season 2.

BEEF Season 1 Ending Explained: https://youtu.be/pu_p1BOqkBE

FOLLOW ME: 
Twitter: https://www.twitter.com/thinkstoryYT 
Instagram: https://www.instagram.com/thinkstoryYT 
TikTok: https://www.tiktok.com/@thinkstory 
Facebook: https://www.facebook.com/profile.php?id=100086789333941

#Beef #Netflix #netflixseries",704,208366,3636,1006,2026-04-17T13:22:49Z,Film & Animation,beef|beef season 2|beef netflix|beef tv show|beef season 2 ending explained|beef ending explained|beef season 2 explained|beef review|beef season 2 review|charles melton|cailee spaeny|oscar isaac|amy mulligan|netflix,Think Story,@thinkstory,UC34Qdd5Z5KN30A8aJ2eIMPA,829000,1743,False,education,video,https://www.youtube.com/watch?v=g-Hl6wrjlus,en,2026-09-11
jlIU7XMp40s,"THE BOYS Season 5 Episode 3 Breakdown, Ending Explained, & Connections to Gen V!","In this video we review, recap, breakdown, analyze theories, and take a deep dive into the ending for season 5 episode 3 of THE BOYS on Prime Video.

How The Boys Should Have Ended: https://youtu.be/kwOVc8oji7s
THE BOYS Season 5 Episode 7 Breakdown: https://youtu.be/hTOyy_ct7sI
THE BOYS Season 5 Episode 6 Breakdown: https://youtu.be/YXSoEI4GRgs
THE BOYS Season 5 Episode 5 Breakdown: https://youtu.be/TLESRM1lvmw
THE BOYS Season 5 Episode 4 Breakdown: https://youtu.be/pr7_pGFL6kk
THE BOYS Season 5 Episode 3 Breakdown: https://youtu.be/jlIU7XMp40s
THE BOYS Season 5 Episode 1 & 2 Breakdown: https://youtu.be/O-BNAehTh4Y
GEN V Season 2 Ending Explained: https://youtu.be/U4-cq4WjiUE
GEN V Season 1 Ending Explained: https://youtu.be/5upbMyLjXYo
THE BOYS Season 4 Ending Explained: https://youtu.be/szIEbrsklsw
THE BOYS Season 3 Ending Explained: https://youtu.be/4udkNRDcHR0
THE BOYS Season 2 Ending Explained: https://youtu.be/o-Iodcbg_9Y
THE BOYS Season 1 Ending Explained: https://youtu.be/mj_GMYLoz3M

Homelander is losing his grip on reality, and the race for V1 has officially begun. In this deep dive into the opening episodes of The Boys Season 5, we analyze Ryan’s dark path in Sudzha, Soldier Boy’s tactical rebranding, and the secret history of Vought’s Fort Harmony.

Is Homelander finally becoming a god, or is he setting himself up for the ultimate fall? We’re breaking down every Easter egg, the Vought Rising prequel connections, and that brutal confrontation between father and son.

FOLLOW ME: 
Twitter: https://www.twitter.com/thinkstoryYT 
Instagram: https://www.instagram.com/thinkstoryYT 
TikTok: https://www.tiktok.com/@thinkstory 
Facebook: https://www.facebook.com/profile.php?id=100086789333941

#TheBoys #primevideo #TheBoysTV",1554,258103,4731,476,2026-04-15T13:50:13Z,Film & Animation,the boys|the boys season 5|the boys season 5 episode 3|the boys season 5 review|the boys season 5 theories|the boys season 5 ending explained|the boys season 5 episode 3 ending explained|the boys season 5 episode 3 breakodwn|the boys season 5 episode 503 breakdown|prime video|homelander,Think Story,@thinkstory,UC34Qdd5Z5KN30A8aJ2eIMPA,829000,1743,False,education,video,https://www.youtube.com/watch?v=jlIU7XMp40s,en,2026-09-11
O-BNAehTh4Y,"THE BOYS Season 5 Episodes 1 & 2 Breakdown, Ending Explained, & Connections to Gen V!","In this video we review, recap, breakdown, analyze theories, and take a deep dive into the ending for season 5 episodes 1 and 2 of THE BOYS on Prime Video.

How The Boys Should Have Ended: https://youtu.be/kwOVc8oji7s
THE BOYS Season 5 Episode 7 Breakdown: https://youtu.be/hTOyy_ct7sI
THE BOYS Season 5 Episode 6 Breakdown: https://youtu.be/YXSoEI4GRgs
THE BOYS Season 5 Episode 5 Breakdown: https://youtu.be/TLESRM1lvmw
THE BOYS Season 5 Episode 4 Breakdown: https://youtu.be/pr7_pGFL6kk
THE BOYS Season 5 Episode 3 Breakdown: https://youtu.be/jlIU7XMp40s
THE BOYS Season 5 Episode 1 & 2 Breakdown: https://youtu.be/O-BNAehTh4Y
GEN V Season 2 Ending Explained: https://youtu.be/U4-cq4WjiUE
GEN V Season 1 Ending Explained: https://youtu.be/5upbMyLjXYo
THE BOYS Season 4 Ending Explained: https://youtu.be/szIEbrsklsw
THE BOYS Season 3 Ending Explained: https://youtu.be/4udkNRDcHR0
THE BOYS Season 2 Ending Explained: https://youtu.be/o-Iodcbg_9Y
THE BOYS Season 1 Ending Explained: https://youtu.be/mj_GMYLoz3M

Jonathan's ""Who Is Homelander Mercilessly Beating in the Finale?"" Video: https://youtu.be/kDqlM3dXRJk?si=ma8etWjX21ZIv9oj

The Boys Season 5 is finally here, and it’s absolute mayhem! In this The Boys Season 5 Episodes 1 & 2 breakdown, we dive into Starlight’s plan to expose Homelander’s Flight 37 tragedy and the shocking, game-changing return of Soldier Boy. We analyze A-Train’s heroic final stand, Ashley Barrett’s bizarre new mind-reading powers, and the sentient parasitic entity taking over Billy Butcher. From the mystery of the silent Black Noir to Sister Sage’s ""Phase 2"" and the Gen V virus connections, Think Story covers every Easter egg and theory you missed. Is Homelander searching for the V1 serum to become immortal? Let’s break down the premiere!

FOLLOW ME: 
Twitter: https://www.twitter.com/thinkstoryYT 
Instagram: https://www.instagram.com/thinkstoryYT 
TikTok: https://www.tiktok.com/@thinkstory 
Facebook: https://www.facebook.com/profile.php?id=100086789333941

#TheBoys #primevideo",1804,346017,5634,664,2026-04-08T13:42:46Z,Film & Animation,the boys|the boys season 5|the boys season 5 episode 1|the boys season 5 episode 2|the boys season 5 review|the boys season 5 theories|the boys season 5 ending explained|the boys season 5 episode 501 breakdown|the boys season 5 episode 502 breakdown|prime video,Think Story,@thinkstory,UC34Qdd5Z5KN30A8aJ2eIMPA,829000,1743,False,education,video,https://www.youtube.com/watch?v=O-BNAehTh4Y,en,2026-09-11
nXOqKKjK62Q,SOMETHING VERY BAD IS GOING TO HAPPEN Ending Explained!,"In this video we review, recap, breakdown, and explain the ending to the Duffer Brothers Netflix produced horror series SOMETHING VERY BAD IS GOING TO HAPPEN.

Horror Explained: https://www.youtube.com/playlist?list=PLY9KJ1cFVs7i5oOjx21bz-hnkmbeCmU4j
Movies Explained: https://www.youtube.com/playlist?list=PLY9KJ1cFVs7gWaA4Gb4lNuE0ZWMtBw3kg

FOLLOW ME: 
Twitter: https://www.twitter.com/thinkstoryYT 
Instagram: https://www.instagram.com/thinkstoryYT 
TikTok: https://www.tiktok.com/@thinkstory 
Facebook: https://www.facebook.com/profile.php?id=100086789333941

#SomethingVeryBadIsGoingtoHappen #Netflix",873,289882,5102,1399,2026-03-27T18:25:04Z,Film & Animation,something very bad is going to happen|netflix|netflix horror|something very bad is going to happen explained|something very bad is going to happen ending explained|something very bad is going to happen review|something very bad is going to happen horror,Think Story,@thinkstory,UC34Qdd5Z5KN30A8aJ2eIMPA,829000,1743,False,education,video,https://www.youtube.com/watch?v=nXOqKKjK62Q,en,2026-09-11
eGRE1jxwOZc,PEAKY BLINDERS: THE IMMORTAL MAN Ending Explained & Real History!,"In this video we review, recap, and take a deep dive into the ending real history of PEAKY BLINDERS: THE IMMORTAL MAN.

Drama & History Explained: https://www.youtube.com/playlist?list=PLY9KJ1cFVs7geVqrZ0FiXBduR2SxRSajx
Movies Explained: https://www.youtube.com/playlist?list=PLY9KJ1cFVs7gWaA4Gb4lNuE0ZWMtBw3kg

FOLLOW ME: 
Twitter: https://www.twitter.com/thinkstoryYT 
Instagram: https://www.instagram.com/thinkstoryYT 
TikTok: https://www.tiktok.com/@thinkstory 
Facebook: https://www.facebook.com/profile.php?id=100086789333941

#PeakyBlinders #PeakyBlindersTheImmortalMan",601,144833,2117,764,2026-03-21T16:11:14Z,Film & Animation,peaky blinders|peaky blinders ending explained|peaky blinders the immortal man|the immortal man|the immortal man ending explained|peaky blinders the immortal man ending explained|tommy shelby|duke shelby|cillian murphy|peaky blinders movie|peaky blinders 2026|peaky blinders review|peaky blinders recap|peaky blinders breakdown,Think Story,@thinkstory,UC34Qdd5Z5KN30A8aJ2eIMPA,829000,1743,False,education,video,https://www.youtube.com/watch?v=eGRE1jxwOZc,en,2026-09-11
hwCGQuPtDoc,PROJECT HAIL MARY Ending Explained!,"In this video we review, recap, and take a deep dive into the ending and science of Ryan Gosling's latest sci-fi epic PROJECT HAIL MARY.

Sci-Fi & Fantasy Explained: https://www.youtube.com/playlist?list=PLY9KJ1cFVs7iajBX4Ibg6jaCAH1eIuSgd
Movies Explained: https://www.youtube.com/playlist?list=PLY9KJ1cFVs7gWaA4Gb4lNuE0ZWMtBw3kg

Spin Drive animation link: https://www.youtube.com/watch?v=Q7bGfZrr3b0
Einstein Relativity animation link: https://youtu.be/yuD34tEpRFw?si=GOGQGV7tudbUhKuC

FOLLOW ME: 
Twitter: https://www.twitter.com/thinkstoryYT 
Instagram: https://www.instagram.com/thinkstoryYT 
TikTok: https://www.tiktok.com/@thinkstory 
Facebook: https://www.facebook.com/profile.php?id=100086789333941

#ProjectHailMary",773,1136222,18125,2244,2026-03-19T18:12:29Z,Film & Animation,project hail mary|project hail mary science|project hail mary ending explained|ryan gosling|eridian|astrophage|taumoeba|project hail mary movie|project hail mary 2026|project hail mary breakdown|phil lord|chris miller|andy weir,Think Story,@thinkstory,UC34Qdd5Z5KN30A8aJ2eIMPA,829000,1743,False,education,video,https://www.youtube.com/watch?v=hwCGQuPtDoc,en,2026-09-11
V5znUyjntjA,FROM Season 4 Trailer Breakdown!,"In this video we take a deep dive into the latest trailer for FROM season 4 and how it connects to season 3 and the broader mysteries of the show.

Trailer Link: https://www.youtube.com/watch?v=GV-amY8PMu0

Check out my other videos:
From Season 4 Episode 1 Breakdown: https://youtu.be/o_2o6oaih4w
FROM Season 3 Ending Explained: https://youtu.be/gu6n0UXdYfk
Who is the Man in Yellow? https://youtu.be/JO8BWIPdhvE
57 Unanswered Questions in FROM! https://youtu.be/PDkdBNY36do
FROM Season 2 Ending Explained: https://youtu.be/p0gNeojMScU
FROM Season 1 Ending Explained: https://youtu.be/6MsZXZjJGLY

FOLLOW ME: 
Twitter: https://www.twitter.com/thinkstoryYT 
Instagram: https://www.instagram.com/thinkstoryYT 
TikTok: https://www.tiktok.com/@thinkstory 
Facebook: https://www.facebook.com/profile.php?id=100086789333941

#FROM #FromMGM #MGM",869,147525,3841,414,2026-03-10T22:28:49Z,Film & Animation,,Think Story,@thinkstory,UC34Qdd5Z5KN30A8aJ2eIMPA,829000,1743,False,education,video,https://www.youtube.com/watch?v=V5znUyjntjA,en,2026-09-11
ljbI3-tcBzY,"Is This ""White Culture""? - How Some AKOTSK Fans Get It Wrong","A brief hot take countering Jack Posobiec's claim that A KNIGHT OF THE SEVEN KINGDOMS is white culture. A deeper dive is needed for a more in depth analysis of identity vs class conflict in AKOTSK and how it relates to the greater western culture war and the woke/anti-woke agenda.

A Knight of the Seven Kingdoms Episode 6 Breakdown: https://youtu.be/O6GG0Pr5HYI
A Knight of the Seven Kingdoms Episode 5 Breakdown: https://youtu.be/ovdMPYT0WSU
A Knight of the Seven Kingdoms Episode 4 Breakdown: https://youtu.be/M0lTUQIW290
A Knight of the Seven Kingdoms Episode 3 Breakdown: https://youtu.be/Ac02BPPteZY
A Knight of the Seven Kingdoms Episode 2 Breakdown: https://youtu.be/rfrOs4LknVE
A Knight of the Seven Kingdoms Episode 1 Breakdown: https://youtu.be/U9mmK1Oxkdw
Alice of 3 Fingers Song: https://youtu.be/QTz7ofbUWeY
GoT & HoTD Breakdowns;: https://www.youtube.com/playlist?list=PLY9KJ1cFVs7jSkOGYQKc3gz_nkpTeUKC1
How Game of Thrones Should Have Ended: https://youtu.be/G0mncEl4nVU

FOLLOW ME: 
Twitter: https://www.twitter.com/thinkstoryYT 
Instagram: https://www.instagram.com/thinkstoryYT 
TikTok: https://www.tiktok.com/@thinkstory 
Facebook: https://www.facebook.com/profile.php?id=100086789333941

#AKOTSK #aknightofthesevenkingdoms #gameofthrones",306,25538,2213,583,2026-02-23T20:25:39Z,Film & Animation,a knight of the seven kingdoms|akotsk|a knight of the seven kingdoms woke|class politics|identity politics|is game of thrones woke|is house of the dragon woke|is a knight of the seven kingdoms woke|is a knight of the seven kingdoms white culture|jack posobiec|hbo|hbo max|a knight of the seven kingdoms politics|dunk and egg|politics|culture war|woke|anti-woke,Think Story,@thinkstory,UC34Qdd5Z5KN30A8aJ2eIMPA,829000,1743,False,education,video,https://www.youtube.com/watch?v=ljbI3-tcBzY,en,2026-09-11
O6GG0Pr5HYI,Knight of the Seven Kingdoms ENDING EXPLAINED Episode 6 BREAKDOWN & Connections to Game of Thrones!,"In this Knight of the Seven Kingdoms Episode 6 finale breakdown, we dive into the ending explained and the major Game of Thrones connections found in the finale. We explore the emotional aftermath of the Ashford Tournament, from Prince Baelor’s funeral to the mystery of Ser Duncan the Tall’s knighthood and his secret lineage link to Brienne of Tarth. This breakdown covers the debut of the Green Apple Fossoways, Lyonel Baratheon’s future duel, and the significance of the ""Nine Kingdoms"" as Egg (Aegon V) begins his journey toward the Iron Throne. Whether you're curious about the Blackfyre Rebellions foreshadowing or the meaning behind that ""Sixteen Tons"" credit song, we’ve got every Westeros lore detail you need before Season 2 and The Sworn Sword arrive!

A Knight of the Seven Kingdoms Episode 5 Breakdown: https://youtu.be/ovdMPYT0WSU
A Knight of the Seven Kingdoms Episode 4 Breakdown: https://youtu.be/M0lTUQIW290
A Knight of the Seven Kingdoms Episode 3 Breakdown: https://youtu.be/Ac02BPPteZY
A Knight of the Seven Kingdoms Episode 2 Breakdown: https://youtu.be/rfrOs4LknVE
A Knight of the Seven Kingdoms Episode 1 Breakdown: https://youtu.be/U9mmK1Oxkdw
Alice of 3 Fingers Song: https://youtu.be/QTz7ofbUWeY
GoT & HoTD Breakdowns;: https://www.youtube.com/playlist?list=PLY9KJ1cFVs7jSkOGYQKc3gz_nkpTeUKC1
How Game of Thrones Should Have Ended: https://youtu.be/G0mncEl4nVU

0:00 Intro
0:36 The Aftermath of the Trial of Seven
4:50 The Question of Dunk’s Knighthood
5:55 “War is Coming”
6:36 Prince Baelor’s Funeral
10:10 Raymun’s New Wife
11:44 Prince Maekar’s Proposition
15:23 Ser Arlan & The Pennytree
15:59 Rest in Bees
17:48 Seven vs Nine Kingdoms
18:36 Egg & Aerion
19:44 Dunk’s Counter Proposal
20:51 The Road Ahead & Season 2
24:00 Conclusion

FOLLOW ME: 
Twitter: https://www.twitter.com/thinkstoryYT 
Instagram: https://www.instagram.com/thinkstoryYT 
TikTok: https://www.tiktok.com/@thinkstory 
Facebook: https://www.facebook.com/profile.php?id=100086789333941

#AKOTSK #aknightofthesevenkingdoms #gameofthrones",1461,206738,6457,465,2026-02-23T03:30:16Z,Film & Animation,akotsk|a knight of the seven kingdoms|a knight of the seven kingdoms ending explained|dunk and egg explained|a knight of the seven kingdoms season 1 explained|a knight of the seven kingdoms season 2|a knight of the seven kingdoms explained|game of thrones|house of the dragon|knight of the seven kingdoms trailer|the hedge knight finale|the hedge knight episode 6|ser duncan the tall|aegon targaryen|a knight of the seven kingdoms episode 6 ending explained,Think Story,@thinkstory,UC34Qdd5Z5KN30A8aJ2eIMPA,829000,1743,False,education,video,https://www.youtube.com/watch?v=O6GG0Pr5HYI,en,2026-09-11
ovdMPYT0WSU,Knight of the Seven Kingdoms Episode 5 BREAKDOWN & Connections to Game of Thrones!,"A Trial of Seven ends in blood! We’re breaking down A Knight of the Seven Kingdoms Episode 5, including the brutal battle at Ashford Meadow, the tragic fate of Prince Baelor Breakspear, and deep connections to Game of Thrones and House of the Dragon.

From the religious origins of the Faith of the Seven to the secret history of the Blackfyre Rebellion, this episode was packed with lore. We dive into Dunk’s Flea Bottom backstory, the ""Green Apple"" Fossoway origins, and why Prince Maekar’s resentment toward Baelor ""The Hammer"" Targaryen changes the course of Westeros history forever.

A Knight of the Seven Kingdoms Episode 6 Breakdown: https://youtu.be/O6GG0Pr5HYI
A Knight of the Seven Kingdoms Episode 5 Breakdown: https://youtu.be/ovdMPYT0WSU
A Knight of the Seven Kingdoms Episode 4 Breakdown: https://youtu.be/M0lTUQIW290
A Knight of the Seven Kingdoms Episode 3 Breakdown: https://youtu.be/Ac02BPPteZY
A Knight of the Seven Kingdoms Episode 2 Breakdown: https://youtu.be/rfrOs4LknVE
A Knight of the Seven Kingdoms Episode 1 Breakdown: https://youtu.be/U9mmK1Oxkdw
Alice of 3 Fingers Song: https://youtu.be/QTz7ofbUWeY
GoT & HoTD Breakdowns;: https://www.youtube.com/playlist?list=PLY9KJ1cFVs7jSkOGYQKc3gz_nkpTeUKC1
How Game of Thrones Should Have Ended: https://youtu.be/G0mncEl4nVU

0:00 Intro
0:53 The Trail of Seven Explained
2:45 The Accused vs The Accusers
4:25 Traditonal vs Trial of Seven Joust
4:57 The “Green” Knights
5:18 Mother Loved You Best Explained
6:25 The Ashford Septon
6:45 The Beginning of the Trial
8:57 The Battle of Redgrass Field & Dunk’s Flashback
14:32 Ser Arlan Saves Dunk
16:29 The Final Battle
18:48 The Aftermath
19:29 Baelor Targaryen
20:36 Did Maekar Purposely Kill His Brother?
22:06 Conclusion

FOLLOW ME: 
Twitter: https://www.twitter.com/thinkstoryYT 
Instagram: https://www.instagram.com/thinkstoryYT 
TikTok: https://www.tiktok.com/@thinkstory 
Facebook: https://www.facebook.com/profile.php?id=100086789333941

#AKOTSK #aknightofthesevenkingdoms #gameofthrones",1346,394901,11789,1136,2026-02-16T03:40:02Z,Film & Animation,akotsk|a knight of the seven kingdoms|a knight of the seven kingdoms ending explained|dunk and egg explained|dunk and egg episode 5 ending explained|a knight of the seven kingdoms explained|knight of the seven kingdoms|akotsk episode 5|game of thrones|house of the dragon|baelor targaryen|dunk and eg|knight of the seven kingdoms trailer|the hedge knight episode 5|ser duncan the tall|game of thrones prequel|knight of the seven kingdoms episode 5|trial of seven,Think Story,@thinkstory,UC34Qdd5Z5KN30A8aJ2eIMPA,829000,1743,False,education,video,https://www.youtube.com/watch?v=ovdMPYT0WSU,en,2026-09-11
M0lTUQIW290,Knight of the Seven Kingdoms Episode 4 BREAKDOWN & Connections to Game of Thrones!,"Dive into our breakdown of A Knight of the Seven Kingdoms Episode 4 as we unpack Dunk’s descent from a hedge knight to a dungeon prisoner after his clash with the sadistic Prince Aerion Targaryen. We’re bridging the gap between House of the Dragon and Game of Thrones by analyzing those ""Blood and Cheese"" rat-catcher references, the mystery of the Bloodraven glamour theory, and Daeron Targaryen’s haunting prophetic dream of a dead dragon. From the internal politics of House Targaryen and the history of Aegon V to the shocking betrayal by the Fossoways, we explore how Prince Baelor Breakspear turns the tide of the legendary Trial of Seven.

A Knight of the Seven Kingdoms Episode 6 Breakdown: https://youtu.be/O6GG0Pr5HYI
A Knight of the Seven Kingdoms Episode 5 Breakdown: https://youtu.be/ovdMPYT0WSU
A Knight of the Seven Kingdoms Episode 4 Breakdown: https://youtu.be/M0lTUQIW290
A Knight of the Seven Kingdoms Episode 3 Breakdown: https://youtu.be/Ac02BPPteZY
A Knight of the Seven Kingdoms Episode 2 Breakdown: https://youtu.be/rfrOs4LknVE
A Knight of the Seven Kingdoms Episode 1 Breakdown: https://youtu.be/U9mmK1Oxkdw
Alice of 3 Fingers Song: https://youtu.be/QTz7ofbUWeY
GoT & HoTD Breakdowns;: https://www.youtube.com/playlist?list=PLY9KJ1cFVs7jSkOGYQKc3gz_nkpTeUKC1
How Game of Thrones Should Have Ended: https://youtu.be/G0mncEl4nVU

0:00 Intro
0:54 To Punch a Prince
3:02 Egg's Apology
3:32 Is the Fortune Teller the Three-Eyed Raven?
4:14 Daeron's Dream
6:18 Egg's Apology cont. & Florian the Fool 
7:43 Prince Baelor's Recommendation
9:13 Trial by Combat vs Trial of Seven
10:36 Egg Wanted Aerion Killed
12:11 Aerion Invokes a Trial of Seven
13:21 Steffon Promises His Support
15:24 Why Egg Backs Ser Duncan
16:13 Steely Pate & Dunk's New Shield
17:02 The Accused
18:22 The Accusers
18:43 Is Dunk a Real Knight?
19:34 Baelor Joins Dunk
21:21 Conclusion

FOLLOW ME: 
Twitter: https://www.twitter.com/thinkstoryYT 
Instagram: https://www.instagram.com/thinkstoryYT 
TikTok: https://www.tiktok.com/@thinkstory 
Facebook: https://www.facebook.com/profile.php?id=100086789333941

#AKOTSK #aknightofthesevenkingdoms #gameofthrones",1302,209150,5413,394,2026-02-06T08:40:00Z,Film & Animation,akotsk|a knight of the seven kingdoms|a knight of the seven kingdoms ending explained|dunk and egg explained|dunk and egg episode 4 ending explained|a knight of the seven kingdoms explained|knight of the seven kingdoms|akotsk episode 4|game of thrones|house of the dragon|knight of the seven kingdoms trailer|dunk and egg|the hedge knight episode 4|the hedge knight|ser duncan the tall|game of thrones prequel|knight of the seven kingdoms episode 4|trial of seven,Think Story,@thinkstory,UC34Qdd5Z5KN30A8aJ2eIMPA,829000,1743,False,education,video,https://www.youtube.com/watch?v=M0lTUQIW290,en,2026-09-11
Ac02BPPteZY,Knight of the Seven Kingdoms Episode 3 BREAKDOWN & Connections to Game of Thrones!,"In this episode 3 breakdown of A Knight of the Seven Kingdoms, we dive into the ""worst-kept secret in Westeros"": the reveal of Dunk’s lowly squire as Prince Aegon V Targaryen. This Dunk and Egg analysis explores the dysfunctional Targaryen family tree—linking Egg's brothers to Game of Thrones legends like Maester Aemon—and connects their prophetic dreams to the broader lore seen in House of the Dragon. From the ""Hammer and Anvil"" tactics of the Blackfyre Rebellion to Dunk’s moral dilemma over a rigged joust at Ashford Meadow, we unpack every Easter egg and lore connection. Finally, we have the ending explained as Dunk assaults Aerion Brightflame to save Tanselle, forcing a royal reveal that puts the hedge knight’s life in immediate peril.

A Knight of the Seven Kingdoms Episode 6 Breakdown: https://youtu.be/O6GG0Pr5HYI
A Knight of the Seven Kingdoms Episode 5 Breakdown: https://youtu.be/ovdMPYT0WSU
A Knight of the Seven Kingdoms Episode 4 Breakdown: https://youtu.be/M0lTUQIW290
A Knight of the Seven Kingdoms Episode 3 Breakdown: https://youtu.be/Ac02BPPteZY
A Knight of the Seven Kingdoms Episode 2 Breakdown: https://youtu.be/rfrOs4LknVE
A Knight of the Seven Kingdoms Episode 1 Breakdown: https://youtu.be/U9mmK1Oxkdw
Alice of 3 Fingers Song: https://youtu.be/QTz7ofbUWeY
GoT & HoTD Breakdowns;: https://www.youtube.com/playlist?list=PLY9KJ1cFVs7jSkOGYQKc3gz_nkpTeUKC1
How Game of Thrones Should Have Ended: https://youtu.be/G0mncEl4nVU

0:00 Intro
0:43 Egg's True Identity
3:39 Summerhall
3:57 ""Mad"" Ser Rhysling & Egg's Training
6:39 Egg Bonds with Dunk & The Blackfyre Rebellion Song
9:24 The Battle of the Humfrey's
9:55 House Ashford's Proposal
11:42 Aerion vs. Hardyng
13:18 Alice Three Fingers
14:30 The Fortune Teller
15:11 Raymun Fossoway & Anti-Targaryen Sentiment
17:26 Dunk Attacks Prince Aerion
19:06 Conclusion

FOLLOW ME: 
Twitter: https://www.twitter.com/thinkstoryYT 
Instagram: https://www.instagram.com/thinkstoryYT 
TikTok: https://www.tiktok.com/@thinkstory 
Facebook: https://www.facebook.com/profile.php?id=100086789333941

#AKOTSK #aknightofthesevenkingdoms #gameofthrones",1177,184638,6806,380,2026-02-02T03:35:00Z,Film & Animation,akotsk|a knight of the seven kingdoms|a knight of the seven kingdoms ending explained|dunk and egg explained|dunk and egg episode 3 ending explained|a knight of the seven kingdoms explained|knight of the seven kingdoms|akotsk episode 3|game of thrones|house of the dragon|knight of the seven kingdoms trailer|dunk and egg|the hedge knight episode 3|the hedge knight|ser duncan the tall|game of thrones prequel|knight of the seven kingdoms episode 3,Think Story,@thinkstory,UC34Qdd5Z5KN30A8aJ2eIMPA,829000,1743,False,education,video,https://www.youtube.com/watch?v=Ac02BPPteZY,en,2026-09-11
R8LuZasmkGc,"VLOG 🤍 night routine, christmas decor, cooking ","WE'RE BACKKK

Hi guys! Happy December & welcome back to my channel :) let's catch up, spend the night with me, cook some dinner, decorate for Christmas & chat about life. Lmk if you have any requests from me, what do you guys think about a once a week vlog for ""vlogmas"" this year to ease back into things?



insta: elainamich
tiktok: elainamich
snapchat: elainamich1

 FOLLOW MY SOCIALS:
♡ Instagram:    https://instagram.com/elainamich  
♡ Tiktok:    https://tiktok.com/@elainamich  
♡ Amazon storefront: https://www.amazon.com/shop/elainamich
♡ Shopmy: https://shopmy.us/shop/elainamich
♡ LTK- shop my outfits: https://www.shopltk.com/explore/elainamich
For business inquiries: **********************************





#vlog",1915,49092,1890,151,2025-12-05T00:30:23Z,Entertainment,,Elaina Michelle,@elainamich,UCWjrE-uy_lHS1vGMaH4rtsw,652000,831,False,lifestyle,video,https://www.youtube.com/watch?v=R8LuZasmkGc,en-US,2026-09-11
ePMvVebC_pY,"birthday weekend vlog 🎂 shopping, grwm, hauls, brunch + family","Hello everyone!

I am SO grateful that you all still wanted this delayed birthday vlog it was such a fun weekend! :) I felt so blessed to spend it with my fiancé, friends & family + all of the birthday wishes from you guys! I really hope you enjoy this one & let me know in the comments things you'd like to see next- don't forget to like & subscribe to keep up with my upcoming videos!


 FOLLOW MY SOCIALS:
♡ Instagram: https://www.instagram.com/elainamich/
♡ Tiktok: https://www.tiktok.com/@elainamich
♡ Amazon storefront: https://www.amazon.com/shop/elainamich
♡ LTK- shop my outfits: https://www.shopltk.com/explore/elainamich

For business inquiries: **********************************

Music:

Music by Anja Kotar - The Many Lives Of Juliet - https://thmatc.co/?l=2B483748

Music by Sophia Patsalides - Piece of Cake - https://thmatc.co/?l=F9AA6C8D

Music by Lofi Heartbeat - A Chill Day - https://thmatc.co/?l=BF6FDD26

Music by Wabi Sabi - iced coffee - https://thmatc.co/?l=5A636B75

Music by Mr. Jello - Summer Sunday - https://thmatc.co/?l=211B3138


sub count: 524,205",1055,58855,2125,109,2025-07-12T23:41:02Z,Entertainment,,Elaina Michelle,@elainamich,UCWjrE-uy_lHS1vGMaH4rtsw,652000,831,False,lifestyle,video,https://www.youtube.com/watch?v=ePMvVebC_pY,en-US,2026-09-11
riWOhjR3opw,"Day in my life 🤍 clean with me, whole foods run, meetings, home updates + skincare routine","Hello everyone!

I am SO happy to be back on YouTube with another fun little productive vlog for you guys! In todays vlog I try to be productive with some cleaning, workouts, house updates, meetings, Whole Foods run & self care bc YES self care IS productive & important too :) I really hope you enjoy this one & let me know in the comments things you'd like to see next- don't forget to like & subscribe to keep up with my upcoming videos!


 FOLLOW MY SOCIALS:
♡ Instagram: https://www.instagram.com/elainamich/
♡ Tiktok: https://www.tiktok.com/@elainamich?lang=en
♡ Amazon storefront: https://www.amazon.com/shop/elainamich
♡ LTK- shop my outfits: https://www.shopltk.com/explore/elainamich
For business inquiries: **********************************

Music:

Music by ninjoi. - Passin [Thematic Exclusive] - https://thmatc.co/?l=A5031C95

Music by Mr. Jello - Summer Sunday - https://thmatc.co/?l=211B3138


sub count: 509,139

#vlog  #selfcare #aesthetic  productive day in my life, living alone vlog, productive vlog, that girl routine, that girl morning routine, that girl day in my life, living alone productive vlog, work day in my life, deep cleaning my apartment, elainamich, lifestyle YouTube, realistic day in my life, how i spend my day, spend the day with me, spend the night with me, glow up with me, workout routine, productive weekend in my life, productive day in the life, day in the life of a content creator, day in the life of an office worker, productive vlog, daily vlog, weekly vlog, 8 am productive day in the life, after work routine, 6 am morning routine, productive day in my life asmr, come to the office with me, fab fit fun fall haulself care routine, getting my life together, pilates class grwm, get my life together, come wtih me to reformer pilates, how to be that girl, 6 am day in my life, productive morning routine grwm",1211,98891,3071,108,2025-06-09T01:30:44Z,Entertainment,,Elaina Michelle,@elainamich,UCWjrE-uy_lHS1vGMaH4rtsw,652000,831,False,lifestyle,video,https://www.youtube.com/watch?v=riWOhjR3opw,en-US,2026-09-11
Arjh-3ESvmA,"DAYS IN MY LIFE VLOG 🤍 closet tour, home goods, grocery haul, cleaning + more","Hello everyone!

This is a long one so I hope you love it! In this vlog I catch up laundry, give you a closet tour, do some cleaning & what I eat in a day talk throughs. I highly requested grocery haul & home goods shopping day & lots more :) I really hope you enjoy this one & let me know in the comments things you'd like to see next- don't forget to like & subscribe to keep up with my upcoming videos!


 FOLLOW MY SOCIALS:
♡ Instagram:    / elainamich  

♡ Tiktok:    / elainamich  
♡ Amazon storefront: https://www.amazon.com/shop/elainamich
♡ LTK- shop my outfits: https://www.shopltk.com/explore/elainamich
For business inquiries: **********************************

Music:

Music by ninjoi. - Passin [Thematic Exclusive] - https://thmatc.co/?l=A5031C95

Music by ROM COM - Let You Go - https://thmatc.co/?l=CD400341

Music by Mr. Jello - Summer Sunday - https://thmatc.co/?l=211B3138

Music by Citrus Avenue - Espresso Sun - https://thmatc.co/?l=E64E0025

sub count: 482,861

#livingalone #selfcare #productivehabits productive day in my life, living alone vlog, productive vlog, that girl routine, that girl morning routine, that girl day in my life, living alone productive vlog, work day in my life, deep cleaning my apartment, elainamich, lifestyle YouTube, realistic day in my life, how i spend my day, spend the day with me, spend the night with me, glow up with me, workout routine, productive weekend in my life, productive day in the life, day in the life of a content creator, day in the life of an office worker, productive vlog, daily vlog, weekly vlog, 8 am productive day in the life, after work routine, 6 am morning routine, productive day in my life asmr, come to the office with me, fab fit fun fall haulself care routine, getting my life together, pilates class grwm, get my life together, come wtih me to reformer pilates, how to be that girl, 6 am day in my life, productive morning routine grwm",2440,92859,2643,129,2025-04-16T23:15:03Z,Entertainment,,Elaina Michelle,@elainamich,UCWjrE-uy_lHS1vGMaH4rtsw,652000,831,False,lifestyle,video,https://www.youtube.com/watch?v=Arjh-3ESvmA,en-US,2026-09-11
Ic_pI6XycB4,"DAY IN MY LIFE VLOG 🌸 pilates, trader Joe’s, proposing to my bridesmaids, paint & sip!","Hello everyone!

WELCOME BACK! In this vlog I take you through a very fun & important day in my life. From Pilates & trader joes with Shay, to preparing for a girls night 'paint & sip' to ""propose"" to my bridesmaids :) This is one of those vlogs that I will look back on for years & years! Thank you so much for joining the journey- don't forget to like & comment!


 FOLLOW MY SOCIALS:
♡ TikTok: https://www.tiktok.com/@elainamich

♡ Instagram: https://www.instagram.com/elainamich/
♡ Amazon storefront: https://www.amazon.com/shop/elainamich
♡ LTK- shop my outfits: https://www.shopltk.com/explore/elainamich
For business inquiries: **********************************



sub count: 473,563

#livingalone #selfcare #productivehabits productive day in my life, living alone vlog, productive vlog, that girl routine, that girl morning routine, that girl day in my life, living alone productive vlog, work day in my life, deep cleaning my apartment, elainamich, lifestyle YouTube, realistic day in my life, how i spend my day, spend the day with me, spend the night with me, glow up with me, workout routine, productive weekend in my life, productive day in the life, day in the life of a content creator, day in the life of an office worker, productive vlog, daily vlog, weekly vlog, 8 am productive day in the life, after work routine, 6 am morning routine, productive day in my life asmr, come to the office with me, fab fit fun fall haulself care routine, getting my life together, pilates class grwm, get my life together, come wtih me to reformer pilates, how to be that girl, 6 am day in my life, productive morning routine grwm",760,80597,2810,99,2025-03-12T21:30:04Z,Entertainment,,Elaina Michelle,@elainamich,UCWjrE-uy_lHS1vGMaH4rtsw,652000,831,False,lifestyle,video,https://www.youtube.com/watch?v=Ic_pI6XycB4,en-US,2026-09-11
La_YX5NsHWc,"ORGANIZE & RESET WITH ME VLOG 🤍🫧 things I’ve been avoiding, aesthetic & satisfying organization","Hello everyone!

Happy first vlog of 2025! I am sooo sorry I took a hiatus for the month of january! First I was sick, then I started wedding planning- so it's been a very busy month/year already!! I have two more vlogs coming so stay tuned- now let's get organizing & doing things I've been avoiding! Lmk in the comments if you want more organization vlogs like this one or any other requests you may have!! Don't forget to subscribe so you don't miss any uploads - 500k soo close & will do a giveaway when we hit it!


organization products used:

pantry jars:
https://amzlink.to/az0fXM6GHIqt5 
https://amzlink.to/az0zOkn1e7xPV

linen closet:
https://amzlink.to/az0WASVnycmMm
https://rstyle.me/+DFzM-I99ZFP4Pp8O2wc-hA

dresser:
https://amzlink.to/az0EFQc2lRjie


 FOLLOW MY SOCIALS:
♡ Instagram:    / elainamich  

♡ Tiktok:    / elainamich  
♡ Amazon storefront: https://www.amazon.com/shop/elainamich
♡ LTK- shop my outfits: https://www.shopltk.com/explore/elainamich
For business inquiries: **********************************

Music:

Music by ninjoi. - Passin [Thematic Exclusive] - https://thmatc.co/?l=A5031C95

Music by Citrus Avenue - Espresso Sun - https://thmatc.co/?l=E64E0025

Music by Mr. Jello - Summer Sunday - https://thmatc.co/?l=211B3138

sub count: 463,271

#livingalone #selfcare #productivehabits productive day in my life, living alone vlog, productive vlog, that girl routine, that girl morning routine, that girl day in my life, living alone productive vlog, work day in my life, deep cleaning my apartment, elainamich, lifestyle YouTube, realistic day in my life, how i spend my day, spend the day with me, spend the night with me, glow up with me, workout routine, productive weekend in my life, productive day in the life, day in the life of a content creator, day in the life of an office worker, productive vlog, daily vlog, weekly vlog, 8 am productive day in the life, after work routine, 6 am morning routine, productive day in my life asmr, come to the office with me, fab fit fun fall haulself care routine, getting my life together, pilates class grwm, get my life together, come wtih me to reformer pilates, how to be that girl, 6 am day in my life, productive morning routine grwm",2233,96333,2780,118,2025-02-05T18:30:19Z,Entertainment,,Elaina Michelle,@elainamich,UCWjrE-uy_lHS1vGMaH4rtsw,652000,831,False,lifestyle,video,https://www.youtube.com/watch?v=La_YX5NsHWc,en-US,2026-09-11
CUxIheK36YM,"WHAT I GOT FOR CHRISTMAS 2024 ❄️ alo, lululemon, Dior, Uggs + more","Hello everyone!

Everything I got for Christmas (so far) & I am soooo grateful!!! Hope you enjoy- links below

candle: https://rstyle.me/+H3C-yVGNjwHCUKsONzxoEQ
dior set (similar) https://rstyle.me/+ZvuWxqBMXRcTgs0w_tf3nA
alo sweatshirt: https://rstyle.me/+pKY_wgqBOWfEzCXCcyAUKg
Lululemon leggings: https://rstyle.me/+ydnEPVcnIGFNs4kdo7HtbA
aritzia sweatshirt: sold out
aritzia sweatpants: https://rstyle.me/+Nz8_sYg8fDbc1HeoM5c-Yg
ugg socks: https://amzlink.to/az0STM4n9NWyD
Ralph Lauren socks: *limited edition*
https://rstyle.me/+4oGnT1JvGy2lMEB_F9bVQA
Barefoot dreams leopard socks:
https://rstyle.me/+szIS3uVA2yYraWtsTC9Qcw
skims pajama set: https://rstyle.me/+xS_7tVa7EKk3xZJUO2JetA
mfk rose perfume oil:  https://rstyle.me/+ZNJ5z1x5S30cFGEj5nUfug
vintage cowboy hat: https://amzlink.to/az052tMF2mIBy
sunglasses: https://amzlink.to/az0LR3nGyRVDq
Adidas spezial: https://rstyle.me/+4aM5WEu5dgTLewJAKG3K2A
gold candle accessories: https://amzlink.to/az0DdgGOR6GWX
Ralph Lauren coffee table book: https://amzlink.to/az0zSkqyBGgb7
diffuser: https://rstyle.me/+iNfaaP5fQXdiulKPnmiLlw
white scrunch socks: https://amzlink.to/az0qLkTbwF1sX
diva wax melts: https://amzlink.to/az0WiTLXynAPh
chubby mug & saucer set: https://amzlink.to/az0BVIUVRh27f
ugg blanket: https://rstyle.me/+F0L_EMxGRk2kG9ys2t-mjw
Longchamp bag: https://rstyle.me/+rXDC3PSRlQ1PkMi10anKOQ
Patrick ta blush: https://rstyle.me/+TkjkjXGe8bg06mtpSwLqxg
tarte lip plump: https://rstyle.me/+x2a80jQvzGjImlkW8e_sFw
ugg curly clogs: https://rstyle.me/+Bthtj1KffwfAG_7ZoxXVmg
ugg ultra minis: https://rstyle.me/+yl5LlvYwI7Vx247OtjRhAQ
Kendra scott heart necklace: https://rstyle.me/+qWg7RU3APLUyvAA8EElHjw
canvas candle: https://rstyle.me/+x-qobTZPKypYKs68Y9wR3w
spiced pumpkin yankee candle: https://amzlink.to/az0972zrR3L7N


 FOLLOW MY SOCIALS:
♡ Instagram:    / elainamich  

♡ Tiktok:    / elainamich  
♡ Amazon storefront: https://www.amazon.com/elainamich
♡ LTK- shop my outfits: https://www.shopltk.com/elainamich
For business inquiries: **********************************


sub count: 446,814

#vlogmas  #christmashaul  #whatigotforchristmas   productive day in my life, living alone vlog, productive vlog, that girl routine, that girl morning routine, that girl day in my life, living alone productive vlog, work day in my life, deep cleaning my apartment, elainamich, lifestyle YouTube, realistic day in my life, how i spend my day, spend the day with me, spend the night with me, glow up with me, workout routine, productive weekend in my life, productive day in the life, day in the life of a content creator, day in the life of an office worker, productive vlog, daily vlog, weekly vlog, 8 am productive day in the life, after work routine, 6 am morning routine, productive day in my life asmr, come to the office with me, fab fit fun fall haulself care routine, getting my life together, pilates class grwm, get my life together, come wtih me to reformer pilates, how to be that girl, 6 am day in my life, productive morning routine grwm",1208,79272,3169,160,2024-12-27T00:45:00Z,Entertainment,,Elaina Michelle,@elainamich,UCWjrE-uy_lHS1vGMaH4rtsw,652000,831,False,lifestyle,video,https://www.youtube.com/watch?v=CUxIheK36YM,en-US,2026-09-11
dBemU3R73jE,"VLOGMAS ❄️ week 3 | Christmas in New York, the met, shopping, rockettes, piano lessons + more","Hello everyone!

HAPPY VLOGMAS!! Spend a week with me preparing for Christmas & in New York :) Lmk if you want more vlogs like this & you have any specific requests! Ilysm


 FOLLOW MY SOCIALS:
♡ Instagram:    / elainamich  

♡ Tiktok:    / elainamich  
♡ Amazon storefront: https://www.amazon.com/elainamich
♡ LTK- shop my outfits: https://www.shopltk.com/elainamich
For business inquiries: **********************************

Music by ninjoi. - Deck the Halls - https://thmatc.co/?l=D...

Music by ninjoi. - O, Christmas Beats (O, Tannebaum) - https://thmatc.co/?l=C...

sub count: 446,150

#vlogmas  #selfcare #newyork  productive day in my life, living alone vlog, productive vlog, that girl routine, that girl morning routine, that girl day in my life, living alone productive vlog, work day in my life, deep cleaning my apartment, elainamich, lifestyle YouTube, realistic day in my life, how i spend my day, spend the day with me, spend the night with me, glow up with me, workout routine, productive weekend in my life, productive day in the life, day in the life of a content creator, day in the life of an office worker, productive vlog, daily vlog, weekly vlog, 8 am productive day in the life, after work routine, 6 am morning routine, productive day in my life asmr, come to the office with me, fab fit fun fall haulself care routine, getting my life together, pilates class grwm, get my life together, come wtih me to reformer pilates, how to be that girl, 6 am day in my life, productive morning routine grwm",1243,41341,1615,59,2024-12-21T22:30:04Z,Entertainment,,Elaina Michelle,@elainamich,UCWjrE-uy_lHS1vGMaH4rtsw,652000,831,False,lifestyle,video,https://www.youtube.com/watch?v=dBemU3R73jE,en-US,2026-09-11
uATF17h4wuM,"VLOGMAS ❄️ week 2 | wicked, appts, nyc prep, office days + more!","Hello everyone!

HAPPY VLOGMAS!! Spend a week with me preparing for Christmas & in my life :) Lmk if you want more vlogs like this & you have any specific requests! Ilysm


 FOLLOW MY SOCIALS:
♡ Instagram:    / elainamich  

♡ Tiktok:    / elainamich  
♡ Amazon storefront: https://www.amazon.com/elainamich
♡ LTK- shop my outfits: https://www.shopltk.com/elainamich
For business inquiries: **********************************

Music by ninjoi. - Deck the Halls - https://thmatc.co/?l=D...

Music by ninjoi. - O, Christmas Beats (O, Tannebaum) - https://thmatc.co/?l=C...

sub count: 443,815

#livingalone #selfcare #productivehabits productive day in my life, living alone vlog, productive vlog, that girl routine, that girl morning routine, that girl day in my life, living alone productive vlog, work day in my life, deep cleaning my apartment, elainamich, lifestyle YouTube, realistic day in my life, how i spend my day, spend the day with me, spend the night with me, glow up with me, workout routine, productive weekend in my life, productive day in the life, day in the life of a content creator, day in the life of an office worker, productive vlog, daily vlog, weekly vlog, 8 am productive day in the life, after work routine, 6 am morning routine, productive day in my life asmr, come to the office with me, fab fit fun fall haulself care routine, getting my life together, pilates class grwm, get my life together, come wtih me to reformer pilates, how to be that girl, 6 am day in my life, productive morning routine grwm",1762,74470,2288,81,2024-12-14T17:00:51Z,Entertainment,,Elaina Michelle,@elainamich,UCWjrE-uy_lHS1vGMaH4rtsw,652000,831,False,lifestyle,video,https://www.youtube.com/watch?v=uATF17h4wuM,en-US,2026-09-11
MV4eMv3GgcA,"VLOGMAS ❄️ week one: putting up the tree, decorating, shopping, family + selfcare","Hello everyone!

HAPPY VLOGMAS!! Spend a week with me preparing for Christmas & in my life :) Lmk if you want more vlogs like this & you have any specific requests! Ilysm


 FOLLOW MY SOCIALS:
♡ Instagram:    / elainamich  

♡ Tiktok:    / elainamich  
♡ Amazon storefront: https://www.amazon.com/shop/elainamich
♡ LTK- shop my outfits: https://www.shopltk.com/explore/elainamich
For business inquiries: **********************************

Music by ninjoi. - Deck the Halls - https://thmatc.co/?l=D4EA29FA

Music by ninjoi. - O, Christmas Beats (O, Tannebaum) - https://thmatc.co/?l=C9A86F34

sub count: 440,938

#livingalone #selfcare #productivehabits productive day in my life, living alone vlog, productive vlog, that girl routine, that girl morning routine, that girl day in my life, living alone productive vlog, work day in my life, deep cleaning my apartment, elainamich, lifestyle YouTube, realistic day in my life, how i spend my day, spend the day with me, spend the night with me, glow up with me, workout routine, productive weekend in my life, productive day in the life, day in the life of a content creator, day in the life of an office worker, productive vlog, daily vlog, weekly vlog, 8 am productive day in the life, after work routine, 6 am morning routine, productive day in my life asmr, come to the office with me, fab fit fun fall haulself care routine, getting my life together, pilates class grwm, get my life together, come wtih me to reformer pilates, how to be that girl, 6 am day in my life, productive morning routine grwm",1855,63301,2147,91,2024-12-07T21:00:11Z,Entertainment,,Elaina Michelle,@elainamich,UCWjrE-uy_lHS1vGMaH4rtsw,652000,831,False,lifestyle,video,https://www.youtube.com/watch?v=MV4eMv3GgcA,en-US,2026-09-11
gIdkf_SNB6g,"Weekend vlog | nail appts, Whole Foods grocery shopping, cleaning & grwm","Hello everyone!

Spend a chill & cozy weekend with me! Lmk if you want more vlogs like this & you have any specific requests! Ilysm


 FOLLOW MY SOCIALS:
♡ Instagram:    / elainamich  

♡ Tiktok:    / elainamich  
♡ Amazon storefront: https://www.amazon.com/shop/elainamich
♡ LTK- shop my outfits: https://www.shopltk.com/explore/elain...
For business inquiries: **********************************

Music by Citrus Avenue - Window Seat - https://thmatc.co/?l=6245CE20

sub count: 439,246

#livingalone #selfcare #productivehabits productive day in my life, living alone vlog, productive vlog, that girl routine, that girl morning routine, that girl day in my life, living alone productive vlog, work day in my life, deep cleaning my apartment, elainamich, lifestyle YouTube, realistic day in my life, how i spend my day, spend the day with me, spend the night with me, glow up with me, workout routine, productive weekend in my life, productive day in the life, day in the life of a content creator, day in the life of an office worker, productive vlog, daily vlog, weekly vlog, 8 am productive day in the life, after work routine, 6 am morning routine, productive day in my life asmr, come to the office with me, fab fit fun fall haulself care routine, getting my life together, pilates class grwm, get my life together, come wtih me to reformer pilates, how to be that girl, 6 am day in my life, productive morning routine grwm",1037,83859,2568,110,2024-12-02T00:00:21Z,Entertainment,,Elaina Michelle,@elainamich,UCWjrE-uy_lHS1vGMaH4rtsw,652000,831,False,lifestyle,video,https://www.youtube.com/watch?v=gIdkf_SNB6g,en-US,2026-09-11
b-6MbuYkf_0,"Day in my life vlog | office day, hair wash day, night routine, haul + family time 🤍","Hello everyone!

Come to work with me, then spend my night with me :) I walk you through my work day in my life + hair wash day routine! Lmk if you want more vlogs like this & you have any specific requests! Ilysm


 FOLLOW MY SOCIALS:
♡ Instagram:  https://www.instagram.com/elainamich/

♡ Tiktok:  https://www.tiktok.com/@elainamich
♡ Amazon storefront: https://www.amazon.com/shop/elainamich
♡ LTK- shop my outfits: https://www.shopltk.com/explore/elain...
For business inquiries: **********************************

Music by Citrus Avenue - Window Seat - https://thmatc.co/?l=6245CE20

sub count: 437,142

#livingalone #selfcare #productivehabits productive day in my life, living alone vlog, productive vlog, that girl routine, that girl morning routine, that girl day in my life, living alone productive vlog, work day in my life, deep cleaning my apartment, elainamich, lifestyle YouTube, realistic day in my life, how i spend my day, spend the day with me, spend the night with me, glow up with me, workout routine, productive weekend in my life, productive day in the life, day in the life of a content creator, day in the life of an office worker, productive vlog, daily vlog, weekly vlog, 8 am productive day in the life, after work routine, 6 am morning routine, productive day in my life asmr, come to the office with me, fab fit fun fall haulself care routine, getting my life together, pilates class grwm, get my life together, come wtih me to reformer pilates, how to be that girl, 6 am day in my life, productive morning routine grwm",1021,117522,3870,198,2024-11-23T21:00:31Z,Entertainment,,Elaina Michelle,@elainamich,UCWjrE-uy_lHS1vGMaH4rtsw,652000,831,False,lifestyle,video,https://www.youtube.com/watch?v=b-6MbuYkf_0,en-US,2026-09-11
GseY9JX8qcs,"Day in my life 🤍 shopping, coffee, sushi & catching up","Hello everyone!



I'm back with another #vlog 

Today we're going to my friends hair appt, then shopping & for a little coffee date. I love fun days like these & ending it with sushi delivery is perfect so I hope you enjoy this as much as i did!  Please lmk any requests you have for upcoming videos- thanks for watching & don't forget to like + subscribe! ;)

outfit i wore links: https://liketk.it/4MvlP



 FOLLOW MY SOCIALS:

♡ Instagram:      / elainamich  

♡ Tiktok:     / elainamich  

♡ Amazon storefront: https://www.amazon.com/shop/elainamich

♡ LTK- shop my outfits: https://www.shopltk.com/explore/elain...



For business inquiries: **********************************



Music by sunshine blvd. - There's Always Tomorrow - https://thmatc.co/?l=61FCA03F





sub count: 420,492



#livingalone #selfcare #productivehabits that girl vlog, glow up with me, that girl morning routine, productive day in my life, living alone vlog, productive vlog, that girl routine, that girl morning routine, that girl day in my life, living alone productive vlog, work day in my life, deep cleaning my apartment, elainamich, lifestyle YouTube, realistic day in my life, how i spend my day, spend the day with me, spend the night with me, glow up with me, workout routine, productive weekend in my life, productive day in the life, day in the life of a content creator, that girl routine #aesthetic #vlog , productive vlog, daily vlog, weekly vlog, 8 am productive day in the life, hair wash day routine, self care routine, getting my life together, pilates class grwm, get my life together, sunday reset deep cleaning, how to be that girl",672,61123,2608,75,2024-10-02T20:00:21Z,Entertainment,,Elaina Michelle,@elainamich,UCWjrE-uy_lHS1vGMaH4rtsw,652000,831,False,lifestyle,video,https://www.youtube.com/watch?v=GseY9JX8qcs,en-US,2026-09-11
KmL3v3Efz90,"6 am morning routine + come to work with me 🤍 asmr office day, fabrique haul & coffee!","Hello everyone!
(Fabrique code: Elaina for 12% off)

Here is my 6 am morning routine + work day ft. @Fabrique.official  for a workwear haul :)

Items mentioned
Designed by Thomas Wakeford With Fabrique
Cosmo Contrast Lined Blazer https://rstyle.me/+006Q2UjYAMlxf6lDp8OmMA
Cosmo Double Vent Skirt in Wool Blend https://rstyle.me/+Ogge_FwmGIXYkV8_JZrTUg
Axel Vest in Wool Blend https://rstyle.me/+tuVZVvPQdcGbcLJ-QwlQNw
Axel Pleated Pants in Wool Blend https://rstyle.me/+0aZcRewLhcs4OlR0Ee3qeQ

Designed by Alex Rotin With Fabrique
Hailey Contrast Trim Vest https://rstyle.me/+CaUmmazobiftOxbUpSwqGQ

Designed by Rebekka Bach With Fabrique
Marley Colored Pocket Jeans https://rstyle.me/+O8wQS-6kNy-8D0ATyuExZQ

Designed by Ksenia Schnaider With Fabrique
Millie Dress in Tencel Denim https://rstyle.me/+rUp8W-2iJdv7Fn3yvCring




 FOLLOW MY SOCIALS:
♡ Instagram:  https://www.instagram.com/elainamich/

♡ Tiktok:  https://www.tiktok.com/@elainamich
♡ Amazon storefront: https://www.amazon.com/shop/elainamich
♡ LTK- shop my outfits: https://www.shopltk.com/explore/elain...
For business inquiries: **********************************


sub count: 400,000

#livingalone #selfcare #productivehabits #productive day #fabrique #fabriquedesigners #fabs #sponsored  day in my life, living alone vlog, productive vlog, that girl routine, that girl morning routine, that girl day in my life, living alone productive vlog, work day in my life, deep cleaning my apartment, elainamich, lifestyle YouTube, realistic day in my life, how i spend my day, spend the day with me, spend the night with me, glow up with me, workout routine, productive weekend in my life, productive day in the life, day in the life of a content creator, day in the life of an office worker, productive vlog, daily vlog, weekly vlog, 8 am productive day in the life, after work routine, 6 am morning routine, productive day in my life asmr, come to the office with me, fab fit fun fall haulself care routine, getting my life together, pilates class grwm, get my life together, come wtih me to reformer pilates, how to be that girl, 6 am day in my life, productive morning routine grwm",648,236525,6261,175,2024-08-30T16:00:32Z,Entertainment,,Elaina Michelle,@elainamich,UCWjrE-uy_lHS1vGMaH4rtsw,652000,831,False,lifestyle,video,https://www.youtube.com/watch?v=KmL3v3Efz90,en-US,2026-09-11
2FgD7BUG2HQ,"DAY IN MY LIFE VLOG | pre fall cider haul, coffee & sushi date with my friend + more!","Hello everyone!



I'm back with another #selfcarevlog

Featuring Cider for a pre fall clothing haul linked on my ltk https://ltk.app.link/62yDmpGeXLb I also have a discount code - 15% off : ELAINA_YT 

Then a coffee, sushi date and thrifting day with my friend!

CIDER LINKS:
outfit 1:
 https://rstyle.me/+Lc2VLzQABMpaFHoMBZ7cqg
 https://rstyle.me/+cKRGze-WJu_SedgaQnpvyg
outfit 2: 
https://rstyle.me/+Rhq7UUTp75V8DomQwlHq0g
https://rstyle.me/+x7-hmY3E24-zhK2Y2tMm_Q
outfit 3:
https://rstyle.me/+6txpEOzWhMvT_ELM5F91lw
https://rstyle.me/+bP7yvWJBaDW9mS3n7vEYQw
https://rstyle.me/+6wtfflXBCVedn9oIjaf52w
outfit 4:
https://rstyle.me/+mBuZkeY1KNeuJ_oiLu4lIQ
https://rstyle.me/+tiyc9lvY5O2o_aD3ErKOLg
https://rstyle.me/+Mr43fnqlz3_vYlg6aM5V_A

Thanks for watching & don't forget to like + subscribe! ;)





 FOLLOW MY SOCIALS:

♡ Instagram:    https://www.instagram.com/elainamich/

♡ Tiktok:   https://www.tiktok.com/@elainamich

♡ Amazon storefront: https://www.amazon.com/shop/elainamich

♡ LTK- shop my outfits: https://www.shopltk.com/explore/elainamich



For business inquiries: **********************************



Music by sunshine blvd. - There's Always Tomorrow - https://thmatc.co/?l=61FCA03F





sub count: 391,660



#livingalone #selfcare #productivehabits that girl vlog, glow up with me, that girl morning routine, productive day in my life, living alone vlog, productive vlog, that girl routine, that girl morning routine, that girl day in my life, living alone productive vlog, work day in my life, deep cleaning my apartment, elainamich, lifestyle YouTube, realistic day in my life, how i spend my day, spend the day with me, spend the night with me, glow up with me, workout routine, productive weekend in my life, productive day in the life, day in the life of a content creator, that girl routine #aesthetic #vlog , productive vlog, daily vlog, weekly vlog, 8 am productive day in the life, hair wash day routine, self care routine, getting my life together, pilates class grwm, get my life together, sunday reset deep cleaning, how to be that girl",685,57972,2085,66,2024-08-23T16:55:01Z,Entertainment,,Elaina Michelle,@elainamich,UCWjrE-uy_lHS1vGMaH4rtsw,652000,831,False,lifestyle,video,https://www.youtube.com/watch?v=2FgD7BUG2HQ,en-US,2026-09-11
csBH_s-7fbU,"SPEND A SELF CARE DAY WITH ME 🤍🫧 | VLOG | home & wedding updates, spa pedicure etc","Hello everyone!

i'm back with another #productivevlog :) Hope your week is going very well! I am back with a little selfcare + updates vlog. From wedding to home updates, a pedicure at the spa, catching up & a sephora haul this is truly the ultimate girly vibes vlog. Let me know if you have any video requests & if you would like more videos like this :) Thanks for watching & don't forget to like + subscribe! ;)


 FOLLOW MY SOCIALS:
♡ Instagram:    / elainamich  
♡ Tiktok:    / elainamich  
♡ Amazon storefront: https://www.amazon.com/shop/elainamich
♡ LTK- shop my outfits: https://www.shopltk.com/explore/elainamich

For business inquiries: **********************************


Music by Eila - Wait No More - https://thmatc.co/?l=CCFBA0DB

Music by Jimmy Koproto - belong to you - https://thmatc.co/?l=8E4D760F


sub count: 371,671

#livingalone #selfcare #productivehabits that girl vlog, glow up with me, that girl morning routine, productive day in my life, living alone vlog, productive vlog, that girl routine, that girl morning routine, that girl day in my life, living alone productive vlog, work day in my life, deep cleaning my apartment, elainamich, lifestyle YouTube, realistic day in my life, how i spend my day, spend the day with me, spend the night with me, glow up with me, workout routine, productive weekend in my life, productive day in the life, day in the life of a content creator, that girl routine #aesthetic #vlog , productive vlog, daily vlog, weekly vlog, 8 am productive day in the life, hair wash day routine, self care routine, getting my life together, pilates class grwm, get my life together, sunday reset deep cleaning, how to be that girl",2391,128705,3511,138,2024-07-31T23:00:30Z,Entertainment,,Elaina Michelle,@elainamich,UCWjrE-uy_lHS1vGMaH4rtsw,652000,831,False,lifestyle,video,https://www.youtube.com/watch?v=csBH_s-7fbU,en-US,2026-09-11
7DvH4rdTbas,"summer days in my life 🌸🍣 friends, sushi, books, haul & more!!","Hi guys!!

Welcome back for another #vlog this was a fun summer few days in my life! Went to a coffee shop with my friend, got sushi with friends, a little barnes and noble trip & shopping!


 FOLLOW MY SOCIALS:
♡ Instagram:   
 / elainamich  
♡ Tiktok:   
 / elainamich  
♡ Amazon storefront: https://www.amazon.com/shop/elainamich
♡ LTK- shop my outfits: https://www.shopltk.com/
explore/elainamich
♡ Snapchat: (@ elainamich1) https://snapchat.com/t/jeZQvwFp

For business inquiries: **********************************


sub count: 349,431

#thatgirl  #selfcare #productivehabits birthday haul, that girl vlog, glow up with me, that girl morning routine, productive day in my life, living alone vlog, productive vlog, that girl routine, that girl morning routine, that girl day in my life, bought our first home, move wtih me, home decor haul, living alone productive vlog, work day in my life, deep cleaning my apartment, elainamich, lifestyle YouTube, realistic day in my life, how i spend my day, spend the day with me, spend the night with me, glow up with me, workout routine, productive weekend in my life, productive day in the life, day in the life of a content creator, that girl routine #aesthetic #vlog , productive vlog, daily vlog, weekly vlog, 8 am productive day in the life, hair wash day routine, self care routine, getting my life together, pilates class grwm, get my life together, sunday reset deep cleaning, how to be that girl",897,86390,2915,168,2024-07-01T19:00:07Z,Entertainment,,Elaina Michelle,@elainamich,UCWjrE-uy_lHS1vGMaH4rtsw,652000,831,False,lifestyle,video,https://www.youtube.com/watch?v=7DvH4rdTbas,en-US,2026-09-11
LM9xlWrXuKo,"Saving a half wasted day! realistic + productive, healthy habits, easy plant + self care 🩷","Hello everyone!

EASYPLANT CODE: https://glnk.io/qzwjq/elaina-michelle
i'm back with another #productivevlog when you accidentally sleep in too long like me- here’s your sign to be productive still! Thanks for watching & don't forget to like + subscribe! ;)

add me on snapchat: https://www.snapchat.com/add/elainamich1

 FOLLOW MY SOCIALS:
♡ Instagram:   
 / elainamich  
♡ Tiktok:   
 / elainamich  
♡ Amazon storefront: https://www.amazon.com/shop/elainamich
♡ LTK- shop my outfits: https://www.shopltk.com/explore/elain...
For business inquiries: **********************************

♡ Music:
Music by Blue Sirens - Less Traveled - https://thmatc.co/?l=B078235D



sub count: 339,311

#livingalone #selfcare #productivehabits that girl vlog, glow up with me, that girl morning routine, productive day in my life, living alone vlog, productive vlog, that girl routine, that girl morning routine, that girl day in my life, bought our first home, move wtih me, home decor haul, living alone productive vlog, work day in my life, deep cleaning my apartment, elainamich, lifestyle YouTube, realistic day in my life, how i spend my day, spend the day with me, spend the night with me, glow up with me, workout routine, productive weekend in my life, productive day in the life, day in the life of a content creator, that girl routine #aesthetic #vlog , productive vlog, daily vlog, weekly vlog, 8 am productive day in the life, hair wash day routine, self care routine, getting my life together, pilates class grwm, get my life together, sunday reset deep cleaning, how to be that girl",1255,99308,3262,94,2024-06-18T22:30:11Z,Entertainment,,Elaina Michelle,@elainamich,UCWjrE-uy_lHS1vGMaH4rtsw,652000,831,False,lifestyle,video,https://www.youtube.com/watch?v=LM9xlWrXuKo,en-US,2026-09-11
wLxp4D3PiDs,"My 2024 birthday haul 🤍 Louis Vuitton, Birkenstocks, flowers & more sweet gifts","Hi guys!!

Welcome back for another #vlog today I’m sharing with you my #birthdayhaul 🤍✨ I am so so grateful to each & everyone one of you that wished me a happy birthday this year & continue to support me & my dreams everyday! Ilysm!! Hope you enjoy this birthday haul I know I’ve been super blessed & just know I am so grateful!

 FOLLOW MY SOCIALS:
♡ Instagram:   
 / elainamich  
♡ Tiktok:   
 / elainamich  
♡ Amazon storefront: https://www.amazon.com/shop/elainamich
♡ LTK- shop my outfits: https://www.shopltk.com/
explore/elainamich
♡ Snapchat: (@ elainamich1) https://snapchat.com/t/jeZQvwFp

For business inquiries: **********************************


sub count: 328,664

#thatgirl  #selfcare #productivehabits birthday haul, that girl vlog, glow up with me, that girl morning routine, productive day in my life, living alone vlog, productive vlog, that girl routine, that girl morning routine, that girl day in my life, bought our first home, move wtih me, home decor haul, living alone productive vlog, work day in my life, deep cleaning my apartment, elainamich, lifestyle YouTube, realistic day in my life, how i spend my day, spend the day with me, spend the night with me, glow up with me, workout routine, productive weekend in my life, productive day in the life, day in the life of a content creator, that girl routine #aesthetic #vlog , productive vlog, daily vlog, weekly vlog, 8 am productive day in the life, hair wash day routine, self care routine, getting my life together, pilates class grwm, get my life together, sunday reset deep cleaning, how to be that girl",963,64399,2468,99,2024-05-29T17:18:42Z,Entertainment,,Elaina Michelle,@elainamich,UCWjrE-uy_lHS1vGMaH4rtsw,652000,831,False,lifestyle,video,https://www.youtube.com/watch?v=wLxp4D3PiDs,en-US,2026-09-11
GttjIsxMgTU,"Self care weekend 🤍 sushi takeout, skincare, brunch date, Whole Foods haul","Hello everyone!

i'm back with another #productivevlog full of selfcare, brunch with my friend & grocery shopping at Whole Foods :) the perfect weekend! Thanks for watching & don't forget to like + subscribe! ;)


 FOLLOW MY SOCIALS:
♡ Instagram:   
 / elainamich  
♡ Tiktok:   
 / elainamich  
♡ Amazon storefront: https://www.amazon.com/shop/elainamich
♡ LTK- shop my outfits: https://www.shopltk.com/explore/elain...
For business inquiries: **********************************

♡ Music:
Music by Blue Sirens - Less Traveled - https://thmatc.co/?l=B078235D



sub count: 319,180

#livingalone #selfcare #productivehabits that girl vlog, glow up with me, that girl morning routine, productive day in my life, living alone vlog, productive vlog, that girl routine, that girl morning routine, that girl day in my life, bought our first home, move wtih me, home decor haul, living alone productive vlog, work day in my life, deep cleaning my apartment, elainamich, lifestyle YouTube, realistic day in my life, how i spend my day, spend the day with me, spend the night with me, glow up with me, workout routine, productive weekend in my life, productive day in the life, day in the life of a content creator, that girl routine #aesthetic #vlog , productive vlog, daily vlog, weekly vlog, 8 am productive day in the life, hair wash day routine, self care routine, getting my life together, pilates class grwm, get my life together, sunday reset deep cleaning, how to be that girl",1202,106578,3378,90,2024-05-11T20:00:04Z,Entertainment,,Elaina Michelle,@elainamich,UCWjrE-uy_lHS1vGMaH4rtsw,652000,831,False,lifestyle,video,https://www.youtube.com/watch?v=GttjIsxMgTU,en-US,2026-09-11
BMy3k4XEx7A,"getting my life together after a slump ☁️ clean with me, working out, productivity + organizing","Hello everyone!

i'm back with another #productivevlog + getting my life together :) I always seem to go through a series slump end of winter going into spring and like clockwork April rolls around and I realize I need to get. it. together. this is that vlog. I am finally getting back into my fitness, taking care of my body, self care and cleaning/organizing my space. lmk what you thought of this one & don't forget to like, comment & subscribe!!


 FOLLOW MY SOCIALS:
♡ Instagram:   
 / elainamich  
♡ Tiktok:   
 / elainamich  
♡ Amazon storefront: https://www.amazon.com/shop/elainamich
♡ LTK- shop my outfits: https://www.shopltk.com/explore/elainamich
For business inquiries: **********************************

♡ Music:
Music by Blue Sirens - Less Traveled - https://thmatc.co/?l=B078235D



sub count: 308,327

#livingalone #selfcare #productivehabits productive day in my life, living alone vlog, productive vlog, that girl routine, that girl morning routine, that girl day in my life, living alone productive vlog, work day in my life, deep cleaning my apartment, elainamich, lifestyle YouTube, realistic day in my life, how i spend my day, spend the day with me, spend the night with me, glow up with me, workout routine, productive weekend in my life, productive day in the life, day in the life of a content creator, day in the life of an office worker, productive vlog, daily vlog, weekly vlog, 8 am productive day in the life, hair wash day routine, self care routine, getting my life together, pilates class grwm, get my life together, sunday reset deep cleaning, how to be that girl",924,89708,3152,103,2024-04-19T18:30:06Z,Entertainment,,Elaina Michelle,@elainamich,UCWjrE-uy_lHS1vGMaH4rtsw,652000,831,False,lifestyle,video,https://www.youtube.com/watch?v=BMy3k4XEx7A,en-US,2026-09-11
cuyDyUfUOFw,"A week(ish) in my life 🫶🏻 whole foods, current read, nail & hair appt","Hello everyone!

i'm back with another #productivevlog come to Whole Foods with me then spend my lunch break with me! Finally got my nails & hair done too :) Thanks for watching & don't forget to like + subscribe! ;)


 FOLLOW MY SOCIALS:
♡ Instagram:   
 / elainamich  
♡ Tiktok:   
 / elainamich  
♡ Amazon storefront: https://www.amazon.com/shop/elainamich
♡ LTK- shop my outfits: https://www.shopltk.com/explore/elain...
For business inquiries: **********************************

♡ Music:
Music by Blue Sirens - Less Traveled - https://thmatc.co/?l=B078235D



sub count: 304,697

#livingalone #selfcare #productivehabits that girl vlog, glow up with me, that girl morning routine, productive day in my life, living alone vlog, productive vlog, that girl routine, that girl morning routine, that girl day in my life, bought our first home, move wtih me, home decor haul, living alone productive vlog, work day in my life, deep cleaning my apartment, elainamich, lifestyle YouTube, realistic day in my life, how i spend my day, spend the day with me, spend the night with me, glow up with me, workout routine, productive weekend in my life, productive day in the life, day in the life of a content creator, that girl routine #aesthetic #vlog , productive vlog, daily vlog, weekly vlog, 8 am productive day in the life, hair wash day routine, self care routine, getting my life together, pilates class grwm, get my life together, sunday reset deep cleaning, how to be that girl",621,66341,2509,107,2024-04-09T17:00:06Z,Entertainment,,Elaina Michelle,@elainamich,UCWjrE-uy_lHS1vGMaH4rtsw,652000,831,False,lifestyle,video,https://www.youtube.com/watch?v=cuyDyUfUOFw,en-US,2026-09-11
Qji-xZyDbUI,"A week(ish) in my life ☁️ cozy night routine, come to work with me, mini grocery haul","Hello everyone!

i'm back with another #productivevlog trying out a laid back week in my life style vlog let me know what you think!! Let me know if you have any video requests & if you would like more videos like this :) Thanks for watching & don't forget to like + subscribe! ;)


 FOLLOW MY SOCIALS:
♡ Instagram:   
 / elainamich  
♡ Tiktok:   
 / elainamich  
♡ Amazon storefront: https://www.amazon.com/shop/elainamich
♡ LTK- shop my outfits: https://www.shopltk.com/explore/elainamich
For business inquiries: **********************************

♡ Music:

Music by TossedOnion - It's A Good Day - https://thmatc.co/?l=D8DE1690



sub count: 294,304

#movingvlog  #selfcare #productivehabits that girl vlog, glow up with me, that girl morning routine, productive day in my life, living alone vlog, productive vlog, that girl routine, that girl morning routine, that girl day in my life, bought our first home, move wtih me, home decor haul, living alone productive vlog, work day in my life, deep cleaning my apartment, elainamich, lifestyle YouTube, realistic day in my life, how i spend my day, spend the day with me, spend the night with me, glow up with me, workout routine, productive weekend in my life, productive day in the life, day in the life of a content creator, that girl routine #aesthetic #vlog , productive vlog, daily vlog, weekly vlog, 8 am productive day in the life, hair wash day routine, self care routine, getting my life together, pilates class grwm, get my life together, sunday reset deep cleaning, how to be that girl",1091,114995,4233,228,2024-03-24T17:00:12Z,Entertainment,,Elaina Michelle,@elainamich,UCWjrE-uy_lHS1vGMaH4rtsw,652000,831,False,lifestyle,video,https://www.youtube.com/watch?v=Qji-xZyDbUI,en-US,2026-09-11
5FYfCmz_2Ys,"WE BOUGHT A HOUSE 🤍 first few days at our new home, moving in + mini tour of the downstairs","Hello everyone!

i'm back with another #productivevlog except this one is EXTRA SPECIAL as this is my move in vlog right after we bought our first home together!! Let me know if you have any video requests & if you would like more videos like this :) Thanks for watching & don't forget to like + subscribe! ;)


 FOLLOW MY SOCIALS:
♡ Instagram:   
 https://www.instagram.com/elainamich  
♡ Tiktok:  
https://www.tiktok.com/@elainamich  
♡ Amazon storefront: https://www.amazon.com/shop/elainamich
♡ LTK- shop my outfits: https://www.shopltk.com/explore/elainamich
For business inquiries: **********************************

♡ Music:
Music by Tiana Kocher - Daisies - https://thmatc.co/?l=5F43E6BB



sub count: 286,236

#movingvlog  #selfcare #productivehabits that girl vlog, glow up with me, that girl morning routine, productive day in my life, living alone vlog, productive vlog, that girl routine, that girl morning routine, that girl day in my life, bought our first home, move wtih me, home decor haul, living alone productive vlog, work day in my life, deep cleaning my apartment, elainamich, lifestyle YouTube, realistic day in my life, how i spend my day, spend the day with me, spend the night with me, glow up with me, workout routine, productive weekend in my life, productive day in the life, day in the life of a content creator, that girl routine #aesthetic #vlog , productive vlog, daily vlog, weekly vlog, 8 am productive day in the life, hair wash day routine, self care routine, getting my life together, pilates class grwm, get my life together, sunday reset deep cleaning, how to be that girl",606,112878,3953,132,2024-03-14T18:00:06Z,Entertainment,,Elaina Michelle,@elainamich,UCWjrE-uy_lHS1vGMaH4rtsw,652000,831,False,lifestyle,video,https://www.youtube.com/watch?v=5FYfCmz_2Ys,en-US,2026-09-11
